#2026 09 17 19:17:32.360#Z#INFO#6e95f57f-b2cc-11f1-b461-eeee0a8dc34e.OPERATION#http-nio-0.0.0.0-8080-exec-6#
[XS2StartProcessListener] Operation ID: 6e95f57f-b2cc-11f1-b461-eeee0a8dc34e#
#2026 09 17 19:17:32.379#Z#DEBUG#6e95f57f-b2cc-11f1-b461-eeee0a8dc34e.OPERATION#http-nio-0.0.0.0-8080-exec-6#
[XS2StartProcessListener] Process environment: {
  "SKIP_SSL_VALIDATION" : "false",
  "FLOWABLE_JOB_EXECUTOR_MAX_THREADS" : "32",
  "VERSION" : "2.54.0",
  "BASIC_AUTH_ENABLED" : "true",
  "FLOWABLE_JOB_EXECUTOR_QUEUE_CAPACITY" : "16",
  "FLOWABLE_JOB_EXECUTOR_CORE_THREADS" : "8"
}#
#2026 09 17 19:17:32.379#Z#DEBUG#6e95f57f-b2cc-11f1-b461-eeee0a8dc34e.OPERATION#http-nio-0.0.0.0-8080-exec-6#
[XS2StartProcessListener] Current user: oprok@lemongrasscloud.com#
#2026 09 17 19:17:32.379#Z#DEBUG#6e95f57f-b2cc-11f1-b461-eeee0a8dc34e.OPERATION#http-nio-0.0.0.0-8080-exec-6#
[XS2StartProcessListener] Client space: dev#
#2026 09 17 19:17:32.379#Z#DEBUG#6e95f57f-b2cc-11f1-b461-eeee0a8dc34e.OPERATION#http-nio-0.0.0.0-8080-exec-6#
[XS2StartProcessListener] Client organization: 47a58eedtrial#
#2026 09 17 19:17:32.379#Z#INFO#6e95f57f-b2cc-11f1-b461-eeee0a8dc34e.OPERATION#http-nio-0.0.0.0-8080-exec-6#
[XS2StartProcessListener] Process variables: {
  "keepFiles" : false,
  "skipAppDigestCalculation" : false,
  "abortOnError" : false,
  "mtaId" : "RiskManagement",
  "noFailOnMissingPermissions" : false,
  "isSecurityEnabled" : false,
  "apiRequestPath" : "https://deploy-service.cf.us10-001.hana.ondemand.com/api/v1/spaces/b1534f58-8387-42a5-8ece-809300958c1c/operations",
  "deleteServiceBrokers" : false,
  "appArchiveId" : "45cd43af-58d6-439a-8534-720d91e5e259",
  "isDisposableUserProvidedServiceEnabled" : false,
  "deleteServiceKeys" : false,
  "noRestartSubscribedApps" : false,
  "noStart" : false,
  "deleteServices" : false
}#
#2026 09 17 19:17:32.853#Z#DEBUG#6e95f57f-b2cc-11f1-b461-eeee0a8dc34e.OPERATION#flowable-async-job-executor-thread-11185#
[ValidateDeployParametersStep] Executing task "validateParametersTask" of process "6e95f5a5-b2cc-11f1-b461-eeee0a8dc34e"...#
#2026 09 17 19:17:32.853#Z#DEBUG#6e95f57f-b2cc-11f1-b461-eeee0a8dc34e.OPERATION#flowable-async-job-executor-thread-11185#
[ValidateDeployParametersStep] Validating parameters...#
#2026 09 17 19:17:32.865#Z#INFO#6e95f57f-b2cc-11f1-b461-eeee0a8dc34e.OPERATION#flowable-async-job-executor-thread-11185#
[ValidateDeployParametersStep] Size of mtars is 8,372,727 and size of extension descriptors is 0#
#2026 09 17 19:17:32.888#Z#INFO#6e95f57f-b2cc-11f1-b461-eeee0a8dc34e.OPERATION#flowable-async-job-executor-thread-11185#
[ValidateDeployParametersStep] Archive was not split! Total size in bytes: 8,372,727#
#2026 09 17 19:17:32.888#Z#INFO#6e95f57f-b2cc-11f1-b461-eeee0a8dc34e.OPERATION#flowable-async-job-executor-thread-11185#
[ValidateDeployParametersStep] Deploying in org "47a58eedtrial" and space "dev"#
#2026 09 17 19:17:32.914#Z#DEBUG#6e95f57f-b2cc-11f1-b461-eeee0a8dc34e.OPERATION#flowable-async-job-executor-thread-11185#
[ValidateDeployParametersStep] Parameters validated#
#2026 09 17 19:17:32.914#Z#DEBUG#6e95f57f-b2cc-11f1-b461-eeee0a8dc34e.OPERATION#flowable-async-job-executor-thread-11185#
Step "Validate Parameters" finished#
#2026 09 17 19:17:33.073#Z#DEBUG#6e95f57f-b2cc-11f1-b461-eeee0a8dc34e.OPERATION#flowable-async-job-executor-thread-11186#
[DeleteRemainingFileParts] Executing task "deleteRemainingFileParts" of process "6e95f5a5-b2cc-11f1-b461-eeee0a8dc34e"...#
#2026 09 17 19:17:33.083#Z#DEBUG#6e95f57f-b2cc-11f1-b461-eeee0a8dc34e.OPERATION#flowable-async-job-executor-thread-11186#
Step "Delete Remaining File Parts" finished#
#2026 09 17 19:17:33.175#Z#DEBUG#6e95f57f-b2cc-11f1-b461-eeee0a8dc34e.OPERATION#flowable-async-job-executor-thread-11187#
[XS2ProcessMtaArchiveStep] Executing task "processArchiveTask" of process "6e95f5a5-b2cc-11f1-b461-eeee0a8dc34e"...#
#2026 09 17 19:17:33.176#Z#DEBUG#6e95f57f-b2cc-11f1-b461-eeee0a8dc34e.OPERATION#flowable-async-job-executor-thread-11187#
[XS2ProcessMtaArchiveStep] Processing MTA archive...#
#2026 09 17 19:17:33.176#Z#DEBUG#6e95f57f-b2cc-11f1-b461-eeee0a8dc34e.OPERATION#flowable-async-job-executor-thread-11187#
[XS2ProcessMtaArchiveStep] MTA Archive ID: 45cd43af-58d6-439a-8534-720d91e5e259#
#2026 09 17 19:17:33.346#Z#DEBUG#6e95f57f-b2cc-11f1-b461-eeee0a8dc34e.OPERATION#flowable-async-job-executor-thread-11187#
[XS2ProcessMtaArchiveStep] MTA Descriptor length: 3,841#
#2026 09 17 19:17:33.346#Z#DEBUG#6e95f57f-b2cc-11f1-b461-eeee0a8dc34e.OPERATION#flowable-async-job-executor-thread-11187#
[XS2ProcessMtaArchiveStep] MTA Archive Modules: [RiskManagement-srv, RiskManagement-db-deployer, RiskManagement-app-deployer]#
#2026 09 17 19:17:33.346#Z#DEBUG#6e95f57f-b2cc-11f1-b461-eeee0a8dc34e.OPERATION#flowable-async-job-executor-thread-11187#
[XS2ProcessMtaArchiveStep] MTA Archive Requires: []#
#2026 09 17 19:17:33.346#Z#DEBUG#6e95f57f-b2cc-11f1-b461-eeee0a8dc34e.OPERATION#flowable-async-job-executor-thread-11187#
[XS2ProcessMtaArchiveStep] MTA Archive Resources: [RiskManagement-auth]#
#2026 09 17 19:17:33.356#Z#DEBUG#6e95f57f-b2cc-11f1-b461-eeee0a8dc34e.OPERATION#flowable-async-job-executor-thread-11187#
[XS2ProcessMtaArchiveStep] MTA archive processed#
#2026 09 17 19:17:33.356#Z#DEBUG#6e95f57f-b2cc-11f1-b461-eeee0a8dc34e.OPERATION#flowable-async-job-executor-thread-11187#
Step "Process Archive" finished#
#2026 09 17 19:17:33.391#Z#DEBUG#6e95f57f-b2cc-11f1-b461-eeee0a8dc34e.OPERATION#flowable-async-job-executor-thread-11187#
[ProcessMtaExtensionDescriptorsStep] Executing task "processExtensionDescriptorsTask" of process "6e95f5a5-b2cc-11f1-b461-eeee0a8dc34e"...#
#2026 09 17 19:17:33.392#Z#DEBUG#6e95f57f-b2cc-11f1-b461-eeee0a8dc34e.OPERATION#flowable-async-job-executor-thread-11187#
[ProcessMtaExtensionDescriptorsStep] Processing MTA extension descriptors...#
#2026 09 17 19:17:33.393#Z#DEBUG#6e95f57f-b2cc-11f1-b461-eeee0a8dc34e.OPERATION#flowable-async-job-executor-thread-11187#
[ProcessMtaExtensionDescriptorsStep] Provided extension descriptors: [ ]#
#2026 09 17 19:17:33.393#Z#DEBUG#6e95f57f-b2cc-11f1-b461-eeee0a8dc34e.OPERATION#flowable-async-job-executor-thread-11187#
[ProcessMtaExtensionDescriptorsStep] No extension descriptors in use#
#2026 09 17 19:17:33.393#Z#DEBUG#6e95f57f-b2cc-11f1-b461-eeee0a8dc34e.OPERATION#flowable-async-job-executor-thread-11187#
[ProcessMtaExtensionDescriptorsStep] MTA extension descriptors processed#
#2026 09 17 19:17:33.393#Z#DEBUG#6e95f57f-b2cc-11f1-b461-eeee0a8dc34e.OPERATION#flowable-async-job-executor-thread-11187#
Step "Process Extension Descriptors" finished#
#2026 09 17 19:17:33.425#Z#DEBUG#6e95f57f-b2cc-11f1-b461-eeee0a8dc34e.OPERATION#flowable-async-job-executor-thread-11178#
[XS2DetectMtaSchemaVersionStep] Executing task "detectSchemaVersionTask" of process "6e95f5a5-b2cc-11f1-b461-eeee0a8dc34e"...#
#2026 09 17 19:17:33.426#Z#DEBUG#6e95f57f-b2cc-11f1-b461-eeee0a8dc34e.OPERATION#flowable-async-job-executor-thread-11178#
[XS2DetectMtaSchemaVersionStep] Detecting MTA major schema version...#
#2026 09 17 19:17:33.428#Z#INFO#6e95f57f-b2cc-11f1-b461-eeee0a8dc34e.OPERATION#flowable-async-job-executor-thread-11178#
[XS2DetectMtaSchemaVersionStep] Detected MTA schema version: "3"#
#2026 09 17 19:17:33.432#Z#DEBUG#6e95f57f-b2cc-11f1-b461-eeee0a8dc34e.OPERATION#flowable-async-job-executor-thread-11178#
Step "Detect Schema Version" finished#
#2026 09 17 19:17:33.462#Z#DEBUG#6e95f57f-b2cc-11f1-b461-eeee0a8dc34e.OPERATION#flowable-async-job-executor-thread-11182#
[MergeDescriptorsStep] Executing task "mergeDescriptorsTask" of process "6e95f5a5-b2cc-11f1-b461-eeee0a8dc34e"...#
#2026 09 17 19:17:33.463#Z#DEBUG#6e95f57f-b2cc-11f1-b461-eeee0a8dc34e.OPERATION#flowable-async-job-executor-thread-11182#
[MergeDescriptorsStep] Validating and merging descriptors...#
#2026 09 17 19:17:33.466#Z#DEBUG#6e95f57f-b2cc-11f1-b461-eeee0a8dc34e.OPERATION#flowable-async-job-executor-thread-11182#
[MergeDescriptorsStep] Merged deployment descriptor: {
  "majorSchemaVersion" : 3,
  "schemaVersion" : "3.3.0",
  "id" : "RiskManagement",
  "version" : "1.0.0",
  "modules" : [ {
    "majorSchemaVersion" : 3,
    "name" : "RiskManagement-srv",
    "type" : "javascript.nodejs",
    "path" : "RiskManagement-srv",
    "properties" : { },
    "parameters" : {
      "buildpack" : "nodejs_buildpack",
      "instances" : 1
    },
    "requiredDependencies" : [ {
      "majorSchemaVersion" : 3,
      "name" : "RiskManagement-db",
      "properties" : { },
      "parameters" : { },
      "propertiesMetadata" : {
        "metadata" : { }
      },
      "parametersMetadata" : {
        "metadata" : { }
      }
    }, {
      "majorSchemaVersion" : 3,
      "name" : "RiskManagement-destination",
      "properties" : { },
      "parameters" : { },
      "propertiesMetadata" : {
        "metadata" : { }
      },
      "parametersMetadata" : {
        "metadata" : { }
      }
    }, {
      "majorSchemaVersion" : 3,
      "name" : "********",
      "properties" : { },
      "parameters" : { },
      "propertiesMetadata" : {
        "metadata" : { }
      },
      "parametersMetadata" : {
        "metadata" : { }
      }
    } ],
    "providedDependencies" : [ {
      "majorSchemaVersion" : 3,
      "name" : "srv-api",
      "isPublic" : false,
      "properties" : {
        "srv-url" : "${default-url}"
      },
      "parameters" : { },
      "propertiesMetadata" : {
        "metadata" : { }
      },
      "parametersMetadata" : {
        "metadata" : { }
      }
    }, {
      "majorSchemaVersion" : 3,
      "name" : "RiskManagement-srv",
      "isPublic" : false,
      "properties" : { },
      "parameters" : { },
      "propertiesMetadata" : {
        "metadata" : { }
      },
      "parametersMetadata" : {
        "metadata" : { }
      }
    } ],
    "propertiesMetadata" : {
      "metadata" : { }
    },
    "parametersMetadata" : {
      "metadata" : { }
    },
    "hooks" : [ ]
  }, {
    "majorSchemaVersion" : 3,
    "name" : "RiskManagement-db-deployer",
    "type" : "com.sap.xs.hdi",
    "path" : "RiskManagement-db-deployer",
    "properties" : {
      "EXIT" : 1
    },
    "parameters" : {
      "memory" : "256M",
      "buildpack" : "nodejs_buildpack",
      "no-route" : true,
      "dependency-type" : "hard",
      "tasks" : [ {
        "name" : "deploy",
        "memory" : "256M",
        "command" : "npm start"
      } ],
      "no-start" : true
    },
    "requiredDependencies" : [ {
      "majorSchemaVersion" : 3,
      "name" : "RiskManagement-db",
      "properties" : { },
      "parameters" : { },
      "propertiesMetadata" : {
        "metadata" : { }
      },
      "parametersMetadata" : {
        "metadata" : { }
      }
    } ],
    "providedDependencies" : [ {
      "majorSchemaVersion" : 3,
      "name" : "RiskManagement-db-deployer",
      "isPublic" : false,
      "properties" : { },
      "parameters" : { },
      "propertiesMetadata" : {
        "metadata" : { }
      },
      "parametersMetadata" : {
        "metadata" : { }
      }
    } ],
    "propertiesMetadata" : {
      "metadata" : { }
    },
    "parametersMetadata" : {
      "metadata" : { }
    },
    "hooks" : [ ]
  }, {
    "majorSchemaVersion" : 3,
    "name" : "RiskManagement-app-deployer",
    "type" : "com.sap.application.content",
    "path" : "RiskManagement-app-deployer",
    "properties" : { },
    "parameters" : {
      "config" : {
        "destinations" : [ {
          "Authentication" : "********",
          "DynamicDestination" : true,
          "ForwardAuthToken" : "********",
          "Name" : "srv-api",
          "ProxyType" : "Internet",
          "Type" : "HTTP",
          "URL" : "~{srv-api/srv-url}"
        } ]
      }
    },
    "requiredDependencies" : [ {
      "majorSchemaVersion" : 3,
      "name" : "********",
      "properties" : { },
      "parameters" : { },
      "propertiesMetadata" : {
        "metadata" : { }
      },
      "parametersMetadata" : {
        "metadata" : { }
      }
    }, {
      "majorSchemaVersion" : 3,
      "name" : "srv-api",
      "properties" : { },
      "parameters" : { },
      "propertiesMetadata" : {
        "metadata" : { }
      },
      "parametersMetadata" : {
        "metadata" : { }
      }
    }, {
      "majorSchemaVersion" : 3,
      "name" : "RiskManagement-html5-repo-host",
      "properties" : { },
      "parameters" : {
        "config" : {
          "HTML5Runtime_enabled" : true
        },
        "content-target" : true
      },
      "propertiesMetadata" : {
        "metadata" : { }
      },
      "parametersMetadata" : {
        "metadata" : { }
      }
    } ],
    "providedDependencies" : [ {
      "majorSchemaVersion" : 3,
      "name" : "RiskManagement-app-deployer",
      "isPublic" : false,
      "properties" : { },
      "parameters" : { },
      "propertiesMetadata" : {
        "metadata" : { }
      },
      "parametersMetadata" : {
        "metadata" : { }
      }
    } ],
    "propertiesMetadata" : {
      "metadata" : { }
    },
    "parametersMetadata" : {
      "metadata" : { }
    },
    "hooks" : [ ]
  }, {
    "majorSchemaVersion" : 3,
    "name" : "RiskManagement-destinations",
    "type" : "com.sap.application.content",
    "properties" : { },
    "parameters" : {
      "content" : {
        "instance" : {
          "destinations" : [ {
            "Name" : "RiskManagement-html5-repository",
            "ServiceInstanceName" : "RiskManagement-html5-repo-host",
            "ServiceKeyName" : "********",
            "sap.cloud.service" : "RiskManagement.service"
          }, {
            "Authentication" : "********",
            "Name" : "********",
            "ServiceInstanceName" : "********",
            "ServiceKeyName" : "********",
            "sap.cloud.service" : "RiskManagement.service"
          } ],
          "existing_destinations_policy" : "update"
        }
      }
    },
    "requiredDependencies" : [ {
      "majorSchemaVersion" : 3,
      "name" : "********",
      "properties" : { },
      "parameters" : {
        "service-key" : "********"
      },
      "propertiesMetadata" : {
        "metadata" : { }
      },
      "parametersMetadata" : {
        "metadata" : { }
      }
    }, {
      "majorSchemaVersion" : 3,
      "name" : "RiskManagement-html5-repo-host",
      "properties" : { },
      "parameters" : {
        "service-key" : "********"
      },
      "propertiesMetadata" : {
        "metadata" : { }
      },
      "parametersMetadata" : {
        "metadata" : { }
      }
    }, {
      "majorSchemaVersion" : 3,
      "name" : "srv-api",
      "properties" : { },
      "parameters" : { },
      "propertiesMetadata" : {
        "metadata" : { }
      },
      "parametersMetadata" : {
        "metadata" : { }
      }
    }, {
      "majorSchemaVersion" : 3,
      "name" : "RiskManagement-destination",
      "properties" : { },
      "parameters" : {
        "content-target" : true
      },
      "propertiesMetadata" : {
        "metadata" : { }
      },
      "parametersMetadata" : {
        "metadata" : { }
      }
    } ],
    "providedDependencies" : [ {
      "majorSchemaVersion" : 3,
      "name" : "RiskManagement-destinations",
      "isPublic" : false,
      "properties" : { },
      "parameters" : { },
      "propertiesMetadata" : {
        "metadata" : { }
      },
      "parametersMetadata" : {
        "metadata" : { }
      }
    } ],
    "propertiesMetadata" : {
      "metadata" : { }
    },
    "parametersMetadata" : {
      "metadata" : { }
    },
    "hooks" : [ ]
  } ],
  "resources" : [ {
    "majorSchemaVersion" : 3,
    "name" : "RiskManagement-db",
    "type" : "com.sap.xs.hdi-container",
    "properties" : { },
    "parameters" : {
      "type" : "managed-service",
      "service" : "hana",
      "service-plan" : "hdi-shared"
    },
    "isActive" : true,
    "isOptional" : false,
    "propertiesMetadata" : {
      "metadata" : { }
    },
    "parametersMetadata" : {
      "metadata" : { }
    },
    "requiredDependencies" : [ ],
    "processedAfter" : [ ]
  }, {
    "majorSchemaVersion" : 3,
    "name" : "RiskManagement-destination",
    "type" : "org.cloudfoundry.managed-service",
    "properties" : { },
    "parameters" : {
      "service-plan" : "lite",
      "type" : "managed-service",
      "config" : {
        "HTML5Runtime_enabled" : true,
        "init_data" : {
          "instance" : {
            "destinations" : [ {
              "Authentication" : "********",
              "DynamicDestination" : true,
              "ForwardAuthToken" : "********",
              "Name" : "srv-api",
              "ProxyType" : "Internet",
              "Type" : "HTTP",
              "URL" : "~{srv-api/srv-url}"
            } ],
            "existing_destinations_policy" : "update"
          }
        }
      },
      "service" : "destination"
    },
    "isActive" : true,
    "isOptional" : false,
    "propertiesMetadata" : {
      "metadata" : { }
    },
    "parametersMetadata" : {
      "metadata" : { }
    },
    "requiredDependencies" : [ {
      "majorSchemaVersion" : 3,
      "name" : "srv-api",
      "properties" : { },
      "parameters" : { },
      "propertiesMetadata" : {
        "metadata" : { }
      },
      "parametersMetadata" : {
        "metadata" : { }
      }
    } ],
    "processedAfter" : [ ]
  }, {
    "majorSchemaVersion" : 3,
    "name" : "********",
    "type" : "org.cloudfoundry.managed-service",
    "properties" : { },
    "parameters" : {
      "path" : "./xs-security.json",
      "service-plan" : "application",
      "type" : "managed-service",
      "config" : {
        "oauth2-configuration" : "********",
        "role-collections" : [ {
          "description" : "generated",
          "name" : "RiskViewer (RiskManagement ${org}-${space})",
          "role-template-references" : [ "$XSAPPNAME.RiskViewer" ]
        }, {
          "description" : "generated",
          "name" : "RiskManager (RiskManagement ${org}-${space})",
          "role-template-references" : [ "$XSAPPNAME.RiskManager" ]
        } ],
        "tenant-mode" : "dedicated",
        "xsappname" : "RiskManagement-${org}-${space}"
      },
      "service" : "xsuaa"
    },
    "isActive" : true,
    "isOptional" : false,
    "propertiesMetadata" : {
      "metadata" : { }
    },
    "parametersMetadata" : {
      "metadata" : { }
    },
    "requiredDependencies" : [ ],
    "processedAfter" : [ ]
  }, {
    "majorSchemaVersion" : 3,
    "name" : "RiskManagement-html5-repo-host",
    "type" : "org.cloudfoundry.managed-service",
    "properties" : { },
    "parameters" : {
      "type" : "managed-service",
      "service" : "html5-apps-repo",
      "service-plan" : "app-host"
    },
    "isActive" : true,
    "isOptional" : false,
    "propertiesMetadata" : {
      "metadata" : { }
    },
    "parametersMetadata" : {
      "metadata" : { }
    },
    "requiredDependencies" : [ ],
    "processedAfter" : [ ]
  } ],
  "parameters" : {
    "enable-parallel-deployments" : true,
    "deploy_mode" : "html5-repo"
  },
  "parametersMetadata" : {
    "metadata" : { }
  }
}#
#2026 09 17 19:17:33.468#Z#DEBUG#6e95f57f-b2cc-11f1-b461-eeee0a8dc34e.OPERATION#flowable-async-job-executor-thread-11182#
[MergeDescriptorsStep] Descriptors validated and merged#
#2026 09 17 19:17:33.468#Z#DEBUG#6e95f57f-b2cc-11f1-b461-eeee0a8dc34e.OPERATION#flowable-async-job-executor-thread-11182#
Step "Merge Descriptors" finished#
#2026 09 17 19:17:33.501#Z#DEBUG#6e95f57f-b2cc-11f1-b461-eeee0a8dc34e.OPERATION#flowable-async-job-executor-thread-11182#
[CollectCloudLoggingServiceParametersStep] Executing task "sid-9C5714DF-CEC8-4019-8873-CBBA99AC459A" of process "6e95f5a5-b2cc-11f1-b461-eeee0a8dc34e"...#
#2026 09 17 19:17:33.504#Z#DEBUG#6e95f57f-b2cc-11f1-b461-eeee0a8dc34e.OPERATION#flowable-async-job-executor-thread-11182#
Step "Collect Cloud Logging Service Parameters" finished#
#2026 09 17 19:17:33.535#Z#DEBUG#6e95f57f-b2cc-11f1-b461-eeee0a8dc34e.OPERATION#flowable-async-job-executor-thread-11181#
[DetectDeployedMtaStep] Executing task "detectDeployedMtaTask" of process "6e95f5a5-b2cc-11f1-b461-eeee0a8dc34e"...#
#2026 09 17 19:17:33.535#Z#DEBUG#6e95f57f-b2cc-11f1-b461-eeee0a8dc34e.OPERATION#flowable-async-job-executor-thread-11181#
[DetectDeployedMtaStep] Detecting deployed MTA...#
#2026 09 17 19:17:33.602#Z#DEBUG#6e95f57f-b2cc-11f1-b461-eeee0a8dc34e.OPERATION#flowable-async-job-executor-thread-11181#
[DetectDeployedMtaStep] Detecting MTA by id RiskManagement and namespace null#
#2026 09 17 19:17:33.602#Z#DEBUG#6e95f57f-b2cc-11f1-b461-eeee0a8dc34e.OPERATION#flowable-async-job-executor-thread-11181#
[DetectDeployedMtaStep] Getting applications by metadata label selector "mta_id=71546f9fe9d5bd692c6abf3eba1bbfd7,!mta_namespace"...#
#2026 09 17 19:17:33.651#Z#DEBUG#6e95f57f-b2cc-11f1-b461-eeee0a8dc34e.OPERATION#flowable-async-job-executor-thread-11181#
[DetectDeployedMtaStep] Getting service instances by metadata label selector "mta_id=71546f9fe9d5bd692c6abf3eba1bbfd7,!mta_namespace"...#
#2026 09 17 19:17:33.785#Z#DEBUG#6e95f57f-b2cc-11f1-b461-eeee0a8dc34e.OPERATION#flowable-async-job-executor-thread-11181#
[DetectDeployedMtaStep] Deployed MTA: {
  "metadata" : {
    "id" : "RiskManagement",
    "version" : "1.0.0"
  },
  "applications" : [ {
    "name" : "RiskManagement-db-deployer",
    "metadata" : {
      "guid" : "76809f69-5d0f-479d-b97f-483792bc86a1",
      "createdAt" : [ 2026, 9, 16, 16, 8, 5 ],
      "updatedAt" : [ 2026, 9, 17, 13, 55, 53 ]
    },
    "v3Metadata" : {
      "annotations" : {
        "mta_id" : "RiskManagement",
        "mta_version" : "1.0.0",
        "mta_module" : "{\"name\":\"RiskManagement-db-deployer\"}",
        "mta_module_provided_dependencies" : "[]",
        "mta_bound_services" : "[\"RiskManagement-db\"]"
      },
      "labels" : {
        "mta_id" : "71546f9fe9d5bd692c6abf3eba1bbfd7"
      }
    },
    "state" : "STOPPED",
    "lifecycle" : {
      "type" : "BUILDPACK",
      "data" : {
        "stack" : "cflinuxfs4",
        "buildpacks" : [ "nodejs_buildpack" ]
      }
    },
    "space" : {
      "name" : "dev",
      "metadata" : {
        "guid" : "b1534f58-8387-42a5-8ece-809300958c1c",
        "createdAt" : [ 2026, 9, 7, 12, 46, 38 ],
        "updatedAt" : [ 2026, 9, 7, 12, 46, 38 ]
      },
      "organization" : {
        "name" : "47a58eedtrial",
        "metadata" : {
          "guid" : "d7a02038-bfb6-4965-9398-981fd602b71e",
          "createdAt" : [ 2026, 9, 7, 12, 46, 36 ],
          "updatedAt" : [ 2026, 9, 7, 12, 46, 37 ]
        }
      }
    },
    "moduleName" : "RiskManagement-db-deployer",
    "boundMtaServices" : [ "RiskManagement-db" ],
    "providedDependencyNames" : [ ],
    "productizationState" : "LIVE"
  }, {
    "name" : "RiskManagement-srv",
    "metadata" : {
      "guid" : "6290dc3f-504e-4ecc-a259-f1fc4fa6ab88",
      "createdAt" : [ 2026, 9, 16, 16, 8, 10 ],
      "updatedAt" : [ 2026, 9, 17, 13, 56, 13 ]
    },
    "v3Metadata" : {
      "annotations" : {
        "mta_id" : "RiskManagement",
        "mta_version" : "1.0.0",
        "mta_module" : "{\"name\":\"RiskManagement-srv\"}",
        "mta_module_provided_dependencies" : "[]",
        "mta_bound_services" : "********"
      },
      "labels" : {
        "mta_id" : "71546f9fe9d5bd692c6abf3eba1bbfd7"
      }
    },
    "state" : "STARTED",
    "lifecycle" : {
      "type" : "BUILDPACK",
      "data" : {
        "stack" : "cflinuxfs4",
        "buildpacks" : [ "nodejs_buildpack" ]
      }
    },
    "space" : {
      "name" : "dev",
      "metadata" : {
        "guid" : "b1534f58-8387-42a5-8ece-809300958c1c",
        "createdAt" : [ 2026, 9, 7, 12, 46, 38 ],
        "updatedAt" : [ 2026, 9, 7, 12, 46, 38 ]
      },
      "organization" : {
        "name" : "47a58eedtrial",
        "metadata" : {
          "guid" : "d7a02038-bfb6-4965-9398-981fd602b71e",
          "createdAt" : [ 2026, 9, 7, 12, 46, 36 ],
          "updatedAt" : [ 2026, 9, 7, 12, 46, 37 ]
        }
      }
    },
    "moduleName" : "RiskManagement-srv",
    "boundMtaServices" : [ "RiskManagement-db", "RiskManagement-destination", "********" ],
    "providedDependencyNames" : [ ],
    "productizationState" : "LIVE"
  } ],
  "services" : [ {
    "name" : "********",
    "metadata" : {
      "guid" : "5fa2ba3a-7720-4ba8-959c-503f7b05e94b",
      "createdAt" : [ 2026, 9, 16, 16, 7, 50 ],
      "updatedAt" : [ 2026, 9, 16, 16, 7, 51 ]
    },
    "v3Metadata" : {
      "annotations" : {
        "mta_id" : "RiskManagement",
        "mta_version" : "1.0.0",
        "mta_resource" : "********"
      },
      "labels" : {
        "mta_id" : "71546f9fe9d5bd692c6abf3eba1bbfd7"
      }
    },
    "label" : "xsuaa",
    "plan" : "application",
    "credentials" : "********",
    "tags" : [ ],
    "type" : "managed",
    "lastOperation" : {
      "type" : "UPDATE",
      "description" : "",
      "state" : "SUCCEEDED"
    },
    "resourceName" : "********"
  }, {
    "name" : "RiskManagement-db",
    "metadata" : {
      "guid" : "c4d68c74-0549-4fb0-a05c-774f236fc356",
      "createdAt" : [ 2026, 9, 16, 16, 7, 47 ],
      "updatedAt" : [ 2026, 9, 16, 16, 7, 47 ]
    },
    "v3Metadata" : {
      "annotations" : {
        "mta_id" : "RiskManagement",
        "mta_version" : "1.0.0",
        "mta_resource" : "{\"name\":\"RiskManagement-db\"}"
      },
      "labels" : {
        "mta_id" : "71546f9fe9d5bd692c6abf3eba1bbfd7"
      }
    },
    "label" : "hana",
    "plan" : "hdi-shared",
    "credentials" : "********",
    "tags" : [ ],
    "type" : "managed",
    "lastOperation" : {
      "type" : "CREATE",
      "state" : "SUCCEEDED"
    },
    "resourceName" : "RiskManagement-db"
  }, {
    "name" : "RiskManagement-html5-repo-host",
    "metadata" : {
      "guid" : "7b560607-1270-4a6d-b1b1-e4c8c9d3e648",
      "createdAt" : [ 2026, 9, 16, 16, 7, 52 ],
      "updatedAt" : [ 2026, 9, 16, 16, 7, 53 ]
    },
    "v3Metadata" : {
      "annotations" : {
        "mta_id" : "RiskManagement",
        "mta_version" : "1.0.0",
        "mta_resource" : "{\"name\":\"RiskManagement-html5-repo-host\"}"
      },
      "labels" : {
        "mta_id" : "71546f9fe9d5bd692c6abf3eba1bbfd7"
      }
    },
    "label" : "html5-apps-repo",
    "plan" : "app-host",
    "credentials" : "********",
    "tags" : [ ],
    "type" : "managed",
    "lastOperation" : {
      "type" : "CREATE",
      "description" : "",
      "state" : "SUCCEEDED"
    },
    "resourceName" : "RiskManagement-html5-repo-host"
  }, {
    "name" : "RiskManagement-destination",
    "metadata" : {
      "guid" : "fb6e7af1-f894-4113-a664-0230bb8f8c8d",
      "createdAt" : [ 2026, 9, 16, 16, 7, 50 ],
      "updatedAt" : [ 2026, 9, 16, 16, 7, 54 ]
    },
    "v3Metadata" : {
      "annotations" : {
        "mta_id" : "RiskManagement",
        "mta_version" : "1.0.0",
        "mta_resource" : "{\"name\":\"RiskManagement-destination\"}"
      },
      "labels" : {
        "mta_id" : "71546f9fe9d5bd692c6abf3eba1bbfd7"
      }
    },
    "label" : "destination",
    "plan" : "lite",
    "credentials" : "********",
    "tags" : [ ],
    "type" : "managed",
    "lastOperation" : {
      "type" : "UPDATE",
      "description" : "",
      "state" : "SUCCEEDED"
    },
    "resourceName" : "RiskManagement-destination"
  } ]
}#
#2026 09 17 19:17:33.785#Z#INFO#6e95f57f-b2cc-11f1-b461-eeee0a8dc34e.OPERATION#flowable-async-job-executor-thread-11181#
[DetectDeployedMtaStep] Detected deployed MTA with ID "RiskManagement" and version "1.0.0"#
#2026 09 17 19:17:33.789#Z#DEBUG#6e95f57f-b2cc-11f1-b461-eeee0a8dc34e.OPERATION#flowable-async-job-executor-thread-11181#
[DetectDeployedMtaStep] Detecting backup mta by id "RiskManagement" and namespace "null"#
#2026 09 17 19:17:33.789#Z#DEBUG#6e95f57f-b2cc-11f1-b461-eeee0a8dc34e.OPERATION#flowable-async-job-executor-thread-11181#
[DetectDeployedMtaStep] Getting applications by metadata label selector "mta_id=71546f9fe9d5bd692c6abf3eba1bbfd7,mta_namespace=b698114a0995e936895b9598a6c19a2c"...#
#2026 09 17 19:17:33.817#Z#DEBUG#6e95f57f-b2cc-11f1-b461-eeee0a8dc34e.OPERATION#flowable-async-job-executor-thread-11181#
[DetectDeployedMtaStep] Getting service instances by metadata label selector "mta_id=71546f9fe9d5bd692c6abf3eba1bbfd7,mta_namespace=b698114a0995e936895b9598a6c19a2c"...#
#2026 09 17 19:17:33.887#Z#DEBUG#6e95f57f-b2cc-11f1-b461-eeee0a8dc34e.OPERATION#flowable-async-job-executor-thread-11181#
[DetectDeployedMtaStep] Deployed MTA service keys: [ {
  "name" : "********",
  "metadata" : {
    "guid" : "f41c51ad-1b28-433c-b4c4-40bf7447cfaf",
    "createdAt" : [ 2026, 9, 16, 16, 8, 7 ],
    "updatedAt" : [ 2026, 9, 16, 16, 8, 8 ]
  },
  "v3Metadata" : {
    "annotations" : {
      "mta_id" : "RiskManagement",
      "mta_version" : "1.0.0"
    },
    "labels" : {
      "mta_id" : "71546f9fe9d5bd692c6abf3eba1bbfd7",
      "space_guid" : "b1534f58-8387-42a5-8ece-809300958c1c"
    }
  },
  "serviceInstance" : {
    "name" : "********",
    "metadata" : {
      "guid" : "5fa2ba3a-7720-4ba8-959c-503f7b05e94b",
      "createdAt" : [ 2026, 9, 16, 16, 7, 50 ],
      "updatedAt" : [ 2026, 9, 16, 16, 7, 51 ]
    },
    "v3Metadata" : {
      "annotations" : {
        "mta_id" : "RiskManagement",
        "mta_version" : "1.0.0",
        "mta_resource" : "********"
      },
      "labels" : {
        "mta_id" : "71546f9fe9d5bd692c6abf3eba1bbfd7"
      }
    },
    "credentials" : "********",
    "tags" : [ ],
    "type" : "managed"
  }
}, {
  "name" : "********",
  "metadata" : {
    "guid" : "6e908ebd-e252-499e-b85c-4aa16952adce",
    "createdAt" : [ 2026, 9, 16, 16, 8, 7 ],
    "updatedAt" : [ 2026, 9, 16, 16, 8, 9 ]
  },
  "v3Metadata" : {
    "annotations" : {
      "mta_id" : "RiskManagement",
      "mta_version" : "1.0.0"
    },
    "labels" : {
      "mta_id" : "71546f9fe9d5bd692c6abf3eba1bbfd7",
      "space_guid" : "b1534f58-8387-42a5-8ece-809300958c1c"
    }
  },
  "serviceInstance" : {
    "name" : "RiskManagement-destination",
    "metadata" : {
      "guid" : "fb6e7af1-f894-4113-a664-0230bb8f8c8d",
      "createdAt" : [ 2026, 9, 16, 16, 7, 50 ],
      "updatedAt" : [ 2026, 9, 16, 16, 7, 54 ]
    },
    "v3Metadata" : {
      "annotations" : {
        "mta_id" : "RiskManagement",
        "mta_version" : "1.0.0",
        "mta_resource" : "{\"name\":\"RiskManagement-destination\"}"
      },
      "labels" : {
        "mta_id" : "71546f9fe9d5bd692c6abf3eba1bbfd7"
      }
    },
    "credentials" : "********",
    "tags" : [ ],
    "type" : "managed"
  }
}, {
  "name" : "********",
  "metadata" : {
    "guid" : "246c5960-643b-4714-bdcd-37bb122894cc",
    "createdAt" : [ 2026, 9, 16, 16, 8, 7 ],
    "updatedAt" : [ 2026, 9, 16, 16, 8, 9 ]
  },
  "v3Metadata" : {
    "annotations" : {
      "mta_id" : "RiskManagement",
      "mta_version" : "1.0.0"
    },
    "labels" : {
      "mta_id" : "71546f9fe9d5bd692c6abf3eba1bbfd7",
      "space_guid" : "b1534f58-8387-42a5-8ece-809300958c1c"
    }
  },
  "serviceInstance" : {
    "name" : "RiskManagement-html5-repo-host",
    "metadata" : {
      "guid" : "7b560607-1270-4a6d-b1b1-e4c8c9d3e648",
      "createdAt" : [ 2026, 9, 16, 16, 7, 52 ],
      "updatedAt" : [ 2026, 9, 16, 16, 7, 53 ]
    },
    "v3Metadata" : {
      "annotations" : {
        "mta_id" : "RiskManagement",
        "mta_version" : "1.0.0",
        "mta_resource" : "{\"name\":\"RiskManagement-html5-repo-host\"}"
      },
      "labels" : {
        "mta_id" : "71546f9fe9d5bd692c6abf3eba1bbfd7"
      }
    },
    "credentials" : "********",
    "tags" : [ ],
    "type" : "managed"
  }
}, {
  "name" : "********",
  "metadata" : {
    "guid" : "f41e8691-eb76-4ee1-bc17-00c8a6d18288",
    "createdAt" : [ 2026, 9, 16, 16, 8, 14 ],
    "updatedAt" : [ 2026, 9, 16, 16, 8, 14 ]
  },
  "v3Metadata" : {
    "annotations" : {
      "mta_id" : "RiskManagement",
      "mta_version" : "1.0.0"
    },
    "labels" : {
      "mta_id" : "71546f9fe9d5bd692c6abf3eba1bbfd7",
      "space_guid" : "b1534f58-8387-42a5-8ece-809300958c1c"
    }
  },
  "serviceInstance" : {
    "name" : "RiskManagement-html5-repo-host",
    "metadata" : {
      "guid" : "7b560607-1270-4a6d-b1b1-e4c8c9d3e648",
      "createdAt" : [ 2026, 9, 16, 16, 7, 52 ],
      "updatedAt" : [ 2026, 9, 16, 16, 7, 53 ]
    },
    "v3Metadata" : {
      "annotations" : {
        "mta_id" : "RiskManagement",
        "mta_version" : "1.0.0",
        "mta_resource" : "{\"name\":\"RiskManagement-html5-repo-host\"}"
      },
      "labels" : {
        "mta_id" : "71546f9fe9d5bd692c6abf3eba1bbfd7"
      }
    },
    "credentials" : "********",
    "tags" : [ ],
    "type" : "managed"
  }
}, {
  "name" : "********",
  "metadata" : {
    "guid" : "f8216c87-e72f-4010-94dd-7b841a894911",
    "createdAt" : [ 2026, 9, 16, 16, 8, 14 ],
    "updatedAt" : [ 2026, 9, 16, 16, 8, 14 ]
  },
  "v3Metadata" : {
    "annotations" : {
      "mta_id" : "RiskManagement",
      "mta_version" : "1.0.0"
    },
    "labels" : {
      "mta_id" : "71546f9fe9d5bd692c6abf3eba1bbfd7",
      "space_guid" : "b1534f58-8387-42a5-8ece-809300958c1c"
    }
  },
  "serviceInstance" : {
    "name" : "********",
    "metadata" : {
      "guid" : "5fa2ba3a-7720-4ba8-959c-503f7b05e94b",
      "createdAt" : [ 2026, 9, 16, 16, 7, 50 ],
      "updatedAt" : [ 2026, 9, 16, 16, 7, 51 ]
    },
    "v3Metadata" : {
      "annotations" : {
        "mta_id" : "RiskManagement",
        "mta_version" : "1.0.0",
        "mta_resource" : "********"
      },
      "labels" : {
        "mta_id" : "71546f9fe9d5bd692c6abf3eba1bbfd7"
      }
    },
    "credentials" : "********",
    "tags" : [ ],
    "type" : "managed"
  }
} ]#
#2026 09 17 19:17:33.887#Z#DEBUG#6e95f57f-b2cc-11f1-b461-eeee0a8dc34e.OPERATION#flowable-async-job-executor-thread-11181#
Step "Detect Deployed MTA" finished#
#2026 09 17 19:17:33.924#Z#DEBUG#6e95f57f-b2cc-11f1-b461-eeee0a8dc34e.OPERATION#flowable-async-job-executor-thread-11188#
[XS2CollectSystemParametersStep] Executing task "collectSystemParametersTask" of process "6e95f5a5-b2cc-11f1-b461-eeee0a8dc34e"...#
#2026 09 17 19:17:33.925#Z#DEBUG#6e95f57f-b2cc-11f1-b461-eeee0a8dc34e.OPERATION#flowable-async-job-executor-thread-11188#
[XS2CollectSystemParametersStep] Collecting system parameters...#
#2026 09 17 19:17:33.926#Z#DEBUG#6e95f57f-b2cc-11f1-b461-eeee0a8dc34e.OPERATION#flowable-async-job-executor-thread-11188#
[XS2CollectSystemParametersStep] Getting default domain...#
#2026 09 17 19:17:33.949#Z#DEBUG#6e95f57f-b2cc-11f1-b461-eeee0a8dc34e.OPERATION#flowable-async-job-executor-thread-11188#
[XS2CollectSystemParametersStep] Default domain: cfapps.us10-001.hana.ondemand.com#
#2026 09 17 19:17:33.951#Z#DEBUG#6e95f57f-b2cc-11f1-b461-eeee0a8dc34e.OPERATION#flowable-async-job-executor-thread-11188#
[XS2CollectSystemParametersStep] Checking for overwriting read-only parameters for mta with id: "RiskManagement"#
#2026 09 17 19:17:33.951#Z#DEBUG#6e95f57f-b2cc-11f1-b461-eeee0a8dc34e.OPERATION#flowable-async-job-executor-thread-11188#
[XS2CollectSystemParametersStep] No read-only parameters are overwritten#
#2026 09 17 19:17:33.963#Z#DEBUG#6e95f57f-b2cc-11f1-b461-eeee0a8dc34e.OPERATION#flowable-async-job-executor-thread-11188#
[XS2CollectSystemParametersStep] Descriptor with system parameters: {
  "majorSchemaVersion" : 3,
  "schemaVersion" : "3.3.0",
  "id" : "RiskManagement",
  "version" : "1.0.0",
  "modules" : [ {
    "majorSchemaVersion" : 3,
    "name" : "RiskManagement-srv",
    "type" : "javascript.nodejs",
    "path" : "RiskManagement-srv",
    "properties" : { },
    "parameters" : {
      "default-url" : "${protocol}://${default-uri}",
      "default-app-name" : "RiskManagement-srv",
      "generated-password" : "********",
      "default-live-url" : "${protocol}://${default-live-uri}",
      "default-uri" : "${host}.${domain}",
      "default-instances" : 1,
      "default-live-host" : "47a58eedtrial-dev-riskmanagement-srv",
      "instances" : 1,
      "buildpack" : "nodejs_buildpack",
      "default-host" : "47a58eedtrial-dev-riskmanagement-srv",
      "app-name" : "${default-app-name}",
      "default-live-uri" : "47a58eedtrial-dev-riskmanagement-srv.${domain}",
      "protocol" : "https",
      "default-live-app-name" : "RiskManagement-srv",
      "default-live-domain" : "cfapps.us10-001.hana.ondemand.com",
      "domain" : "${default-domain}",
      "host" : "${default-host}",
      "generated-user" : "********"
    },
    "requiredDependencies" : [ {
      "majorSchemaVersion" : 3,
      "name" : "RiskManagement-db",
      "properties" : { },
      "parameters" : { },
      "propertiesMetadata" : {
        "metadata" : { }
      },
      "parametersMetadata" : {
        "metadata" : { }
      }
    }, {
      "majorSchemaVersion" : 3,
      "name" : "RiskManagement-destination",
      "properties" : { },
      "parameters" : { },
      "propertiesMetadata" : {
        "metadata" : { }
      },
      "parametersMetadata" : {
        "metadata" : { }
      }
    }, {
      "majorSchemaVersion" : 3,
      "name" : "********",
      "properties" : { },
      "parameters" : { },
      "propertiesMetadata" : {
        "metadata" : { }
      },
      "parametersMetadata" : {
        "metadata" : { }
      }
    } ],
    "providedDependencies" : [ {
      "majorSchemaVersion" : 3,
      "name" : "srv-api",
      "isPublic" : false,
      "properties" : {
        "srv-url" : "${default-url}"
      },
      "parameters" : { },
      "propertiesMetadata" : {
        "metadata" : { }
      },
      "parametersMetadata" : {
        "metadata" : { }
      }
    }, {
      "majorSchemaVersion" : 3,
      "name" : "RiskManagement-srv",
      "isPublic" : false,
      "properties" : { },
      "parameters" : { },
      "propertiesMetadata" : {
        "metadata" : { }
      },
      "parametersMetadata" : {
        "metadata" : { }
      }
    } ],
    "propertiesMetadata" : {
      "metadata" : { }
    },
    "parametersMetadata" : {
      "metadata" : { }
    },
    "hooks" : [ ]
  }, {
    "majorSchemaVersion" : 3,
    "name" : "RiskManagement-db-deployer",
    "type" : "com.sap.xs.hdi",
    "path" : "RiskManagement-db-deployer",
    "properties" : {
      "EXIT" : 1
    },
    "parameters" : {
      "default-url" : "${protocol}://${default-uri}",
      "default-app-name" : "RiskManagement-db-deployer",
      "generated-password" : "********",
      "default-live-url" : "${protocol}://${default-live-uri}",
      "default-uri" : "${host}.${domain}",
      "memory" : "256M",
      "default-instances" : 1,
      "no-route" : true,
      "default-live-host" : "47a58eedtrial-dev-riskmanagement-db-deployer",
      "instances" : "${default-instances}",
      "buildpack" : "nodejs_buildpack",
      "default-host" : "47a58eedtrial-dev-riskmanagement-db-deployer",
      "app-name" : "${default-app-name}",
      "default-live-uri" : "47a58eedtrial-dev-riskmanagement-db-deployer.${domain}",
      "protocol" : "https",
      "default-live-app-name" : "RiskManagement-db-deployer",
      "default-live-domain" : "cfapps.us10-001.hana.ondemand.com",
      "dependency-type" : "hard",
      "domain" : "${default-domain}",
      "host" : "${default-host}",
      "generated-user" : "********",
      "tasks" : [ {
        "name" : "deploy",
        "memory" : "256M",
        "command" : "npm start"
      } ],
      "no-start" : true
    },
    "requiredDependencies" : [ {
      "majorSchemaVersion" : 3,
      "name" : "RiskManagement-db",
      "properties" : { },
      "parameters" : { },
      "propertiesMetadata" : {
        "metadata" : { }
      },
      "parametersMetadata" : {
        "metadata" : { }
      }
    } ],
    "providedDependencies" : [ {
      "majorSchemaVersion" : 3,
      "name" : "RiskManagement-db-deployer",
      "isPublic" : false,
      "properties" : { },
      "parameters" : { },
      "propertiesMetadata" : {
        "metadata" : { }
      },
      "parametersMetadata" : {
        "metadata" : { }
      }
    } ],
    "propertiesMetadata" : {
      "metadata" : { }
    },
    "parametersMetadata" : {
      "metadata" : { }
    },
    "hooks" : [ ]
  }, {
    "majorSchemaVersion" : 3,
    "name" : "RiskManagement-app-deployer",
    "type" : "com.sap.application.content",
    "path" : "RiskManagement-app-deployer",
    "properties" : { },
    "parameters" : {
      "default-url" : "${protocol}://${default-uri}",
      "default-app-name" : "RiskManagement-app-deployer",
      "generated-password" : "********",
      "default-live-url" : "${protocol}://${default-live-uri}",
      "default-uri" : "${host}.${domain}",
      "default-instances" : 1,
      "default-live-host" : "47a58eedtrial-dev-riskmanagement-app-deployer",
      "instances" : "${default-instances}",
      "default-host" : "47a58eedtrial-dev-riskmanagement-app-deployer",
      "app-name" : "${default-app-name}",
      "default-live-uri" : "47a58eedtrial-dev-riskmanagement-app-deployer.${domain}",
      "protocol" : "https",
      "default-live-app-name" : "RiskManagement-app-deployer",
      "default-live-domain" : "cfapps.us10-001.hana.ondemand.com",
      "domain" : "${default-domain}",
      "host" : "${default-host}",
      "generated-user" : "********",
      "config" : {
        "destinations" : [ {
          "Authentication" : "********",
          "DynamicDestination" : true,
          "ForwardAuthToken" : "********",
          "Name" : "srv-api",
          "ProxyType" : "Internet",
          "Type" : "HTTP",
          "URL" : "~{srv-api/srv-url}"
        } ]
      }
    },
    "requiredDependencies" : [ {
      "majorSchemaVersion" : 3,
      "name" : "********",
      "properties" : { },
      "parameters" : { },
      "propertiesMetadata" : {
        "metadata" : { }
      },
      "parametersMetadata" : {
        "metadata" : { }
      }
    }, {
      "majorSchemaVersion" : 3,
      "name" : "srv-api",
      "properties" : { },
      "parameters" : { },
      "propertiesMetadata" : {
        "metadata" : { }
      },
      "parametersMetadata" : {
        "metadata" : { }
      }
    }, {
      "majorSchemaVersion" : 3,
      "name" : "RiskManagement-html5-repo-host",
      "properties" : { },
      "parameters" : {
        "config" : {
          "HTML5Runtime_enabled" : true
        },
        "content-target" : true
      },
      "propertiesMetadata" : {
        "metadata" : { }
      },
      "parametersMetadata" : {
        "metadata" : { }
      }
    } ],
    "providedDependencies" : [ {
      "majorSchemaVersion" : 3,
      "name" : "RiskManagement-app-deployer",
      "isPublic" : false,
      "properties" : { },
      "parameters" : { },
      "propertiesMetadata" : {
        "metadata" : { }
      },
      "parametersMetadata" : {
        "metadata" : { }
      }
    } ],
    "propertiesMetadata" : {
      "metadata" : { }
    },
    "parametersMetadata" : {
      "metadata" : { }
    },
    "hooks" : [ ]
  }, {
    "majorSchemaVersion" : 3,
    "name" : "RiskManagement-destinations",
    "type" : "com.sap.application.content",
    "properties" : { },
    "parameters" : {
      "default-url" : "${protocol}://${default-uri}",
      "default-app-name" : "RiskManagement-destinations",
      "generated-password" : "********",
      "default-live-url" : "${protocol}://${default-live-uri}",
      "default-uri" : "${host}.${domain}",
      "default-instances" : 1,
      "default-live-host" : "47a58eedtrial-dev-riskmanagement-destinations",
      "instances" : "${default-instances}",
      "default-host" : "47a58eedtrial-dev-riskmanagement-destinations",
      "content" : {
        "instance" : {
          "destinations" : [ {
            "Name" : "RiskManagement-html5-repository",
            "ServiceInstanceName" : "RiskManagement-html5-repo-host",
            "ServiceKeyName" : "********",
            "sap.cloud.service" : "RiskManagement.service"
          }, {
            "Authentication" : "********",
            "Name" : "********",
            "ServiceInstanceName" : "********",
            "ServiceKeyName" : "********",
            "sap.cloud.service" : "RiskManagement.service"
          } ],
          "existing_destinations_policy" : "update"
        }
      },
      "app-name" : "${default-app-name}",
      "default-live-uri" : "47a58eedtrial-dev-riskmanagement-destinations.${domain}",
      "protocol" : "https",
      "default-live-app-name" : "RiskManagement-destinations",
      "default-live-domain" : "cfapps.us10-001.hana.ondemand.com",
      "domain" : "${default-domain}",
      "host" : "${default-host}",
      "generated-user" : "********"
    },
    "requiredDependencies" : [ {
      "majorSchemaVersion" : 3,
      "name" : "********",
      "properties" : { },
      "parameters" : {
        "service-key" : "********"
      },
      "propertiesMetadata" : {
        "metadata" : { }
      },
      "parametersMetadata" : {
        "metadata" : { }
      }
    }, {
      "majorSchemaVersion" : 3,
      "name" : "RiskManagement-html5-repo-host",
      "properties" : { },
      "parameters" : {
        "service-key" : "********"
      },
      "propertiesMetadata" : {
        "metadata" : { }
      },
      "parametersMetadata" : {
        "metadata" : { }
      }
    }, {
      "majorSchemaVersion" : 3,
      "name" : "srv-api",
      "properties" : { },
      "parameters" : { },
      "propertiesMetadata" : {
        "metadata" : { }
      },
      "parametersMetadata" : {
        "metadata" : { }
      }
    }, {
      "majorSchemaVersion" : 3,
      "name" : "RiskManagement-destination",
      "properties" : { },
      "parameters" : {
        "content-target" : true
      },
      "propertiesMetadata" : {
        "metadata" : { }
      },
      "parametersMetadata" : {
        "metadata" : { }
      }
    } ],
    "providedDependencies" : [ {
      "majorSchemaVersion" : 3,
      "name" : "RiskManagement-destinations",
      "isPublic" : false,
      "properties" : { },
      "parameters" : { },
      "propertiesMetadata" : {
        "metadata" : { }
      },
      "parametersMetadata" : {
        "metadata" : { }
      }
    } ],
    "propertiesMetadata" : {
      "metadata" : { }
    },
    "parametersMetadata" : {
      "metadata" : { }
    },
    "hooks" : [ ]
  } ],
  "resources" : [ {
    "majorSchemaVersion" : 3,
    "name" : "RiskManagement-db",
    "type" : "com.sap.xs.hdi-container",
    "properties" : { },
    "parameters" : {
      "generated-password" : "********",
      "service-name" : "${default-service-name}",
      "service-plan" : "hdi-shared",
      "service" : "hana",
      "generated-user" : "********",
      "default-xsappname" : "RiskManagement-db",
      "type" : "managed-service",
      "default-service-name" : "RiskManagement-db",
      "default-container-name" : "47A58EEDTRIAL_DEV_RISKMANAGEMENT_DB"
    },
    "isActive" : true,
    "isOptional" : false,
    "propertiesMetadata" : {
      "metadata" : { }
    },
    "parametersMetadata" : {
      "metadata" : { }
    },
    "requiredDependencies" : [ ],
    "processedAfter" : [ ]
  }, {
    "majorSchemaVersion" : 3,
    "name" : "RiskManagement-destination",
    "type" : "org.cloudfoundry.managed-service",
    "properties" : { },
    "parameters" : {
      "generated-password" : "********",
      "service-name" : "${default-service-name}",
      "service-plan" : "lite",
      "service" : "destination",
      "generated-user" : "********",
      "default-xsappname" : "RiskManagement-destination",
      "type" : "managed-service",
      "config" : {
        "HTML5Runtime_enabled" : true,
        "init_data" : {
          "instance" : {
            "destinations" : [ {
              "Authentication" : "********",
              "DynamicDestination" : true,
              "ForwardAuthToken" : "********",
              "Name" : "srv-api",
              "ProxyType" : "Internet",
              "Type" : "HTTP",
              "URL" : "~{srv-api/srv-url}"
            } ],
            "existing_destinations_policy" : "update"
          }
        }
      },
      "default-service-name" : "RiskManagement-destination",
      "default-container-name" : "47A58EEDTRIAL_DEV_RISKMANAGEMENT_DESTINATION"
    },
    "isActive" : true,
    "isOptional" : false,
    "propertiesMetadata" : {
      "metadata" : { }
    },
    "parametersMetadata" : {
      "metadata" : { }
    },
    "requiredDependencies" : [ {
      "majorSchemaVersion" : 3,
      "name" : "srv-api",
      "properties" : { },
      "parameters" : { },
      "propertiesMetadata" : {
        "metadata" : { }
      },
      "parametersMetadata" : {
        "metadata" : { }
      }
    } ],
    "processedAfter" : [ ]
  }, {
    "majorSchemaVersion" : 3,
    "name" : "********",
    "type" : "org.cloudfoundry.managed-service",
    "properties" : { },
    "parameters" : {
      "generated-password" : "********",
      "path" : "./xs-security.json",
      "service-name" : "${default-service-name}",
      "service-plan" : "application",
      "service" : "xsuaa",
      "generated-user" : "********",
      "default-xsappname" : "********",
      "type" : "managed-service",
      "config" : {
        "oauth2-configuration" : "********",
        "role-collections" : [ {
          "description" : "generated",
          "name" : "RiskViewer (RiskManagement ${org}-${space})",
          "role-template-references" : [ "$XSAPPNAME.RiskViewer" ]
        }, {
          "description" : "generated",
          "name" : "RiskManager (RiskManagement ${org}-${space})",
          "role-template-references" : [ "$XSAPPNAME.RiskManager" ]
        } ],
        "tenant-mode" : "dedicated",
        "xsappname" : "RiskManagement-${org}-${space}"
      },
      "default-service-name" : "********",
      "default-container-name" : "********"
    },
    "isActive" : true,
    "isOptional" : false,
    "propertiesMetadata" : {
      "metadata" : { }
    },
    "parametersMetadata" : {
      "metadata" : { }
    },
    "requiredDependencies" : [ ],
    "processedAfter" : [ ]
  }, {
    "majorSchemaVersion" : 3,
    "name" : "RiskManagement-html5-repo-host",
    "type" : "org.cloudfoundry.managed-service",
    "properties" : { },
    "parameters" : {
      "generated-password" : "********",
      "service-name" : "${default-service-name}",
      "service-plan" : "app-host",
      "service" : "html5-apps-repo",
      "generated-user" : "********",
      "default-xsappname" : "RiskManagement-html5-repo-host",
      "type" : "managed-service",
      "default-service-name" : "RiskManagement-html5-repo-host",
      "default-container-name" : "47A58EEDTRIAL_DEV_RISKMANAGEMENT_HTML5_REPO_HOST"
    },
    "isActive" : true,
    "isOptional" : false,
    "propertiesMetadata" : {
      "metadata" : { }
    },
    "parametersMetadata" : {
      "metadata" : { }
    },
    "requiredDependencies" : [ ],
    "processedAfter" : [ ]
  } ],
  "parameters" : {
    "deploy_mode" : "html5-repo",
    "mta-id" : "RiskManagement",
    "authorization-url" : "********",
    "org-guid" : "d7a02038-bfb6-4965-9398-981fd602b71e",
    "org" : "47a58eedtrial",
    "deploy-target" : "47a58eedtrial dev",
    "enable-parallel-deployments" : true,
    "space" : "dev",
    "xs-api-url" : "https://api.cf.us10-001.hana.ondemand.com",
    "deploy-url" : "deploy-service.cfapps.us10-001.hana.ondemand.com",
    "xs-type" : "CF",
    "default-domain" : "cfapps.us10-001.hana.ondemand.com",
    "mta-version" : "1.0.0",
    "xs-auth-url" : "********",
    "space-guid" : "b1534f58-8387-42a5-8ece-809300958c1c",
    "user" : "********",
    "controller-url" : "https://api.cf.us10-001.hana.ondemand.com",
    "timestamp" : "20260917191732"
  },
  "parametersMetadata" : {
    "metadata" : { }
  }
}#
#2026 09 17 19:17:33.964#Z#DEBUG#6e95f57f-b2cc-11f1-b461-eeee0a8dc34e.OPERATION#flowable-async-job-executor-thread-11188#
[XS2CollectSystemParametersStep] Version rule: SAME_HIGHER#
#2026 09 17 19:17:33.964#Z#INFO#6e95f57f-b2cc-11f1-b461-eeee0a8dc34e.OPERATION#flowable-async-job-executor-thread-11188#
[XS2CollectSystemParametersStep] Detected new MTA version: "1.0.0"#
#2026 09 17 19:17:33.968#Z#INFO#6e95f57f-b2cc-11f1-b461-eeee0a8dc34e.OPERATION#flowable-async-job-executor-thread-11188#
[XS2CollectSystemParametersStep] Deployed MTA version: "1.0.0"#
#2026 09 17 19:17:33.973#Z#DEBUG#6e95f57f-b2cc-11f1-b461-eeee0a8dc34e.OPERATION#flowable-async-job-executor-thread-11188#
[XS2CollectSystemParametersStep] MTA accepted for deployment#
#2026 09 17 19:17:33.973#Z#DEBUG#6e95f57f-b2cc-11f1-b461-eeee0a8dc34e.OPERATION#flowable-async-job-executor-thread-11188#
[XS2CollectSystemParametersStep] System parameters collected#
#2026 09 17 19:17:33.974#Z#DEBUG#6e95f57f-b2cc-11f1-b461-eeee0a8dc34e.OPERATION#flowable-async-job-executor-thread-11188#
Step "Collect System Parameters" finished#
#2026 09 17 19:17:34.008#Z#DEBUG#6e95f57f-b2cc-11f1-b461-eeee0a8dc34e.OPERATION#flowable-async-job-executor-thread-11188#
[ProcessDescriptorStep] Executing task "processDescriptorTask" of process "6e95f5a5-b2cc-11f1-b461-eeee0a8dc34e"...#
#2026 09 17 19:17:34.009#Z#DEBUG#6e95f57f-b2cc-11f1-b461-eeee0a8dc34e.OPERATION#flowable-async-job-executor-thread-11188#
[ProcessDescriptorStep] Resolving properties and parameters in merged descriptor...#
#2026 09 17 19:17:34.014#Z#DEBUG#6e95f57f-b2cc-11f1-b461-eeee0a8dc34e.OPERATION#flowable-async-job-executor-thread-11188#
[ProcessDescriptorStep] Subscriptions: [ ]#
#2026 09 17 19:17:34.014#Z#DEBUG#6e95f57f-b2cc-11f1-b461-eeee0a8dc34e.OPERATION#flowable-async-job-executor-thread-11188#
[ProcessDescriptorStep] MTA modules: [RiskManagement-destinations, RiskManagement-srv, RiskManagement-db-deployer, RiskManagement-app-deployer]#
#2026 09 17 19:17:34.015#Z#DEBUG#6e95f57f-b2cc-11f1-b461-eeee0a8dc34e.OPERATION#flowable-async-job-executor-thread-11188#
[ProcessDescriptorStep] Resolved deployment descriptor: {
  "majorSchemaVersion" : 3,
  "schemaVersion" : "3.3.0",
  "id" : "RiskManagement",
  "version" : "1.0.0",
  "modules" : [ {
    "majorSchemaVersion" : 3,
    "name" : "RiskManagement-srv",
    "type" : "javascript.nodejs",
    "path" : "RiskManagement-srv",
    "properties" : { },
    "parameters" : {
      "default-url" : "https://47a58eedtrial-dev-riskmanagement-srv.cfapps.us10-001.hana.ondemand.com",
      "default-app-name" : "RiskManagement-srv",
      "generated-password" : "********",
      "default-live-url" : "https://47a58eedtrial-dev-riskmanagement-srv.cfapps.us10-001.hana.ondemand.com",
      "default-uri" : "47a58eedtrial-dev-riskmanagement-srv.cfapps.us10-001.hana.ondemand.com",
      "default-instances" : 1,
      "default-live-host" : "47a58eedtrial-dev-riskmanagement-srv",
      "instances" : 1,
      "buildpack" : "nodejs_buildpack",
      "default-host" : "47a58eedtrial-dev-riskmanagement-srv",
      "app-name" : "RiskManagement-srv",
      "default-live-uri" : "47a58eedtrial-dev-riskmanagement-srv.cfapps.us10-001.hana.ondemand.com",
      "protocol" : "https",
      "default-live-app-name" : "RiskManagement-srv",
      "default-live-domain" : "cfapps.us10-001.hana.ondemand.com",
      "domain" : "cfapps.us10-001.hana.ondemand.com",
      "host" : "47a58eedtrial-dev-riskmanagement-srv",
      "generated-user" : "********"
    },
    "requiredDependencies" : [ {
      "majorSchemaVersion" : 3,
      "name" : "RiskManagement-db",
      "properties" : { },
      "parameters" : { },
      "propertiesMetadata" : {
        "metadata" : { }
      },
      "parametersMetadata" : {
        "metadata" : { }
      }
    }, {
      "majorSchemaVersion" : 3,
      "name" : "RiskManagement-destination",
      "properties" : { },
      "parameters" : { },
      "propertiesMetadata" : {
        "metadata" : { }
      },
      "parametersMetadata" : {
        "metadata" : { }
      }
    }, {
      "majorSchemaVersion" : 3,
      "name" : "********",
      "properties" : { },
      "parameters" : { },
      "propertiesMetadata" : {
        "metadata" : { }
      },
      "parametersMetadata" : {
        "metadata" : { }
      }
    } ],
    "providedDependencies" : [ {
      "majorSchemaVersion" : 3,
      "name" : "srv-api",
      "isPublic" : false,
      "properties" : {
        "srv-url" : "https://47a58eedtrial-dev-riskmanagement-srv.cfapps.us10-001.hana.ondemand.com"
      },
      "parameters" : { },
      "propertiesMetadata" : {
        "metadata" : { }
      },
      "parametersMetadata" : {
        "metadata" : { }
      }
    }, {
      "majorSchemaVersion" : 3,
      "name" : "RiskManagement-srv",
      "isPublic" : false,
      "properties" : { },
      "parameters" : { },
      "propertiesMetadata" : {
        "metadata" : { }
      },
      "parametersMetadata" : {
        "metadata" : { }
      }
    } ],
    "propertiesMetadata" : {
      "metadata" : { }
    },
    "parametersMetadata" : {
      "metadata" : { }
    },
    "hooks" : [ ]
  }, {
    "majorSchemaVersion" : 3,
    "name" : "RiskManagement-db-deployer",
    "type" : "com.sap.xs.hdi",
    "path" : "RiskManagement-db-deployer",
    "properties" : {
      "EXIT" : 1
    },
    "parameters" : {
      "default-url" : "https://47a58eedtrial-dev-riskmanagement-db-deployer.cfapps.us10-001.hana.ondemand.com",
      "default-app-name" : "RiskManagement-db-deployer",
      "generated-password" : "********",
      "default-live-url" : "https://47a58eedtrial-dev-riskmanagement-db-deployer.cfapps.us10-001.hana.ondemand.com",
      "default-uri" : "47a58eedtrial-dev-riskmanagement-db-deployer.cfapps.us10-001.hana.ondemand.com",
      "memory" : "256M",
      "default-instances" : 1,
      "no-route" : true,
      "default-live-host" : "47a58eedtrial-dev-riskmanagement-db-deployer",
      "instances" : 1,
      "buildpack" : "nodejs_buildpack",
      "default-host" : "47a58eedtrial-dev-riskmanagement-db-deployer",
      "app-name" : "RiskManagement-db-deployer",
      "default-live-uri" : "47a58eedtrial-dev-riskmanagement-db-deployer.cfapps.us10-001.hana.ondemand.com",
      "protocol" : "https",
      "default-live-app-name" : "RiskManagement-db-deployer",
      "default-live-domain" : "cfapps.us10-001.hana.ondemand.com",
      "dependency-type" : "hard",
      "domain" : "cfapps.us10-001.hana.ondemand.com",
      "host" : "47a58eedtrial-dev-riskmanagement-db-deployer",
      "generated-user" : "********",
      "tasks" : [ {
        "command" : "npm start",
        "memory" : "256M",
        "name" : "deploy"
      } ],
      "no-start" : true
    },
    "requiredDependencies" : [ {
      "majorSchemaVersion" : 3,
      "name" : "RiskManagement-db",
      "properties" : { },
      "parameters" : { },
      "propertiesMetadata" : {
        "metadata" : { }
      },
      "parametersMetadata" : {
        "metadata" : { }
      }
    } ],
    "providedDependencies" : [ {
      "majorSchemaVersion" : 3,
      "name" : "RiskManagement-db-deployer",
      "isPublic" : false,
      "properties" : { },
      "parameters" : { },
      "propertiesMetadata" : {
        "metadata" : { }
      },
      "parametersMetadata" : {
        "metadata" : { }
      }
    } ],
    "propertiesMetadata" : {
      "metadata" : { }
    },
    "parametersMetadata" : {
      "metadata" : { }
    },
    "hooks" : [ ]
  }, {
    "majorSchemaVersion" : 3,
    "name" : "RiskManagement-app-deployer",
    "type" : "com.sap.application.content",
    "path" : "RiskManagement-app-deployer",
    "properties" : { },
    "parameters" : {
      "default-url" : "https://47a58eedtrial-dev-riskmanagement-app-deployer.cfapps.us10-001.hana.ondemand.com",
      "default-app-name" : "RiskManagement-app-deployer",
      "generated-password" : "********",
      "default-live-url" : "https://47a58eedtrial-dev-riskmanagement-app-deployer.cfapps.us10-001.hana.ondemand.com",
      "default-uri" : "47a58eedtrial-dev-riskmanagement-app-deployer.cfapps.us10-001.hana.ondemand.com",
      "default-instances" : 1,
      "default-live-host" : "47a58eedtrial-dev-riskmanagement-app-deployer",
      "instances" : 1,
      "default-host" : "47a58eedtrial-dev-riskmanagement-app-deployer",
      "app-name" : "RiskManagement-app-deployer",
      "default-live-uri" : "47a58eedtrial-dev-riskmanagement-app-deployer.cfapps.us10-001.hana.ondemand.com",
      "protocol" : "https",
      "default-live-app-name" : "RiskManagement-app-deployer",
      "default-live-domain" : "cfapps.us10-001.hana.ondemand.com",
      "domain" : "cfapps.us10-001.hana.ondemand.com",
      "host" : "47a58eedtrial-dev-riskmanagement-app-deployer",
      "generated-user" : "********",
      "config" : {
        "destinations" : [ {
          "Authentication" : "********",
          "DynamicDestination" : true,
          "ForwardAuthToken" : "********",
          "Name" : "srv-api",
          "ProxyType" : "Internet",
          "Type" : "HTTP",
          "URL" : "https://47a58eedtrial-dev-riskmanagement-srv.cfapps.us10-001.hana.ondemand.com"
        } ]
      }
    },
    "requiredDependencies" : [ {
      "majorSchemaVersion" : 3,
      "name" : "********",
      "properties" : { },
      "parameters" : { },
      "propertiesMetadata" : {
        "metadata" : { }
      },
      "parametersMetadata" : {
        "metadata" : { }
      }
    }, {
      "majorSchemaVersion" : 3,
      "name" : "srv-api",
      "properties" : { },
      "parameters" : { },
      "propertiesMetadata" : {
        "metadata" : { }
      },
      "parametersMetadata" : {
        "metadata" : { }
      }
    }, {
      "majorSchemaVersion" : 3,
      "name" : "RiskManagement-html5-repo-host",
      "properties" : { },
      "parameters" : {
        "config" : {
          "HTML5Runtime_enabled" : true
        },
        "content-target" : true
      },
      "propertiesMetadata" : {
        "metadata" : { }
      },
      "parametersMetadata" : {
        "metadata" : { }
      }
    } ],
    "providedDependencies" : [ {
      "majorSchemaVersion" : 3,
      "name" : "RiskManagement-app-deployer",
      "isPublic" : false,
      "properties" : { },
      "parameters" : { },
      "propertiesMetadata" : {
        "metadata" : { }
      },
      "parametersMetadata" : {
        "metadata" : { }
      }
    } ],
    "propertiesMetadata" : {
      "metadata" : { }
    },
    "parametersMetadata" : {
      "metadata" : { }
    },
    "hooks" : [ ]
  }, {
    "majorSchemaVersion" : 3,
    "name" : "RiskManagement-destinations",
    "type" : "com.sap.application.content",
    "properties" : { },
    "parameters" : {
      "default-url" : "https://47a58eedtrial-dev-riskmanagement-destinations.cfapps.us10-001.hana.ondemand.com",
      "default-app-name" : "RiskManagement-destinations",
      "generated-password" : "********",
      "default-live-url" : "https://47a58eedtrial-dev-riskmanagement-destinations.cfapps.us10-001.hana.ondemand.com",
      "default-uri" : "47a58eedtrial-dev-riskmanagement-destinations.cfapps.us10-001.hana.ondemand.com",
      "default-instances" : 1,
      "default-live-host" : "47a58eedtrial-dev-riskmanagement-destinations",
      "instances" : 1,
      "default-host" : "47a58eedtrial-dev-riskmanagement-destinations",
      "content" : {
        "instance" : {
          "destinations" : [ {
            "Name" : "RiskManagement-html5-repository",
            "ServiceInstanceName" : "RiskManagement-html5-repo-host",
            "ServiceKeyName" : "********",
            "sap.cloud.service" : "RiskManagement.service"
          }, {
            "Authentication" : "********",
            "Name" : "********",
            "ServiceInstanceName" : "********",
            "ServiceKeyName" : "********",
            "sap.cloud.service" : "RiskManagement.service"
          } ],
          "existing_destinations_policy" : "update"
        }
      },
      "app-name" : "RiskManagement-destinations",
      "default-live-uri" : "47a58eedtrial-dev-riskmanagement-destinations.cfapps.us10-001.hana.ondemand.com",
      "protocol" : "https",
      "default-live-app-name" : "RiskManagement-destinations",
      "default-live-domain" : "cfapps.us10-001.hana.ondemand.com",
      "domain" : "cfapps.us10-001.hana.ondemand.com",
      "host" : "47a58eedtrial-dev-riskmanagement-destinations",
      "generated-user" : "********"
    },
    "requiredDependencies" : [ {
      "majorSchemaVersion" : 3,
      "name" : "********",
      "properties" : { },
      "parameters" : {
        "service-key" : "********"
      },
      "propertiesMetadata" : {
        "metadata" : { }
      },
      "parametersMetadata" : {
        "metadata" : { }
      }
    }, {
      "majorSchemaVersion" : 3,
      "name" : "RiskManagement-html5-repo-host",
      "properties" : { },
      "parameters" : {
        "service-key" : "********"
      },
      "propertiesMetadata" : {
        "metadata" : { }
      },
      "parametersMetadata" : {
        "metadata" : { }
      }
    }, {
      "majorSchemaVersion" : 3,
      "name" : "srv-api",
      "properties" : { },
      "parameters" : { },
      "propertiesMetadata" : {
        "metadata" : { }
      },
      "parametersMetadata" : {
        "metadata" : { }
      }
    }, {
      "majorSchemaVersion" : 3,
      "name" : "RiskManagement-destination",
      "properties" : { },
      "parameters" : {
        "content-target" : true
      },
      "propertiesMetadata" : {
        "metadata" : { }
      },
      "parametersMetadata" : {
        "metadata" : { }
      }
    } ],
    "providedDependencies" : [ {
      "majorSchemaVersion" : 3,
      "name" : "RiskManagement-destinations",
      "isPublic" : false,
      "properties" : { },
      "parameters" : { },
      "propertiesMetadata" : {
        "metadata" : { }
      },
      "parametersMetadata" : {
        "metadata" : { }
      }
    } ],
    "propertiesMetadata" : {
      "metadata" : { }
    },
    "parametersMetadata" : {
      "metadata" : { }
    },
    "hooks" : [ ]
  } ],
  "resources" : [ {
    "majorSchemaVersion" : 3,
    "name" : "RiskManagement-db",
    "type" : "com.sap.xs.hdi-container",
    "properties" : { },
    "parameters" : {
      "generated-password" : "********",
      "service-name" : "RiskManagement-db",
      "service-plan" : "hdi-shared",
      "service" : "hana",
      "generated-user" : "********",
      "default-xsappname" : "RiskManagement-db",
      "type" : "managed-service",
      "default-service-name" : "RiskManagement-db",
      "default-container-name" : "47A58EEDTRIAL_DEV_RISKMANAGEMENT_DB"
    },
    "isActive" : true,
    "isOptional" : false,
    "propertiesMetadata" : {
      "metadata" : { }
    },
    "parametersMetadata" : {
      "metadata" : { }
    },
    "requiredDependencies" : [ ],
    "processedAfter" : [ ]
  }, {
    "majorSchemaVersion" : 3,
    "name" : "RiskManagement-destination",
    "type" : "org.cloudfoundry.managed-service",
    "properties" : { },
    "parameters" : {
      "generated-password" : "********",
      "service-name" : "RiskManagement-destination",
      "service-plan" : "lite",
      "service" : "destination",
      "generated-user" : "********",
      "default-xsappname" : "RiskManagement-destination",
      "type" : "managed-service",
      "config" : {
        "HTML5Runtime_enabled" : true,
        "init_data" : {
          "instance" : {
            "destinations" : [ {
              "Authentication" : "********",
              "DynamicDestination" : true,
              "ForwardAuthToken" : "********",
              "Name" : "srv-api",
              "ProxyType" : "Internet",
              "Type" : "HTTP",
              "URL" : "https://47a58eedtrial-dev-riskmanagement-srv.cfapps.us10-001.hana.ondemand.com"
            } ],
            "existing_destinations_policy" : "update"
          }
        }
      },
      "default-service-name" : "RiskManagement-destination",
      "default-container-name" : "47A58EEDTRIAL_DEV_RISKMANAGEMENT_DESTINATION"
    },
    "isActive" : true,
    "isOptional" : false,
    "propertiesMetadata" : {
      "metadata" : { }
    },
    "parametersMetadata" : {
      "metadata" : { }
    },
    "requiredDependencies" : [ {
      "majorSchemaVersion" : 3,
      "name" : "srv-api",
      "properties" : { },
      "parameters" : { },
      "propertiesMetadata" : {
        "metadata" : { }
      },
      "parametersMetadata" : {
        "metadata" : { }
      }
    } ],
    "processedAfter" : [ ]
  }, {
    "majorSchemaVersion" : 3,
    "name" : "********",
    "type" : "org.cloudfoundry.managed-service",
    "properties" : { },
    "parameters" : {
      "generated-password" : "********",
      "path" : "./xs-security.json",
      "service-name" : "********",
      "service-plan" : "application",
      "service" : "xsuaa",
      "generated-user" : "********",
      "default-xsappname" : "********",
      "type" : "managed-service",
      "config" : {
        "oauth2-configuration" : "********",
        "role-collections" : [ {
          "description" : "generated",
          "name" : "RiskViewer (RiskManagement 47a58eedtrial-dev)",
          "role-template-references" : [ "$XSAPPNAME.RiskViewer" ]
        }, {
          "description" : "generated",
          "name" : "RiskManager (RiskManagement 47a58eedtrial-dev)",
          "role-template-references" : [ "$XSAPPNAME.RiskManager" ]
        } ],
        "tenant-mode" : "dedicated",
        "xsappname" : "RiskManagement-47a58eedtrial-dev"
      },
      "default-service-name" : "********",
      "default-container-name" : "********"
    },
    "isActive" : true,
    "isOptional" : false,
    "propertiesMetadata" : {
      "metadata" : { }
    },
    "parametersMetadata" : {
      "metadata" : { }
    },
    "requiredDependencies" : [ ],
    "processedAfter" : [ ]
  }, {
    "majorSchemaVersion" : 3,
    "name" : "RiskManagement-html5-repo-host",
    "type" : "org.cloudfoundry.managed-service",
    "properties" : { },
    "parameters" : {
      "generated-password" : "********",
      "service-name" : "RiskManagement-html5-repo-host",
      "service-plan" : "app-host",
      "service" : "html5-apps-repo",
      "generated-user" : "********",
      "default-xsappname" : "RiskManagement-html5-repo-host",
      "type" : "managed-service",
      "default-service-name" : "RiskManagement-html5-repo-host",
      "default-container-name" : "47A58EEDTRIAL_DEV_RISKMANAGEMENT_HTML5_REPO_HOST"
    },
    "isActive" : true,
    "isOptional" : false,
    "propertiesMetadata" : {
      "metadata" : { }
    },
    "parametersMetadata" : {
      "metadata" : { }
    },
    "requiredDependencies" : [ ],
    "processedAfter" : [ ]
  } ],
  "parameters" : {
    "deploy_mode" : "html5-repo",
    "mta-id" : "RiskManagement",
    "authorization-url" : "********",
    "org-guid" : "d7a02038-bfb6-4965-9398-981fd602b71e",
    "org" : "47a58eedtrial",
    "deploy-target" : "47a58eedtrial dev",
    "enable-parallel-deployments" : true,
    "region-primary-domain" : "us10.hana.ondemand.com",
    "space" : "dev",
    "region-domain" : "us10-001.hana.ondemand.com",
    "xs-api-url" : "https://api.cf.us10-001.hana.ondemand.com",
    "deploy-url" : "deploy-service.cfapps.us10-001.hana.ondemand.com",
    "xs-type" : "CF",
    "default-domain" : "cfapps.us10-001.hana.ondemand.com",
    "mta-version" : "1.0.0",
    "xs-auth-url" : "********",
    "space-guid" : "b1534f58-8387-42a5-8ece-809300958c1c",
    "user" : "********",
    "controller-url" : "https://api.cf.us10-001.hana.ondemand.com",
    "timestamp" : "20260917191732"
  },
  "parametersMetadata" : {
    "metadata" : { }
  }
}#
#2026 09 17 19:17:34.015#Z#DEBUG#6e95f57f-b2cc-11f1-b461-eeee0a8dc34e.OPERATION#flowable-async-job-executor-thread-11188#
[ProcessDescriptorStep] Merged descriptor properties and parameters resolved#
#2026 09 17 19:17:34.015#Z#DEBUG#6e95f57f-b2cc-11f1-b461-eeee0a8dc34e.OPERATION#flowable-async-job-executor-thread-11188#
Step "Process Descriptor Step" finished#
#2026 09 17 19:17:34.051#Z#DEBUG#6e95f57f-b2cc-11f1-b461-eeee0a8dc34e.OPERATION#flowable-async-job-executor-thread-11186#
[XS2BuildCloudDeployModelStep] Executing task "buildDeployModelTask" of process "6e95f5a5-b2cc-11f1-b461-eeee0a8dc34e"...#
#2026 09 17 19:17:34.054#Z#DEBUG#6e95f57f-b2cc-11f1-b461-eeee0a8dc34e.OPERATION#flowable-async-job-executor-thread-11186#
[XS2BuildCloudDeployModelStep] Service keys defined for content deployment grouped by service name: {
  "RiskManagement-auth" : "********",
  "RiskManagement-destination" : [ {
    "name" : "********",
    "v3Metadata" : {
      "annotations" : {
        "mta_id" : "RiskManagement",
        "mta_version" : "1.0.0"
      },
      "labels" : {
        "mta_id" : "71546f9fe9d5bd692c6abf3eba1bbfd7",
        "space_guid" : "b1534f58-8387-42a5-8ece-809300958c1c"
      }
    },
    "credentials" : "********",
    "moduleName" : "RiskManagement-destinations",
    "resourceName" : "RiskManagement-destination",
    "serviceInstance" : {
      "isOptional" : false,
      "isManaged" : false,
      "name" : "RiskManagement-destination",
      "credentials" : "********",
      "tags" : [ ],
      "shouldSkipParametersUpdate" : false,
      "shouldSkipPlanUpdate" : false,
      "shouldSkipTagsUpdate" : false,
      "shouldSkipSyslogUrlUpdate" : false
    },
    "shouldDeleteServiceKeyAfterDeploy" : "********",
    "resourceType" : "org.cloudfoundry.managed-service"
  } ],
  "RiskManagement-html5-repo-host" : [ {
    "name" : "********",
    "v3Metadata" : {
      "annotations" : {
        "mta_id" : "RiskManagement",
        "mta_version" : "1.0.0"
      },
      "labels" : {
        "mta_id" : "71546f9fe9d5bd692c6abf3eba1bbfd7",
        "space_guid" : "b1534f58-8387-42a5-8ece-809300958c1c"
      }
    },
    "credentials" : "********",
    "moduleName" : "RiskManagement-app-deployer",
    "resourceName" : "RiskManagement-html5-repo-host",
    "serviceInstance" : {
      "isOptional" : false,
      "isManaged" : false,
      "name" : "RiskManagement-html5-repo-host",
      "credentials" : "********",
      "tags" : [ ],
      "shouldSkipParametersUpdate" : false,
      "shouldSkipPlanUpdate" : false,
      "shouldSkipTagsUpdate" : false,
      "shouldSkipSyslogUrlUpdate" : false
    },
    "shouldDeleteServiceKeyAfterDeploy" : "********",
    "resourceType" : "org.cloudfoundry.managed-service"
  }, {
    "name" : "********",
    "v3Metadata" : {
      "annotations" : {
        "mta_id" : "RiskManagement",
        "mta_version" : "1.0.0"
      },
      "labels" : {
        "mta_id" : "71546f9fe9d5bd692c6abf3eba1bbfd7",
        "space_guid" : "b1534f58-8387-42a5-8ece-809300958c1c"
      }
    },
    "credentials" : "********",
    "moduleName" : "RiskManagement-destinations",
    "resourceName" : "RiskManagement-html5-repo-host",
    "serviceInstance" : {
      "isOptional" : false,
      "isManaged" : false,
      "name" : "RiskManagement-html5-repo-host",
      "credentials" : "********",
      "tags" : [ ],
      "shouldSkipParametersUpdate" : false,
      "shouldSkipPlanUpdate" : false,
      "shouldSkipTagsUpdate" : false,
      "shouldSkipSyslogUrlUpdate" : false
    },
    "shouldDeleteServiceKeyAfterDeploy" : "********",
    "resourceType" : "org.cloudfoundry.managed-service"
  } ]
}#
#2026 09 17 19:17:34.054#Z#DEBUG#6e95f57f-b2cc-11f1-b461-eeee0a8dc34e.OPERATION#flowable-async-job-executor-thread-11186#
[XS2BuildCloudDeployModelStep] Building cloud deployment model...#
#2026 09 17 19:17:34.056#Z#DEBUG#6e95f57f-b2cc-11f1-b461-eeee0a8dc34e.OPERATION#flowable-async-job-executor-thread-11186#
[XS2BuildCloudDeployModelStep] MTA archive modules: [RiskManagement-srv, RiskManagement-db-deployer, RiskManagement-app-deployer]#
#2026 09 17 19:17:34.056#Z#DEBUG#6e95f57f-b2cc-11f1-b461-eeee0a8dc34e.OPERATION#flowable-async-job-executor-thread-11186#
[XS2BuildCloudDeployModelStep] Deployed modules: [RiskManagement-db-deployer, RiskManagement-srv]#
#2026 09 17 19:17:34.057#Z#DEBUG#6e95f57f-b2cc-11f1-b461-eeee0a8dc34e.OPERATION#flowable-async-job-executor-thread-11186#
[XS2BuildCloudDeployModelStep] MTA modules: [RiskManagement-destinations, RiskManagement-srv, RiskManagement-db-deployer, RiskManagement-app-deployer]#
#2026 09 17 19:17:34.057#Z#DEBUG#6e95f57f-b2cc-11f1-b461-eeee0a8dc34e.OPERATION#flowable-async-job-executor-thread-11186#
[XS2BuildCloudDeployModelStep] Service keys to create: {
  "RiskManagement-auth" : "********",
  "RiskManagement-destination" : [ ],
  "RiskManagement-html5-repo-host" : [ ],
  "RiskManagement-db" : [ ]
}#
#2026 09 17 19:17:34.058#Z#DEBUG#6e95f57f-b2cc-11f1-b461-eeee0a8dc34e.OPERATION#flowable-async-job-executor-thread-11186#
[XS2BuildCloudDeployModelStep] Modules to deploy: [{
  "majorSchemaVersion" : 3,
  "name" : "RiskManagement-srv",
  "type" : "javascript.nodejs",
  "path" : "RiskManagement-srv",
  "properties" : { },
  "parameters" : {
    "default-url" : "https://47a58eedtrial-dev-riskmanagement-srv.cfapps.us10-001.hana.ondemand.com",
    "default-app-name" : "RiskManagement-srv",
    "generated-password" : "********",
    "default-live-url" : "https://47a58eedtrial-dev-riskmanagement-srv.cfapps.us10-001.hana.ondemand.com",
    "default-uri" : "47a58eedtrial-dev-riskmanagement-srv.cfapps.us10-001.hana.ondemand.com",
    "default-instances" : 1,
    "default-live-host" : "47a58eedtrial-dev-riskmanagement-srv",
    "instances" : 1,
    "buildpack" : "nodejs_buildpack",
    "default-host" : "47a58eedtrial-dev-riskmanagement-srv",
    "app-name" : "RiskManagement-srv",
    "default-live-uri" : "47a58eedtrial-dev-riskmanagement-srv.cfapps.us10-001.hana.ondemand.com",
    "protocol" : "https",
    "default-live-app-name" : "RiskManagement-srv",
    "default-live-domain" : "cfapps.us10-001.hana.ondemand.com",
    "dependency-type" : "soft",
    "domain" : "cfapps.us10-001.hana.ondemand.com",
    "host" : "47a58eedtrial-dev-riskmanagement-srv",
    "generated-user" : "********"
  },
  "requiredDependencies" : [ {
    "majorSchemaVersion" : 3,
    "name" : "RiskManagement-db",
    "properties" : { },
    "parameters" : { },
    "propertiesMetadata" : {
      "metadata" : { }
    },
    "parametersMetadata" : {
      "metadata" : { }
    }
  }, {
    "majorSchemaVersion" : 3,
    "name" : "RiskManagement-destination",
    "properties" : { },
    "parameters" : { },
    "propertiesMetadata" : {
      "metadata" : { }
    },
    "parametersMetadata" : {
      "metadata" : { }
    }
  }, {
    "majorSchemaVersion" : 3,
    "name" : "********",
    "properties" : { },
    "parameters" : { },
    "propertiesMetadata" : {
      "metadata" : { }
    },
    "parametersMetadata" : {
      "metadata" : { }
    }
  } ],
  "providedDependencies" : [ {
    "majorSchemaVersion" : 3,
    "name" : "srv-api",
    "isPublic" : false,
    "properties" : {
      "srv-url" : "https://47a58eedtrial-dev-riskmanagement-srv.cfapps.us10-001.hana.ondemand.com"
    },
    "parameters" : { },
    "propertiesMetadata" : {
      "metadata" : { }
    },
    "parametersMetadata" : {
      "metadata" : { }
    }
  }, {
    "majorSchemaVersion" : 3,
    "name" : "RiskManagement-srv",
    "isPublic" : false,
    "properties" : { },
    "parameters" : { },
    "propertiesMetadata" : {
      "metadata" : { }
    },
    "parametersMetadata" : {
      "metadata" : { }
    }
  } ],
  "propertiesMetadata" : {
    "metadata" : { }
  },
  "parametersMetadata" : {
    "metadata" : { }
  },
  "deployedAfter" : [ ],
  "hooks" : [ ]
}, {
  "majorSchemaVersion" : 3,
  "name" : "RiskManagement-db-deployer",
  "type" : "com.sap.xs.hdi",
  "path" : "RiskManagement-db-deployer",
  "properties" : {
    "EXIT" : 1
  },
  "parameters" : {
    "default-url" : "https://47a58eedtrial-dev-riskmanagement-db-deployer.cfapps.us10-001.hana.ondemand.com",
    "default-app-name" : "RiskManagement-db-deployer",
    "generated-password" : "********",
    "default-live-url" : "https://47a58eedtrial-dev-riskmanagement-db-deployer.cfapps.us10-001.hana.ondemand.com",
    "default-uri" : "47a58eedtrial-dev-riskmanagement-db-deployer.cfapps.us10-001.hana.ondemand.com",
    "memory" : "256M",
    "default-instances" : 1,
    "no-route" : true,
    "default-live-host" : "47a58eedtrial-dev-riskmanagement-db-deployer",
    "instances" : 1,
    "buildpack" : "nodejs_buildpack",
    "default-host" : "47a58eedtrial-dev-riskmanagement-db-deployer",
    "app-name" : "RiskManagement-db-deployer",
    "default-live-uri" : "47a58eedtrial-dev-riskmanagement-db-deployer.cfapps.us10-001.hana.ondemand.com",
    "protocol" : "https",
    "default-live-app-name" : "RiskManagement-db-deployer",
    "default-live-domain" : "cfapps.us10-001.hana.ondemand.com",
    "dependency-type" : "hard",
    "domain" : "cfapps.us10-001.hana.ondemand.com",
    "host" : "47a58eedtrial-dev-riskmanagement-db-deployer",
    "generated-user" : "********",
    "tasks" : [ {
      "command" : "npm start",
      "memory" : "256M",
      "name" : "deploy"
    } ],
    "no-start" : true
  },
  "requiredDependencies" : [ {
    "majorSchemaVersion" : 3,
    "name" : "RiskManagement-db",
    "properties" : { },
    "parameters" : { },
    "propertiesMetadata" : {
      "metadata" : { }
    },
    "parametersMetadata" : {
      "metadata" : { }
    }
  } ],
  "providedDependencies" : [ {
    "majorSchemaVersion" : 3,
    "name" : "RiskManagement-db-deployer",
    "isPublic" : false,
    "properties" : { },
    "parameters" : { },
    "propertiesMetadata" : {
      "metadata" : { }
    },
    "parametersMetadata" : {
      "metadata" : { }
    }
  } ],
  "propertiesMetadata" : {
    "metadata" : { }
  },
  "parametersMetadata" : {
    "metadata" : { }
  },
  "deployedAfter" : [ ],
  "hooks" : [ ]
}, {
  "majorSchemaVersion" : 3,
  "name" : "RiskManagement-app-deployer",
  "type" : "com.sap.application.content",
  "path" : "RiskManagement-app-deployer",
  "properties" : { },
  "parameters" : {
    "default-url" : "https://47a58eedtrial-dev-riskmanagement-app-deployer.cfapps.us10-001.hana.ondemand.com",
    "default-app-name" : "RiskManagement-app-deployer",
    "generated-password" : "********",
    "default-live-url" : "https://47a58eedtrial-dev-riskmanagement-app-deployer.cfapps.us10-001.hana.ondemand.com",
    "default-uri" : "47a58eedtrial-dev-riskmanagement-app-deployer.cfapps.us10-001.hana.ondemand.com",
    "default-instances" : 1,
    "default-live-host" : "47a58eedtrial-dev-riskmanagement-app-deployer",
    "instances" : 1,
    "default-host" : "47a58eedtrial-dev-riskmanagement-app-deployer",
    "app-name" : "RiskManagement-app-deployer",
    "default-live-uri" : "47a58eedtrial-dev-riskmanagement-app-deployer.cfapps.us10-001.hana.ondemand.com",
    "protocol" : "https",
    "default-live-app-name" : "RiskManagement-app-deployer",
    "default-live-domain" : "cfapps.us10-001.hana.ondemand.com",
    "dependency-type" : "soft",
    "domain" : "cfapps.us10-001.hana.ondemand.com",
    "host" : "47a58eedtrial-dev-riskmanagement-app-deployer",
    "generated-user" : "********",
    "config" : {
      "destinations" : [ {
        "Authentication" : "********",
        "DynamicDestination" : true,
        "ForwardAuthToken" : "********",
        "Name" : "srv-api",
        "ProxyType" : "Internet",
        "Type" : "HTTP",
        "URL" : "https://47a58eedtrial-dev-riskmanagement-srv.cfapps.us10-001.hana.ondemand.com"
      } ]
    }
  },
  "requiredDependencies" : [ {
    "majorSchemaVersion" : 3,
    "name" : "********",
    "properties" : { },
    "parameters" : { },
    "propertiesMetadata" : {
      "metadata" : { }
    },
    "parametersMetadata" : {
      "metadata" : { }
    }
  }, {
    "majorSchemaVersion" : 3,
    "name" : "srv-api",
    "properties" : { },
    "parameters" : { },
    "propertiesMetadata" : {
      "metadata" : { }
    },
    "parametersMetadata" : {
      "metadata" : { }
    }
  }, {
    "majorSchemaVersion" : 3,
    "name" : "RiskManagement-html5-repo-host",
    "properties" : { },
    "parameters" : {
      "config" : {
        "HTML5Runtime_enabled" : true
      },
      "content-target" : true
    },
    "propertiesMetadata" : {
      "metadata" : { }
    },
    "parametersMetadata" : {
      "metadata" : { }
    }
  } ],
  "providedDependencies" : [ {
    "majorSchemaVersion" : 3,
    "name" : "RiskManagement-app-deployer",
    "isPublic" : false,
    "properties" : { },
    "parameters" : { },
    "propertiesMetadata" : {
      "metadata" : { }
    },
    "parametersMetadata" : {
      "metadata" : { }
    }
  } ],
  "propertiesMetadata" : {
    "metadata" : { }
  },
  "parametersMetadata" : {
    "metadata" : { }
  },
  "deployedAfter" : [ ],
  "hooks" : [ ]
}, {
  "majorSchemaVersion" : 3,
  "name" : "RiskManagement-destinations",
  "type" : "com.sap.application.content",
  "properties" : { },
  "parameters" : {
    "default-url" : "https://47a58eedtrial-dev-riskmanagement-destinations.cfapps.us10-001.hana.ondemand.com",
    "default-app-name" : "RiskManagement-destinations",
    "generated-password" : "********",
    "default-live-url" : "https://47a58eedtrial-dev-riskmanagement-destinations.cfapps.us10-001.hana.ondemand.com",
    "default-uri" : "47a58eedtrial-dev-riskmanagement-destinations.cfapps.us10-001.hana.ondemand.com",
    "default-instances" : 1,
    "default-live-host" : "47a58eedtrial-dev-riskmanagement-destinations",
    "instances" : 1,
    "default-host" : "47a58eedtrial-dev-riskmanagement-destinations",
    "content" : {
      "instance" : {
        "destinations" : [ {
          "Name" : "RiskManagement-html5-repository",
          "ServiceInstanceName" : "RiskManagement-html5-repo-host",
          "ServiceKeyName" : "********",
          "sap.cloud.service" : "RiskManagement.service"
        }, {
          "Authentication" : "********",
          "Name" : "********",
          "ServiceInstanceName" : "********",
          "ServiceKeyName" : "********",
          "sap.cloud.service" : "RiskManagement.service"
        } ],
        "existing_destinations_policy" : "update"
      }
    },
    "app-name" : "RiskManagement-destinations",
    "default-live-uri" : "47a58eedtrial-dev-riskmanagement-destinations.cfapps.us10-001.hana.ondemand.com",
    "protocol" : "https",
    "default-live-app-name" : "RiskManagement-destinations",
    "default-live-domain" : "cfapps.us10-001.hana.ondemand.com",
    "dependency-type" : "soft",
    "domain" : "cfapps.us10-001.hana.ondemand.com",
    "host" : "47a58eedtrial-dev-riskmanagement-destinations",
    "generated-user" : "********"
  },
  "requiredDependencies" : [ {
    "majorSchemaVersion" : 3,
    "name" : "********",
    "properties" : { },
    "parameters" : {
      "service-key" : "********"
    },
    "propertiesMetadata" : {
      "metadata" : { }
    },
    "parametersMetadata" : {
      "metadata" : { }
    }
  }, {
    "majorSchemaVersion" : 3,
    "name" : "RiskManagement-html5-repo-host",
    "properties" : { },
    "parameters" : {
      "service-key" : "********"
    },
    "propertiesMetadata" : {
      "metadata" : { }
    },
    "parametersMetadata" : {
      "metadata" : { }
    }
  }, {
    "majorSchemaVersion" : 3,
    "name" : "srv-api",
    "properties" : { },
    "parameters" : { },
    "propertiesMetadata" : {
      "metadata" : { }
    },
    "parametersMetadata" : {
      "metadata" : { }
    }
  }, {
    "majorSchemaVersion" : 3,
    "name" : "RiskManagement-destination",
    "properties" : { },
    "parameters" : {
      "content-target" : true
    },
    "propertiesMetadata" : {
      "metadata" : { }
    },
    "parametersMetadata" : {
      "metadata" : { }
    }
  } ],
  "providedDependencies" : [ {
    "majorSchemaVersion" : 3,
    "name" : "RiskManagement-destinations",
    "isPublic" : false,
    "properties" : { },
    "parameters" : { },
    "propertiesMetadata" : {
      "metadata" : { }
    },
    "parametersMetadata" : {
      "metadata" : { }
    }
  } ],
  "propertiesMetadata" : {
    "metadata" : { }
  },
  "parametersMetadata" : {
    "metadata" : { }
  },
  "deployedAfter" : [ ],
  "hooks" : [ ]
}]#
#2026 09 17 19:17:34.059#Z#DEBUG#6e95f57f-b2cc-11f1-b461-eeee0a8dc34e.OPERATION#flowable-async-job-executor-thread-11186#
[XS2BuildCloudDeployModelStep] Custom domains: []#
#2026 09 17 19:17:34.061#Z#DEBUG#6e95f57f-b2cc-11f1-b461-eeee0a8dc34e.OPERATION#flowable-async-job-executor-thread-11186#
[XS2BuildCloudDeployModelStep] Calculating resource batches...#
#2026 09 17 19:17:34.061#Z#DEBUG#6e95f57f-b2cc-11f1-b461-eeee0a8dc34e.OPERATION#flowable-async-job-executor-thread-11186#
[XS2BuildCloudDeployModelStep] Calculating resource batches completed.#
#2026 09 17 19:17:34.061#Z#DEBUG#6e95f57f-b2cc-11f1-b461-eeee0a8dc34e.OPERATION#flowable-async-job-executor-thread-11186#
[XS2BuildCloudDeployModelStep] Cloud deployment model built#
#2026 09 17 19:17:34.061#Z#DEBUG#6e95f57f-b2cc-11f1-b461-eeee0a8dc34e.OPERATION#flowable-async-job-executor-thread-11186#
Step "Build Deploy Model" finished#
#2026 09 17 19:17:34.099#Z#DEBUG#6e95f57f-b2cc-11f1-b461-eeee0a8dc34e.OPERATION#flowable-async-job-executor-thread-11186#
[BuildCloudUndeployModelStep] Executing task "buildUndeployModelTask" of process "6e95f5a5-b2cc-11f1-b461-eeee0a8dc34e"...#
#2026 09 17 19:17:34.100#Z#DEBUG#6e95f57f-b2cc-11f1-b461-eeee0a8dc34e.OPERATION#flowable-async-job-executor-thread-11186#
[BuildCloudUndeployModelStep] Building cloud undeployment model...#
#2026 09 17 19:17:34.101#Z#DEBUG#6e95f57f-b2cc-11f1-b461-eeee0a8dc34e.OPERATION#flowable-async-job-executor-thread-11186#
[BuildCloudUndeployModelStep] Detecting service keys to delete.#
#2026 09 17 19:17:34.103#Z#DEBUG#6e95f57f-b2cc-11f1-b461-eeee0a8dc34e.OPERATION#flowable-async-job-executor-thread-11186#
[BuildCloudUndeployModelStep] Detected deployed service keys by service "{RiskManagement-auth=[DeployedMtaServiceKey{name=RiskManagement-auth-key, metadata=CloudMetadata{guid=f41c51ad-1b28-433c-b4c4-40bf7447cfaf, createdAt=2026-09-16T16:08:07, updatedAt=2026-09-16T16:08:08, url=null}, v3Metadata=Metadata{annotations={mta_id=RiskManagement, mta_version=1.0.0}, labels={mta_id=71546f9fe9d5bd692c6abf3eba1bbfd7, space_guid=b1534f58-8387-42a5-8ece-809300958c1c}}, credentials=null, serviceInstance=CloudServiceInstance{name=RiskManagement-auth, metadata=CloudMetadata{guid=5fa2ba3a-7720-4ba8-959c-503f7b05e94b, createdAt=2026-09-16T16:07:50, updatedAt=2026-09-16T16:07:51, url=null}, v3Metadata=Metadata{annotations={mta_id=RiskManagement, mta_version=1.0.0, mta_resource={"name":"RiskManagement-auth"}}, labels={mta_id=71546f9fe9d5bd692c6abf3eba1bbfd7}}, label=null, plan=null, provider=null, broker=null, version=null, credentials={}, syslogDrainUrl=null, tags=[], type=managed, lastOperation=null}, serviceKeyOperation=null, resourceName=null}, DeployedMtaServiceKey{name=RiskManagement-app-deployer-RiskManagement-auth-credentials, metadata=CloudMetadata{guid=f8216c87-e72f-4010-94dd-7b841a894911, createdAt=2026-09-16T16:08:14, updatedAt=2026-09-16T16:08:14, url=null}, v3Metadata=Metadata{annotations={mta_id=RiskManagement, mta_version=1.0.0}, labels={mta_id=71546f9fe9d5bd692c6abf3eba1bbfd7, space_guid=b1534f58-8387-42a5-8ece-809300958c1c}}, credentials=null, serviceInstance=CloudServiceInstance{name=RiskManagement-auth, metadata=CloudMetadata{guid=5fa2ba3a-7720-4ba8-959c-503f7b05e94b, createdAt=2026-09-16T16:07:50, updatedAt=2026-09-16T16:07:51, url=null}, v3Metadata=Metadata{annotations={mta_id=RiskManagement, mta_version=1.0.0, mta_resource={"name":"RiskManagement-auth"}}, labels={mta_id=71546f9fe9d5bd692c6abf3eba1bbfd7}}, label=null, plan=null, provider=null, broker=null, version=null, credentials={}, syslogDrainUrl=null, tags=[], type=managed, lastOperation=null}, serviceKeyOperation=null, resourceName=null}], RiskManagement-destination=[DeployedMtaServiceKey{name=RiskManagement-destinations-RiskManagement-destination-credentials, metadata=CloudMetadata{guid=6e908ebd-e252-499e-b85c-4aa16952adce, createdAt=2026-09-16T16:08:07, updatedAt=2026-09-16T16:08:09, url=null}, v3Metadata=Metadata{annotations={mta_id=RiskManagement, mta_version=1.0.0}, labels={mta_id=71546f9fe9d5bd692c6abf3eba1bbfd7, space_guid=b1534f58-8387-42a5-8ece-809300958c1c}}, credentials=null, serviceInstance=CloudServiceInstance{name=RiskManagement-destination, metadata=CloudMetadata{guid=fb6e7af1-f894-4113-a664-0230bb8f8c8d, createdAt=2026-09-16T16:07:50, updatedAt=2026-09-16T16:07:54, url=null}, v3Metadata=Metadata{annotations={mta_id=RiskManagement, mta_version=1.0.0, mta_resource={"name":"RiskManagement-destination"}}, labels={mta_id=71546f9fe9d5bd692c6abf3eba1bbfd7}}, label=null, plan=null, provider=null, broker=null, version=null, credentials={}, syslogDrainUrl=null, tags=[], type=managed, lastOperation=null}, serviceKeyOperation=null, resourceName=null}], RiskManagement-html5-repo-host=[DeployedMtaServiceKey{name=RiskManagement-html5-repo-host-key, metadata=CloudMetadata{guid=246c5960-643b-4714-bdcd-37bb122894cc, createdAt=2026-09-16T16:08:07, updatedAt=2026-09-16T16:08:09, url=null}, v3Metadata=Metadata{annotations={mta_id=RiskManagement, mta_version=1.0.0}, labels={mta_id=71546f9fe9d5bd692c6abf3eba1bbfd7, space_guid=b1534f58-8387-42a5-8ece-809300958c1c}}, credentials=null, serviceInstance=CloudServiceInstance{name=RiskManagement-html5-repo-host, metadata=CloudMetadata{guid=7b560607-1270-4a6d-b1b1-e4c8c9d3e648, createdAt=2026-09-16T16:07:52, updatedAt=2026-09-16T16:07:53, url=null}, v3Metadata=Metadata{annotations={mta_id=RiskManagement, mta_version=1.0.0, mta_resource={"name":"RiskManagement-html5-repo-host"}}, labels={mta_id=71546f9fe9d5bd692c6abf3eba1bbfd7}}, label=null, plan=null, provider=null, broker=null, version=null, credentials={}, syslogDrainUrl=null, tags=[], type=managed, lastOperation=null}, serviceKeyOperation=null, resourceName=null}, DeployedMtaServiceKey{name=RiskManagement-app-deployer-RiskManagement-html5-repo-host-credentials, metadata=CloudMetadata{guid=f41e8691-eb76-4ee1-bc17-00c8a6d18288, createdAt=2026-09-16T16:08:14, updatedAt=2026-09-16T16:08:14, url=null}, v3Metadata=Metadata{annotations={mta_id=RiskManagement, mta_version=1.0.0}, labels={mta_id=71546f9fe9d5bd692c6abf3eba1bbfd7, space_guid=b1534f58-8387-42a5-8ece-809300958c1c}}, credentials=null, serviceInstance=CloudServiceInstance{name=RiskManagement-html5-repo-host, metadata=CloudMetadata{guid=7b560607-1270-4a6d-b1b1-e4c8c9d3e648, createdAt=2026-09-16T16:07:52, updatedAt=2026-09-16T16:07:53, url=null}, v3Metadata=Metadata{annotations={mta_id=RiskManagement, mta_version=1.0.0, mta_resource={"name":"RiskManagement-html5-repo-host"}}, labels={mta_id=71546f9fe9d5bd692c6abf3eba1bbfd7}}, label=null, plan=null, provider=null, broker=null, version=null, credentials={}, syslogDrainUrl=null, tags=[], type=managed, lastOperation=null}, serviceKeyOperation=null, resourceName=null}]}"#
#2026 09 17 19:17:34.104#Z#DEBUG#6e95f57f-b2cc-11f1-b461-eeee0a8dc34e.OPERATION#flowable-async-job-executor-thread-11186#
[BuildCloudUndeployModelStep] New service keys by service "{RiskManagement-auth=[RiskManagement-app-deployer-RiskManagement-auth-credentials, RiskManagement-auth-key], RiskManagement-destination=[RiskManagement-destinations-RiskManagement-destination-credentials], RiskManagement-html5-repo-host=[RiskManagement-app-deployer-RiskManagement-html5-repo-host-credentials, RiskManagement-html5-repo-host-key]}"#
#2026 09 17 19:17:34.106#Z#DEBUG#6e95f57f-b2cc-11f1-b461-eeee0a8dc34e.OPERATION#flowable-async-job-executor-thread-11186#
[BuildCloudUndeployModelStep] Existing service keys by service "{}"#
#2026 09 17 19:17:34.106#Z#DEBUG#6e95f57f-b2cc-11f1-b461-eeee0a8dc34e.OPERATION#flowable-async-job-executor-thread-11186#
[BuildCloudUndeployModelStep] Detected service keys to delete "[]"#
#2026 09 17 19:17:34.110#Z#DEBUG#6e95f57f-b2cc-11f1-b461-eeee0a8dc34e.OPERATION#flowable-async-job-executor-thread-11186#
[BuildCloudUndeployModelStep] MTA modules: [RiskManagement-destinations, RiskManagement-srv, RiskManagement-db-deployer, RiskManagement-app-deployer]#
#2026 09 17 19:17:34.110#Z#DEBUG#6e95f57f-b2cc-11f1-b461-eeee0a8dc34e.OPERATION#flowable-async-job-executor-thread-11186#
[BuildCloudUndeployModelStep] Modules to undeploy: [ ]#
#2026 09 17 19:17:34.111#Z#DEBUG#6e95f57f-b2cc-11f1-b461-eeee0a8dc34e.OPERATION#flowable-async-job-executor-thread-11186#
[BuildCloudUndeployModelStep] Modules that won't be changed: [ ]#
#2026 09 17 19:17:34.112#Z#DEBUG#6e95f57f-b2cc-11f1-b461-eeee0a8dc34e.OPERATION#flowable-async-job-executor-thread-11186#
[BuildCloudUndeployModelStep] Subscriptions to delete: [ ]#
#2026 09 17 19:17:34.114#Z#DEBUG#6e95f57f-b2cc-11f1-b461-eeee0a8dc34e.OPERATION#flowable-async-job-executor-thread-11186#
[BuildCloudUndeployModelStep] Cloud services to delete: []#
#2026 09 17 19:17:34.114#Z#DEBUG#6e95f57f-b2cc-11f1-b461-eeee0a8dc34e.OPERATION#flowable-async-job-executor-thread-11186#
[BuildCloudUndeployModelStep] Cloud applications to undeploy: [ ]#
#2026 09 17 19:17:34.117#Z#DEBUG#6e95f57f-b2cc-11f1-b461-eeee0a8dc34e.OPERATION#flowable-async-job-executor-thread-11186#
[BuildCloudUndeployModelStep] Cloud undeployment model built#
#2026 09 17 19:17:34.117#Z#DEBUG#6e95f57f-b2cc-11f1-b461-eeee0a8dc34e.OPERATION#flowable-async-job-executor-thread-11186#
Step "Build Undeploy Model" finished#
#2026 09 17 19:17:34.150#Z#DEBUG#6e95f57f-b2cc-11f1-b461-eeee0a8dc34e.OPERATION#flowable-async-job-executor-thread-11186#
[AddDomainsStep] Executing task "addDomainsTask" of process "6e95f5a5-b2cc-11f1-b461-eeee0a8dc34e"...#
#2026 09 17 19:17:34.152#Z#DEBUG#6e95f57f-b2cc-11f1-b461-eeee0a8dc34e.OPERATION#flowable-async-job-executor-thread-11186#
[AddDomainsStep] Custom domains: []#
#2026 09 17 19:17:34.152#Z#DEBUG#6e95f57f-b2cc-11f1-b461-eeee0a8dc34e.OPERATION#flowable-async-job-executor-thread-11186#
Step "Add Domains" finished#
#2026 09 17 19:17:34.560#Z#DEBUG#6e95f57f-b2cc-11f1-b461-eeee0a8dc34e.OPERATION#flowable-async-job-executor-thread-11184#
[ExtractBatchedServicesWithResolvedDynamicParametersStep] Executing task "prepareModulesDeploymentTask" of process "6fae4437-b2cc-11f1-b461-eeee0a8dc34e"...#
#2026 09 17 19:17:34.561#Z#DEBUG#6e95f57f-b2cc-11f1-b461-eeee0a8dc34e.OPERATION#flowable-async-job-executor-thread-11184#
[ExtractBatchedServicesWithResolvedDynamicParametersStep] Extracting services and resolving dynamic parameters from batch#
#2026 09 17 19:17:34.562#Z#DEBUG#6e95f57f-b2cc-11f1-b461-eeee0a8dc34e.OPERATION#flowable-async-job-executor-thread-11184#
[ExtractBatchedServicesWithResolvedDynamicParametersStep] Services to create: [ {
  "isOptional" : false,
  "isManaged" : true,
  "name" : "RiskManagement-db",
  "v3Metadata" : {
    "annotations" : {
      "mta_id" : "RiskManagement",
      "mta_version" : "1.0.0",
      "mta_resource" : "{\"name\":\"RiskManagement-db\"}"
    },
    "labels" : {
      "mta_id" : "71546f9fe9d5bd692c6abf3eba1bbfd7"
    }
  },
  "label" : "hana",
  "plan" : "hdi-shared",
  "credentials" : "********",
  "tags" : [ ],
  "type" : "managed",
  "resourceName" : "RiskManagement-db",
  "shouldSkipParametersUpdate" : false,
  "shouldSkipPlanUpdate" : false,
  "shouldSkipTagsUpdate" : false,
  "shouldSkipSyslogUrlUpdate" : false
}, {
  "isOptional" : false,
  "isManaged" : true,
  "name" : "RiskManagement-destination",
  "v3Metadata" : {
    "annotations" : {
      "mta_id" : "RiskManagement",
      "mta_version" : "1.0.0",
      "mta_resource" : "{\"name\":\"RiskManagement-destination\"}"
    },
    "labels" : {
      "mta_id" : "71546f9fe9d5bd692c6abf3eba1bbfd7"
    }
  },
  "label" : "destination",
  "plan" : "lite",
  "credentials" : "********",
  "tags" : [ ],
  "type" : "managed",
  "resourceName" : "RiskManagement-destination",
  "shouldSkipParametersUpdate" : false,
  "shouldSkipPlanUpdate" : false,
  "shouldSkipTagsUpdate" : false,
  "shouldSkipSyslogUrlUpdate" : false
}, {
  "isOptional" : false,
  "isManaged" : true,
  "name" : "********",
  "v3Metadata" : {
    "annotations" : {
      "mta_id" : "RiskManagement",
      "mta_version" : "1.0.0",
      "mta_resource" : "********"
    },
    "labels" : {
      "mta_id" : "71546f9fe9d5bd692c6abf3eba1bbfd7"
    }
  },
  "label" : "xsuaa",
  "plan" : "application",
  "credentials" : "********",
  "tags" : [ ],
  "type" : "managed",
  "resourceName" : "********",
  "shouldSkipParametersUpdate" : false,
  "shouldSkipPlanUpdate" : false,
  "shouldSkipTagsUpdate" : false,
  "shouldSkipSyslogUrlUpdate" : false
}, {
  "isOptional" : false,
  "isManaged" : true,
  "name" : "RiskManagement-html5-repo-host",
  "v3Metadata" : {
    "annotations" : {
      "mta_id" : "RiskManagement",
      "mta_version" : "1.0.0",
      "mta_resource" : "{\"name\":\"RiskManagement-html5-repo-host\"}"
    },
    "labels" : {
      "mta_id" : "71546f9fe9d5bd692c6abf3eba1bbfd7"
    }
  },
  "label" : "html5-apps-repo",
  "plan" : "app-host",
  "credentials" : "********",
  "tags" : [ ],
  "type" : "managed",
  "resourceName" : "RiskManagement-html5-repo-host",
  "shouldSkipParametersUpdate" : false,
  "shouldSkipPlanUpdate" : false,
  "shouldSkipTagsUpdate" : false,
  "shouldSkipSyslogUrlUpdate" : false
} ]#
#2026 09 17 19:17:34.563#Z#DEBUG#6e95f57f-b2cc-11f1-b461-eeee0a8dc34e.OPERATION#flowable-async-job-executor-thread-11184#
Step "Extract Services with Resolved Dynamic parameters from batch" finished#
#2026 09 17 19:17:34.662#Z#DEBUG#6e95f57f-b2cc-11f1-b461-eeee0a8dc34e.OPERATION#flowable-async-job-executor-thread-11178#
[CheckServiceOperationStateStep] Executing task "CheckServiceOperationStateTask" of process "6fee59c2-b2cc-11f1-b461-eeee0a8dc34e"...#
#2026 09 17 19:17:34.664#Z#DEBUG#6e95f57f-b2cc-11f1-b461-eeee0a8dc34e.OPERATION#flowable-async-job-executor-thread-11178#
[CheckServiceOperationStateStep] Getting service instance "RiskManagement-destination"...#
#2026 09 17 19:17:34.773#Z#DEBUG#6e95f57f-b2cc-11f1-b461-eeee0a8dc34e.OPERATION#flowable-async-job-executor-thread-11178#
Step "Check for service operations in Progress" finished#
#2026 09 17 19:17:34.802#Z#DEBUG#6e95f57f-b2cc-11f1-b461-eeee0a8dc34e.OPERATION#flowable-async-job-executor-thread-11186#
[DetermineServiceCreateUpdateServiceActionsStep] Executing task "DetermineServiceCreateUpdateActionsTask" of process "6fee59c2-b2cc-11f1-b461-eeee0a8dc34e"...#
#2026 09 17 19:17:34.804#Z#INFO#6e95f57f-b2cc-11f1-b461-eeee0a8dc34e.OPERATION#flowable-async-job-executor-thread-11186#
[DetermineServiceCreateUpdateServiceActionsStep] Processing service "RiskManagement-destination"...#
#2026 09 17 19:17:34.808#Z#DEBUG#6e95f57f-b2cc-11f1-b461-eeee0a8dc34e.OPERATION#flowable-async-job-executor-thread-11186#
[DetermineServiceCreateUpdateServiceActionsStep] Getting service instance "RiskManagement-destination"...#
#2026 09 17 19:17:34.917#Z#DEBUG#6e95f57f-b2cc-11f1-b461-eeee0a8dc34e.OPERATION#flowable-async-job-executor-thread-11186#
[DetermineServiceCreateUpdateServiceActionsStep] Existing service: {
  "name" : "RiskManagement-destination",
  "metadata" : {
    "guid" : "fb6e7af1-f894-4113-a664-0230bb8f8c8d",
    "createdAt" : [ 2026, 9, 16, 16, 7, 50 ],
    "updatedAt" : [ 2026, 9, 16, 16, 7, 54 ]
  },
  "v3Metadata" : {
    "annotations" : {
      "mta_id" : "RiskManagement",
      "mta_version" : "1.0.0",
      "mta_resource" : "{\"name\":\"RiskManagement-destination\"}"
    },
    "labels" : {
      "mta_id" : "71546f9fe9d5bd692c6abf3eba1bbfd7"
    }
  },
  "label" : "destination",
  "plan" : "lite",
  "credentials" : "********",
  "tags" : [ ],
  "type" : "managed",
  "lastOperation" : {
    "type" : "UPDATE",
    "description" : "",
    "state" : "SUCCEEDED"
  }
}#
#2026 09 17 19:17:34.917#Z#DEBUG#6e95f57f-b2cc-11f1-b461-eeee0a8dc34e.OPERATION#flowable-async-job-executor-thread-11186#
[DetermineServiceCreateUpdateServiceActionsStep] Service parameters will be updated#
#2026 09 17 19:17:34.917#Z#DEBUG#6e95f57f-b2cc-11f1-b461-eeee0a8dc34e.OPERATION#flowable-async-job-executor-thread-11186#
[DetermineServiceCreateUpdateServiceActionsStep] New parameters: {
  "HTML5Runtime_enabled" : true,
  "init_data" : {
    "instance" : {
      "destinations" : [ {
        "Authentication" : "********",
        "DynamicDestination" : true,
        "ForwardAuthToken" : "********",
        "Name" : "srv-api",
        "ProxyType" : "Internet",
        "Type" : "HTTP",
        "URL" : "https://47a58eedtrial-dev-riskmanagement-srv.cfapps.us10-001.hana.ondemand.com"
      } ],
      "existing_destinations_policy" : "update"
    }
  }
}#
#2026 09 17 19:17:34.917#Z#DEBUG#6e95f57f-b2cc-11f1-b461-eeee0a8dc34e.OPERATION#flowable-async-job-executor-thread-11186#
Step "Determine update actions" finished#
#2026 09 17 19:17:34.958#Z#DEBUG#6e95f57f-b2cc-11f1-b461-eeee0a8dc34e.OPERATION#flowable-async-job-executor-thread-11182#
[CheckForServiceBindingOrKeyOperationStep] Executing task "CheckForServiceBindingOrKeyCreation" of process "6fee59c2-b2cc-11f1-b461-eeee0a8dc34e"...#
#2026 09 17 19:17:34.960#Z#DEBUG#6e95f57f-b2cc-11f1-b461-eeee0a8dc34e.OPERATION#flowable-async-job-executor-thread-11182#
Step "Check for service binding or key creation" finished#
#2026 09 17 19:17:34.998#Z#DEBUG#6e95f57f-b2cc-11f1-b461-eeee0a8dc34e.OPERATION#flowable-async-job-executor-thread-11182#
[UpdateServiceParametersStep] Executing task "UpdateServiceParametersTask" of process "6fee59c2-b2cc-11f1-b461-eeee0a8dc34e"...#
#2026 09 17 19:17:35.000#Z#INFO#6e95f57f-b2cc-11f1-b461-eeee0a8dc34e.OPERATION#flowable-async-job-executor-thread-11182#
[UpdateServiceParametersStep] Updating service "RiskManagement-destination"...#
#2026 09 17 19:17:35.006#Z#DEBUG#6e95f57f-b2cc-11f1-b461-eeee0a8dc34e.OPERATION#flowable-async-job-executor-thread-11182#
[UpdateServiceParametersStep] Updating service parameters for service "RiskManagement-destination"...#
#2026 09 17 19:17:35.104#Z#DEBUG#6e95f57f-b2cc-11f1-b461-eeee0a8dc34e.OPERATION#flowable-async-job-executor-thread-11182#
[UpdateServiceParametersStep] Service "RiskManagement-destination" updated#
#2026 09 17 19:17:35.104#Z#DEBUG#6e95f57f-b2cc-11f1-b461-eeee0a8dc34e.OPERATION#flowable-async-job-executor-thread-11182#
[UpdateServiceParametersStep] Triggered service operations: {
  "RiskManagement-destination" : "UPDATE"
}#
#2026 09 17 19:17:35.105#Z#DEBUG#6e95f57f-b2cc-11f1-b461-eeee0a8dc34e.OPERATION#flowable-async-job-executor-thread-11182#
Step "Update parameters" finished#
#2026 09 17 19:17:35.024#Z#DEBUG#6e95f57f-b2cc-11f1-b461-eeee0a8dc34e.OPERATION#flowable-async-job-executor-thread-13071#
[CheckServiceOperationStateStep] Executing task "CheckServiceOperationStateTask" of process "70263287-b2cc-11f1-8351-eeee0a81b52f"...#
#2026 09 17 19:17:35.081#Z#DEBUG#6e95f57f-b2cc-11f1-b461-eeee0a8dc34e.OPERATION#flowable-async-job-executor-thread-13071#
[CheckServiceOperationStateStep] Getting service instance "RiskManagement-db"...#
#2026 09 17 19:17:35.187#Z#DEBUG#6e95f57f-b2cc-11f1-b461-eeee0a8dc34e.OPERATION#flowable-async-job-executor-thread-13071#
Step "Check for service operations in Progress" finished#
#2026 09 17 19:17:35.285#Z#DEBUG#6e95f57f-b2cc-11f1-b461-eeee0a8dc34e.OPERATION#flowable-async-job-executor-thread-13071#
[DetermineServiceCreateUpdateServiceActionsStep] Executing task "DetermineServiceCreateUpdateActionsTask" of process "70263287-b2cc-11f1-8351-eeee0a81b52f"...#
#2026 09 17 19:17:35.295#Z#INFO#6e95f57f-b2cc-11f1-b461-eeee0a8dc34e.OPERATION#flowable-async-job-executor-thread-13071#
[DetermineServiceCreateUpdateServiceActionsStep] Processing service "RiskManagement-db"...#
#2026 09 17 19:17:35.301#Z#DEBUG#6e95f57f-b2cc-11f1-b461-eeee0a8dc34e.OPERATION#flowable-async-job-executor-thread-13071#
[DetermineServiceCreateUpdateServiceActionsStep] Getting service instance "RiskManagement-db"...#
#2026 09 17 19:17:35.398#Z#DEBUG#6e95f57f-b2cc-11f1-b461-eeee0a8dc34e.OPERATION#flowable-async-job-executor-thread-13071#
[DetermineServiceCreateUpdateServiceActionsStep] Existing service: {
  "name" : "RiskManagement-db",
  "metadata" : {
    "guid" : "c4d68c74-0549-4fb0-a05c-774f236fc356",
    "createdAt" : [ 2026, 9, 16, 16, 7, 47 ],
    "updatedAt" : [ 2026, 9, 16, 16, 7, 47 ]
  },
  "v3Metadata" : {
    "annotations" : {
      "mta_id" : "RiskManagement",
      "mta_version" : "1.0.0",
      "mta_resource" : "{\"name\":\"RiskManagement-db\"}"
    },
    "labels" : {
      "mta_id" : "71546f9fe9d5bd692c6abf3eba1bbfd7"
    }
  },
  "label" : "hana",
  "plan" : "hdi-shared",
  "credentials" : "********",
  "tags" : [ ],
  "type" : "managed",
  "lastOperation" : {
    "type" : "CREATE",
    "state" : "SUCCEEDED"
  }
}#
#2026 09 17 19:17:35.398#Z#WARN#6e95f57f-b2cc-11f1-b461-eeee0a8dc34e.OPERATION#flowable-async-job-executor-thread-13071#
[DetermineServiceCreateUpdateServiceActionsStep] Service parameters for service "RiskManagement-db" will not be updated, as the parameters are not defined or empty.#
#2026 09 17 19:17:35.398#Z#DEBUG#6e95f57f-b2cc-11f1-b461-eeee0a8dc34e.OPERATION#flowable-async-job-executor-thread-13071#
Step "Determine update actions" finished#
#2026 09 17 19:17:35.403#Z#DEBUG#6e95f57f-b2cc-11f1-b461-eeee0a8dc34e.OPERATION#flowable-async-job-executor-thread-14972#
[CheckServiceOperationStateStep] Executing task "CheckServiceOperationStateTask" of process "704b2044-b2cc-11f1-83a5-eeee0a80e404"...#
#2026 09 17 19:17:35.472#Z#DEBUG#6e95f57f-b2cc-11f1-b461-eeee0a8dc34e.OPERATION#flowable-async-job-executor-thread-14972#
[CheckServiceOperationStateStep] Getting service instance "RiskManagement-auth"...#
#2026 09 17 19:17:35.596#Z#DEBUG#6e95f57f-b2cc-11f1-b461-eeee0a8dc34e.OPERATION#flowable-async-job-executor-thread-14972#
Step "Check for service operations in Progress" finished#
#2026 09 17 19:17:35.600#Z#DEBUG#6e95f57f-b2cc-11f1-b461-eeee0a8dc34e.OPERATION#flowable-async-job-executor-thread-13071#
[CheckForServiceBindingOrKeyOperationStep] Executing task "CheckForServiceBindingOrKeyCreation" of process "70263287-b2cc-11f1-8351-eeee0a81b52f"...#
#2026 09 17 19:17:35.602#Z#DEBUG#6e95f57f-b2cc-11f1-b461-eeee0a8dc34e.OPERATION#flowable-async-job-executor-thread-13071#
Step "Check for service binding or key creation" finished#
#2026 09 17 19:17:35.659#Z#DEBUG#6e95f57f-b2cc-11f1-b461-eeee0a8dc34e.OPERATION#flowable-async-job-executor-thread-14972#
[DetermineServiceCreateUpdateServiceActionsStep] Executing task "DetermineServiceCreateUpdateActionsTask" of process "704b2044-b2cc-11f1-83a5-eeee0a80e404"...#
#2026 09 17 19:17:35.662#Z#INFO#6e95f57f-b2cc-11f1-b461-eeee0a8dc34e.OPERATION#flowable-async-job-executor-thread-14972#
[DetermineServiceCreateUpdateServiceActionsStep] Processing service "RiskManagement-auth"...#
#2026 09 17 19:17:35.665#Z#DEBUG#6e95f57f-b2cc-11f1-b461-eeee0a8dc34e.OPERATION#flowable-async-job-executor-thread-14972#
[DetermineServiceCreateUpdateServiceActionsStep] Getting service instance "RiskManagement-auth"...#
#2026 09 17 19:17:35.762#Z#INFO#6e95f57f-b2cc-11f1-b461-eeee0a8dc34e.OPERATION#flowable-async-job-executor-thread-14972#
[DetermineServiceCreateUpdateServiceActionsStep] Setting service "RiskManagement-auth" parameters from "xs-security.json"#
#2026 09 17 19:17:35.797#Z#DEBUG#6e95f57f-b2cc-11f1-b461-eeee0a8dc34e.OPERATION#flowable-async-job-executor-thread-14972#
[DetermineServiceCreateUpdateServiceActionsStep] Existing service: {
  "name" : "********",
  "metadata" : {
    "guid" : "5fa2ba3a-7720-4ba8-959c-503f7b05e94b",
    "createdAt" : [ 2026, 9, 16, 16, 7, 50 ],
    "updatedAt" : [ 2026, 9, 16, 16, 7, 51 ]
  },
  "v3Metadata" : {
    "annotations" : {
      "mta_id" : "RiskManagement",
      "mta_version" : "1.0.0",
      "mta_resource" : "********"
    },
    "labels" : {
      "mta_id" : "71546f9fe9d5bd692c6abf3eba1bbfd7"
    }
  },
  "label" : "xsuaa",
  "plan" : "application",
  "credentials" : "********",
  "tags" : [ ],
  "type" : "managed",
  "lastOperation" : {
    "type" : "UPDATE",
    "description" : "",
    "state" : "SUCCEEDED"
  }
}#
#2026 09 17 19:17:35.797#Z#DEBUG#6e95f57f-b2cc-11f1-b461-eeee0a8dc34e.OPERATION#flowable-async-job-executor-thread-14972#
[DetermineServiceCreateUpdateServiceActionsStep] Service parameters will be updated#
#2026 09 17 19:17:35.797#Z#DEBUG#6e95f57f-b2cc-11f1-b461-eeee0a8dc34e.OPERATION#flowable-async-job-executor-thread-14972#
[DetermineServiceCreateUpdateServiceActionsStep] New parameters: {
  "attributes" : [ ],
  "oauth2-configuration" : "********",
  "role-collections" : [ {
    "description" : "generated",
    "name" : "RiskViewer (RiskManagement 47a58eedtrial-dev)",
    "role-template-references" : [ "$XSAPPNAME.RiskViewer" ]
  }, {
    "description" : "generated",
    "name" : "RiskManager (RiskManagement 47a58eedtrial-dev)",
    "role-template-references" : [ "$XSAPPNAME.RiskManager" ]
  } ],
  "role-templates" : [ {
    "name" : "RiskViewer",
    "description" : "generated",
    "scope-references" : [ "$XSAPPNAME.RiskViewer" ],
    "attribute-references" : [ ]
  }, {
    "name" : "RiskManager",
    "description" : "generated",
    "scope-references" : [ "$XSAPPNAME.RiskManager" ],
    "attribute-references" : [ ]
  } ],
  "scopes" : [ {
    "name" : "$XSAPPNAME.RiskViewer",
    "description" : "RiskViewer"
  }, {
    "name" : "$XSAPPNAME.RiskManager",
    "description" : "RiskManager"
  } ],
  "tenant-mode" : "dedicated",
  "xsappname" : "RiskManagement-47a58eedtrial-dev"
}#
#2026 09 17 19:17:35.797#Z#DEBUG#6e95f57f-b2cc-11f1-b461-eeee0a8dc34e.OPERATION#flowable-async-job-executor-thread-14972#
Step "Determine update actions" finished#
#2026 09 17 19:17:35.836#Z#DEBUG#6e95f57f-b2cc-11f1-b461-eeee0a8dc34e.OPERATION#flowable-async-job-executor-thread-14972#
[CheckForServiceBindingOrKeyOperationStep] Executing task "CheckForServiceBindingOrKeyCreation" of process "704b2044-b2cc-11f1-83a5-eeee0a80e404"...#
#2026 09 17 19:17:35.838#Z#DEBUG#6e95f57f-b2cc-11f1-b461-eeee0a8dc34e.OPERATION#flowable-async-job-executor-thread-14972#
Step "Check for service binding or key creation" finished#
#2026 09 17 19:17:35.870#Z#DEBUG#6e95f57f-b2cc-11f1-b461-eeee0a8dc34e.OPERATION#flowable-async-job-executor-thread-14972#
[UpdateServiceParametersStep] Executing task "UpdateServiceParametersTask" of process "704b2044-b2cc-11f1-83a5-eeee0a80e404"...#
#2026 09 17 19:17:35.872#Z#INFO#6e95f57f-b2cc-11f1-b461-eeee0a8dc34e.OPERATION#flowable-async-job-executor-thread-14972#
[UpdateServiceParametersStep] Updating service "RiskManagement-auth"...#
#2026 09 17 19:17:35.875#Z#DEBUG#6e95f57f-b2cc-11f1-b461-eeee0a8dc34e.OPERATION#flowable-async-job-executor-thread-14972#
[UpdateServiceParametersStep] Updating service parameters for service "RiskManagement-auth"...#
#2026 09 17 19:17:35.980#Z#DEBUG#6e95f57f-b2cc-11f1-b461-eeee0a8dc34e.OPERATION#flowable-async-job-executor-thread-14972#
[UpdateServiceParametersStep] Service "RiskManagement-auth" updated#
#2026 09 17 19:17:35.980#Z#DEBUG#6e95f57f-b2cc-11f1-b461-eeee0a8dc34e.OPERATION#flowable-async-job-executor-thread-14972#
[UpdateServiceParametersStep] Triggered service operations: {
  "RiskManagement-auth" : "UPDATE"
}#
#2026 09 17 19:17:35.981#Z#DEBUG#6e95f57f-b2cc-11f1-b461-eeee0a8dc34e.OPERATION#flowable-async-job-executor-thread-14972#
Step "Update parameters" finished#
#2026 09 17 19:17:38.251#Z#DEBUG#6e95f57f-b2cc-11f1-b461-eeee0a8dc34e.OPERATION#flowable-async-job-executor-thread-11184#
[CheckServiceOperationStateStep] Executing task "CheckServiceOperationStateTask" of process "72122414-b2cc-11f1-b461-eeee0a8dc34e"...#
#2026 09 17 19:17:38.252#Z#DEBUG#6e95f57f-b2cc-11f1-b461-eeee0a8dc34e.OPERATION#flowable-async-job-executor-thread-11184#
[CheckServiceOperationStateStep] Getting service instance "RiskManagement-html5-repo-host"...#
#2026 09 17 19:17:38.361#Z#DEBUG#6e95f57f-b2cc-11f1-b461-eeee0a8dc34e.OPERATION#flowable-async-job-executor-thread-11184#
Step "Check for service operations in Progress" finished#
#2026 09 17 19:17:38.390#Z#DEBUG#6e95f57f-b2cc-11f1-b461-eeee0a8dc34e.OPERATION#flowable-async-job-executor-thread-11184#
[DetermineServiceCreateUpdateServiceActionsStep] Executing task "DetermineServiceCreateUpdateActionsTask" of process "72122414-b2cc-11f1-b461-eeee0a8dc34e"...#
#2026 09 17 19:17:38.392#Z#INFO#6e95f57f-b2cc-11f1-b461-eeee0a8dc34e.OPERATION#flowable-async-job-executor-thread-11184#
[DetermineServiceCreateUpdateServiceActionsStep] Processing service "RiskManagement-html5-repo-host"...#
#2026 09 17 19:17:38.395#Z#DEBUG#6e95f57f-b2cc-11f1-b461-eeee0a8dc34e.OPERATION#flowable-async-job-executor-thread-11184#
[DetermineServiceCreateUpdateServiceActionsStep] Getting service instance "RiskManagement-html5-repo-host"...#
#2026 09 17 19:17:38.501#Z#DEBUG#6e95f57f-b2cc-11f1-b461-eeee0a8dc34e.OPERATION#flowable-async-job-executor-thread-11184#
[DetermineServiceCreateUpdateServiceActionsStep] Existing service: {
  "name" : "RiskManagement-html5-repo-host",
  "metadata" : {
    "guid" : "7b560607-1270-4a6d-b1b1-e4c8c9d3e648",
    "createdAt" : [ 2026, 9, 16, 16, 7, 52 ],
    "updatedAt" : [ 2026, 9, 16, 16, 7, 53 ]
  },
  "v3Metadata" : {
    "annotations" : {
      "mta_id" : "RiskManagement",
      "mta_version" : "1.0.0",
      "mta_resource" : "{\"name\":\"RiskManagement-html5-repo-host\"}"
    },
    "labels" : {
      "mta_id" : "71546f9fe9d5bd692c6abf3eba1bbfd7"
    }
  },
  "label" : "html5-apps-repo",
  "plan" : "app-host",
  "credentials" : "********",
  "tags" : [ ],
  "type" : "managed",
  "lastOperation" : {
    "type" : "CREATE",
    "description" : "",
    "state" : "SUCCEEDED"
  }
}#
#2026 09 17 19:17:38.501#Z#WARN#6e95f57f-b2cc-11f1-b461-eeee0a8dc34e.OPERATION#flowable-async-job-executor-thread-11184#
[DetermineServiceCreateUpdateServiceActionsStep] Service parameters for service "RiskManagement-html5-repo-host" will not be updated, as the parameters are not defined or empty.#
#2026 09 17 19:17:38.501#Z#DEBUG#6e95f57f-b2cc-11f1-b461-eeee0a8dc34e.OPERATION#flowable-async-job-executor-thread-11184#
Step "Determine update actions" finished#
#2026 09 17 19:17:38.559#Z#DEBUG#6e95f57f-b2cc-11f1-b461-eeee0a8dc34e.OPERATION#flowable-async-job-executor-thread-11184#
[CheckForServiceBindingOrKeyOperationStep] Executing task "CheckForServiceBindingOrKeyCreation" of process "72122414-b2cc-11f1-b461-eeee0a8dc34e"...#
#2026 09 17 19:17:38.561#Z#DEBUG#6e95f57f-b2cc-11f1-b461-eeee0a8dc34e.OPERATION#flowable-async-job-executor-thread-11184#
Step "Check for service binding or key creation" finished#
#2026 09 17 19:17:48.635#Z#DEBUG#6e95f57f-b2cc-11f1-b461-eeee0a8dc34e.OPERATION#flowable-async-job-executor-thread-14982#
[UpdateServiceParametersStep] Executing task "UpdateServiceParametersTask" of process "704b2044-b2cc-11f1-83a5-eeee0a80e404"...#
#2026 09 17 19:17:48.636#Z#DEBUG#6e95f57f-b2cc-11f1-b461-eeee0a8dc34e.OPERATION#flowable-async-job-executor-thread-14982#
[UpdateServiceParametersStep] Polling service operations...#
#2026 09 17 19:17:48.639#Z#DEBUG#6e95f57f-b2cc-11f1-b461-eeee0a8dc34e.OPERATION#flowable-async-job-executor-thread-14982#
[UpdateServiceParametersStep] Getting service instance "RiskManagement-auth"...#
#2026 09 17 19:17:48.760#Z#DEBUG#6e95f57f-b2cc-11f1-b461-eeee0a8dc34e.OPERATION#flowable-async-job-executor-thread-14982#
[UpdateServiceParametersStep] Last operation for service "RiskManagement-auth": {
  "type" : "UPDATE",
  "description" : "",
  "state" : "SUCCEEDED"
}#
#2026 09 17 19:17:48.760#Z#DEBUG#6e95f57f-b2cc-11f1-b461-eeee0a8dc34e.OPERATION#flowable-async-job-executor-thread-14982#
[UpdateServiceParametersStep] Service "RiskManagement-auth" updated#
#2026 09 17 19:17:48.760#Z#INFO#6e95f57f-b2cc-11f1-b461-eeee0a8dc34e.OPERATION#flowable-async-job-executor-thread-14982#
[UpdateServiceParametersStep] 1 of 1 done#
#2026 09 17 19:17:48.764#Z#DEBUG#6e95f57f-b2cc-11f1-b461-eeee0a8dc34e.OPERATION#flowable-async-job-executor-thread-14982#
[UpdateServiceParametersStep] Remaining services to poll: [ ]#
#2026 09 17 19:17:48.765#Z#DEBUG#6e95f57f-b2cc-11f1-b461-eeee0a8dc34e.OPERATION#flowable-async-job-executor-thread-14982#
Step "Update parameters" finished#
#2026 09 17 19:17:48.799#Z#DEBUG#6e95f57f-b2cc-11f1-b461-eeee0a8dc34e.OPERATION#flowable-async-job-executor-thread-14983#
[UpdateServiceParametersStep] Executing task "UpdateServiceParametersTask" of process "6fee59c2-b2cc-11f1-b461-eeee0a8dc34e"...#
#2026 09 17 19:17:48.800#Z#DEBUG#6e95f57f-b2cc-11f1-b461-eeee0a8dc34e.OPERATION#flowable-async-job-executor-thread-14983#
[UpdateServiceParametersStep] Polling service operations...#
#2026 09 17 19:17:48.802#Z#DEBUG#6e95f57f-b2cc-11f1-b461-eeee0a8dc34e.OPERATION#flowable-async-job-executor-thread-14983#
[UpdateServiceParametersStep] Getting service instance "RiskManagement-destination"...#
#2026 09 17 19:17:48.921#Z#DEBUG#6e95f57f-b2cc-11f1-b461-eeee0a8dc34e.OPERATION#flowable-async-job-executor-thread-14983#
[UpdateServiceParametersStep] Last operation for service "RiskManagement-destination": {
  "type" : "UPDATE",
  "description" : "",
  "state" : "SUCCEEDED"
}#
#2026 09 17 19:17:48.921#Z#DEBUG#6e95f57f-b2cc-11f1-b461-eeee0a8dc34e.OPERATION#flowable-async-job-executor-thread-14983#
[UpdateServiceParametersStep] Service "RiskManagement-destination" updated#
#2026 09 17 19:17:48.921#Z#INFO#6e95f57f-b2cc-11f1-b461-eeee0a8dc34e.OPERATION#flowable-async-job-executor-thread-14983#
[UpdateServiceParametersStep] 1 of 1 done#
#2026 09 17 19:17:48.924#Z#DEBUG#6e95f57f-b2cc-11f1-b461-eeee0a8dc34e.OPERATION#flowable-async-job-executor-thread-14983#
[UpdateServiceParametersStep] Remaining services to poll: [ ]#
#2026 09 17 19:17:48.925#Z#DEBUG#6e95f57f-b2cc-11f1-b461-eeee0a8dc34e.OPERATION#flowable-async-job-executor-thread-14983#
Step "Update parameters" finished#
#2026 09 17 19:17:49.100#Z#DEBUG#6e95f57f-b2cc-11f1-b461-eeee0a8dc34e.OPERATION#flowable-async-job-executor-thread-14983#
[PrepareModulesDeploymentStep] Executing task "prepareModulesDeploymentTask" of process "7889b872-b2cc-11f1-83a5-eeee0a80e404"...#
#2026 09 17 19:17:49.101#Z#DEBUG#6e95f57f-b2cc-11f1-b461-eeee0a8dc34e.OPERATION#flowable-async-job-executor-thread-14983#
[PrepareModulesDeploymentStep] Preparing modules deployment...#
#2026 09 17 19:17:49.104#Z#DEBUG#6e95f57f-b2cc-11f1-b461-eeee0a8dc34e.OPERATION#flowable-async-job-executor-thread-14983#
Step "Prepare Modules Deployment" finished#
#2026 09 17 19:17:49.128#Z#DEBUG#6e95f57f-b2cc-11f1-b461-eeee0a8dc34e.OPERATION#flowable-async-job-executor-thread-14983#
[ComputeNextModulesStep] Executing task "computeNextModulesToDeployInParallel" of process "7889b872-b2cc-11f1-83a5-eeee0a80e404"...#
#2026 09 17 19:17:49.129#Z#DEBUG#6e95f57f-b2cc-11f1-b461-eeee0a8dc34e.OPERATION#flowable-async-job-executor-thread-14983#
[ComputeNextModulesStep] Computing modules for next parallel iteration...#
#2026 09 17 19:17:49.131#Z#DEBUG#6e95f57f-b2cc-11f1-b461-eeee0a8dc34e.OPERATION#flowable-async-job-executor-thread-14983#
[ComputeNextModulesStep] Completed modules detected: []#
#2026 09 17 19:17:49.131#Z#DEBUG#6e95f57f-b2cc-11f1-b461-eeee0a8dc34e.OPERATION#flowable-async-job-executor-thread-14983#
[ComputeNextModulesStep] All modules for deploy detected: [RiskManagement-destinations, RiskManagement-srv, RiskManagement-db-deployer, RiskManagement-app-deployer]#
#2026 09 17 19:17:49.131#Z#DEBUG#6e95f57f-b2cc-11f1-b461-eeee0a8dc34e.OPERATION#flowable-async-job-executor-thread-14983#
[ComputeNextModulesStep] Modules not for deploy detected: []#
#2026 09 17 19:17:49.131#Z#DEBUG#6e95f57f-b2cc-11f1-b461-eeee0a8dc34e.OPERATION#flowable-async-job-executor-thread-14983#
[ComputeNextModulesStep] Computed modules for next parallel iteration: [ {
  "majorSchemaVersion" : 3,
  "name" : "RiskManagement-srv",
  "type" : "javascript.nodejs",
  "path" : "RiskManagement-srv",
  "properties" : { },
  "parameters" : {
    "app-name" : "RiskManagement-srv",
    "buildpack" : "nodejs_buildpack",
    "default-app-name" : "RiskManagement-srv",
    "default-host" : "47a58eedtrial-dev-riskmanagement-srv",
    "default-instances" : 1,
    "default-live-app-name" : "RiskManagement-srv",
    "default-live-domain" : "cfapps.us10-001.hana.ondemand.com",
    "default-live-host" : "47a58eedtrial-dev-riskmanagement-srv",
    "default-live-uri" : "47a58eedtrial-dev-riskmanagement-srv.cfapps.us10-001.hana.ondemand.com",
    "default-live-url" : "https://47a58eedtrial-dev-riskmanagement-srv.cfapps.us10-001.hana.ondemand.com",
    "default-uri" : "47a58eedtrial-dev-riskmanagement-srv.cfapps.us10-001.hana.ondemand.com",
    "default-url" : "https://47a58eedtrial-dev-riskmanagement-srv.cfapps.us10-001.hana.ondemand.com",
    "dependency-type" : "soft",
    "domain" : "cfapps.us10-001.hana.ondemand.com",
    "generated-password" : "********",
    "generated-user" : "********",
    "host" : "47a58eedtrial-dev-riskmanagement-srv",
    "instances" : 1,
    "protocol" : "https"
  },
  "requiredDependencies" : [ {
    "majorSchemaVersion" : 3,
    "name" : "RiskManagement-db",
    "properties" : { },
    "parameters" : { },
    "propertiesMetadata" : {
      "metadata" : { }
    },
    "parametersMetadata" : {
      "metadata" : { }
    }
  }, {
    "majorSchemaVersion" : 3,
    "name" : "RiskManagement-destination",
    "properties" : { },
    "parameters" : { },
    "propertiesMetadata" : {
      "metadata" : { }
    },
    "parametersMetadata" : {
      "metadata" : { }
    }
  }, {
    "majorSchemaVersion" : 3,
    "name" : "********",
    "properties" : { },
    "parameters" : { },
    "propertiesMetadata" : {
      "metadata" : { }
    },
    "parametersMetadata" : {
      "metadata" : { }
    }
  } ],
  "providedDependencies" : [ {
    "majorSchemaVersion" : 3,
    "name" : "srv-api",
    "isPublic" : false,
    "properties" : {
      "srv-url" : "https://47a58eedtrial-dev-riskmanagement-srv.cfapps.us10-001.hana.ondemand.com"
    },
    "parameters" : { },
    "propertiesMetadata" : {
      "metadata" : { }
    },
    "parametersMetadata" : {
      "metadata" : { }
    }
  }, {
    "majorSchemaVersion" : 3,
    "name" : "RiskManagement-srv",
    "isPublic" : false,
    "properties" : { },
    "parameters" : { },
    "propertiesMetadata" : {
      "metadata" : { }
    },
    "parametersMetadata" : {
      "metadata" : { }
    }
  } ],
  "propertiesMetadata" : {
    "metadata" : { }
  },
  "parametersMetadata" : {
    "metadata" : { }
  },
  "deployedAfter" : [ ],
  "hooks" : [ ]
}, {
  "majorSchemaVersion" : 3,
  "name" : "RiskManagement-db-deployer",
  "type" : "com.sap.xs.hdi",
  "path" : "RiskManagement-db-deployer",
  "properties" : {
    "EXIT" : 1
  },
  "parameters" : {
    "app-name" : "RiskManagement-db-deployer",
    "buildpack" : "nodejs_buildpack",
    "default-app-name" : "RiskManagement-db-deployer",
    "default-host" : "47a58eedtrial-dev-riskmanagement-db-deployer",
    "default-instances" : 1,
    "default-live-app-name" : "RiskManagement-db-deployer",
    "default-live-domain" : "cfapps.us10-001.hana.ondemand.com",
    "default-live-host" : "47a58eedtrial-dev-riskmanagement-db-deployer",
    "default-live-uri" : "47a58eedtrial-dev-riskmanagement-db-deployer.cfapps.us10-001.hana.ondemand.com",
    "default-live-url" : "https://47a58eedtrial-dev-riskmanagement-db-deployer.cfapps.us10-001.hana.ondemand.com",
    "default-uri" : "47a58eedtrial-dev-riskmanagement-db-deployer.cfapps.us10-001.hana.ondemand.com",
    "default-url" : "https://47a58eedtrial-dev-riskmanagement-db-deployer.cfapps.us10-001.hana.ondemand.com",
    "dependency-type" : "hard",
    "domain" : "cfapps.us10-001.hana.ondemand.com",
    "generated-password" : "********",
    "generated-user" : "********",
    "host" : "47a58eedtrial-dev-riskmanagement-db-deployer",
    "instances" : 1,
    "memory" : "256M",
    "no-route" : true,
    "no-start" : true,
    "protocol" : "https",
    "tasks" : [ {
      "command" : "npm start",
      "memory" : "256M",
      "name" : "deploy"
    } ]
  },
  "requiredDependencies" : [ {
    "majorSchemaVersion" : 3,
    "name" : "RiskManagement-db",
    "properties" : { },
    "parameters" : { },
    "propertiesMetadata" : {
      "metadata" : { }
    },
    "parametersMetadata" : {
      "metadata" : { }
    }
  } ],
  "providedDependencies" : [ {
    "majorSchemaVersion" : 3,
    "name" : "RiskManagement-db-deployer",
    "isPublic" : false,
    "properties" : { },
    "parameters" : { },
    "propertiesMetadata" : {
      "metadata" : { }
    },
    "parametersMetadata" : {
      "metadata" : { }
    }
  } ],
  "propertiesMetadata" : {
    "metadata" : { }
  },
  "parametersMetadata" : {
    "metadata" : { }
  },
  "deployedAfter" : [ ],
  "hooks" : [ ]
}, {
  "majorSchemaVersion" : 3,
  "name" : "RiskManagement-app-deployer",
  "type" : "com.sap.application.content",
  "path" : "RiskManagement-app-deployer",
  "properties" : { },
  "parameters" : {
    "app-name" : "RiskManagement-app-deployer",
    "config" : {
      "destinations" : [ {
        "Authentication" : "********",
        "DynamicDestination" : true,
        "ForwardAuthToken" : "********",
        "Name" : "srv-api",
        "ProxyType" : "Internet",
        "Type" : "HTTP",
        "URL" : "https://47a58eedtrial-dev-riskmanagement-srv.cfapps.us10-001.hana.ondemand.com"
      } ]
    },
    "default-app-name" : "RiskManagement-app-deployer",
    "default-host" : "47a58eedtrial-dev-riskmanagement-app-deployer",
    "default-instances" : 1,
    "default-live-app-name" : "RiskManagement-app-deployer",
    "default-live-domain" : "cfapps.us10-001.hana.ondemand.com",
    "default-live-host" : "47a58eedtrial-dev-riskmanagement-app-deployer",
    "default-live-uri" : "47a58eedtrial-dev-riskmanagement-app-deployer.cfapps.us10-001.hana.ondemand.com",
    "default-live-url" : "https://47a58eedtrial-dev-riskmanagement-app-deployer.cfapps.us10-001.hana.ondemand.com",
    "default-uri" : "47a58eedtrial-dev-riskmanagement-app-deployer.cfapps.us10-001.hana.ondemand.com",
    "default-url" : "https://47a58eedtrial-dev-riskmanagement-app-deployer.cfapps.us10-001.hana.ondemand.com",
    "dependency-type" : "soft",
    "domain" : "cfapps.us10-001.hana.ondemand.com",
    "generated-password" : "********",
    "generated-user" : "********",
    "host" : "47a58eedtrial-dev-riskmanagement-app-deployer",
    "instances" : 1,
    "protocol" : "https"
  },
  "requiredDependencies" : [ {
    "majorSchemaVersion" : 3,
    "name" : "********",
    "properties" : { },
    "parameters" : { },
    "propertiesMetadata" : {
      "metadata" : { }
    },
    "parametersMetadata" : {
      "metadata" : { }
    }
  }, {
    "majorSchemaVersion" : 3,
    "name" : "srv-api",
    "properties" : { },
    "parameters" : { },
    "propertiesMetadata" : {
      "metadata" : { }
    },
    "parametersMetadata" : {
      "metadata" : { }
    }
  }, {
    "majorSchemaVersion" : 3,
    "name" : "RiskManagement-html5-repo-host",
    "properties" : { },
    "parameters" : {
      "config" : {
        "HTML5Runtime_enabled" : true
      },
      "content-target" : true
    },
    "propertiesMetadata" : {
      "metadata" : { }
    },
    "parametersMetadata" : {
      "metadata" : { }
    }
  } ],
  "providedDependencies" : [ {
    "majorSchemaVersion" : 3,
    "name" : "RiskManagement-app-deployer",
    "isPublic" : false,
    "properties" : { },
    "parameters" : { },
    "propertiesMetadata" : {
      "metadata" : { }
    },
    "parametersMetadata" : {
      "metadata" : { }
    }
  } ],
  "propertiesMetadata" : {
    "metadata" : { }
  },
  "parametersMetadata" : {
    "metadata" : { }
  },
  "deployedAfter" : [ ],
  "hooks" : [ ]
}, {
  "majorSchemaVersion" : 3,
  "name" : "RiskManagement-destinations",
  "type" : "com.sap.application.content",
  "properties" : { },
  "parameters" : {
    "app-name" : "RiskManagement-destinations",
    "content" : {
      "instance" : {
        "destinations" : [ {
          "Name" : "RiskManagement-html5-repository",
          "ServiceInstanceName" : "RiskManagement-html5-repo-host",
          "ServiceKeyName" : "********",
          "sap.cloud.service" : "RiskManagement.service"
        }, {
          "Authentication" : "********",
          "Name" : "********",
          "ServiceInstanceName" : "********",
          "ServiceKeyName" : "********",
          "sap.cloud.service" : "RiskManagement.service"
        } ],
        "existing_destinations_policy" : "update"
      }
    },
    "default-app-name" : "RiskManagement-destinations",
    "default-host" : "47a58eedtrial-dev-riskmanagement-destinations",
    "default-instances" : 1,
    "default-live-app-name" : "RiskManagement-destinations",
    "default-live-domain" : "cfapps.us10-001.hana.ondemand.com",
    "default-live-host" : "47a58eedtrial-dev-riskmanagement-destinations",
    "default-live-uri" : "47a58eedtrial-dev-riskmanagement-destinations.cfapps.us10-001.hana.ondemand.com",
    "default-live-url" : "https://47a58eedtrial-dev-riskmanagement-destinations.cfapps.us10-001.hana.ondemand.com",
    "default-uri" : "47a58eedtrial-dev-riskmanagement-destinations.cfapps.us10-001.hana.ondemand.com",
    "default-url" : "https://47a58eedtrial-dev-riskmanagement-destinations.cfapps.us10-001.hana.ondemand.com",
    "dependency-type" : "soft",
    "domain" : "cfapps.us10-001.hana.ondemand.com",
    "generated-password" : "********",
    "generated-user" : "********",
    "host" : "47a58eedtrial-dev-riskmanagement-destinations",
    "instances" : 1,
    "protocol" : "https"
  },
  "requiredDependencies" : [ {
    "majorSchemaVersion" : 3,
    "name" : "********",
    "properties" : { },
    "parameters" : {
      "service-key" : "********"
    },
    "propertiesMetadata" : {
      "metadata" : { }
    },
    "parametersMetadata" : {
      "metadata" : { }
    }
  }, {
    "majorSchemaVersion" : 3,
    "name" : "RiskManagement-html5-repo-host",
    "properties" : { },
    "parameters" : {
      "service-key" : "********"
    },
    "propertiesMetadata" : {
      "metadata" : { }
    },
    "parametersMetadata" : {
      "metadata" : { }
    }
  }, {
    "majorSchemaVersion" : 3,
    "name" : "srv-api",
    "properties" : { },
    "parameters" : { },
    "propertiesMetadata" : {
      "metadata" : { }
    },
    "parametersMetadata" : {
      "metadata" : { }
    }
  }, {
    "majorSchemaVersion" : 3,
    "name" : "RiskManagement-destination",
    "properties" : { },
    "parameters" : {
      "content-target" : true
    },
    "propertiesMetadata" : {
      "metadata" : { }
    },
    "parametersMetadata" : {
      "metadata" : { }
    }
  } ],
  "providedDependencies" : [ {
    "majorSchemaVersion" : 3,
    "name" : "RiskManagement-destinations",
    "isPublic" : false,
    "properties" : { },
    "parameters" : { },
    "propertiesMetadata" : {
      "metadata" : { }
    },
    "parametersMetadata" : {
      "metadata" : { }
    }
  } ],
  "propertiesMetadata" : {
    "metadata" : { }
  },
  "parametersMetadata" : {
    "metadata" : { }
  },
  "deployedAfter" : [ ],
  "hooks" : [ ]
} ]#
#2026 09 17 19:17:49.131#Z#DEBUG#6e95f57f-b2cc-11f1-b461-eeee0a8dc34e.OPERATION#flowable-async-job-executor-thread-14983#
Step "Compute Next Modules To Deploy" finished#
#2026 09 17 19:17:49.246#Z#DEBUG#6e95f57f-b2cc-11f1-b461-eeee0a8dc34e.OPERATION#flowable-async-job-executor-thread-14981#
[ProcessDescriptorStep] Executing task "reprocessDescriptorTask" of process "789d4165-b2cc-11f1-83a5-eeee0a80e404"...#
#2026 09 17 19:17:49.246#Z#DEBUG#6e95f57f-b2cc-11f1-b461-eeee0a8dc34e.OPERATION#flowable-async-job-executor-thread-14981#
[ProcessDescriptorStep] Resolving properties and parameters in merged descriptor...#
#2026 09 17 19:17:49.250#Z#DEBUG#6e95f57f-b2cc-11f1-b461-eeee0a8dc34e.OPERATION#flowable-async-job-executor-thread-14981#
[ProcessDescriptorStep] Subscriptions: [ ]#
#2026 09 17 19:17:49.253#Z#DEBUG#6e95f57f-b2cc-11f1-b461-eeee0a8dc34e.OPERATION#flowable-async-job-executor-thread-14981#
[ProcessDescriptorStep] MTA modules: [RiskManagement-destinations, RiskManagement-srv, RiskManagement-db-deployer, RiskManagement-app-deployer]#
#2026 09 17 19:17:49.255#Z#DEBUG#6e95f57f-b2cc-11f1-b461-eeee0a8dc34e.OPERATION#flowable-async-job-executor-thread-14981#
[ProcessDescriptorStep] Resolved deployment descriptor: {
  "majorSchemaVersion" : 3,
  "schemaVersion" : "3.3.0",
  "id" : "RiskManagement",
  "version" : "1.0.0",
  "modules" : [ {
    "majorSchemaVersion" : 3,
    "name" : "RiskManagement-srv",
    "type" : "javascript.nodejs",
    "path" : "RiskManagement-srv",
    "properties" : { },
    "parameters" : {
      "default-url" : "https://47a58eedtrial-dev-riskmanagement-srv.cfapps.us10-001.hana.ondemand.com",
      "default-app-name" : "RiskManagement-srv",
      "generated-password" : "********",
      "default-live-url" : "https://47a58eedtrial-dev-riskmanagement-srv.cfapps.us10-001.hana.ondemand.com",
      "default-uri" : "47a58eedtrial-dev-riskmanagement-srv.cfapps.us10-001.hana.ondemand.com",
      "default-instances" : 1,
      "default-live-host" : "47a58eedtrial-dev-riskmanagement-srv",
      "instances" : 1,
      "buildpack" : "nodejs_buildpack",
      "default-host" : "47a58eedtrial-dev-riskmanagement-srv",
      "app-name" : "RiskManagement-srv",
      "default-live-uri" : "47a58eedtrial-dev-riskmanagement-srv.cfapps.us10-001.hana.ondemand.com",
      "protocol" : "https",
      "default-live-app-name" : "RiskManagement-srv",
      "default-live-domain" : "cfapps.us10-001.hana.ondemand.com",
      "domain" : "cfapps.us10-001.hana.ondemand.com",
      "host" : "47a58eedtrial-dev-riskmanagement-srv",
      "generated-user" : "********"
    },
    "requiredDependencies" : [ {
      "majorSchemaVersion" : 3,
      "name" : "RiskManagement-db",
      "properties" : { },
      "parameters" : { },
      "propertiesMetadata" : {
        "metadata" : { }
      },
      "parametersMetadata" : {
        "metadata" : { }
      }
    }, {
      "majorSchemaVersion" : 3,
      "name" : "RiskManagement-destination",
      "properties" : { },
      "parameters" : { },
      "propertiesMetadata" : {
        "metadata" : { }
      },
      "parametersMetadata" : {
        "metadata" : { }
      }
    }, {
      "majorSchemaVersion" : 3,
      "name" : "********",
      "properties" : { },
      "parameters" : { },
      "propertiesMetadata" : {
        "metadata" : { }
      },
      "parametersMetadata" : {
        "metadata" : { }
      }
    } ],
    "providedDependencies" : [ {
      "majorSchemaVersion" : 3,
      "name" : "srv-api",
      "isPublic" : false,
      "properties" : {
        "srv-url" : "https://47a58eedtrial-dev-riskmanagement-srv.cfapps.us10-001.hana.ondemand.com"
      },
      "parameters" : { },
      "propertiesMetadata" : {
        "metadata" : { }
      },
      "parametersMetadata" : {
        "metadata" : { }
      }
    }, {
      "majorSchemaVersion" : 3,
      "name" : "RiskManagement-srv",
      "isPublic" : false,
      "properties" : { },
      "parameters" : { },
      "propertiesMetadata" : {
        "metadata" : { }
      },
      "parametersMetadata" : {
        "metadata" : { }
      }
    } ],
    "propertiesMetadata" : {
      "metadata" : { }
    },
    "parametersMetadata" : {
      "metadata" : { }
    },
    "hooks" : [ ]
  }, {
    "majorSchemaVersion" : 3,
    "name" : "RiskManagement-db-deployer",
    "type" : "com.sap.xs.hdi",
    "path" : "RiskManagement-db-deployer",
    "properties" : {
      "EXIT" : 1
    },
    "parameters" : {
      "default-url" : "https://47a58eedtrial-dev-riskmanagement-db-deployer.cfapps.us10-001.hana.ondemand.com",
      "default-app-name" : "RiskManagement-db-deployer",
      "generated-password" : "********",
      "default-live-url" : "https://47a58eedtrial-dev-riskmanagement-db-deployer.cfapps.us10-001.hana.ondemand.com",
      "default-uri" : "47a58eedtrial-dev-riskmanagement-db-deployer.cfapps.us10-001.hana.ondemand.com",
      "memory" : "256M",
      "default-instances" : 1,
      "no-route" : true,
      "default-live-host" : "47a58eedtrial-dev-riskmanagement-db-deployer",
      "instances" : 1,
      "buildpack" : "nodejs_buildpack",
      "default-host" : "47a58eedtrial-dev-riskmanagement-db-deployer",
      "app-name" : "RiskManagement-db-deployer",
      "default-live-uri" : "47a58eedtrial-dev-riskmanagement-db-deployer.cfapps.us10-001.hana.ondemand.com",
      "protocol" : "https",
      "default-live-app-name" : "RiskManagement-db-deployer",
      "default-live-domain" : "cfapps.us10-001.hana.ondemand.com",
      "dependency-type" : "hard",
      "domain" : "cfapps.us10-001.hana.ondemand.com",
      "host" : "47a58eedtrial-dev-riskmanagement-db-deployer",
      "generated-user" : "********",
      "tasks" : [ {
        "command" : "npm start",
        "memory" : "256M",
        "name" : "deploy"
      } ],
      "no-start" : true
    },
    "requiredDependencies" : [ {
      "majorSchemaVersion" : 3,
      "name" : "RiskManagement-db",
      "properties" : { },
      "parameters" : { },
      "propertiesMetadata" : {
        "metadata" : { }
      },
      "parametersMetadata" : {
        "metadata" : { }
      }
    } ],
    "providedDependencies" : [ {
      "majorSchemaVersion" : 3,
      "name" : "RiskManagement-db-deployer",
      "isPublic" : false,
      "properties" : { },
      "parameters" : { },
      "propertiesMetadata" : {
        "metadata" : { }
      },
      "parametersMetadata" : {
        "metadata" : { }
      }
    } ],
    "propertiesMetadata" : {
      "metadata" : { }
    },
    "parametersMetadata" : {
      "metadata" : { }
    },
    "hooks" : [ ]
  }, {
    "majorSchemaVersion" : 3,
    "name" : "RiskManagement-app-deployer",
    "type" : "com.sap.application.content",
    "path" : "RiskManagement-app-deployer",
    "properties" : { },
    "parameters" : {
      "default-url" : "https://47a58eedtrial-dev-riskmanagement-app-deployer.cfapps.us10-001.hana.ondemand.com",
      "default-app-name" : "RiskManagement-app-deployer",
      "generated-password" : "********",
      "default-live-url" : "https://47a58eedtrial-dev-riskmanagement-app-deployer.cfapps.us10-001.hana.ondemand.com",
      "default-uri" : "47a58eedtrial-dev-riskmanagement-app-deployer.cfapps.us10-001.hana.ondemand.com",
      "default-instances" : 1,
      "default-live-host" : "47a58eedtrial-dev-riskmanagement-app-deployer",
      "instances" : 1,
      "default-host" : "47a58eedtrial-dev-riskmanagement-app-deployer",
      "app-name" : "RiskManagement-app-deployer",
      "default-live-uri" : "47a58eedtrial-dev-riskmanagement-app-deployer.cfapps.us10-001.hana.ondemand.com",
      "protocol" : "https",
      "default-live-app-name" : "RiskManagement-app-deployer",
      "default-live-domain" : "cfapps.us10-001.hana.ondemand.com",
      "domain" : "cfapps.us10-001.hana.ondemand.com",
      "host" : "47a58eedtrial-dev-riskmanagement-app-deployer",
      "generated-user" : "********",
      "config" : {
        "destinations" : [ {
          "Authentication" : "********",
          "DynamicDestination" : true,
          "ForwardAuthToken" : "********",
          "Name" : "srv-api",
          "ProxyType" : "Internet",
          "Type" : "HTTP",
          "URL" : "https://47a58eedtrial-dev-riskmanagement-srv.cfapps.us10-001.hana.ondemand.com"
        } ]
      }
    },
    "requiredDependencies" : [ {
      "majorSchemaVersion" : 3,
      "name" : "********",
      "properties" : { },
      "parameters" : { },
      "propertiesMetadata" : {
        "metadata" : { }
      },
      "parametersMetadata" : {
        "metadata" : { }
      }
    }, {
      "majorSchemaVersion" : 3,
      "name" : "srv-api",
      "properties" : { },
      "parameters" : { },
      "propertiesMetadata" : {
        "metadata" : { }
      },
      "parametersMetadata" : {
        "metadata" : { }
      }
    }, {
      "majorSchemaVersion" : 3,
      "name" : "RiskManagement-html5-repo-host",
      "properties" : { },
      "parameters" : {
        "config" : {
          "HTML5Runtime_enabled" : true
        },
        "content-target" : true
      },
      "propertiesMetadata" : {
        "metadata" : { }
      },
      "parametersMetadata" : {
        "metadata" : { }
      }
    } ],
    "providedDependencies" : [ {
      "majorSchemaVersion" : 3,
      "name" : "RiskManagement-app-deployer",
      "isPublic" : false,
      "properties" : { },
      "parameters" : { },
      "propertiesMetadata" : {
        "metadata" : { }
      },
      "parametersMetadata" : {
        "metadata" : { }
      }
    } ],
    "propertiesMetadata" : {
      "metadata" : { }
    },
    "parametersMetadata" : {
      "metadata" : { }
    },
    "hooks" : [ ]
  }, {
    "majorSchemaVersion" : 3,
    "name" : "RiskManagement-destinations",
    "type" : "com.sap.application.content",
    "properties" : { },
    "parameters" : {
      "default-url" : "https://47a58eedtrial-dev-riskmanagement-destinations.cfapps.us10-001.hana.ondemand.com",
      "default-app-name" : "RiskManagement-destinations",
      "generated-password" : "********",
      "default-live-url" : "https://47a58eedtrial-dev-riskmanagement-destinations.cfapps.us10-001.hana.ondemand.com",
      "default-uri" : "47a58eedtrial-dev-riskmanagement-destinations.cfapps.us10-001.hana.ondemand.com",
      "default-instances" : 1,
      "default-live-host" : "47a58eedtrial-dev-riskmanagement-destinations",
      "instances" : 1,
      "default-host" : "47a58eedtrial-dev-riskmanagement-destinations",
      "content" : {
        "instance" : {
          "destinations" : [ {
            "Name" : "RiskManagement-html5-repository",
            "ServiceInstanceName" : "RiskManagement-html5-repo-host",
            "ServiceKeyName" : "********",
            "sap.cloud.service" : "RiskManagement.service"
          }, {
            "Authentication" : "********",
            "Name" : "********",
            "ServiceInstanceName" : "********",
            "ServiceKeyName" : "********",
            "sap.cloud.service" : "RiskManagement.service"
          } ],
          "existing_destinations_policy" : "update"
        }
      },
      "app-name" : "RiskManagement-destinations",
      "default-live-uri" : "47a58eedtrial-dev-riskmanagement-destinations.cfapps.us10-001.hana.ondemand.com",
      "protocol" : "https",
      "default-live-app-name" : "RiskManagement-destinations",
      "default-live-domain" : "cfapps.us10-001.hana.ondemand.com",
      "domain" : "cfapps.us10-001.hana.ondemand.com",
      "host" : "47a58eedtrial-dev-riskmanagement-destinations",
      "generated-user" : "********"
    },
    "requiredDependencies" : [ {
      "majorSchemaVersion" : 3,
      "name" : "********",
      "properties" : { },
      "parameters" : {
        "service-key" : "********"
      },
      "propertiesMetadata" : {
        "metadata" : { }
      },
      "parametersMetadata" : {
        "metadata" : { }
      }
    }, {
      "majorSchemaVersion" : 3,
      "name" : "RiskManagement-html5-repo-host",
      "properties" : { },
      "parameters" : {
        "service-key" : "********"
      },
      "propertiesMetadata" : {
        "metadata" : { }
      },
      "parametersMetadata" : {
        "metadata" : { }
      }
    }, {
      "majorSchemaVersion" : 3,
      "name" : "srv-api",
      "properties" : { },
      "parameters" : { },
      "propertiesMetadata" : {
        "metadata" : { }
      },
      "parametersMetadata" : {
        "metadata" : { }
      }
    }, {
      "majorSchemaVersion" : 3,
      "name" : "RiskManagement-destination",
      "properties" : { },
      "parameters" : {
        "content-target" : true
      },
      "propertiesMetadata" : {
        "metadata" : { }
      },
      "parametersMetadata" : {
        "metadata" : { }
      }
    } ],
    "providedDependencies" : [ {
      "majorSchemaVersion" : 3,
      "name" : "RiskManagement-destinations",
      "isPublic" : false,
      "properties" : { },
      "parameters" : { },
      "propertiesMetadata" : {
        "metadata" : { }
      },
      "parametersMetadata" : {
        "metadata" : { }
      }
    } ],
    "propertiesMetadata" : {
      "metadata" : { }
    },
    "parametersMetadata" : {
      "metadata" : { }
    },
    "hooks" : [ ]
  } ],
  "resources" : [ {
    "majorSchemaVersion" : 3,
    "name" : "RiskManagement-db",
    "type" : "com.sap.xs.hdi-container",
    "properties" : { },
    "parameters" : {
      "generated-password" : "********",
      "service-name" : "RiskManagement-db",
      "service-plan" : "hdi-shared",
      "service" : "hana",
      "generated-user" : "********",
      "default-xsappname" : "RiskManagement-db",
      "type" : "managed-service",
      "default-service-name" : "RiskManagement-db",
      "default-container-name" : "47A58EEDTRIAL_DEV_RISKMANAGEMENT_DB"
    },
    "isActive" : true,
    "isOptional" : false,
    "propertiesMetadata" : {
      "metadata" : { }
    },
    "parametersMetadata" : {
      "metadata" : { }
    },
    "requiredDependencies" : [ ],
    "processedAfter" : [ ]
  }, {
    "majorSchemaVersion" : 3,
    "name" : "RiskManagement-destination",
    "type" : "org.cloudfoundry.managed-service",
    "properties" : { },
    "parameters" : {
      "generated-password" : "********",
      "service-name" : "RiskManagement-destination",
      "service-plan" : "lite",
      "service" : "destination",
      "generated-user" : "********",
      "default-xsappname" : "RiskManagement-destination",
      "type" : "managed-service",
      "config" : {
        "HTML5Runtime_enabled" : true,
        "init_data" : {
          "instance" : {
            "destinations" : [ {
              "Authentication" : "********",
              "DynamicDestination" : true,
              "ForwardAuthToken" : "********",
              "Name" : "srv-api",
              "ProxyType" : "Internet",
              "Type" : "HTTP",
              "URL" : "https://47a58eedtrial-dev-riskmanagement-srv.cfapps.us10-001.hana.ondemand.com"
            } ],
            "existing_destinations_policy" : "update"
          }
        }
      },
      "default-service-name" : "RiskManagement-destination",
      "default-container-name" : "47A58EEDTRIAL_DEV_RISKMANAGEMENT_DESTINATION"
    },
    "isActive" : true,
    "isOptional" : false,
    "propertiesMetadata" : {
      "metadata" : { }
    },
    "parametersMetadata" : {
      "metadata" : { }
    },
    "requiredDependencies" : [ {
      "majorSchemaVersion" : 3,
      "name" : "srv-api",
      "properties" : { },
      "parameters" : { },
      "propertiesMetadata" : {
        "metadata" : { }
      },
      "parametersMetadata" : {
        "metadata" : { }
      }
    } ],
    "processedAfter" : [ ]
  }, {
    "majorSchemaVersion" : 3,
    "name" : "********",
    "type" : "org.cloudfoundry.managed-service",
    "properties" : { },
    "parameters" : {
      "generated-password" : "********",
      "path" : "./xs-security.json",
      "service-name" : "********",
      "service-plan" : "application",
      "service" : "xsuaa",
      "generated-user" : "********",
      "default-xsappname" : "********",
      "type" : "managed-service",
      "config" : {
        "oauth2-configuration" : "********",
        "role-collections" : [ {
          "description" : "generated",
          "name" : "RiskViewer (RiskManagement 47a58eedtrial-dev)",
          "role-template-references" : [ "$XSAPPNAME.RiskViewer" ]
        }, {
          "description" : "generated",
          "name" : "RiskManager (RiskManagement 47a58eedtrial-dev)",
          "role-template-references" : [ "$XSAPPNAME.RiskManager" ]
        } ],
        "tenant-mode" : "dedicated",
        "xsappname" : "RiskManagement-47a58eedtrial-dev"
      },
      "default-service-name" : "********",
      "default-container-name" : "********"
    },
    "isActive" : true,
    "isOptional" : false,
    "propertiesMetadata" : {
      "metadata" : { }
    },
    "parametersMetadata" : {
      "metadata" : { }
    },
    "requiredDependencies" : [ ],
    "processedAfter" : [ ]
  }, {
    "majorSchemaVersion" : 3,
    "name" : "RiskManagement-html5-repo-host",
    "type" : "org.cloudfoundry.managed-service",
    "properties" : { },
    "parameters" : {
      "generated-password" : "********",
      "service-name" : "RiskManagement-html5-repo-host",
      "service-plan" : "app-host",
      "service" : "html5-apps-repo",
      "generated-user" : "********",
      "default-xsappname" : "RiskManagement-html5-repo-host",
      "type" : "managed-service",
      "default-service-name" : "RiskManagement-html5-repo-host",
      "default-container-name" : "47A58EEDTRIAL_DEV_RISKMANAGEMENT_HTML5_REPO_HOST"
    },
    "isActive" : true,
    "isOptional" : false,
    "propertiesMetadata" : {
      "metadata" : { }
    },
    "parametersMetadata" : {
      "metadata" : { }
    },
    "requiredDependencies" : [ ],
    "processedAfter" : [ ]
  } ],
  "parameters" : {
    "deploy_mode" : "html5-repo",
    "mta-id" : "RiskManagement",
    "authorization-url" : "********",
    "org-guid" : "d7a02038-bfb6-4965-9398-981fd602b71e",
    "org" : "47a58eedtrial",
    "deploy-target" : "47a58eedtrial dev",
    "enable-parallel-deployments" : true,
    "region-primary-domain" : "us10.hana.ondemand.com",
    "space" : "dev",
    "region-domain" : "us10-001.hana.ondemand.com",
    "xs-api-url" : "https://api.cf.us10-001.hana.ondemand.com",
    "deploy-url" : "deploy-service.cfapps.us10-001.hana.ondemand.com",
    "xs-type" : "CF",
    "default-domain" : "cfapps.us10-001.hana.ondemand.com",
    "mta-version" : "1.0.0",
    "xs-auth-url" : "********",
    "space-guid" : "b1534f58-8387-42a5-8ece-809300958c1c",
    "user" : "********",
    "controller-url" : "https://api.cf.us10-001.hana.ondemand.com",
    "timestamp" : "20260917191732"
  },
  "parametersMetadata" : {
    "metadata" : { }
  }
}#
#2026 09 17 19:17:49.255#Z#DEBUG#6e95f57f-b2cc-11f1-b461-eeee0a8dc34e.OPERATION#flowable-async-job-executor-thread-14981#
[ProcessDescriptorStep] Merged descriptor properties and parameters resolved#
#2026 09 17 19:17:49.255#Z#DEBUG#6e95f57f-b2cc-11f1-b461-eeee0a8dc34e.OPERATION#flowable-async-job-executor-thread-14981#
Step "Re-Process Descriptor Step" finished#
#2026 09 17 19:17:49.273#Z#DEBUG#6e95f57f-b2cc-11f1-b461-eeee0a8dc34e.OPERATION#flowable-async-job-executor-thread-14981#
[BuildApplicationDeployModelStep] Executing task "buildApplicationDeployModelTask" of process "789d4165-b2cc-11f1-83a5-eeee0a80e404"...#
#2026 09 17 19:17:49.274#Z#DEBUG#6e95f57f-b2cc-11f1-b461-eeee0a8dc34e.OPERATION#flowable-async-job-executor-thread-14981#
[BuildApplicationDeployModelStep] Building cloud deployment model for application "RiskManagement-db-deployer"...#
#2026 09 17 19:17:49.280#Z#DEBUG#6e95f57f-b2cc-11f1-b461-eeee0a8dc34e.OPERATION#flowable-async-job-executor-thread-14981#
[BuildApplicationDeployModelStep] No health-check-type is specified. Setting default type: port#
#2026 09 17 19:17:49.281#Z#INFO#6e95f57f-b2cc-11f1-b461-eeee0a8dc34e.OPERATION#flowable-async-job-executor-thread-14981#
[BuildApplicationDeployModelStep] Building configuration entries for org 47a58eedtrial, space dev, spaceId b1534f58-8387-42a5-8ece-809300958c1c and namespace null!#
#2026 09 17 19:17:49.281#Z#DEBUG#6e95f57f-b2cc-11f1-b461-eeee0a8dc34e.OPERATION#flowable-async-job-executor-thread-14981#
[BuildApplicationDeployModelStep] Configuration entries to publish: [ ]#
#2026 09 17 19:17:49.281#Z#DEBUG#6e95f57f-b2cc-11f1-b461-eeee0a8dc34e.OPERATION#flowable-async-job-executor-thread-14981#
[BuildApplicationDeployModelStep] Cloud deployment model for application built#
#2026 09 17 19:17:49.281#Z#DEBUG#6e95f57f-b2cc-11f1-b461-eeee0a8dc34e.OPERATION#flowable-async-job-executor-thread-14981#
Step "Build Application Deploy Model" finished#
#2026 09 17 19:17:49.306#Z#DEBUG#6e95f57f-b2cc-11f1-b461-eeee0a8dc34e.OPERATION#flowable-async-job-executor-thread-14981#
[CreateOrUpdateAppStep] Executing task "createAppTask" of process "789d4165-b2cc-11f1-83a5-eeee0a80e404"...#
#2026 09 17 19:17:49.307#Z#DEBUG#6e95f57f-b2cc-11f1-b461-eeee0a8dc34e.OPERATION#flowable-async-job-executor-thread-14981#
[CreateOrUpdateAppStep] Getting application "RiskManagement-db-deployer"...#
#2026 09 17 19:17:49.328#Z#INFO#6e95f57f-b2cc-11f1-b461-eeee0a8dc34e.OPERATION#flowable-async-job-executor-thread-14981#
[CreateOrUpdateAppStep] Updating application "RiskManagement-db-deployer"...#
#2026 09 17 19:17:49.332#Z#DEBUG#6e95f57f-b2cc-11f1-b461-eeee0a8dc34e.OPERATION#flowable-async-job-executor-thread-14981#
[CreateOrUpdateAppStep] Getting process for application "76809f69-5d0f-479d-b97f-483792bc86a1"...#
#2026 09 17 19:17:49.366#Z#DEBUG#6e95f57f-b2cc-11f1-b461-eeee0a8dc34e.OPERATION#flowable-async-job-executor-thread-14981#
[CreateOrUpdateAppStep] Getting routes for application "76809f69-5d0f-479d-b97f-483792bc86a1"...#
#2026 09 17 19:17:49.393#Z#DEBUG#6e95f57f-b2cc-11f1-b461-eeee0a8dc34e.OPERATION#flowable-async-job-executor-thread-14981#
[CreateOrUpdateAppStep] Getting features for application "76809f69-5d0f-479d-b97f-483792bc86a1"#
#2026 09 17 19:17:49.415#Z#DEBUG#6e95f57f-b2cc-11f1-b461-eeee0a8dc34e.OPERATION#flowable-async-job-executor-thread-14981#
[CreateOrUpdateAppStep] Updating staging of application "RiskManagement-db-deployer" to: {
  "buildpacks" : [ "nodejs_buildpack" ],
  "healthCheckType" : "port",
  "appFeatures" : { }
}#
#2026 09 17 19:17:49.601#Z#DEBUG#6e95f57f-b2cc-11f1-b461-eeee0a8dc34e.OPERATION#flowable-async-job-executor-thread-14981#
[CreateOrUpdateAppStep] Application "RiskManagement-db-deployer" updated#
#2026 09 17 19:17:49.601#Z#DEBUG#6e95f57f-b2cc-11f1-b461-eeee0a8dc34e.OPERATION#flowable-async-job-executor-thread-14981#
[CreateOrUpdateAppStep] Getting environment of application "76809f69-5d0f-479d-b97f-483792bc86a1"...#
#2026 09 17 19:17:49.663#Z#DEBUG#6e95f57f-b2cc-11f1-b461-eeee0a8dc34e.OPERATION#flowable-async-job-executor-thread-14981#
[CreateOrUpdateAppStep] Application "RiskManagement-db-deployer" updated#
#2026 09 17 19:17:49.663#Z#DEBUG#6e95f57f-b2cc-11f1-b461-eeee0a8dc34e.OPERATION#flowable-async-job-executor-thread-14981#
Step "Create App" finished#
#2026 09 17 19:17:49.954#Z#DEBUG#6e95f57f-b2cc-11f1-b461-eeee0a8dc34e.OPERATION#flowable-async-job-executor-thread-14981#
[CheckServiceBindingOperationStep] Executing task "checkForServiceBindingOperationInProgress" of process "790acfbc-b2cc-11f1-83a5-eeee0a80e404"...#
#2026 09 17 19:17:49.954#Z#DEBUG#6e95f57f-b2cc-11f1-b461-eeee0a8dc34e.OPERATION#flowable-async-job-executor-thread-14981#
[CheckServiceBindingOperationStep] Checking for service binding operation in progress between app "RiskManagement-db-deployer" and service instance "RiskManagement-db"#
#2026 09 17 19:17:49.954#Z#DEBUG#6e95f57f-b2cc-11f1-b461-eeee0a8dc34e.OPERATION#flowable-async-job-executor-thread-14981#
[CheckServiceBindingOperationStep] Getting application guid "RiskManagement-db-deployer"...#
#2026 09 17 19:17:49.984#Z#DEBUG#6e95f57f-b2cc-11f1-b461-eeee0a8dc34e.OPERATION#flowable-async-job-executor-thread-14981#
[CheckServiceBindingOperationStep] Getting GUID of required service instance "RiskManagement-db"...#
#2026 09 17 19:17:50.032#Z#DEBUG#6e95f57f-b2cc-11f1-b461-eeee0a8dc34e.OPERATION#flowable-async-job-executor-thread-14981#
[CheckServiceBindingOperationStep] Getting binding of service instance "c4d68c74-0549-4fb0-a05c-774f236fc356" with application "76809f69-5d0f-479d-b97f-483792bc86a1"...#
#2026 09 17 19:17:50.070#Z#DEBUG#6e95f57f-b2cc-11f1-b461-eeee0a8dc34e.OPERATION#flowable-async-job-executor-thread-14981#
[CheckServiceBindingOperationStep] Service binding operation "3b7f09da-e539-4e9d-bd8e-b508850b3e2c" with type "create" is in state "succeeded"#
#2026 09 17 19:17:50.070#Z#DEBUG#6e95f57f-b2cc-11f1-b461-eeee0a8dc34e.OPERATION#flowable-async-job-executor-thread-14981#
Step "Check For Service Binding Operation In Progress" finished#
#2026 09 17 19:17:50.379#Z#DEBUG#6e95f57f-b2cc-11f1-b461-eeee0a8dc34e.OPERATION#flowable-async-job-executor-thread-11192#
[ProcessDescriptorStep] Executing task "reprocessDescriptorTask" of process "7947b1ad-b2cc-11f1-b461-eeee0a8dc34e"...#
#2026 09 17 19:17:50.380#Z#DEBUG#6e95f57f-b2cc-11f1-b461-eeee0a8dc34e.OPERATION#flowable-async-job-executor-thread-11192#
[ProcessDescriptorStep] Resolving properties and parameters in merged descriptor...#
#2026 09 17 19:17:50.384#Z#DEBUG#6e95f57f-b2cc-11f1-b461-eeee0a8dc34e.OPERATION#flowable-async-job-executor-thread-11192#
[ProcessDescriptorStep] Subscriptions: [ ]#
#2026 09 17 19:17:50.391#Z#DEBUG#6e95f57f-b2cc-11f1-b461-eeee0a8dc34e.OPERATION#flowable-async-job-executor-thread-11192#
[ProcessDescriptorStep] MTA modules: [RiskManagement-destinations, RiskManagement-srv, RiskManagement-db-deployer, RiskManagement-app-deployer]#
#2026 09 17 19:17:50.395#Z#DEBUG#6e95f57f-b2cc-11f1-b461-eeee0a8dc34e.OPERATION#flowable-async-job-executor-thread-11192#
[ProcessDescriptorStep] Resolved deployment descriptor: {
  "majorSchemaVersion" : 3,
  "schemaVersion" : "3.3.0",
  "id" : "RiskManagement",
  "version" : "1.0.0",
  "modules" : [ {
    "majorSchemaVersion" : 3,
    "name" : "RiskManagement-srv",
    "type" : "javascript.nodejs",
    "path" : "RiskManagement-srv",
    "properties" : { },
    "parameters" : {
      "default-url" : "https://47a58eedtrial-dev-riskmanagement-srv.cfapps.us10-001.hana.ondemand.com",
      "default-app-name" : "RiskManagement-srv",
      "generated-password" : "********",
      "default-live-url" : "https://47a58eedtrial-dev-riskmanagement-srv.cfapps.us10-001.hana.ondemand.com",
      "default-uri" : "47a58eedtrial-dev-riskmanagement-srv.cfapps.us10-001.hana.ondemand.com",
      "default-instances" : 1,
      "default-live-host" : "47a58eedtrial-dev-riskmanagement-srv",
      "instances" : 1,
      "buildpack" : "nodejs_buildpack",
      "default-host" : "47a58eedtrial-dev-riskmanagement-srv",
      "app-name" : "RiskManagement-srv",
      "default-live-uri" : "47a58eedtrial-dev-riskmanagement-srv.cfapps.us10-001.hana.ondemand.com",
      "protocol" : "https",
      "default-live-app-name" : "RiskManagement-srv",
      "default-live-domain" : "cfapps.us10-001.hana.ondemand.com",
      "domain" : "cfapps.us10-001.hana.ondemand.com",
      "host" : "47a58eedtrial-dev-riskmanagement-srv",
      "generated-user" : "********"
    },
    "requiredDependencies" : [ {
      "majorSchemaVersion" : 3,
      "name" : "RiskManagement-db",
      "properties" : { },
      "parameters" : { },
      "propertiesMetadata" : {
        "metadata" : { }
      },
      "parametersMetadata" : {
        "metadata" : { }
      }
    }, {
      "majorSchemaVersion" : 3,
      "name" : "RiskManagement-destination",
      "properties" : { },
      "parameters" : { },
      "propertiesMetadata" : {
        "metadata" : { }
      },
      "parametersMetadata" : {
        "metadata" : { }
      }
    }, {
      "majorSchemaVersion" : 3,
      "name" : "********",
      "properties" : { },
      "parameters" : { },
      "propertiesMetadata" : {
        "metadata" : { }
      },
      "parametersMetadata" : {
        "metadata" : { }
      }
    } ],
    "providedDependencies" : [ {
      "majorSchemaVersion" : 3,
      "name" : "srv-api",
      "isPublic" : false,
      "properties" : {
        "srv-url" : "https://47a58eedtrial-dev-riskmanagement-srv.cfapps.us10-001.hana.ondemand.com"
      },
      "parameters" : { },
      "propertiesMetadata" : {
        "metadata" : { }
      },
      "parametersMetadata" : {
        "metadata" : { }
      }
    }, {
      "majorSchemaVersion" : 3,
      "name" : "RiskManagement-srv",
      "isPublic" : false,
      "properties" : { },
      "parameters" : { },
      "propertiesMetadata" : {
        "metadata" : { }
      },
      "parametersMetadata" : {
        "metadata" : { }
      }
    } ],
    "propertiesMetadata" : {
      "metadata" : { }
    },
    "parametersMetadata" : {
      "metadata" : { }
    },
    "hooks" : [ ]
  }, {
    "majorSchemaVersion" : 3,
    "name" : "RiskManagement-db-deployer",
    "type" : "com.sap.xs.hdi",
    "path" : "RiskManagement-db-deployer",
    "properties" : {
      "EXIT" : 1
    },
    "parameters" : {
      "default-url" : "https://47a58eedtrial-dev-riskmanagement-db-deployer.cfapps.us10-001.hana.ondemand.com",
      "default-app-name" : "RiskManagement-db-deployer",
      "generated-password" : "********",
      "default-live-url" : "https://47a58eedtrial-dev-riskmanagement-db-deployer.cfapps.us10-001.hana.ondemand.com",
      "default-uri" : "47a58eedtrial-dev-riskmanagement-db-deployer.cfapps.us10-001.hana.ondemand.com",
      "memory" : "256M",
      "default-instances" : 1,
      "no-route" : true,
      "default-live-host" : "47a58eedtrial-dev-riskmanagement-db-deployer",
      "instances" : 1,
      "buildpack" : "nodejs_buildpack",
      "default-host" : "47a58eedtrial-dev-riskmanagement-db-deployer",
      "app-name" : "RiskManagement-db-deployer",
      "default-live-uri" : "47a58eedtrial-dev-riskmanagement-db-deployer.cfapps.us10-001.hana.ondemand.com",
      "protocol" : "https",
      "default-live-app-name" : "RiskManagement-db-deployer",
      "default-live-domain" : "cfapps.us10-001.hana.ondemand.com",
      "dependency-type" : "hard",
      "domain" : "cfapps.us10-001.hana.ondemand.com",
      "host" : "47a58eedtrial-dev-riskmanagement-db-deployer",
      "generated-user" : "********",
      "tasks" : [ {
        "command" : "npm start",
        "memory" : "256M",
        "name" : "deploy"
      } ],
      "no-start" : true
    },
    "requiredDependencies" : [ {
      "majorSchemaVersion" : 3,
      "name" : "RiskManagement-db",
      "properties" : { },
      "parameters" : { },
      "propertiesMetadata" : {
        "metadata" : { }
      },
      "parametersMetadata" : {
        "metadata" : { }
      }
    } ],
    "providedDependencies" : [ {
      "majorSchemaVersion" : 3,
      "name" : "RiskManagement-db-deployer",
      "isPublic" : false,
      "properties" : { },
      "parameters" : { },
      "propertiesMetadata" : {
        "metadata" : { }
      },
      "parametersMetadata" : {
        "metadata" : { }
      }
    } ],
    "propertiesMetadata" : {
      "metadata" : { }
    },
    "parametersMetadata" : {
      "metadata" : { }
    },
    "hooks" : [ ]
  }, {
    "majorSchemaVersion" : 3,
    "name" : "RiskManagement-app-deployer",
    "type" : "com.sap.application.content",
    "path" : "RiskManagement-app-deployer",
    "properties" : { },
    "parameters" : {
      "default-url" : "https://47a58eedtrial-dev-riskmanagement-app-deployer.cfapps.us10-001.hana.ondemand.com",
      "default-app-name" : "RiskManagement-app-deployer",
      "generated-password" : "********",
      "default-live-url" : "https://47a58eedtrial-dev-riskmanagement-app-deployer.cfapps.us10-001.hana.ondemand.com",
      "default-uri" : "47a58eedtrial-dev-riskmanagement-app-deployer.cfapps.us10-001.hana.ondemand.com",
      "default-instances" : 1,
      "default-live-host" : "47a58eedtrial-dev-riskmanagement-app-deployer",
      "instances" : 1,
      "default-host" : "47a58eedtrial-dev-riskmanagement-app-deployer",
      "app-name" : "RiskManagement-app-deployer",
      "default-live-uri" : "47a58eedtrial-dev-riskmanagement-app-deployer.cfapps.us10-001.hana.ondemand.com",
      "protocol" : "https",
      "default-live-app-name" : "RiskManagement-app-deployer",
      "default-live-domain" : "cfapps.us10-001.hana.ondemand.com",
      "domain" : "cfapps.us10-001.hana.ondemand.com",
      "host" : "47a58eedtrial-dev-riskmanagement-app-deployer",
      "generated-user" : "********",
      "config" : {
        "destinations" : [ {
          "Authentication" : "********",
          "DynamicDestination" : true,
          "ForwardAuthToken" : "********",
          "Name" : "srv-api",
          "ProxyType" : "Internet",
          "Type" : "HTTP",
          "URL" : "https://47a58eedtrial-dev-riskmanagement-srv.cfapps.us10-001.hana.ondemand.com"
        } ]
      }
    },
    "requiredDependencies" : [ {
      "majorSchemaVersion" : 3,
      "name" : "********",
      "properties" : { },
      "parameters" : { },
      "propertiesMetadata" : {
        "metadata" : { }
      },
      "parametersMetadata" : {
        "metadata" : { }
      }
    }, {
      "majorSchemaVersion" : 3,
      "name" : "srv-api",
      "properties" : { },
      "parameters" : { },
      "propertiesMetadata" : {
        "metadata" : { }
      },
      "parametersMetadata" : {
        "metadata" : { }
      }
    }, {
      "majorSchemaVersion" : 3,
      "name" : "RiskManagement-html5-repo-host",
      "properties" : { },
      "parameters" : {
        "config" : {
          "HTML5Runtime_enabled" : true
        },
        "content-target" : true
      },
      "propertiesMetadata" : {
        "metadata" : { }
      },
      "parametersMetadata" : {
        "metadata" : { }
      }
    } ],
    "providedDependencies" : [ {
      "majorSchemaVersion" : 3,
      "name" : "RiskManagement-app-deployer",
      "isPublic" : false,
      "properties" : { },
      "parameters" : { },
      "propertiesMetadata" : {
        "metadata" : { }
      },
      "parametersMetadata" : {
        "metadata" : { }
      }
    } ],
    "propertiesMetadata" : {
      "metadata" : { }
    },
    "parametersMetadata" : {
      "metadata" : { }
    },
    "hooks" : [ ]
  }, {
    "majorSchemaVersion" : 3,
    "name" : "RiskManagement-destinations",
    "type" : "com.sap.application.content",
    "properties" : { },
    "parameters" : {
      "default-url" : "https://47a58eedtrial-dev-riskmanagement-destinations.cfapps.us10-001.hana.ondemand.com",
      "default-app-name" : "RiskManagement-destinations",
      "generated-password" : "********",
      "default-live-url" : "https://47a58eedtrial-dev-riskmanagement-destinations.cfapps.us10-001.hana.ondemand.com",
      "default-uri" : "47a58eedtrial-dev-riskmanagement-destinations.cfapps.us10-001.hana.ondemand.com",
      "default-instances" : 1,
      "default-live-host" : "47a58eedtrial-dev-riskmanagement-destinations",
      "instances" : 1,
      "default-host" : "47a58eedtrial-dev-riskmanagement-destinations",
      "content" : {
        "instance" : {
          "destinations" : [ {
            "Name" : "RiskManagement-html5-repository",
            "ServiceInstanceName" : "RiskManagement-html5-repo-host",
            "ServiceKeyName" : "********",
            "sap.cloud.service" : "RiskManagement.service"
          }, {
            "Authentication" : "********",
            "Name" : "********",
            "ServiceInstanceName" : "********",
            "ServiceKeyName" : "********",
            "sap.cloud.service" : "RiskManagement.service"
          } ],
          "existing_destinations_policy" : "update"
        }
      },
      "app-name" : "RiskManagement-destinations",
      "default-live-uri" : "47a58eedtrial-dev-riskmanagement-destinations.cfapps.us10-001.hana.ondemand.com",
      "protocol" : "https",
      "default-live-app-name" : "RiskManagement-destinations",
      "default-live-domain" : "cfapps.us10-001.hana.ondemand.com",
      "domain" : "cfapps.us10-001.hana.ondemand.com",
      "host" : "47a58eedtrial-dev-riskmanagement-destinations",
      "generated-user" : "********"
    },
    "requiredDependencies" : [ {
      "majorSchemaVersion" : 3,
      "name" : "********",
      "properties" : { },
      "parameters" : {
        "service-key" : "********"
      },
      "propertiesMetadata" : {
        "metadata" : { }
      },
      "parametersMetadata" : {
        "metadata" : { }
      }
    }, {
      "majorSchemaVersion" : 3,
      "name" : "RiskManagement-html5-repo-host",
      "properties" : { },
      "parameters" : {
        "service-key" : "********"
      },
      "propertiesMetadata" : {
        "metadata" : { }
      },
      "parametersMetadata" : {
        "metadata" : { }
      }
    }, {
      "majorSchemaVersion" : 3,
      "name" : "srv-api",
      "properties" : { },
      "parameters" : { },
      "propertiesMetadata" : {
        "metadata" : { }
      },
      "parametersMetadata" : {
        "metadata" : { }
      }
    }, {
      "majorSchemaVersion" : 3,
      "name" : "RiskManagement-destination",
      "properties" : { },
      "parameters" : {
        "content-target" : true
      },
      "propertiesMetadata" : {
        "metadata" : { }
      },
      "parametersMetadata" : {
        "metadata" : { }
      }
    } ],
    "providedDependencies" : [ {
      "majorSchemaVersion" : 3,
      "name" : "RiskManagement-destinations",
      "isPublic" : false,
      "properties" : { },
      "parameters" : { },
      "propertiesMetadata" : {
        "metadata" : { }
      },
      "parametersMetadata" : {
        "metadata" : { }
      }
    } ],
    "propertiesMetadata" : {
      "metadata" : { }
    },
    "parametersMetadata" : {
      "metadata" : { }
    },
    "hooks" : [ ]
  } ],
  "resources" : [ {
    "majorSchemaVersion" : 3,
    "name" : "RiskManagement-db",
    "type" : "com.sap.xs.hdi-container",
    "properties" : { },
    "parameters" : {
      "generated-password" : "********",
      "service-name" : "RiskManagement-db",
      "service-plan" : "hdi-shared",
      "service" : "hana",
      "generated-user" : "********",
      "default-xsappname" : "RiskManagement-db",
      "type" : "managed-service",
      "default-service-name" : "RiskManagement-db",
      "default-container-name" : "47A58EEDTRIAL_DEV_RISKMANAGEMENT_DB"
    },
    "isActive" : true,
    "isOptional" : false,
    "propertiesMetadata" : {
      "metadata" : { }
    },
    "parametersMetadata" : {
      "metadata" : { }
    },
    "requiredDependencies" : [ ],
    "processedAfter" : [ ]
  }, {
    "majorSchemaVersion" : 3,
    "name" : "RiskManagement-destination",
    "type" : "org.cloudfoundry.managed-service",
    "properties" : { },
    "parameters" : {
      "generated-password" : "********",
      "service-name" : "RiskManagement-destination",
      "service-plan" : "lite",
      "service" : "destination",
      "generated-user" : "********",
      "default-xsappname" : "RiskManagement-destination",
      "type" : "managed-service",
      "config" : {
        "HTML5Runtime_enabled" : true,
        "init_data" : {
          "instance" : {
            "destinations" : [ {
              "Authentication" : "********",
              "DynamicDestination" : true,
              "ForwardAuthToken" : "********",
              "Name" : "srv-api",
              "ProxyType" : "Internet",
              "Type" : "HTTP",
              "URL" : "https://47a58eedtrial-dev-riskmanagement-srv.cfapps.us10-001.hana.ondemand.com"
            } ],
            "existing_destinations_policy" : "update"
          }
        }
      },
      "default-service-name" : "RiskManagement-destination",
      "default-container-name" : "47A58EEDTRIAL_DEV_RISKMANAGEMENT_DESTINATION"
    },
    "isActive" : true,
    "isOptional" : false,
    "propertiesMetadata" : {
      "metadata" : { }
    },
    "parametersMetadata" : {
      "metadata" : { }
    },
    "requiredDependencies" : [ {
      "majorSchemaVersion" : 3,
      "name" : "srv-api",
      "properties" : { },
      "parameters" : { },
      "propertiesMetadata" : {
        "metadata" : { }
      },
      "parametersMetadata" : {
        "metadata" : { }
      }
    } ],
    "processedAfter" : [ ]
  }, {
    "majorSchemaVersion" : 3,
    "name" : "********",
    "type" : "org.cloudfoundry.managed-service",
    "properties" : { },
    "parameters" : {
      "generated-password" : "********",
      "path" : "./xs-security.json",
      "service-name" : "********",
      "service-plan" : "application",
      "service" : "xsuaa",
      "generated-user" : "********",
      "default-xsappname" : "********",
      "type" : "managed-service",
      "config" : {
        "oauth2-configuration" : "********",
        "role-collections" : [ {
          "description" : "generated",
          "name" : "RiskViewer (RiskManagement 47a58eedtrial-dev)",
          "role-template-references" : [ "$XSAPPNAME.RiskViewer" ]
        }, {
          "description" : "generated",
          "name" : "RiskManager (RiskManagement 47a58eedtrial-dev)",
          "role-template-references" : [ "$XSAPPNAME.RiskManager" ]
        } ],
        "tenant-mode" : "dedicated",
        "xsappname" : "RiskManagement-47a58eedtrial-dev"
      },
      "default-service-name" : "********",
      "default-container-name" : "********"
    },
    "isActive" : true,
    "isOptional" : false,
    "propertiesMetadata" : {
      "metadata" : { }
    },
    "parametersMetadata" : {
      "metadata" : { }
    },
    "requiredDependencies" : [ ],
    "processedAfter" : [ ]
  }, {
    "majorSchemaVersion" : 3,
    "name" : "RiskManagement-html5-repo-host",
    "type" : "org.cloudfoundry.managed-service",
    "properties" : { },
    "parameters" : {
      "generated-password" : "********",
      "service-name" : "RiskManagement-html5-repo-host",
      "service-plan" : "app-host",
      "service" : "html5-apps-repo",
      "generated-user" : "********",
      "default-xsappname" : "RiskManagement-html5-repo-host",
      "type" : "managed-service",
      "default-service-name" : "RiskManagement-html5-repo-host",
      "default-container-name" : "47A58EEDTRIAL_DEV_RISKMANAGEMENT_HTML5_REPO_HOST"
    },
    "isActive" : true,
    "isOptional" : false,
    "propertiesMetadata" : {
      "metadata" : { }
    },
    "parametersMetadata" : {
      "metadata" : { }
    },
    "requiredDependencies" : [ ],
    "processedAfter" : [ ]
  } ],
  "parameters" : {
    "deploy_mode" : "html5-repo",
    "mta-id" : "RiskManagement",
    "authorization-url" : "********",
    "org-guid" : "d7a02038-bfb6-4965-9398-981fd602b71e",
    "org" : "47a58eedtrial",
    "deploy-target" : "47a58eedtrial dev",
    "enable-parallel-deployments" : true,
    "region-primary-domain" : "us10.hana.ondemand.com",
    "space" : "dev",
    "region-domain" : "us10-001.hana.ondemand.com",
    "xs-api-url" : "https://api.cf.us10-001.hana.ondemand.com",
    "deploy-url" : "deploy-service.cfapps.us10-001.hana.ondemand.com",
    "xs-type" : "CF",
    "default-domain" : "cfapps.us10-001.hana.ondemand.com",
    "mta-version" : "1.0.0",
    "xs-auth-url" : "********",
    "space-guid" : "b1534f58-8387-42a5-8ece-809300958c1c",
    "user" : "********",
    "controller-url" : "https://api.cf.us10-001.hana.ondemand.com",
    "timestamp" : "20260917191732"
  },
  "parametersMetadata" : {
    "metadata" : { }
  }
}#
#2026 09 17 19:17:50.395#Z#DEBUG#6e95f57f-b2cc-11f1-b461-eeee0a8dc34e.OPERATION#flowable-async-job-executor-thread-11192#
[ProcessDescriptorStep] Merged descriptor properties and parameters resolved#
#2026 09 17 19:17:50.395#Z#DEBUG#6e95f57f-b2cc-11f1-b461-eeee0a8dc34e.OPERATION#flowable-async-job-executor-thread-11192#
Step "Re-Process Descriptor Step" finished#
#2026 09 17 19:17:50.214#Z#DEBUG#6e95f57f-b2cc-11f1-b461-eeee0a8dc34e.OPERATION#flowable-async-job-executor-thread-13087#
[BuildContentDeploymentConfigurationStep] Executing task "buildContentDeploymentConfigurationTask" of process "793058e4-b2cc-11f1-8351-eeee0a81b52f"...#
#2026 09 17 19:17:50.222#Z#DEBUG#6e95f57f-b2cc-11f1-b461-eeee0a8dc34e.OPERATION#ForkJoinPool-264-worker-1#
[BuildContentDeploymentConfigurationStep] Getting service key "RiskManagement-app-deployer-RiskManagement-html5-repo-host-credentials" for service instance "RiskManagement-html5-repo-host"...#
#2026 09 17 19:17:50.222#Z#DEBUG#6e95f57f-b2cc-11f1-b461-eeee0a8dc34e.OPERATION#ForkJoinPool-264-worker-2#
[BuildContentDeploymentConfigurationStep] Getting service key "RiskManagement-app-deployer-RiskManagement-auth-credentials" for service instance "RiskManagement-auth"...#
#2026 09 17 19:17:50.385#Z#INFO#6e95f57f-b2cc-11f1-b461-eeee0a8dc34e.OPERATION#ForkJoinPool-264-worker-2#
[BuildContentDeploymentConfigurationStep] Service key "RiskManagement-app-deployer-RiskManagement-auth-credentials" for service "RiskManagement-auth" already exists#
#2026 09 17 19:17:50.413#Z#INFO#6e95f57f-b2cc-11f1-b461-eeee0a8dc34e.OPERATION#ForkJoinPool-264-worker-1#
[BuildContentDeploymentConfigurationStep] Service key "RiskManagement-app-deployer-RiskManagement-html5-repo-host-credentials" for service "RiskManagement-html5-repo-host" already exists#
#2026 09 17 19:17:50.417#Z#DEBUG#6e95f57f-b2cc-11f1-b461-eeee0a8dc34e.OPERATION#flowable-async-job-executor-thread-13087#
Step "Build Content Deployment Configuration" finished#
#2026 09 17 19:17:50.089#Z#DEBUG#6e95f57f-b2cc-11f1-b461-eeee0a8dc34e.OPERATION#flowable-async-job-executor-thread-14981#
[DetermineApplicationServiceBindingActionsStep] Executing task "determineApplicationServiceBindingActionsTask" of process "790acfbc-b2cc-11f1-83a5-eeee0a80e404"...#
#2026 09 17 19:17:50.090#Z#DEBUG#6e95f57f-b2cc-11f1-b461-eeee0a8dc34e.OPERATION#flowable-async-job-executor-thread-14981#
[DetermineApplicationServiceBindingActionsStep] Determine bind/unbind operations of application "RiskManagement-db-deployer" to service instance "RiskManagement-db"#
#2026 09 17 19:17:50.090#Z#DEBUG#6e95f57f-b2cc-11f1-b461-eeee0a8dc34e.OPERATION#flowable-async-job-executor-thread-14981#
[DetermineApplicationServiceBindingActionsStep] Getting application "RiskManagement-db-deployer"...#
#2026 09 17 19:17:50.116#Z#DEBUG#6e95f57f-b2cc-11f1-b461-eeee0a8dc34e.OPERATION#flowable-async-job-executor-thread-14981#
[DetermineApplicationServiceBindingActionsStep] Binding parameters for application "RiskManagement-db-deployer": { }#
#2026 09 17 19:17:50.158#Z#DEBUG#6e95f57f-b2cc-11f1-b461-eeee0a8dc34e.OPERATION#flowable-async-job-executor-thread-14981#
[DetermineApplicationServiceBindingActionsStep] Check should rebind application "RiskManagement-db-deployer" and service instance "RiskManagement-db"#
#2026 09 17 19:17:50.158#Z#DEBUG#6e95f57f-b2cc-11f1-b461-eeee0a8dc34e.OPERATION#flowable-async-job-executor-thread-14981#
[DetermineApplicationServiceBindingActionsStep] Getting GUID of required service instance "RiskManagement-db"...#
#2026 09 17 19:17:50.188#Z#DEBUG#6e95f57f-b2cc-11f1-b461-eeee0a8dc34e.OPERATION#flowable-async-job-executor-thread-14981#
[DetermineApplicationServiceBindingActionsStep] Getting binding of service instance "c4d68c74-0549-4fb0-a05c-774f236fc356" with application "76809f69-5d0f-479d-b97f-483792bc86a1"...#
#2026 09 17 19:17:50.219#Z#DEBUG#6e95f57f-b2cc-11f1-b461-eeee0a8dc34e.OPERATION#flowable-async-job-executor-thread-14981#
[DetermineApplicationServiceBindingActionsStep] Getting parameters of service binding "3b7f09da-e539-4e9d-bd8e-b508850b3e2c"...#
#2026 09 17 19:17:50.422#Z#INFO#6e95f57f-b2cc-11f1-b461-eeee0a8dc34e.OPERATION#flowable-async-job-executor-thread-14981#
[DetermineApplicationServiceBindingActionsStep] Service instance "RiskManagement-db" will not be rebound to application "RiskManagement-db-deployer" because the binding parameters are not modified#
#2026 09 17 19:17:50.425#Z#DEBUG#6e95f57f-b2cc-11f1-b461-eeee0a8dc34e.OPERATION#flowable-async-job-executor-thread-14981#
[DetermineApplicationServiceBindingActionsStep] Calculated binding operations between application "RiskManagement-db-deployer" and service instance "RiskManagement-db": unbind - false bind - false#
#2026 09 17 19:17:50.425#Z#DEBUG#6e95f57f-b2cc-11f1-b461-eeee0a8dc34e.OPERATION#flowable-async-job-executor-thread-14981#
Step "Determine Application Service Binding Actions" finished#
#2026 09 17 19:17:50.424#Z#DEBUG#6e95f57f-b2cc-11f1-b461-eeee0a8dc34e.OPERATION#flowable-async-job-executor-thread-11193#
[BuildApplicationDeployModelStep] Executing task "buildApplicationDeployModelTask" of process "7947b1ad-b2cc-11f1-b461-eeee0a8dc34e"...#
#2026 09 17 19:17:50.426#Z#DEBUG#6e95f57f-b2cc-11f1-b461-eeee0a8dc34e.OPERATION#flowable-async-job-executor-thread-11193#
[BuildApplicationDeployModelStep] Building cloud deployment model for application "RiskManagement-srv"...#
#2026 09 17 19:17:50.432#Z#DEBUG#6e95f57f-b2cc-11f1-b461-eeee0a8dc34e.OPERATION#flowable-async-job-executor-thread-11193#
[BuildApplicationDeployModelStep] No health-check-type is specified. Setting default type: port#
#2026 09 17 19:17:50.433#Z#INFO#6e95f57f-b2cc-11f1-b461-eeee0a8dc34e.OPERATION#flowable-async-job-executor-thread-11193#
[BuildApplicationDeployModelStep] Building configuration entries for org 47a58eedtrial, space dev, spaceId b1534f58-8387-42a5-8ece-809300958c1c and namespace null!#
#2026 09 17 19:17:50.434#Z#DEBUG#6e95f57f-b2cc-11f1-b461-eeee0a8dc34e.OPERATION#flowable-async-job-executor-thread-11193#
[BuildApplicationDeployModelStep] Configuration entries to publish: [ ]#
#2026 09 17 19:17:50.434#Z#DEBUG#6e95f57f-b2cc-11f1-b461-eeee0a8dc34e.OPERATION#flowable-async-job-executor-thread-11193#
[BuildApplicationDeployModelStep] Cloud deployment model for application built#
#2026 09 17 19:17:50.434#Z#DEBUG#6e95f57f-b2cc-11f1-b461-eeee0a8dc34e.OPERATION#flowable-async-job-executor-thread-11193#
Step "Build Application Deploy Model" finished#
#2026 09 17 19:17:50.494#Z#DEBUG#6e95f57f-b2cc-11f1-b461-eeee0a8dc34e.OPERATION#flowable-async-job-executor-thread-14981#
[DetermineVcapServicesPropertiesChangedStep] Executing task "determineVcapServicesPropertiesChangedTask" of process "796090f6-b2cc-11f1-83a5-eeee0a80e404"...#
#2026 09 17 19:17:50.494#Z#DEBUG#6e95f57f-b2cc-11f1-b461-eeee0a8dc34e.OPERATION#flowable-async-job-executor-thread-14981#
[DetermineVcapServicesPropertiesChangedStep] VCAP_SERVICES properties for application "RiskManagement-db-deployer" changed: false#
#2026 09 17 19:17:50.494#Z#DEBUG#6e95f57f-b2cc-11f1-b461-eeee0a8dc34e.OPERATION#flowable-async-job-executor-thread-14981#
Step "Determine vcap services properties changed" finished#
#2026 09 17 19:17:50.516#Z#DEBUG#6e95f57f-b2cc-11f1-b461-eeee0a8dc34e.OPERATION#flowable-async-job-executor-thread-14981#
[UploadAppStep] Executing task "uploadAppTask" of process "796090f6-b2cc-11f1-83a5-eeee0a80e404"...#
#2026 09 17 19:17:50.517#Z#DEBUG#6e95f57f-b2cc-11f1-b461-eeee0a8dc34e.OPERATION#flowable-async-job-executor-thread-14981#
[UploadAppStep] Application upload timeout is default one: 3,600 seconds#
#2026 09 17 19:17:50.518#Z#INFO#6e95f57f-b2cc-11f1-b461-eeee0a8dc34e.OPERATION#flowable-async-job-executor-thread-14981#
[UploadAppStep] Uploading application "RiskManagement-db-deployer"...#
#2026 09 17 19:17:50.521#Z#DEBUG#6e95f57f-b2cc-11f1-b461-eeee0a8dc34e.OPERATION#flowable-async-job-executor-thread-14981#
[UploadAppStep] Getting application "RiskManagement-db-deployer"...#
#2026 09 17 19:17:50.549#Z#DEBUG#6e95f57f-b2cc-11f1-b461-eeee0a8dc34e.OPERATION#flowable-async-job-executor-thread-14981#
[UploadAppStep] Getting environment of application "76809f69-5d0f-479d-b97f-483792bc86a1"...#
#2026 09 17 19:17:50.582#Z#INFO#6e95f57f-b2cc-11f1-b461-eeee0a8dc34e.OPERATION#flowable-async-job-executor-thread-14981#
[UploadAppStep] Calculating application digest: "RiskManagement-db-deployer"#
#2026 09 17 19:17:50.710#Z#DEBUG#6e95f57f-b2cc-11f1-b461-eeee0a8dc34e.OPERATION#flowable-async-job-executor-thread-14981#
Step "Upload App" finished#
#2026 09 17 19:17:50.420#Z#DEBUG#6e95f57f-b2cc-11f1-b461-eeee0a8dc34e.OPERATION#flowable-async-job-executor-thread-13087#
[CreateContentDeployClientConfigurationStep] Executing task "createContentDeployClientConfigurationTask" of process "7959b316-b2cc-11f1-8351-eeee0a81b52f"...#
#2026 09 17 19:17:50.420#Z#DEBUG#6e95f57f-b2cc-11f1-b461-eeee0a8dc34e.OPERATION#flowable-async-job-executor-thread-13087#
[CreateContentDeployClientConfigurationStep] Content deployer client configuration: {
  "contentDeployerUrl" : "https://html5-apps-repo-dt.cfapps.us10.hana.ondemand.com",
  "uaaClientConfiguration" : {
    "url" : "********",
    "credentials" : "********",
    "authenticationStrategyType" : "********"
  },
  "httpRequestHeaders" : {
    "X-CorrelationID" : "6e95f57f-b2cc-11f1-b461-eeee0a8dc34e"
  },
  "spaceId" : "b1534f58-8387-42a5-8ece-809300958c1c",
  "serviceName" : "RiskManagement-html5-repo-host"
}#
#2026 09 17 19:17:50.763#Z#DEBUG#6e95f57f-b2cc-11f1-b461-eeee0a8dc34e.OPERATION#flowable-async-job-executor-thread-13087#
Step "Create Content Deploy Client Configuration" finished#
#2026 09 17 19:17:50.764#Z#DEBUG#6e95f57f-b2cc-11f1-b461-eeee0a8dc34e.OPERATION#flowable-async-job-executor-thread-13087#
[GetContentFromDeploymentDescriptorStep] Executing task "getContentFromDeploymentDescriptorTask" of process "7959b316-b2cc-11f1-8351-eeee0a81b52f"...#
#2026 09 17 19:17:50.764#Z#DEBUG#6e95f57f-b2cc-11f1-b461-eeee0a8dc34e.OPERATION#flowable-async-job-executor-thread-13087#
Step "Get Content From Deployment Descriptor" finished#
#2026 09 17 19:17:50.480#Z#DEBUG#6e95f57f-b2cc-11f1-b461-eeee0a8dc34e.OPERATION#flowable-async-job-executor-thread-11194#
[CreateOrUpdateAppStep] Executing task "createAppTask" of process "7947b1ad-b2cc-11f1-b461-eeee0a8dc34e"...#
#2026 09 17 19:17:50.482#Z#DEBUG#6e95f57f-b2cc-11f1-b461-eeee0a8dc34e.OPERATION#flowable-async-job-executor-thread-11194#
[CreateOrUpdateAppStep] Getting application "RiskManagement-srv"...#
#2026 09 17 19:17:50.513#Z#INFO#6e95f57f-b2cc-11f1-b461-eeee0a8dc34e.OPERATION#flowable-async-job-executor-thread-11194#
[CreateOrUpdateAppStep] Updating application "RiskManagement-srv"...#
#2026 09 17 19:17:50.518#Z#DEBUG#6e95f57f-b2cc-11f1-b461-eeee0a8dc34e.OPERATION#flowable-async-job-executor-thread-11194#
[CreateOrUpdateAppStep] Getting process for application "6290dc3f-504e-4ecc-a259-f1fc4fa6ab88"...#
#2026 09 17 19:17:50.550#Z#DEBUG#6e95f57f-b2cc-11f1-b461-eeee0a8dc34e.OPERATION#flowable-async-job-executor-thread-11194#
[CreateOrUpdateAppStep] Getting routes for application "6290dc3f-504e-4ecc-a259-f1fc4fa6ab88"...#
#2026 09 17 19:17:50.581#Z#DEBUG#6e95f57f-b2cc-11f1-b461-eeee0a8dc34e.OPERATION#flowable-async-job-executor-thread-11194#
[CreateOrUpdateAppStep] Getting features for application "6290dc3f-504e-4ecc-a259-f1fc4fa6ab88"#
#2026 09 17 19:17:50.623#Z#DEBUG#6e95f57f-b2cc-11f1-b461-eeee0a8dc34e.OPERATION#flowable-async-job-executor-thread-11194#
[CreateOrUpdateAppStep] Updating staging of application "RiskManagement-srv" to: {
  "buildpacks" : [ "nodejs_buildpack" ],
  "healthCheckType" : "port",
  "appFeatures" : { }
}#
#2026 09 17 19:17:50.820#Z#DEBUG#6e95f57f-b2cc-11f1-b461-eeee0a8dc34e.OPERATION#flowable-async-job-executor-thread-11194#
[CreateOrUpdateAppStep] Application "RiskManagement-srv" updated#
#2026 09 17 19:17:50.821#Z#DEBUG#6e95f57f-b2cc-11f1-b461-eeee0a8dc34e.OPERATION#flowable-async-job-executor-thread-11194#
[CreateOrUpdateAppStep] Getting environment of application "6290dc3f-504e-4ecc-a259-f1fc4fa6ab88"...#
#2026 09 17 19:17:50.891#Z#DEBUG#6e95f57f-b2cc-11f1-b461-eeee0a8dc34e.OPERATION#flowable-async-job-executor-thread-11194#
[CreateOrUpdateAppStep] Application "RiskManagement-srv" updated#
#2026 09 17 19:17:50.891#Z#DEBUG#6e95f57f-b2cc-11f1-b461-eeee0a8dc34e.OPERATION#flowable-async-job-executor-thread-11194#
Step "Create App" finished#
#2026 09 17 19:17:50.981#Z#DEBUG#6e95f57f-b2cc-11f1-b461-eeee0a8dc34e.OPERATION#flowable-async-job-executor-thread-11196#
[CheckServiceBindingOperationStep] Executing task "checkForServiceBindingOperationInProgress" of process "79aa1c5b-b2cc-11f1-b461-eeee0a8dc34e"...#
#2026 09 17 19:17:50.981#Z#DEBUG#6e95f57f-b2cc-11f1-b461-eeee0a8dc34e.OPERATION#flowable-async-job-executor-thread-11196#
[CheckServiceBindingOperationStep] Checking for service binding operation in progress between app "RiskManagement-srv" and service instance "RiskManagement-destination"#
#2026 09 17 19:17:50.982#Z#DEBUG#6e95f57f-b2cc-11f1-b461-eeee0a8dc34e.OPERATION#flowable-async-job-executor-thread-11196#
[CheckServiceBindingOperationStep] Getting application guid "RiskManagement-srv"...#
#2026 09 17 19:17:51.011#Z#DEBUG#6e95f57f-b2cc-11f1-b461-eeee0a8dc34e.OPERATION#flowable-async-job-executor-thread-11196#
[CheckServiceBindingOperationStep] Getting GUID of required service instance "RiskManagement-destination"...#
#2026 09 17 19:17:51.036#Z#DEBUG#6e95f57f-b2cc-11f1-b461-eeee0a8dc34e.OPERATION#flowable-async-job-executor-thread-11196#
[CheckServiceBindingOperationStep] Getting binding of service instance "fb6e7af1-f894-4113-a664-0230bb8f8c8d" with application "6290dc3f-504e-4ecc-a259-f1fc4fa6ab88"...#
#2026 09 17 19:17:51.067#Z#DEBUG#6e95f57f-b2cc-11f1-b461-eeee0a8dc34e.OPERATION#flowable-async-job-executor-thread-11196#
[CheckServiceBindingOperationStep] Service binding operation "6429eea0-e800-450b-954b-8eccffbc44aa" with type "create" is in state "succeeded"#
#2026 09 17 19:17:51.067#Z#DEBUG#6e95f57f-b2cc-11f1-b461-eeee0a8dc34e.OPERATION#flowable-async-job-executor-thread-11196#
Step "Check For Service Binding Operation In Progress" finished#
#2026 09 17 19:17:51.098#Z#DEBUG#6e95f57f-b2cc-11f1-b461-eeee0a8dc34e.OPERATION#flowable-async-job-executor-thread-11196#
[DetermineApplicationServiceBindingActionsStep] Executing task "determineApplicationServiceBindingActionsTask" of process "79aa1c5b-b2cc-11f1-b461-eeee0a8dc34e"...#
#2026 09 17 19:17:51.099#Z#DEBUG#6e95f57f-b2cc-11f1-b461-eeee0a8dc34e.OPERATION#flowable-async-job-executor-thread-11196#
[DetermineApplicationServiceBindingActionsStep] Determine bind/unbind operations of application "RiskManagement-srv" to service instance "RiskManagement-destination"#
#2026 09 17 19:17:51.099#Z#DEBUG#6e95f57f-b2cc-11f1-b461-eeee0a8dc34e.OPERATION#flowable-async-job-executor-thread-11196#
[DetermineApplicationServiceBindingActionsStep] Getting application "RiskManagement-srv"...#
#2026 09 17 19:17:51.158#Z#DEBUG#6e95f57f-b2cc-11f1-b461-eeee0a8dc34e.OPERATION#flowable-async-job-executor-thread-11196#
[DetermineApplicationServiceBindingActionsStep] Binding parameters for application "RiskManagement-srv": { }#
#2026 09 17 19:17:51.191#Z#DEBUG#6e95f57f-b2cc-11f1-b461-eeee0a8dc34e.OPERATION#flowable-async-job-executor-thread-11196#
[DetermineApplicationServiceBindingActionsStep] Check should rebind application "RiskManagement-srv" and service instance "RiskManagement-destination"#
#2026 09 17 19:17:51.191#Z#DEBUG#6e95f57f-b2cc-11f1-b461-eeee0a8dc34e.OPERATION#flowable-async-job-executor-thread-11196#
[DetermineApplicationServiceBindingActionsStep] Getting GUID of required service instance "RiskManagement-destination"...#
#2026 09 17 19:17:51.224#Z#DEBUG#6e95f57f-b2cc-11f1-b461-eeee0a8dc34e.OPERATION#flowable-async-job-executor-thread-11196#
[DetermineApplicationServiceBindingActionsStep] Getting binding of service instance "fb6e7af1-f894-4113-a664-0230bb8f8c8d" with application "6290dc3f-504e-4ecc-a259-f1fc4fa6ab88"...#
#2026 09 17 19:17:51.253#Z#DEBUG#6e95f57f-b2cc-11f1-b461-eeee0a8dc34e.OPERATION#flowable-async-job-executor-thread-11196#
[DetermineApplicationServiceBindingActionsStep] Getting parameters of service binding "6429eea0-e800-450b-954b-8eccffbc44aa"...#
#2026 09 17 19:17:51.287#Z#WARN#6e95f57f-b2cc-11f1-b461-eeee0a8dc34e.OPERATION#flowable-async-job-executor-thread-11196#
[DetermineApplicationServiceBindingActionsStep] Cannot retrieve parameters of binding between application "RiskManagement-srv" and service instance "RiskManagement-destination"#
#2026 09 17 19:17:51.288#Z#DEBUG#6e95f57f-b2cc-11f1-b461-eeee0a8dc34e.OPERATION#flowable-async-job-executor-thread-11196#
[DetermineApplicationServiceBindingActionsStep] Calculated binding operations between application "RiskManagement-srv" and service instance "RiskManagement-destination": unbind - true bind - true#
#2026 09 17 19:17:51.288#Z#DEBUG#6e95f57f-b2cc-11f1-b461-eeee0a8dc34e.OPERATION#flowable-async-job-executor-thread-11196#
Step "Determine Application Service Binding Actions" finished#
#2026 09 17 19:17:51.320#Z#DEBUG#6e95f57f-b2cc-11f1-b461-eeee0a8dc34e.OPERATION#flowable-async-job-executor-thread-11196#
[UnbindServiceFromApplicationStep] Executing task "unbindServiceFromApplicationTask" of process "79aa1c5b-b2cc-11f1-b461-eeee0a8dc34e"...#
#2026 09 17 19:17:51.323#Z#INFO#6e95f57f-b2cc-11f1-b461-eeee0a8dc34e.OPERATION#flowable-async-job-executor-thread-11196#
[UnbindServiceFromApplicationStep] Unbinding service instance "RiskManagement-destination" from application "RiskManagement-srv"...#
#2026 09 17 19:17:51.326#Z#DEBUG#6e95f57f-b2cc-11f1-b461-eeee0a8dc34e.OPERATION#flowable-async-job-executor-thread-11196#
[UnbindServiceFromApplicationStep] Unbinding application "RiskManagement-srv" from service instance "RiskManagement-destination"...#
#2026 09 17 19:17:51.495#Z#DEBUG#6e95f57f-b2cc-11f1-b461-eeee0a8dc34e.OPERATION#flowable-async-job-executor-thread-11196#
Step "Unbind Service from Application" finished#
#2026 09 17 19:17:50.765#Z#DEBUG#6e95f57f-b2cc-11f1-b461-eeee0a8dc34e.OPERATION#flowable-async-job-executor-thread-13087#
[UploadContentStep] Executing task "uploadContentTask" of process "7959b316-b2cc-11f1-8351-eeee0a81b52f"...#
#2026 09 17 19:17:50.765#Z#INFO#6e95f57f-b2cc-11f1-b461-eeee0a8dc34e.OPERATION#flowable-async-job-executor-thread-13087#
[UploadContentStep] Uploading content module "RiskManagement-app-deployer" in target service "RiskManagement-html5-repo-host"...#
#2026 09 17 19:17:50.768#Z#DEBUG#6e95f57f-b2cc-11f1-b461-eeee0a8dc34e.OPERATION#flowable-async-job-executor-thread-13087#
[UploadContentStep] Uploading file "RiskManagement-app-deployer/app/data.zip" for content module "RiskManagement-app-deployer" in service "RiskManagement-html5-repo-host"#
#2026 09 17 19:17:51.019#Z#INFO#6e95f57f-b2cc-11f1-b461-eeee0a8dc34e.OPERATION#flowable-async-job-executor-thread-13087#
[UploadContentStep] Content to deploy size: 4,736 in bytes#
#2026 09 17 19:17:51.583#Z#DEBUG#6e95f57f-b2cc-11f1-b461-eeee0a8dc34e.OPERATION#flowable-async-job-executor-thread-13087#
[UploadContentStep] Uploaded content: {
  "id" : "44e2bc41-b1ae-4c49-a0f0-c194f55dafd3",
  "name" : "content.zip",
  "contentType" : "FILE"
}#
#2026 09 17 19:17:51.583#Z#DEBUG#6e95f57f-b2cc-11f1-b461-eeee0a8dc34e.OPERATION#flowable-async-job-executor-thread-13087#
Step "Upload Content" finished#
#2026 09 17 19:17:51.584#Z#DEBUG#6e95f57f-b2cc-11f1-b461-eeee0a8dc34e.OPERATION#flowable-async-job-executor-thread-13087#
[StartContentDeployStep] Executing task "startContentDeployTask" of process "7959b316-b2cc-11f1-8351-eeee0a81b52f"...#
#2026 09 17 19:17:51.585#Z#INFO#6e95f57f-b2cc-11f1-b461-eeee0a8dc34e.OPERATION#flowable-async-job-executor-thread-13087#
[StartContentDeployStep] Deploying content module "RiskManagement-app-deployer" in target service "RiskManagement-html5-repo-host"...#
#2026 09 17 19:17:51.859#Z#DEBUG#6e95f57f-b2cc-11f1-b461-eeee0a8dc34e.OPERATION#flowable-async-job-executor-thread-13087#
Step "Start Content Deploy" finished#
#2026 09 17 19:17:53.273#Z#DEBUG#6e95f57f-b2cc-11f1-b461-eeee0a8dc34e.OPERATION#flowable-async-job-executor-thread-13089#
[CheckServiceBindingOperationStep] Executing task "checkForServiceBindingOperationInProgress" of process "7b062aa2-b2cc-11f1-8351-eeee0a81b52f"...#
#2026 09 17 19:17:53.273#Z#DEBUG#6e95f57f-b2cc-11f1-b461-eeee0a8dc34e.OPERATION#flowable-async-job-executor-thread-13089#
[CheckServiceBindingOperationStep] Checking for service binding operation in progress between app "RiskManagement-srv" and service instance "RiskManagement-auth"#
#2026 09 17 19:17:53.274#Z#DEBUG#6e95f57f-b2cc-11f1-b461-eeee0a8dc34e.OPERATION#flowable-async-job-executor-thread-13089#
[CheckServiceBindingOperationStep] Getting application guid "RiskManagement-srv"...#
#2026 09 17 19:17:53.318#Z#DEBUG#6e95f57f-b2cc-11f1-b461-eeee0a8dc34e.OPERATION#flowable-async-job-executor-thread-13089#
[CheckServiceBindingOperationStep] Getting GUID of required service instance "RiskManagement-auth"...#
#2026 09 17 19:17:53.343#Z#DEBUG#6e95f57f-b2cc-11f1-b461-eeee0a8dc34e.OPERATION#flowable-async-job-executor-thread-13088#
[CheckServiceBindingOperationStep] Executing task "checkForServiceBindingOperationInProgress" of process "7b0fc778-b2cc-11f1-8351-eeee0a81b52f"...#
#2026 09 17 19:17:53.343#Z#DEBUG#6e95f57f-b2cc-11f1-b461-eeee0a8dc34e.OPERATION#flowable-async-job-executor-thread-13088#
[CheckServiceBindingOperationStep] Checking for service binding operation in progress between app "RiskManagement-srv" and service instance "RiskManagement-db"#
#2026 09 17 19:17:53.344#Z#DEBUG#6e95f57f-b2cc-11f1-b461-eeee0a8dc34e.OPERATION#flowable-async-job-executor-thread-13088#
[CheckServiceBindingOperationStep] Getting application guid "RiskManagement-srv"...#
#2026 09 17 19:17:53.347#Z#DEBUG#6e95f57f-b2cc-11f1-b461-eeee0a8dc34e.OPERATION#flowable-async-job-executor-thread-13089#
[CheckServiceBindingOperationStep] Getting binding of service instance "5fa2ba3a-7720-4ba8-959c-503f7b05e94b" with application "6290dc3f-504e-4ecc-a259-f1fc4fa6ab88"...#
#2026 09 17 19:17:53.373#Z#DEBUG#6e95f57f-b2cc-11f1-b461-eeee0a8dc34e.OPERATION#flowable-async-job-executor-thread-13088#
[CheckServiceBindingOperationStep] Getting GUID of required service instance "RiskManagement-db"...#
#2026 09 17 19:17:53.378#Z#DEBUG#6e95f57f-b2cc-11f1-b461-eeee0a8dc34e.OPERATION#flowable-async-job-executor-thread-13089#
[CheckServiceBindingOperationStep] Service binding operation "3d76d862-a5e8-470b-af90-af6d1feba72e" with type "create" is in state "succeeded"#
#2026 09 17 19:17:53.378#Z#DEBUG#6e95f57f-b2cc-11f1-b461-eeee0a8dc34e.OPERATION#flowable-async-job-executor-thread-13089#
Step "Check For Service Binding Operation In Progress" finished#
#2026 09 17 19:17:53.402#Z#DEBUG#6e95f57f-b2cc-11f1-b461-eeee0a8dc34e.OPERATION#flowable-async-job-executor-thread-13088#
[CheckServiceBindingOperationStep] Getting binding of service instance "c4d68c74-0549-4fb0-a05c-774f236fc356" with application "6290dc3f-504e-4ecc-a259-f1fc4fa6ab88"...#
#2026 09 17 19:17:53.448#Z#DEBUG#6e95f57f-b2cc-11f1-b461-eeee0a8dc34e.OPERATION#flowable-async-job-executor-thread-13088#
[CheckServiceBindingOperationStep] Service binding operation "3f5eec4a-79cb-47a7-bb40-868616d23c70" with type "create" is in state "succeeded"#
#2026 09 17 19:17:53.448#Z#DEBUG#6e95f57f-b2cc-11f1-b461-eeee0a8dc34e.OPERATION#flowable-async-job-executor-thread-13088#
Step "Check For Service Binding Operation In Progress" finished#
#2026 09 17 19:17:53.330#Z#DEBUG#6e95f57f-b2cc-11f1-b461-eeee0a8dc34e.OPERATION#flowable-async-job-executor-thread-13086#
[BuildContentDeploymentConfigurationStep] Executing task "buildContentDeploymentConfigurationTask" of process "7b07b109-b2cc-11f1-8351-eeee0a81b52f"...#
#2026 09 17 19:17:53.336#Z#DEBUG#6e95f57f-b2cc-11f1-b461-eeee0a8dc34e.OPERATION#ForkJoinPool-265-worker-1#
[BuildContentDeploymentConfigurationStep] Getting service key "RiskManagement-destinations-RiskManagement-destination-credentials" for service instance "RiskManagement-destination"...#
#2026 09 17 19:17:53.337#Z#DEBUG#6e95f57f-b2cc-11f1-b461-eeee0a8dc34e.OPERATION#ForkJoinPool-265-worker-2#
[BuildContentDeploymentConfigurationStep] Getting service key "RiskManagement-auth-key" for service instance "RiskManagement-auth"...#
#2026 09 17 19:17:53.338#Z#DEBUG#6e95f57f-b2cc-11f1-b461-eeee0a8dc34e.OPERATION#ForkJoinPool-265-worker-3#
[BuildContentDeploymentConfigurationStep] Getting service key "RiskManagement-html5-repo-host-key" for service instance "RiskManagement-html5-repo-host"...#
#2026 09 17 19:17:53.498#Z#INFO#6e95f57f-b2cc-11f1-b461-eeee0a8dc34e.OPERATION#ForkJoinPool-265-worker-2#
[BuildContentDeploymentConfigurationStep] Service key "RiskManagement-auth-key" for service "RiskManagement-auth" already exists#
#2026 09 17 19:17:53.503#Z#INFO#6e95f57f-b2cc-11f1-b461-eeee0a8dc34e.OPERATION#ForkJoinPool-265-worker-1#
[BuildContentDeploymentConfigurationStep] Service key "RiskManagement-destinations-RiskManagement-destination-credentials" for service "RiskManagement-destination" already exists#
#2026 09 17 19:17:53.510#Z#INFO#6e95f57f-b2cc-11f1-b461-eeee0a8dc34e.OPERATION#ForkJoinPool-265-worker-3#
[BuildContentDeploymentConfigurationStep] Service key "RiskManagement-html5-repo-host-key" for service "RiskManagement-html5-repo-host" already exists#
#2026 09 17 19:17:53.519#Z#DEBUG#6e95f57f-b2cc-11f1-b461-eeee0a8dc34e.OPERATION#flowable-async-job-executor-thread-13086#
Step "Build Content Deployment Configuration" finished#
#2026 09 17 19:17:53.403#Z#DEBUG#6e95f57f-b2cc-11f1-b461-eeee0a8dc34e.OPERATION#flowable-async-job-executor-thread-13089#
[DetermineApplicationServiceBindingActionsStep] Executing task "determineApplicationServiceBindingActionsTask" of process "7b062aa2-b2cc-11f1-8351-eeee0a81b52f"...#
#2026 09 17 19:17:53.404#Z#DEBUG#6e95f57f-b2cc-11f1-b461-eeee0a8dc34e.OPERATION#flowable-async-job-executor-thread-13089#
[DetermineApplicationServiceBindingActionsStep] Determine bind/unbind operations of application "RiskManagement-srv" to service instance "RiskManagement-auth"#
#2026 09 17 19:17:53.404#Z#DEBUG#6e95f57f-b2cc-11f1-b461-eeee0a8dc34e.OPERATION#flowable-async-job-executor-thread-13089#
[DetermineApplicationServiceBindingActionsStep] Getting application "RiskManagement-srv"...#
#2026 09 17 19:17:53.443#Z#DEBUG#6e95f57f-b2cc-11f1-b461-eeee0a8dc34e.OPERATION#flowable-async-job-executor-thread-13089#
[DetermineApplicationServiceBindingActionsStep] Binding parameters for application "RiskManagement-srv": { }#
#2026 09 17 19:17:53.473#Z#DEBUG#6e95f57f-b2cc-11f1-b461-eeee0a8dc34e.OPERATION#flowable-async-job-executor-thread-13089#
[DetermineApplicationServiceBindingActionsStep] Check should rebind application "RiskManagement-srv" and service instance "RiskManagement-auth"#
#2026 09 17 19:17:53.473#Z#DEBUG#6e95f57f-b2cc-11f1-b461-eeee0a8dc34e.OPERATION#flowable-async-job-executor-thread-13089#
[DetermineApplicationServiceBindingActionsStep] Getting GUID of required service instance "RiskManagement-auth"...#
#2026 09 17 19:17:53.477#Z#DEBUG#6e95f57f-b2cc-11f1-b461-eeee0a8dc34e.OPERATION#flowable-async-job-executor-thread-13088#
[DetermineApplicationServiceBindingActionsStep] Executing task "determineApplicationServiceBindingActionsTask" of process "7b0fc778-b2cc-11f1-8351-eeee0a81b52f"...#
#2026 09 17 19:17:53.479#Z#DEBUG#6e95f57f-b2cc-11f1-b461-eeee0a8dc34e.OPERATION#flowable-async-job-executor-thread-13088#
[DetermineApplicationServiceBindingActionsStep] Determine bind/unbind operations of application "RiskManagement-srv" to service instance "RiskManagement-db"#
#2026 09 17 19:17:53.479#Z#DEBUG#6e95f57f-b2cc-11f1-b461-eeee0a8dc34e.OPERATION#flowable-async-job-executor-thread-13088#
[DetermineApplicationServiceBindingActionsStep] Getting application "RiskManagement-srv"...#
#2026 09 17 19:17:53.499#Z#DEBUG#6e95f57f-b2cc-11f1-b461-eeee0a8dc34e.OPERATION#flowable-async-job-executor-thread-13089#
[DetermineApplicationServiceBindingActionsStep] Getting binding of service instance "5fa2ba3a-7720-4ba8-959c-503f7b05e94b" with application "6290dc3f-504e-4ecc-a259-f1fc4fa6ab88"...#
#2026 09 17 19:17:53.508#Z#DEBUG#6e95f57f-b2cc-11f1-b461-eeee0a8dc34e.OPERATION#flowable-async-job-executor-thread-13088#
[DetermineApplicationServiceBindingActionsStep] Binding parameters for application "RiskManagement-srv": { }#
#2026 09 17 19:17:53.525#Z#DEBUG#6e95f57f-b2cc-11f1-b461-eeee0a8dc34e.OPERATION#flowable-async-job-executor-thread-13089#
[DetermineApplicationServiceBindingActionsStep] Getting parameters of service binding "3d76d862-a5e8-470b-af90-af6d1feba72e"...#
#2026 09 17 19:17:53.557#Z#DEBUG#6e95f57f-b2cc-11f1-b461-eeee0a8dc34e.OPERATION#flowable-async-job-executor-thread-13088#
[DetermineApplicationServiceBindingActionsStep] Check should rebind application "RiskManagement-srv" and service instance "RiskManagement-db"#
#2026 09 17 19:17:53.557#Z#DEBUG#6e95f57f-b2cc-11f1-b461-eeee0a8dc34e.OPERATION#flowable-async-job-executor-thread-13088#
[DetermineApplicationServiceBindingActionsStep] Getting GUID of required service instance "RiskManagement-db"...#
#2026 09 17 19:17:53.558#Z#WARN#6e95f57f-b2cc-11f1-b461-eeee0a8dc34e.OPERATION#flowable-async-job-executor-thread-13089#
[DetermineApplicationServiceBindingActionsStep] Cannot retrieve parameters of binding between application "RiskManagement-srv" and service instance "RiskManagement-auth"#
#2026 09 17 19:17:53.559#Z#DEBUG#6e95f57f-b2cc-11f1-b461-eeee0a8dc34e.OPERATION#flowable-async-job-executor-thread-13089#
[DetermineApplicationServiceBindingActionsStep] Calculated binding operations between application "RiskManagement-srv" and service instance "RiskManagement-auth": unbind - true bind - true#
#2026 09 17 19:17:53.559#Z#DEBUG#6e95f57f-b2cc-11f1-b461-eeee0a8dc34e.OPERATION#flowable-async-job-executor-thread-13089#
Step "Determine Application Service Binding Actions" finished#
#2026 09 17 19:17:53.522#Z#DEBUG#6e95f57f-b2cc-11f1-b461-eeee0a8dc34e.OPERATION#flowable-async-job-executor-thread-13086#
[CreateContentDeployClientConfigurationStep] Executing task "createContentDeployClientConfigurationTask" of process "7b330644-b2cc-11f1-8351-eeee0a81b52f"...#
#2026 09 17 19:17:53.523#Z#DEBUG#6e95f57f-b2cc-11f1-b461-eeee0a8dc34e.OPERATION#flowable-async-job-executor-thread-13086#
[CreateContentDeployClientConfigurationStep] Content deployer client configuration: {
  "contentDeployerUrl" : "https://destination-configuration.cfapps.us10.hana.ondemand.com/destination-configuration/gacd",
  "uaaClientConfiguration" : {
    "url" : "********",
    "credentials" : "********",
    "authenticationStrategyType" : "********"
  },
  "httpRequestHeaders" : {
    "X-CorrelationID" : "6e95f57f-b2cc-11f1-b461-eeee0a8dc34e"
  },
  "spaceId" : "b1534f58-8387-42a5-8ece-809300958c1c",
  "serviceName" : "RiskManagement-destination"
}#
#2026 09 17 19:17:53.704#Z#DEBUG#6e95f57f-b2cc-11f1-b461-eeee0a8dc34e.OPERATION#flowable-async-job-executor-thread-13086#
Step "Create Content Deploy Client Configuration" finished#
#2026 09 17 19:17:53.705#Z#DEBUG#6e95f57f-b2cc-11f1-b461-eeee0a8dc34e.OPERATION#flowable-async-job-executor-thread-13086#
[GetContentFromDeploymentDescriptorStep] Executing task "getContentFromDeploymentDescriptorTask" of process "7b330644-b2cc-11f1-8351-eeee0a81b52f"...#
#2026 09 17 19:17:53.705#Z#DEBUG#6e95f57f-b2cc-11f1-b461-eeee0a8dc34e.OPERATION#flowable-async-job-executor-thread-13086#
[GetContentFromDeploymentDescriptorStep] Content for module: "RiskManagement-destinations" is: "{
  "id" : "56b00f99-c59f-4442-80ec-61e4e7b8eaa4",
  "contentType" : "EMBEDDED",
  "content" : {
    "instance" : {
      "destinations" : [ {
        "Name" : "RiskManagement-html5-repository",
        "ServiceInstanceName" : "RiskManagement-html5-repo-host",
        "ServiceKeyName" : "********",
        "sap.cloud.service" : "RiskManagement.service"
      }, {
        "Authentication" : "********",
        "Name" : "********",
        "ServiceInstanceName" : "********",
        "ServiceKeyName" : "********",
        "sap.cloud.service" : "RiskManagement.service"
      } ],
      "existing_destinations_policy" : "update"
    }
  }
}"#
#2026 09 17 19:17:53.705#Z#DEBUG#6e95f57f-b2cc-11f1-b461-eeee0a8dc34e.OPERATION#flowable-async-job-executor-thread-13086#
Step "Get Content From Deployment Descriptor" finished#
#2026 09 17 19:17:53.612#Z#DEBUG#6e95f57f-b2cc-11f1-b461-eeee0a8dc34e.OPERATION#flowable-async-job-executor-thread-13089#
[UnbindServiceFromApplicationStep] Executing task "unbindServiceFromApplicationTask" of process "7b062aa2-b2cc-11f1-8351-eeee0a81b52f"...#
#2026 09 17 19:17:53.614#Z#INFO#6e95f57f-b2cc-11f1-b461-eeee0a8dc34e.OPERATION#flowable-async-job-executor-thread-13089#
[UnbindServiceFromApplicationStep] Unbinding service instance "RiskManagement-auth" from application "RiskManagement-srv"...#
#2026 09 17 19:17:53.619#Z#DEBUG#6e95f57f-b2cc-11f1-b461-eeee0a8dc34e.OPERATION#flowable-async-job-executor-thread-13089#
[UnbindServiceFromApplicationStep] Unbinding application "RiskManagement-srv" from service instance "RiskManagement-auth"...#
#2026 09 17 19:17:53.730#Z#DEBUG#6e95f57f-b2cc-11f1-b461-eeee0a8dc34e.OPERATION#flowable-async-job-executor-thread-13089#
Step "Unbind Service from Application" finished#
#2026 09 17 19:17:53.588#Z#DEBUG#6e95f57f-b2cc-11f1-b461-eeee0a8dc34e.OPERATION#flowable-async-job-executor-thread-13088#
[DetermineApplicationServiceBindingActionsStep] Getting binding of service instance "c4d68c74-0549-4fb0-a05c-774f236fc356" with application "6290dc3f-504e-4ecc-a259-f1fc4fa6ab88"...#
#2026 09 17 19:17:53.618#Z#DEBUG#6e95f57f-b2cc-11f1-b461-eeee0a8dc34e.OPERATION#flowable-async-job-executor-thread-13088#
[DetermineApplicationServiceBindingActionsStep] Getting parameters of service binding "3f5eec4a-79cb-47a7-bb40-868616d23c70"...#
#2026 09 17 19:17:53.805#Z#INFO#6e95f57f-b2cc-11f1-b461-eeee0a8dc34e.OPERATION#flowable-async-job-executor-thread-13088#
[DetermineApplicationServiceBindingActionsStep] Service instance "RiskManagement-db" will not be rebound to application "RiskManagement-srv" because the binding parameters are not modified#
#2026 09 17 19:17:53.809#Z#DEBUG#6e95f57f-b2cc-11f1-b461-eeee0a8dc34e.OPERATION#flowable-async-job-executor-thread-13088#
[DetermineApplicationServiceBindingActionsStep] Calculated binding operations between application "RiskManagement-srv" and service instance "RiskManagement-db": unbind - false bind - false#
#2026 09 17 19:17:53.809#Z#DEBUG#6e95f57f-b2cc-11f1-b461-eeee0a8dc34e.OPERATION#flowable-async-job-executor-thread-13088#
Step "Determine Application Service Binding Actions" finished#
#2026 09 17 19:17:53.706#Z#DEBUG#6e95f57f-b2cc-11f1-b461-eeee0a8dc34e.OPERATION#flowable-async-job-executor-thread-13086#
[SynchronousContentDeployStep] Executing task "synchronousContentDeployTask" of process "7b330644-b2cc-11f1-8351-eeee0a81b52f"...#
#2026 09 17 19:17:53.706#Z#INFO#6e95f57f-b2cc-11f1-b461-eeee0a8dc34e.OPERATION#flowable-async-job-executor-thread-13086#
[SynchronousContentDeployStep] Deploying content module "RiskManagement-destinations" in target service "RiskManagement-destination"...#
#2026 09 17 19:17:53.856#Z#DEBUG#6e95f57f-b2cc-11f1-b461-eeee0a8dc34e.OPERATION#flowable-async-job-executor-thread-13086#
[SynchronousContentDeployStep] Processing inline content upload for module: RiskManagement-destinations#
#2026 09 17 19:17:54.118#Z#DEBUG#6e95f57f-b2cc-11f1-b461-eeee0a8dc34e.OPERATION#flowable-async-job-executor-thread-13086#
Step "Synchronous Deploy" finished#
#2026 09 17 19:17:58.779#Z#DEBUG#6e95f57f-b2cc-11f1-b461-eeee0a8dc34e.OPERATION#flowable-async-job-executor-thread-11204#
[UnbindServiceFromApplicationStep] Executing task "unbindServiceFromApplicationTask" of process "79aa1c5b-b2cc-11f1-b461-eeee0a8dc34e"...#
#2026 09 17 19:17:58.782#Z#DEBUG#6e95f57f-b2cc-11f1-b461-eeee0a8dc34e.OPERATION#flowable-async-job-executor-thread-11204#
[UnbindServiceFromApplicationStep] Getting async job "9d3029fb-170d-4a47-a92f-63079ef073b4"#
#2026 09 17 19:17:58.802#Z#DEBUG#6e95f57f-b2cc-11f1-b461-eeee0a8dc34e.OPERATION#flowable-async-job-executor-thread-11204#
[UnbindServiceFromApplicationStep] Getting service instance "RiskManagement-destination"...#
#2026 09 17 19:17:58.914#Z#DEBUG#6e95f57f-b2cc-11f1-b461-eeee0a8dc34e.OPERATION#flowable-async-job-executor-thread-11204#
[UnbindServiceFromApplicationStep] Async service binding operation with id "9d3029fb-170d-4a47-a92f-63079ef073b4" finished#
#2026 09 17 19:17:58.916#Z#DEBUG#6e95f57f-b2cc-11f1-b461-eeee0a8dc34e.OPERATION#flowable-async-job-executor-thread-11204#
Step "Unbind Service from Application" finished#
#2026 09 17 19:17:58.782#Z#DEBUG#6e95f57f-b2cc-11f1-b461-eeee0a8dc34e.OPERATION#flowable-async-job-executor-thread-13085#
[UnbindServiceFromApplicationStep] Executing task "unbindServiceFromApplicationTask" of process "7b062aa2-b2cc-11f1-8351-eeee0a81b52f"...#
#2026 09 17 19:17:58.784#Z#DEBUG#6e95f57f-b2cc-11f1-b461-eeee0a8dc34e.OPERATION#flowable-async-job-executor-thread-13085#
[UnbindServiceFromApplicationStep] Getting async job "180ba62a-339e-40d1-ba44-b63cf9389c5d"#
#2026 09 17 19:17:58.817#Z#DEBUG#6e95f57f-b2cc-11f1-b461-eeee0a8dc34e.OPERATION#flowable-async-job-executor-thread-13085#
[UnbindServiceFromApplicationStep] Getting service instance "RiskManagement-auth"...#
#2026 09 17 19:17:58.923#Z#DEBUG#6e95f57f-b2cc-11f1-b461-eeee0a8dc34e.OPERATION#flowable-async-job-executor-thread-13085#
[UnbindServiceFromApplicationStep] Async service binding operation with id "180ba62a-339e-40d1-ba44-b63cf9389c5d" finished#
#2026 09 17 19:17:58.925#Z#DEBUG#6e95f57f-b2cc-11f1-b461-eeee0a8dc34e.OPERATION#flowable-async-job-executor-thread-13085#
Step "Unbind Service from Application" finished#
#2026 09 17 19:17:58.958#Z#DEBUG#6e95f57f-b2cc-11f1-b461-eeee0a8dc34e.OPERATION#flowable-async-job-executor-thread-13085#
[BindServiceToApplicationStep] Executing task "bindServiceToApplicationTask" of process "7b062aa2-b2cc-11f1-8351-eeee0a81b52f"...#
#2026 09 17 19:17:58.959#Z#INFO#6e95f57f-b2cc-11f1-b461-eeee0a8dc34e.OPERATION#flowable-async-job-executor-thread-13085#
[BindServiceToApplicationStep] Binding service instance "RiskManagement-auth" to application "RiskManagement-srv"...#
#2026 09 17 19:17:58.964#Z#DEBUG#6e95f57f-b2cc-11f1-b461-eeee0a8dc34e.OPERATION#flowable-async-job-executor-thread-13085#
[BindServiceToApplicationStep] Binding service instance "RiskManagement-auth" to application "RiskManagement-srv" with parameters: { }#
#2026 09 17 19:17:59.070#Z#DEBUG#6e95f57f-b2cc-11f1-b461-eeee0a8dc34e.OPERATION#flowable-async-job-executor-thread-13085#
Step "Bind Service to Application" finished#
#2026 09 17 19:17:58.957#Z#DEBUG#6e95f57f-b2cc-11f1-b461-eeee0a8dc34e.OPERATION#flowable-async-job-executor-thread-11204#
[BindServiceToApplicationStep] Executing task "bindServiceToApplicationTask" of process "79aa1c5b-b2cc-11f1-b461-eeee0a8dc34e"...#
#2026 09 17 19:17:58.959#Z#INFO#6e95f57f-b2cc-11f1-b461-eeee0a8dc34e.OPERATION#flowable-async-job-executor-thread-11204#
[BindServiceToApplicationStep] Binding service instance "RiskManagement-destination" to application "RiskManagement-srv"...#
#2026 09 17 19:17:58.966#Z#DEBUG#6e95f57f-b2cc-11f1-b461-eeee0a8dc34e.OPERATION#flowable-async-job-executor-thread-11204#
[BindServiceToApplicationStep] Binding service instance "RiskManagement-destination" to application "RiskManagement-srv" with parameters: { }#
#2026 09 17 19:17:59.089#Z#DEBUG#6e95f57f-b2cc-11f1-b461-eeee0a8dc34e.OPERATION#flowable-async-job-executor-thread-11204#
Step "Bind Service to Application" finished#
#2026 09 17 19:17:58.785#Z#DEBUG#6e95f57f-b2cc-11f1-b461-eeee0a8dc34e.OPERATION#flowable-async-job-executor-thread-11203#
[UploadAppStep] Executing task "uploadAppTask" of process "796090f6-b2cc-11f1-83a5-eeee0a80e404"...#
#2026 09 17 19:17:58.789#Z#DEBUG#6e95f57f-b2cc-11f1-b461-eeee0a8dc34e.OPERATION#flowable-async-job-executor-thread-11203#
[UploadAppStep] Application upload timeout is default one: 3,600 seconds#
#2026 09 17 19:17:58.793#Z#DEBUG#6e95f57f-b2cc-11f1-b461-eeee0a8dc34e.OPERATION#pool-14-thread-5#
[UploadAppStep] Upload of application: RiskManagement-db-deployer started on instance: 2#
#2026 09 17 19:17:58.793#Z#DEBUG#6e95f57f-b2cc-11f1-b461-eeee0a8dc34e.OPERATION#pool-14-thread-5#
[UploadAppStep] Uploading file "RiskManagement-db-deployer/data.zip" for application "RiskManagement-db-deployer"#
#2026 09 17 19:17:58.906#Z#INFO#6e95f57f-b2cc-11f1-b461-eeee0a8dc34e.OPERATION#pool-14-thread-5#
[UploadAppStep] Time elapsed for app binary download: 112 in millis#
#2026 09 17 19:17:58.906#Z#INFO#6e95f57f-b2cc-11f1-b461-eeee0a8dc34e.OPERATION#pool-14-thread-5#
[UploadAppStep] Size of app RiskManagement-db-deployer is 2,450,757 bytes#
#2026 09 17 19:17:58.906#Z#DEBUG#6e95f57f-b2cc-11f1-b461-eeee0a8dc34e.OPERATION#pool-14-thread-5#
[UploadAppStep] Asynchronously uploading binaries for application "RiskManagement-db-deployer"...#
#2026 09 17 19:17:59.092#Z#INFO#6e95f57f-b2cc-11f1-b461-eeee0a8dc34e.OPERATION#pool-14-thread-5#
[UploadAppStep] Started async upload of application "RiskManagement-db-deployer"#
#2026 09 17 19:17:59.096#Z#INFO#6e95f57f-b2cc-11f1-b461-eeee0a8dc34e.OPERATION#flowable-async-job-executor-thread-11203#
[UploadAppStep] Time elapsed for upload: 307 in millis#
#2026 09 17 19:17:59.096#Z#DEBUG#6e95f57f-b2cc-11f1-b461-eeee0a8dc34e.OPERATION#flowable-async-job-executor-thread-11203#
[UploadAppStep] Getting application "RiskManagement-db-deployer"...#
#2026 09 17 19:17:59.122#Z#DEBUG#6e95f57f-b2cc-11f1-b461-eeee0a8dc34e.OPERATION#App upload monitor: 858382b9-aa54-4578-a6b4-bba984dd943b#
[UploadAppStep] Upload status: PROCESSING_UPLOAD#
#2026 09 17 19:17:59.136#Z#DEBUG#6e95f57f-b2cc-11f1-b461-eeee0a8dc34e.OPERATION#flowable-async-job-executor-thread-11203#
[UploadAppStep] Getting environment of application "76809f69-5d0f-479d-b97f-483792bc86a1"...#
#2026 09 17 19:17:59.172#Z#DEBUG#6e95f57f-b2cc-11f1-b461-eeee0a8dc34e.OPERATION#flowable-async-job-executor-thread-11203#
[UploadAppStep] Updating environment of application "RiskManagement-db-deployer"#
#2026 09 17 19:17:59.262#Z#DEBUG#6e95f57f-b2cc-11f1-b461-eeee0a8dc34e.OPERATION#flowable-async-job-executor-thread-11203#
Step "Upload App" finished#
#2026 09 17 19:17:58.698#Z#DEBUG#6e95f57f-b2cc-11f1-b461-eeee0a8dc34e.OPERATION#flowable-async-job-executor-thread-11198#
[StartContentDeployStep] Executing task "startContentDeployTask" of process "7959b316-b2cc-11f1-8351-eeee0a81b52f"...#
#2026 09 17 19:17:58.700#Z#DEBUG#6e95f57f-b2cc-11f1-b461-eeee0a8dc34e.OPERATION#flowable-async-job-executor-thread-11198#
[StartContentDeployStep] Checking status of module content deployment "RiskManagement-app-deployer" in service "RiskManagement-html5-repo-host"...#
#2026 09 17 19:17:59.322#Z#DEBUG#6e95f57f-b2cc-11f1-b461-eeee0a8dc34e.OPERATION#flowable-async-job-executor-thread-11198#
[StartContentDeployStep] Deleting content deployment resource "44e2bc41-b1ae-4c49-a0f0-c194f55dafd3"...#
#2026 09 17 19:17:59.365#Z#DEBUG#6e95f57f-b2cc-11f1-b461-eeee0a8dc34e.OPERATION#flowable-async-job-executor-thread-11198#
Step "Start Content Deploy" finished#
#2026 09 17 19:18:08.867#Z#DEBUG#6e95f57f-b2cc-11f1-b461-eeee0a8dc34e.OPERATION#flowable-async-job-executor-thread-14994#
[UploadAppStep] Executing task "uploadAppTask" of process "796090f6-b2cc-11f1-83a5-eeee0a80e404"...#
#2026 09 17 19:18:08.868#Z#DEBUG#6e95f57f-b2cc-11f1-b461-eeee0a8dc34e.OPERATION#flowable-async-job-executor-thread-14994#
[UploadAppStep] Application upload timeout is default one: 3,600 seconds#
#2026 09 17 19:18:08.868#Z#DEBUG#6e95f57f-b2cc-11f1-b461-eeee0a8dc34e.OPERATION#flowable-async-job-executor-thread-14994#
[UploadAppStep] Checking upload status of application "RiskManagement-db-deployer"...#
#2026 09 17 19:18:08.869#Z#DEBUG#6e95f57f-b2cc-11f1-b461-eeee0a8dc34e.OPERATION#flowable-async-job-executor-thread-14994#
[UploadAppStep] Getting package "858382b9-aa54-4578-a6b4-bba984dd943b"...#
#2026 09 17 19:18:08.886#Z#DEBUG#6e95f57f-b2cc-11f1-b461-eeee0a8dc34e.OPERATION#flowable-async-job-executor-thread-14994#
[UploadAppStep] Application "RiskManagement-db-deployer" uploaded#
#2026 09 17 19:18:08.887#Z#DEBUG#6e95f57f-b2cc-11f1-b461-eeee0a8dc34e.OPERATION#flowable-async-job-executor-thread-14994#
Step "Upload App" finished#
#2026 09 17 19:18:08.843#Z#DEBUG#6e95f57f-b2cc-11f1-b461-eeee0a8dc34e.OPERATION#flowable-async-job-executor-thread-13097#
[BindServiceToApplicationStep] Executing task "bindServiceToApplicationTask" of process "7b062aa2-b2cc-11f1-8351-eeee0a81b52f"...#
#2026 09 17 19:18:08.845#Z#DEBUG#6e95f57f-b2cc-11f1-b461-eeee0a8dc34e.OPERATION#flowable-async-job-executor-thread-13097#
[BindServiceToApplicationStep] Getting async job "0e591504-ebfa-4b70-9e49-9cd45d5098bd"#
#2026 09 17 19:18:08.875#Z#DEBUG#6e95f57f-b2cc-11f1-b461-eeee0a8dc34e.OPERATION#flowable-async-job-executor-thread-13097#
[BindServiceToApplicationStep] Getting service instance "RiskManagement-auth"...#
#2026 09 17 19:18:08.981#Z#DEBUG#6e95f57f-b2cc-11f1-b461-eeee0a8dc34e.OPERATION#flowable-async-job-executor-thread-13097#
[BindServiceToApplicationStep] Async service binding operation with id "0e591504-ebfa-4b70-9e49-9cd45d5098bd" finished#
#2026 09 17 19:18:08.982#Z#DEBUG#6e95f57f-b2cc-11f1-b461-eeee0a8dc34e.OPERATION#flowable-async-job-executor-thread-13097#
Step "Bind Service to Application" finished#
#2026 09 17 19:18:08.845#Z#DEBUG#6e95f57f-b2cc-11f1-b461-eeee0a8dc34e.OPERATION#flowable-async-job-executor-thread-14996#
[BindServiceToApplicationStep] Executing task "bindServiceToApplicationTask" of process "79aa1c5b-b2cc-11f1-b461-eeee0a8dc34e"...#
#2026 09 17 19:18:08.846#Z#DEBUG#6e95f57f-b2cc-11f1-b461-eeee0a8dc34e.OPERATION#flowable-async-job-executor-thread-14996#
[BindServiceToApplicationStep] Getting async job "ebf7eb8d-7395-4081-97cf-928a25c87c5b"#
#2026 09 17 19:18:08.894#Z#DEBUG#6e95f57f-b2cc-11f1-b461-eeee0a8dc34e.OPERATION#flowable-async-job-executor-thread-14996#
[BindServiceToApplicationStep] Getting service instance "RiskManagement-destination"...#
#2026 09 17 19:18:08.998#Z#DEBUG#6e95f57f-b2cc-11f1-b461-eeee0a8dc34e.OPERATION#flowable-async-job-executor-thread-14996#
[BindServiceToApplicationStep] Async service binding operation with id "ebf7eb8d-7395-4081-97cf-928a25c87c5b" finished#
#2026 09 17 19:18:08.999#Z#DEBUG#6e95f57f-b2cc-11f1-b461-eeee0a8dc34e.OPERATION#flowable-async-job-executor-thread-14996#
Step "Bind Service to Application" finished#
#2026 09 17 19:18:08.995#Z#DEBUG#6e95f57f-b2cc-11f1-b461-eeee0a8dc34e.OPERATION#flowable-async-job-executor-thread-14998#
[ScaleAppStep] Executing task "scaleAppTask" of process "796090f6-b2cc-11f1-83a5-eeee0a80e404"...#
#2026 09 17 19:18:08.997#Z#DEBUG#6e95f57f-b2cc-11f1-b461-eeee0a8dc34e.OPERATION#flowable-async-job-executor-thread-14998#
[ScaleAppStep] Scaling application "RiskManagement-db-deployer"...#
#2026 09 17 19:18:08.997#Z#DEBUG#6e95f57f-b2cc-11f1-b461-eeee0a8dc34e.OPERATION#flowable-async-job-executor-thread-14998#
[ScaleAppStep] Getting application guid "RiskManagement-db-deployer"...#
#2026 09 17 19:18:09.024#Z#DEBUG#6e95f57f-b2cc-11f1-b461-eeee0a8dc34e.OPERATION#flowable-async-job-executor-thread-14998#
[ScaleAppStep] Getting process for application "76809f69-5d0f-479d-b97f-483792bc86a1"...#
#2026 09 17 19:18:09.052#Z#DEBUG#6e95f57f-b2cc-11f1-b461-eeee0a8dc34e.OPERATION#flowable-async-job-executor-thread-14998#
[ScaleAppStep] Application "RiskManagement-db-deployer" scaled#
#2026 09 17 19:18:09.052#Z#DEBUG#6e95f57f-b2cc-11f1-b461-eeee0a8dc34e.OPERATION#flowable-async-job-executor-thread-14998#
Step "Scale App" finished#
#2026 09 17 19:18:09.076#Z#DEBUG#6e95f57f-b2cc-11f1-b461-eeee0a8dc34e.OPERATION#flowable-async-job-executor-thread-14995#
[DetermineDesiredStateAchievingActionsStep] Executing task "determineDesiredStateAchievingActionsTask" of process "796090f6-b2cc-11f1-83a5-eeee0a80e404"...#
#2026 09 17 19:18:09.077#Z#DEBUG#6e95f57f-b2cc-11f1-b461-eeee0a8dc34e.OPERATION#flowable-async-job-executor-thread-14995#
[DetermineDesiredStateAchievingActionsStep] Getting application "RiskManagement-db-deployer"...#
#2026 09 17 19:18:09.114#Z#DEBUG#6e95f57f-b2cc-11f1-b461-eeee0a8dc34e.OPERATION#flowable-async-job-executor-thread-14995#
[DetermineDesiredStateAchievingActionsStep] Getting instances for application "RiskManagement-db-deployer"...#
#2026 09 17 19:18:09.114#Z#DEBUG#6e95f57f-b2cc-11f1-b461-eeee0a8dc34e.OPERATION#flowable-async-job-executor-thread-14995#
[DetermineDesiredStateAchievingActionsStep] Getting environment of application "76809f69-5d0f-479d-b97f-483792bc86a1"...#
#2026 09 17 19:18:09.139#Z#DEBUG#6e95f57f-b2cc-11f1-b461-eeee0a8dc34e.OPERATION#flowable-async-job-executor-thread-14995#
[DetermineDesiredStateAchievingActionsStep] Current state of application RiskManagement-db-deployer: STOPPED#
#2026 09 17 19:18:09.139#Z#DEBUG#6e95f57f-b2cc-11f1-b461-eeee0a8dc34e.OPERATION#flowable-async-job-executor-thread-14995#
[DetermineDesiredStateAchievingActionsStep] Desired state of application RiskManagement-db-deployer: STOPPED#
#2026 09 17 19:18:09.139#Z#DEBUG#6e95f57f-b2cc-11f1-b461-eeee0a8dc34e.OPERATION#flowable-async-job-executor-thread-14995#
[DetermineDesiredStateAchievingActionsStep] Actions that should be executed on application RiskManagement-db-deployer: [STAGE]#
#2026 09 17 19:18:09.139#Z#DEBUG#6e95f57f-b2cc-11f1-b461-eeee0a8dc34e.OPERATION#flowable-async-job-executor-thread-14995#
Step "Determine Desired State Achieving Actions" finished#
#2026 09 17 19:18:09.169#Z#DEBUG#6e95f57f-b2cc-11f1-b461-eeee0a8dc34e.OPERATION#flowable-async-job-executor-thread-14995#
[StageAppStep] Executing task "stageAppTask" of process "796090f6-b2cc-11f1-83a5-eeee0a80e404"...#
#2026 09 17 19:18:09.170#Z#DEBUG#6e95f57f-b2cc-11f1-b461-eeee0a8dc34e.OPERATION#flowable-async-job-executor-thread-14995#
[StageAppStep] Application stage timeout is default one: 3,600 seconds#
#2026 09 17 19:18:09.171#Z#INFO#6e95f57f-b2cc-11f1-b461-eeee0a8dc34e.OPERATION#flowable-async-job-executor-thread-14995#
[StageAppStep] Staging application "RiskManagement-db-deployer"...#
#2026 09 17 19:18:09.175#Z#DEBUG#6e95f57f-b2cc-11f1-b461-eeee0a8dc34e.OPERATION#flowable-async-job-executor-thread-14995#
[StageAppStep] Creating build for package "858382b9-aa54-4578-a6b4-bba984dd943b"...#
#2026 09 17 19:18:09.666#Z#DEBUG#6e95f57f-b2cc-11f1-b461-eeee0a8dc34e.OPERATION#flowable-async-job-executor-thread-14995#
Step "Stage App" finished#
#2026 09 17 19:18:11.364#Z#DEBUG#6e95f57f-b2cc-11f1-b461-eeee0a8dc34e.OPERATION#flowable-async-job-executor-thread-14998#
[DetermineVcapServicesPropertiesChangedStep] Executing task "determineVcapServicesPropertiesChangedTask" of process "85cef07a-b2cc-11f1-83a5-eeee0a80e404"...#
#2026 09 17 19:18:11.365#Z#DEBUG#6e95f57f-b2cc-11f1-b461-eeee0a8dc34e.OPERATION#flowable-async-job-executor-thread-14998#
[DetermineVcapServicesPropertiesChangedStep] VCAP_SERVICES properties for application "RiskManagement-srv" changed: true#
#2026 09 17 19:18:11.365#Z#DEBUG#6e95f57f-b2cc-11f1-b461-eeee0a8dc34e.OPERATION#flowable-async-job-executor-thread-14998#
Step "Determine vcap services properties changed" finished#
#2026 09 17 19:18:11.392#Z#DEBUG#6e95f57f-b2cc-11f1-b461-eeee0a8dc34e.OPERATION#flowable-async-job-executor-thread-14998#
[UploadAppStep] Executing task "uploadAppTask" of process "85cef07a-b2cc-11f1-83a5-eeee0a80e404"...#
#2026 09 17 19:18:11.395#Z#DEBUG#6e95f57f-b2cc-11f1-b461-eeee0a8dc34e.OPERATION#flowable-async-job-executor-thread-14998#
[UploadAppStep] Application upload timeout is default one: 3,600 seconds#
#2026 09 17 19:18:11.395#Z#INFO#6e95f57f-b2cc-11f1-b461-eeee0a8dc34e.OPERATION#flowable-async-job-executor-thread-14998#
[UploadAppStep] Uploading application "RiskManagement-srv"...#
#2026 09 17 19:18:11.398#Z#DEBUG#6e95f57f-b2cc-11f1-b461-eeee0a8dc34e.OPERATION#flowable-async-job-executor-thread-14998#
[UploadAppStep] Getting application "RiskManagement-srv"...#
#2026 09 17 19:18:11.427#Z#DEBUG#6e95f57f-b2cc-11f1-b461-eeee0a8dc34e.OPERATION#flowable-async-job-executor-thread-14998#
[UploadAppStep] Getting environment of application "6290dc3f-504e-4ecc-a259-f1fc4fa6ab88"...#
#2026 09 17 19:18:11.462#Z#INFO#6e95f57f-b2cc-11f1-b461-eeee0a8dc34e.OPERATION#flowable-async-job-executor-thread-14998#
[UploadAppStep] Calculating application digest: "RiskManagement-srv"#
#2026 09 17 19:18:11.662#Z#DEBUG#6e95f57f-b2cc-11f1-b461-eeee0a8dc34e.OPERATION#flowable-async-job-executor-thread-14998#
Step "Upload App" finished#
#2026 09 17 19:18:18.878#Z#DEBUG#6e95f57f-b2cc-11f1-b461-eeee0a8dc34e.OPERATION#flowable-async-job-executor-thread-15008#
[StageAppStep] Executing task "stageAppTask" of process "796090f6-b2cc-11f1-83a5-eeee0a80e404"...#
#2026 09 17 19:18:18.879#Z#DEBUG#6e95f57f-b2cc-11f1-b461-eeee0a8dc34e.OPERATION#flowable-async-job-executor-thread-15008#
[StageAppStep] Application stage timeout is default one: 3,600 seconds#
#2026 09 17 19:18:18.881#Z#DEBUG#6e95f57f-b2cc-11f1-b461-eeee0a8dc34e.OPERATION#flowable-async-job-executor-thread-15008#
[StageAppStep] Checking status of application "RiskManagement-db-deployer"...#
#2026 09 17 19:18:18.881#Z#DEBUG#6e95f57f-b2cc-11f1-b461-eeee0a8dc34e.OPERATION#flowable-async-job-executor-thread-15008#
[StageAppStep] Getting build "c68e4801-2fa6-4910-813d-4c3a8d0a6719"...#
#2026 09 17 19:18:18.918#Z#DEBUG#6e95f57f-b2cc-11f1-b461-eeee0a8dc34e.OPERATION#flowable-async-job-executor-thread-15008#
[StageAppStep] Staging status of application "RiskManagement-db-deployer": PENDING#
#2026 09 17 19:18:18.920#Z#DEBUG#6e95f57f-b2cc-11f1-b461-eeee0a8dc34e.OPERATION#flowable-async-job-executor-thread-15008#
[StageAppStep] Getting application guid "RiskManagement-db-deployer"...#
#2026 09 17 19:18:19.002#Z#DEBUG#6e95f57f-b2cc-11f1-b461-eeee0a8dc34e.OPERATION#flowable-async-job-executor-thread-15008#
Step "Stage App" finished#
#2026 09 17 19:18:18.914#Z#DEBUG#6e95f57f-b2cc-11f1-b461-eeee0a8dc34e.OPERATION#flowable-async-job-executor-thread-15009#
[UploadAppStep] Executing task "uploadAppTask" of process "85cef07a-b2cc-11f1-83a5-eeee0a80e404"...#
#2026 09 17 19:18:18.915#Z#DEBUG#6e95f57f-b2cc-11f1-b461-eeee0a8dc34e.OPERATION#flowable-async-job-executor-thread-15009#
[UploadAppStep] Application upload timeout is default one: 3,600 seconds#
#2026 09 17 19:18:18.916#Z#DEBUG#6e95f57f-b2cc-11f1-b461-eeee0a8dc34e.OPERATION#pool-14-thread-4#
[UploadAppStep] Upload of application: RiskManagement-srv started on instance: 0#
#2026 09 17 19:18:18.916#Z#DEBUG#6e95f57f-b2cc-11f1-b461-eeee0a8dc34e.OPERATION#pool-14-thread-4#
[UploadAppStep] Uploading file "RiskManagement-srv/data.zip" for application "RiskManagement-srv"#
#2026 09 17 19:18:19.124#Z#INFO#6e95f57f-b2cc-11f1-b461-eeee0a8dc34e.OPERATION#pool-14-thread-4#
[UploadAppStep] Time elapsed for app binary download: 207 in millis#
#2026 09 17 19:18:19.124#Z#INFO#6e95f57f-b2cc-11f1-b461-eeee0a8dc34e.OPERATION#pool-14-thread-4#
[UploadAppStep] Size of app RiskManagement-srv is 6,711,553 bytes#
#2026 09 17 19:18:19.124#Z#DEBUG#6e95f57f-b2cc-11f1-b461-eeee0a8dc34e.OPERATION#pool-14-thread-4#
[UploadAppStep] Asynchronously uploading binaries for application "RiskManagement-srv"...#
#2026 09 17 19:18:19.339#Z#INFO#6e95f57f-b2cc-11f1-b461-eeee0a8dc34e.OPERATION#pool-14-thread-4#
[UploadAppStep] Started async upload of application "RiskManagement-srv"#
#2026 09 17 19:18:19.343#Z#INFO#6e95f57f-b2cc-11f1-b461-eeee0a8dc34e.OPERATION#flowable-async-job-executor-thread-15009#
[UploadAppStep] Time elapsed for upload: 427 in millis#
#2026 09 17 19:18:19.343#Z#DEBUG#6e95f57f-b2cc-11f1-b461-eeee0a8dc34e.OPERATION#flowable-async-job-executor-thread-15009#
[UploadAppStep] Getting application "RiskManagement-srv"...#
#2026 09 17 19:18:19.359#Z#DEBUG#6e95f57f-b2cc-11f1-b461-eeee0a8dc34e.OPERATION#App upload monitor: 216db340-a518-41b6-8821-5c40ded56924#
[UploadAppStep] Upload status: PROCESSING_UPLOAD#
#2026 09 17 19:18:19.370#Z#DEBUG#6e95f57f-b2cc-11f1-b461-eeee0a8dc34e.OPERATION#flowable-async-job-executor-thread-15009#
[UploadAppStep] Getting environment of application "6290dc3f-504e-4ecc-a259-f1fc4fa6ab88"...#
#2026 09 17 19:18:19.403#Z#DEBUG#6e95f57f-b2cc-11f1-b461-eeee0a8dc34e.OPERATION#flowable-async-job-executor-thread-15009#
[UploadAppStep] Updating environment of application "RiskManagement-srv"#
#2026 09 17 19:18:19.468#Z#DEBUG#6e95f57f-b2cc-11f1-b461-eeee0a8dc34e.OPERATION#flowable-async-job-executor-thread-15009#
Step "Upload App" finished#
#2026 09 17 19:18:24.383#Z#DEBUG#6e95f57f-b2cc-11f1-b461-eeee0a8dc34e.OPERATION#App upload monitor: 216db340-a518-41b6-8821-5c40ded56924#
[UploadAppStep] Upload status: PROCESSING_UPLOAD#
#2026 09 17 19:18:28.952#Z#DEBUG#6e95f57f-b2cc-11f1-b461-eeee0a8dc34e.OPERATION#flowable-async-job-executor-thread-15017#
[UploadAppStep] Executing task "uploadAppTask" of process "85cef07a-b2cc-11f1-83a5-eeee0a80e404"...#
#2026 09 17 19:18:28.953#Z#DEBUG#6e95f57f-b2cc-11f1-b461-eeee0a8dc34e.OPERATION#flowable-async-job-executor-thread-15017#
[UploadAppStep] Application upload timeout is default one: 3,600 seconds#
#2026 09 17 19:18:28.953#Z#DEBUG#6e95f57f-b2cc-11f1-b461-eeee0a8dc34e.OPERATION#flowable-async-job-executor-thread-15017#
[UploadAppStep] Checking upload status of application "RiskManagement-srv"...#
#2026 09 17 19:18:28.954#Z#DEBUG#6e95f57f-b2cc-11f1-b461-eeee0a8dc34e.OPERATION#flowable-async-job-executor-thread-15017#
[UploadAppStep] Getting package "216db340-a518-41b6-8821-5c40ded56924"...#
#2026 09 17 19:18:28.995#Z#DEBUG#6e95f57f-b2cc-11f1-b461-eeee0a8dc34e.OPERATION#flowable-async-job-executor-thread-15017#
[UploadAppStep] Application "RiskManagement-srv" uploaded#
#2026 09 17 19:18:28.996#Z#DEBUG#6e95f57f-b2cc-11f1-b461-eeee0a8dc34e.OPERATION#flowable-async-job-executor-thread-15017#
Step "Upload App" finished#
#2026 09 17 19:18:28.931#Z#DEBUG#6e95f57f-b2cc-11f1-b461-eeee0a8dc34e.OPERATION#flowable-async-job-executor-thread-15016#
[StageAppStep] Executing task "stageAppTask" of process "796090f6-b2cc-11f1-83a5-eeee0a80e404"...#
#2026 09 17 19:18:28.933#Z#DEBUG#6e95f57f-b2cc-11f1-b461-eeee0a8dc34e.OPERATION#flowable-async-job-executor-thread-15016#
[StageAppStep] Application stage timeout is default one: 3,600 seconds#
#2026 09 17 19:18:28.934#Z#DEBUG#6e95f57f-b2cc-11f1-b461-eeee0a8dc34e.OPERATION#flowable-async-job-executor-thread-15016#
[StageAppStep] Checking status of application "RiskManagement-db-deployer"...#
#2026 09 17 19:18:28.934#Z#DEBUG#6e95f57f-b2cc-11f1-b461-eeee0a8dc34e.OPERATION#flowable-async-job-executor-thread-15016#
[StageAppStep] Getting build "c68e4801-2fa6-4910-813d-4c3a8d0a6719"...#
#2026 09 17 19:18:28.978#Z#DEBUG#6e95f57f-b2cc-11f1-b461-eeee0a8dc34e.OPERATION#flowable-async-job-executor-thread-15016#
[StageAppStep] Staging status of application "RiskManagement-db-deployer": PENDING#
#2026 09 17 19:18:28.979#Z#DEBUG#6e95f57f-b2cc-11f1-b461-eeee0a8dc34e.OPERATION#flowable-async-job-executor-thread-15016#
[StageAppStep] Getting application guid "RiskManagement-db-deployer"...#
#2026 09 17 19:18:29.052#Z#DEBUG#6e95f57f-b2cc-11f1-b461-eeee0a8dc34e.OPERATION#flowable-async-job-executor-thread-15016#
Step "Stage App" finished#
#2026 09 17 19:18:29.018#Z#DEBUG#6e95f57f-b2cc-11f1-b461-eeee0a8dc34e.OPERATION#flowable-async-job-executor-thread-15017#
[ScaleAppStep] Executing task "scaleAppTask" of process "85cef07a-b2cc-11f1-83a5-eeee0a80e404"...#
#2026 09 17 19:18:29.019#Z#DEBUG#6e95f57f-b2cc-11f1-b461-eeee0a8dc34e.OPERATION#flowable-async-job-executor-thread-15017#
[ScaleAppStep] Scaling application "RiskManagement-srv"...#
#2026 09 17 19:18:29.019#Z#DEBUG#6e95f57f-b2cc-11f1-b461-eeee0a8dc34e.OPERATION#flowable-async-job-executor-thread-15017#
[ScaleAppStep] Getting application guid "RiskManagement-srv"...#
#2026 09 17 19:18:29.051#Z#DEBUG#6e95f57f-b2cc-11f1-b461-eeee0a8dc34e.OPERATION#flowable-async-job-executor-thread-15017#
[ScaleAppStep] Getting process for application "6290dc3f-504e-4ecc-a259-f1fc4fa6ab88"...#
#2026 09 17 19:18:29.086#Z#DEBUG#6e95f57f-b2cc-11f1-b461-eeee0a8dc34e.OPERATION#flowable-async-job-executor-thread-15017#
[ScaleAppStep] Application "RiskManagement-srv" scaled#
#2026 09 17 19:18:29.087#Z#DEBUG#6e95f57f-b2cc-11f1-b461-eeee0a8dc34e.OPERATION#flowable-async-job-executor-thread-15017#
Step "Scale App" finished#
#2026 09 17 19:18:29.106#Z#DEBUG#6e95f57f-b2cc-11f1-b461-eeee0a8dc34e.OPERATION#flowable-async-job-executor-thread-15017#
[DetermineDesiredStateAchievingActionsStep] Executing task "determineDesiredStateAchievingActionsTask" of process "85cef07a-b2cc-11f1-83a5-eeee0a80e404"...#
#2026 09 17 19:18:29.107#Z#DEBUG#6e95f57f-b2cc-11f1-b461-eeee0a8dc34e.OPERATION#flowable-async-job-executor-thread-15017#
[DetermineDesiredStateAchievingActionsStep] Getting application "RiskManagement-srv"...#
#2026 09 17 19:18:29.136#Z#DEBUG#6e95f57f-b2cc-11f1-b461-eeee0a8dc34e.OPERATION#flowable-async-job-executor-thread-15017#
[DetermineDesiredStateAchievingActionsStep] Getting instances for application "RiskManagement-srv"...#
#2026 09 17 19:18:29.202#Z#DEBUG#6e95f57f-b2cc-11f1-b461-eeee0a8dc34e.OPERATION#flowable-async-job-executor-thread-15017#
[DetermineDesiredStateAchievingActionsStep] Getting environment of application "6290dc3f-504e-4ecc-a259-f1fc4fa6ab88"...#
#2026 09 17 19:18:29.241#Z#DEBUG#6e95f57f-b2cc-11f1-b461-eeee0a8dc34e.OPERATION#flowable-async-job-executor-thread-15017#
[DetermineDesiredStateAchievingActionsStep] Current state of application RiskManagement-srv: STARTED#
#2026 09 17 19:18:29.241#Z#DEBUG#6e95f57f-b2cc-11f1-b461-eeee0a8dc34e.OPERATION#flowable-async-job-executor-thread-15017#
[DetermineDesiredStateAchievingActionsStep] Desired state of application RiskManagement-srv: STARTED#
#2026 09 17 19:18:29.241#Z#DEBUG#6e95f57f-b2cc-11f1-b461-eeee0a8dc34e.OPERATION#flowable-async-job-executor-thread-15017#
[DetermineDesiredStateAchievingActionsStep] Actions that should be executed on application RiskManagement-srv: [STOP, STAGE, START]#
#2026 09 17 19:18:29.241#Z#DEBUG#6e95f57f-b2cc-11f1-b461-eeee0a8dc34e.OPERATION#flowable-async-job-executor-thread-15017#
Step "Determine Desired State Achieving Actions" finished#
#2026 09 17 19:18:29.264#Z#DEBUG#6e95f57f-b2cc-11f1-b461-eeee0a8dc34e.OPERATION#flowable-async-job-executor-thread-15017#
[StopAppStep] Executing task "stopAppTask" of process "85cef07a-b2cc-11f1-83a5-eeee0a80e404"...#
#2026 09 17 19:18:29.266#Z#INFO#6e95f57f-b2cc-11f1-b461-eeee0a8dc34e.OPERATION#flowable-async-job-executor-thread-15017#
[StopAppStep] Stopping application "RiskManagement-srv"...#
#2026 09 17 19:18:29.269#Z#DEBUG#6e95f57f-b2cc-11f1-b461-eeee0a8dc34e.OPERATION#flowable-async-job-executor-thread-15017#
[StopAppStep] Stopping application "RiskManagement-srv"...#
#2026 09 17 19:18:29.401#Z#DEBUG#6e95f57f-b2cc-11f1-b461-eeee0a8dc34e.OPERATION#flowable-async-job-executor-thread-15017#
[StopAppStep] Application "RiskManagement-srv" stopped#
#2026 09 17 19:18:29.401#Z#DEBUG#6e95f57f-b2cc-11f1-b461-eeee0a8dc34e.OPERATION#flowable-async-job-executor-thread-15017#
[StopAppStep] Getting environment of application "6290dc3f-504e-4ecc-a259-f1fc4fa6ab88"...#
#2026 09 17 19:18:29.428#Z#DEBUG#6e95f57f-b2cc-11f1-b461-eeee0a8dc34e.OPERATION#flowable-async-job-executor-thread-15017#
Step "Stop App" finished#
#2026 09 17 19:18:29.461#Z#DEBUG#6e95f57f-b2cc-11f1-b461-eeee0a8dc34e.OPERATION#flowable-async-job-executor-thread-15017#
[StageAppStep] Executing task "stageAppTask" of process "909a74c7-b2cc-11f1-83a5-eeee0a80e404"...#
#2026 09 17 19:18:29.463#Z#DEBUG#6e95f57f-b2cc-11f1-b461-eeee0a8dc34e.OPERATION#flowable-async-job-executor-thread-15017#
[StageAppStep] Application stage timeout is default one: 3,600 seconds#
#2026 09 17 19:18:29.464#Z#INFO#6e95f57f-b2cc-11f1-b461-eeee0a8dc34e.OPERATION#flowable-async-job-executor-thread-15017#
[StageAppStep] Staging application "RiskManagement-srv"...#
#2026 09 17 19:18:29.466#Z#DEBUG#6e95f57f-b2cc-11f1-b461-eeee0a8dc34e.OPERATION#flowable-async-job-executor-thread-15017#
[StageAppStep] Creating build for package "216db340-a518-41b6-8821-5c40ded56924"...#
#2026 09 17 19:18:29.889#Z#DEBUG#6e95f57f-b2cc-11f1-b461-eeee0a8dc34e.OPERATION#flowable-async-job-executor-thread-15017#
Step "Stage App" finished#
#2026 09 17 19:18:39.010#Z#DEBUG#6e95f57f-b2cc-11f1-b461-eeee0a8dc34e.OPERATION#flowable-async-job-executor-thread-15019#
[StageAppStep] Executing task "stageAppTask" of process "909a74c7-b2cc-11f1-83a5-eeee0a80e404"...#
#2026 09 17 19:18:39.011#Z#DEBUG#6e95f57f-b2cc-11f1-b461-eeee0a8dc34e.OPERATION#flowable-async-job-executor-thread-15019#
[StageAppStep] Application stage timeout is default one: 3,600 seconds#
#2026 09 17 19:18:39.012#Z#DEBUG#6e95f57f-b2cc-11f1-b461-eeee0a8dc34e.OPERATION#flowable-async-job-executor-thread-15019#
[StageAppStep] Checking status of application "RiskManagement-srv"...#
#2026 09 17 19:18:39.012#Z#DEBUG#6e95f57f-b2cc-11f1-b461-eeee0a8dc34e.OPERATION#flowable-async-job-executor-thread-15019#
[StageAppStep] Getting build "8814ba65-d826-42c7-a7e0-8d3d76370137"...#
#2026 09 17 19:18:39.019#Z#DEBUG#6e95f57f-b2cc-11f1-b461-eeee0a8dc34e.OPERATION#flowable-async-job-executor-thread-15025#
[StageAppStep] Executing task "stageAppTask" of process "796090f6-b2cc-11f1-83a5-eeee0a80e404"...#
#2026 09 17 19:18:39.022#Z#DEBUG#6e95f57f-b2cc-11f1-b461-eeee0a8dc34e.OPERATION#flowable-async-job-executor-thread-15025#
[StageAppStep] Application stage timeout is default one: 3,600 seconds#
#2026 09 17 19:18:39.025#Z#DEBUG#6e95f57f-b2cc-11f1-b461-eeee0a8dc34e.OPERATION#flowable-async-job-executor-thread-15025#
[StageAppStep] Checking status of application "RiskManagement-db-deployer"...#
#2026 09 17 19:18:39.025#Z#DEBUG#6e95f57f-b2cc-11f1-b461-eeee0a8dc34e.OPERATION#flowable-async-job-executor-thread-15025#
[StageAppStep] Getting build "c68e4801-2fa6-4910-813d-4c3a8d0a6719"...#
#2026 09 17 19:18:39.040#Z#DEBUG#6e95f57f-b2cc-11f1-b461-eeee0a8dc34e.OPERATION#flowable-async-job-executor-thread-15019#
[StageAppStep] Staging status of application "RiskManagement-srv": PENDING#
#2026 09 17 19:18:39.041#Z#DEBUG#6e95f57f-b2cc-11f1-b461-eeee0a8dc34e.OPERATION#flowable-async-job-executor-thread-15019#
[StageAppStep] Getting application guid "RiskManagement-srv"...#
#2026 09 17 19:18:39.059#Z#DEBUG#6e95f57f-b2cc-11f1-b461-eeee0a8dc34e.OPERATION#flowable-async-job-executor-thread-15025#
[StageAppStep] Staging status of application "RiskManagement-db-deployer": STAGED#
#2026 09 17 19:18:39.060#Z#DEBUG#6e95f57f-b2cc-11f1-b461-eeee0a8dc34e.OPERATION#flowable-async-job-executor-thread-15025#
[StageAppStep] Getting application guid "RiskManagement-db-deployer"...#
#2026 09 17 19:18:39.148#Z#DEBUG#6e95f57f-b2cc-11f1-b461-eeee0a8dc34e.OPERATION#flowable-async-job-executor-thread-15025#
[StageAppStep] Getting build "c68e4801-2fa6-4910-813d-4c3a8d0a6719"...#
#2026 09 17 19:18:39.152#Z#DEBUG#6e95f57f-b2cc-11f1-b461-eeee0a8dc34e.OPERATION#flowable-async-job-executor-thread-15019#
Step "Stage App" finished#
#2026 09 17 19:18:39.182#Z#DEBUG#6e95f57f-b2cc-11f1-b461-eeee0a8dc34e.OPERATION#flowable-async-job-executor-thread-15025#
[StageAppStep] Binding droplet "bd78fa99-5adb-4860-b6bd-4be6ca338914" to application "76809f69-5d0f-479d-b97f-483792bc86a1"...#
#2026 09 17 19:18:39.235#Z#INFO#6e95f57f-b2cc-11f1-b461-eeee0a8dc34e.OPERATION#flowable-async-job-executor-thread-15025#
[StageAppStep] Application "RiskManagement-db-deployer" staged#
#2026 09 17 19:18:39.239#Z#DEBUG#6e95f57f-b2cc-11f1-b461-eeee0a8dc34e.OPERATION#flowable-async-job-executor-thread-15025#
Step "Stage App" finished#
#2026 09 17 19:18:39.321#Z#DEBUG#6e95f57f-b2cc-11f1-b461-eeee0a8dc34e.OPERATION#flowable-async-job-executor-thread-15025#
[PrepareToExecuteTasksStep] Executing task "prepareToExecuteTasksTask" of process "96799958-b2cc-11f1-83a5-eeee0a80e404"...#
#2026 09 17 19:18:39.322#Z#DEBUG#6e95f57f-b2cc-11f1-b461-eeee0a8dc34e.OPERATION#flowable-async-job-executor-thread-15025#
Step "Prepare To Execute Tasks" finished#
#2026 09 17 19:18:39.346#Z#DEBUG#6e95f57f-b2cc-11f1-b461-eeee0a8dc34e.OPERATION#flowable-async-job-executor-thread-15025#
[ExecuteTaskStep] Executing task "executeTaskTask" of process "96799958-b2cc-11f1-83a5-eeee0a80e404"...#
#2026 09 17 19:18:39.349#Z#DEBUG#6e95f57f-b2cc-11f1-b461-eeee0a8dc34e.OPERATION#flowable-async-job-executor-thread-15025#
[ExecuteTaskStep] Application task execution timeout is default one: 43,200 seconds#
#2026 09 17 19:18:39.350#Z#INFO#6e95f57f-b2cc-11f1-b461-eeee0a8dc34e.OPERATION#flowable-async-job-executor-thread-15025#
[ExecuteTaskStep] Executing task "deploy" on application "RiskManagement-db-deployer"...#
#2026 09 17 19:18:39.353#Z#DEBUG#6e95f57f-b2cc-11f1-b461-eeee0a8dc34e.OPERATION#flowable-async-job-executor-thread-15025#
[ExecuteTaskStep] Running task on application "RiskManagement-db-deployer": {
  "name" : "deploy",
  "command" : "npm start",
  "limits" : {
    "memory" : 256
  }
}#
#2026 09 17 19:18:39.604#Z#DEBUG#6e95f57f-b2cc-11f1-b461-eeee0a8dc34e.OPERATION#flowable-async-job-executor-thread-15025#
Step "Execute Task" finished#
#2026 09 17 19:18:49.015#Z#DEBUG#6e95f57f-b2cc-11f1-b461-eeee0a8dc34e.OPERATION#flowable-async-job-executor-thread-15031#
[ExecuteTaskStep] Executing task "executeTaskTask" of process "96799958-b2cc-11f1-83a5-eeee0a80e404"...#
#2026 09 17 19:18:49.016#Z#DEBUG#6e95f57f-b2cc-11f1-b461-eeee0a8dc34e.OPERATION#flowable-async-job-executor-thread-15031#
[ExecuteTaskStep] Application task execution timeout is default one: 43,200 seconds#
#2026 09 17 19:18:49.017#Z#DEBUG#6e95f57f-b2cc-11f1-b461-eeee0a8dc34e.OPERATION#flowable-async-job-executor-thread-15031#
[ExecuteTaskStep] Getting task "cca42f60-7ad3-46c7-8f99-7d6df6e639e6"...#
#2026 09 17 19:18:49.045#Z#DEBUG#6e95f57f-b2cc-11f1-b461-eeee0a8dc34e.OPERATION#flowable-async-job-executor-thread-15031#
[ExecuteTaskStep] Task execution status: running#
#2026 09 17 19:18:49.047#Z#DEBUG#6e95f57f-b2cc-11f1-b461-eeee0a8dc34e.OPERATION#flowable-async-job-executor-thread-15031#
[ExecuteTaskStep] Getting application guid "RiskManagement-db-deployer"...#
#2026 09 17 19:18:49.114#Z#DEBUG#6e95f57f-b2cc-11f1-b461-eeee0a8dc34e.OPERATION#flowable-async-job-executor-thread-15031#
Step "Execute Task" finished#
#2026 09 17 19:18:49.057#Z#DEBUG#6e95f57f-b2cc-11f1-b461-eeee0a8dc34e.OPERATION#flowable-async-job-executor-thread-13102#
[StageAppStep] Executing task "stageAppTask" of process "909a74c7-b2cc-11f1-83a5-eeee0a80e404"...#
#2026 09 17 19:18:49.058#Z#DEBUG#6e95f57f-b2cc-11f1-b461-eeee0a8dc34e.OPERATION#flowable-async-job-executor-thread-13102#
[StageAppStep] Application stage timeout is default one: 3,600 seconds#
#2026 09 17 19:18:49.059#Z#DEBUG#6e95f57f-b2cc-11f1-b461-eeee0a8dc34e.OPERATION#flowable-async-job-executor-thread-13102#
[StageAppStep] Checking status of application "RiskManagement-srv"...#
#2026 09 17 19:18:49.059#Z#DEBUG#6e95f57f-b2cc-11f1-b461-eeee0a8dc34e.OPERATION#flowable-async-job-executor-thread-13102#
[StageAppStep] Getting build "8814ba65-d826-42c7-a7e0-8d3d76370137"...#
#2026 09 17 19:18:49.089#Z#DEBUG#6e95f57f-b2cc-11f1-b461-eeee0a8dc34e.OPERATION#flowable-async-job-executor-thread-13102#
[StageAppStep] Staging status of application "RiskManagement-srv": PENDING#
#2026 09 17 19:18:49.090#Z#DEBUG#6e95f57f-b2cc-11f1-b461-eeee0a8dc34e.OPERATION#flowable-async-job-executor-thread-13102#
[StageAppStep] Getting application guid "RiskManagement-srv"...#
#2026 09 17 19:18:49.191#Z#DEBUG#6e95f57f-b2cc-11f1-b461-eeee0a8dc34e.OPERATION#flowable-async-job-executor-thread-13102#
Step "Stage App" finished#
#2026 09 17 19:18:59.071#Z#DEBUG#6e95f57f-b2cc-11f1-b461-eeee0a8dc34e.OPERATION#flowable-async-job-executor-thread-13122#
[StageAppStep] Executing task "stageAppTask" of process "909a74c7-b2cc-11f1-83a5-eeee0a80e404"...#
#2026 09 17 19:18:59.073#Z#DEBUG#6e95f57f-b2cc-11f1-b461-eeee0a8dc34e.OPERATION#flowable-async-job-executor-thread-13122#
[StageAppStep] Application stage timeout is default one: 3,600 seconds#
#2026 09 17 19:18:59.074#Z#DEBUG#6e95f57f-b2cc-11f1-b461-eeee0a8dc34e.OPERATION#flowable-async-job-executor-thread-13122#
[StageAppStep] Checking status of application "RiskManagement-srv"...#
#2026 09 17 19:18:59.074#Z#DEBUG#6e95f57f-b2cc-11f1-b461-eeee0a8dc34e.OPERATION#flowable-async-job-executor-thread-13122#
[StageAppStep] Getting build "8814ba65-d826-42c7-a7e0-8d3d76370137"...#
#2026 09 17 19:18:59.122#Z#DEBUG#6e95f57f-b2cc-11f1-b461-eeee0a8dc34e.OPERATION#flowable-async-job-executor-thread-13122#
[StageAppStep] Staging status of application "RiskManagement-srv": PENDING#
#2026 09 17 19:18:59.124#Z#DEBUG#6e95f57f-b2cc-11f1-b461-eeee0a8dc34e.OPERATION#flowable-async-job-executor-thread-13122#
[StageAppStep] Getting application guid "RiskManagement-srv"...#
#2026 09 17 19:18:59.226#Z#DEBUG#6e95f57f-b2cc-11f1-b461-eeee0a8dc34e.OPERATION#flowable-async-job-executor-thread-13122#
Step "Stage App" finished#
#2026 09 17 19:18:59.126#Z#DEBUG#6e95f57f-b2cc-11f1-b461-eeee0a8dc34e.OPERATION#flowable-async-job-executor-thread-11238#
[ExecuteTaskStep] Executing task "executeTaskTask" of process "96799958-b2cc-11f1-83a5-eeee0a80e404"...#
#2026 09 17 19:18:59.128#Z#DEBUG#6e95f57f-b2cc-11f1-b461-eeee0a8dc34e.OPERATION#flowable-async-job-executor-thread-11238#
[ExecuteTaskStep] Application task execution timeout is default one: 43,200 seconds#
#2026 09 17 19:18:59.130#Z#DEBUG#6e95f57f-b2cc-11f1-b461-eeee0a8dc34e.OPERATION#flowable-async-job-executor-thread-11238#
[ExecuteTaskStep] Getting task "cca42f60-7ad3-46c7-8f99-7d6df6e639e6"...#
#2026 09 17 19:18:59.155#Z#DEBUG#6e95f57f-b2cc-11f1-b461-eeee0a8dc34e.OPERATION#flowable-async-job-executor-thread-11238#
[ExecuteTaskStep] Task execution status: failed#
#2026 09 17 19:18:59.157#Z#DEBUG#6e95f57f-b2cc-11f1-b461-eeee0a8dc34e.OPERATION#flowable-async-job-executor-thread-11238#
[ExecuteTaskStep] Getting application guid "RiskManagement-db-deployer"...#
#2026 09 17 19:18:59.259#Z#ERROR#6e95f57f-b2cc-11f1-b461-eeee0a8dc34e.OPERATION#flowable-async-job-executor-thread-11238#
[ExecuteTaskStep] Execution of task "deploy" on application "RiskManagement-db-deployer" failed.#
#2026 09 17 19:18:59.266#Z#INFO#6e95f57f-b2cc-11f1-b461-eeee0a8dc34e.OPERATION#flowable-async-job-executor-thread-11238#
[ExecuteTaskStep] Download the MTA operation logs for more details.#
#2026 09 17 19:18:59.273#Z#DEBUG#6e95f57f-b2cc-11f1-b461-eeee0a8dc34e.OPERATION#flowable-async-job-executor-thread-11238#
Step "Execute Task" finished#
#2026 09 17 19:19:00.971#Z#DEBUG#6e95f57f-b2cc-11f1-b461-eeee0a8dc34e.OPERATION#flowable-async-job-executor-thread-11235#
[ExecuteTaskStep] Executing task "executeTaskTask" of process "96799958-b2cc-11f1-83a5-eeee0a80e404"...#
#2026 09 17 19:19:00.976#Z#DEBUG#6e95f57f-b2cc-11f1-b461-eeee0a8dc34e.OPERATION#flowable-async-job-executor-thread-11235#
[ExecuteTaskStep] Application task execution timeout is default one: 43,200 seconds#
#2026 09 17 19:19:01.063#Z#INFO#6e95f57f-b2cc-11f1-b461-eeee0a8dc34e.OPERATION#flowable-async-job-executor-thread-11235#
[ExecuteTaskStep] Executing task "deploy" on application "RiskManagement-db-deployer"...#
#2026 09 17 19:19:01.067#Z#DEBUG#6e95f57f-b2cc-11f1-b461-eeee0a8dc34e.OPERATION#flowable-async-job-executor-thread-11235#
[ExecuteTaskStep] Running task on application "RiskManagement-db-deployer": {
  "name" : "deploy",
  "command" : "npm start",
  "limits" : {
    "memory" : 256
  }
}#
#2026 09 17 19:19:01.376#Z#DEBUG#6e95f57f-b2cc-11f1-b461-eeee0a8dc34e.OPERATION#flowable-async-job-executor-thread-11235#
Step "Execute Task" finished#
#2026 09 17 19:19:09.155#Z#DEBUG#6e95f57f-b2cc-11f1-b461-eeee0a8dc34e.OPERATION#flowable-async-job-executor-thread-15038#
[ExecuteTaskStep] Executing task "executeTaskTask" of process "96799958-b2cc-11f1-83a5-eeee0a80e404"...#
#2026 09 17 19:19:09.157#Z#DEBUG#6e95f57f-b2cc-11f1-b461-eeee0a8dc34e.OPERATION#flowable-async-job-executor-thread-15038#
[ExecuteTaskStep] Application task execution timeout is default one: 43,200 seconds#
#2026 09 17 19:19:09.158#Z#DEBUG#6e95f57f-b2cc-11f1-b461-eeee0a8dc34e.OPERATION#flowable-async-job-executor-thread-15038#
[ExecuteTaskStep] Getting task "a2527aa3-38f3-4468-855a-61f66d0ac7db"...#
#2026 09 17 19:19:09.184#Z#DEBUG#6e95f57f-b2cc-11f1-b461-eeee0a8dc34e.OPERATION#flowable-async-job-executor-thread-15038#
[ExecuteTaskStep] Task execution status: running#
#2026 09 17 19:19:09.184#Z#DEBUG#6e95f57f-b2cc-11f1-b461-eeee0a8dc34e.OPERATION#flowable-async-job-executor-thread-15038#
[ExecuteTaskStep] Getting application guid "RiskManagement-db-deployer"...#
#2026 09 17 19:19:09.281#Z#DEBUG#6e95f57f-b2cc-11f1-b461-eeee0a8dc34e.OPERATION#flowable-async-job-executor-thread-15038#
Step "Execute Task" finished#
#2026 09 17 19:19:09.126#Z#DEBUG#6e95f57f-b2cc-11f1-b461-eeee0a8dc34e.OPERATION#flowable-async-job-executor-thread-15044#
[StageAppStep] Executing task "stageAppTask" of process "909a74c7-b2cc-11f1-83a5-eeee0a80e404"...#
#2026 09 17 19:19:09.128#Z#DEBUG#6e95f57f-b2cc-11f1-b461-eeee0a8dc34e.OPERATION#flowable-async-job-executor-thread-15044#
[StageAppStep] Application stage timeout is default one: 3,600 seconds#
#2026 09 17 19:19:09.129#Z#DEBUG#6e95f57f-b2cc-11f1-b461-eeee0a8dc34e.OPERATION#flowable-async-job-executor-thread-15044#
[StageAppStep] Checking status of application "RiskManagement-srv"...#
#2026 09 17 19:19:09.129#Z#DEBUG#6e95f57f-b2cc-11f1-b461-eeee0a8dc34e.OPERATION#flowable-async-job-executor-thread-15044#
[StageAppStep] Getting build "8814ba65-d826-42c7-a7e0-8d3d76370137"...#
#2026 09 17 19:19:09.160#Z#DEBUG#6e95f57f-b2cc-11f1-b461-eeee0a8dc34e.OPERATION#flowable-async-job-executor-thread-15044#
[StageAppStep] Staging status of application "RiskManagement-srv": STAGED#
#2026 09 17 19:19:09.161#Z#DEBUG#6e95f57f-b2cc-11f1-b461-eeee0a8dc34e.OPERATION#flowable-async-job-executor-thread-15044#
[StageAppStep] Getting application guid "RiskManagement-srv"...#
#2026 09 17 19:19:09.240#Z#DEBUG#6e95f57f-b2cc-11f1-b461-eeee0a8dc34e.OPERATION#flowable-async-job-executor-thread-15044#
[StageAppStep] Getting build "8814ba65-d826-42c7-a7e0-8d3d76370137"...#
#2026 09 17 19:19:09.264#Z#DEBUG#6e95f57f-b2cc-11f1-b461-eeee0a8dc34e.OPERATION#flowable-async-job-executor-thread-15044#
[StageAppStep] Binding droplet "5a80558f-fd54-4f83-9683-9c49ed599185" to application "6290dc3f-504e-4ecc-a259-f1fc4fa6ab88"...#
#2026 09 17 19:19:09.311#Z#INFO#6e95f57f-b2cc-11f1-b461-eeee0a8dc34e.OPERATION#flowable-async-job-executor-thread-15044#
[StageAppStep] Application "RiskManagement-srv" staged#
#2026 09 17 19:19:09.315#Z#DEBUG#6e95f57f-b2cc-11f1-b461-eeee0a8dc34e.OPERATION#flowable-async-job-executor-thread-15044#
Step "Stage App" finished#
#2026 09 17 19:19:09.342#Z#DEBUG#6e95f57f-b2cc-11f1-b461-eeee0a8dc34e.OPERATION#flowable-async-job-executor-thread-15044#
[RestartAppStep] Executing task "startAppTask" of process "909a74c7-b2cc-11f1-83a5-eeee0a80e404"...#
#2026 09 17 19:19:09.345#Z#DEBUG#6e95f57f-b2cc-11f1-b461-eeee0a8dc34e.OPERATION#flowable-async-job-executor-thread-15044#
[RestartAppStep] Application start timeout is default one: 3,600 seconds#
#2026 09 17 19:19:09.350#Z#DEBUG#6e95f57f-b2cc-11f1-b461-eeee0a8dc34e.OPERATION#flowable-async-job-executor-thread-15044#
[RestartAppStep] Getting application "RiskManagement-srv"...#
#2026 09 17 19:19:09.375#Z#INFO#6e95f57f-b2cc-11f1-b461-eeee0a8dc34e.OPERATION#flowable-async-job-executor-thread-15044#
[RestartAppStep] Starting application "RiskManagement-srv"...#
#2026 09 17 19:19:09.378#Z#DEBUG#6e95f57f-b2cc-11f1-b461-eeee0a8dc34e.OPERATION#flowable-async-job-executor-thread-15044#
[RestartAppStep] Starting application "RiskManagement-srv"...#
#2026 09 17 19:19:09.668#Z#DEBUG#6e95f57f-b2cc-11f1-b461-eeee0a8dc34e.OPERATION#flowable-async-job-executor-thread-15044#
Step "Start App" finished#
#2026 09 17 19:19:19.230#Z#DEBUG#6e95f57f-b2cc-11f1-b461-eeee0a8dc34e.OPERATION#flowable-async-job-executor-thread-15053#
[ExecuteTaskStep] Executing task "executeTaskTask" of process "96799958-b2cc-11f1-83a5-eeee0a80e404"...#
#2026 09 17 19:19:19.231#Z#DEBUG#6e95f57f-b2cc-11f1-b461-eeee0a8dc34e.OPERATION#flowable-async-job-executor-thread-15053#
[ExecuteTaskStep] Application task execution timeout is default one: 43,200 seconds#
#2026 09 17 19:19:19.232#Z#DEBUG#6e95f57f-b2cc-11f1-b461-eeee0a8dc34e.OPERATION#flowable-async-job-executor-thread-15053#
[ExecuteTaskStep] Getting task "a2527aa3-38f3-4468-855a-61f66d0ac7db"...#
#2026 09 17 19:19:19.258#Z#DEBUG#6e95f57f-b2cc-11f1-b461-eeee0a8dc34e.OPERATION#flowable-async-job-executor-thread-15053#
[ExecuteTaskStep] Task execution status: failed#
#2026 09 17 19:19:19.259#Z#DEBUG#6e95f57f-b2cc-11f1-b461-eeee0a8dc34e.OPERATION#flowable-async-job-executor-thread-15053#
[ExecuteTaskStep] Getting application guid "RiskManagement-db-deployer"...#
#2026 09 17 19:19:19.323#Z#ERROR#6e95f57f-b2cc-11f1-b461-eeee0a8dc34e.OPERATION#flowable-async-job-executor-thread-15053#
[ExecuteTaskStep] Execution of task "deploy" on application "RiskManagement-db-deployer" failed.#
#2026 09 17 19:19:19.328#Z#INFO#6e95f57f-b2cc-11f1-b461-eeee0a8dc34e.OPERATION#flowable-async-job-executor-thread-15053#
[ExecuteTaskStep] Download the MTA operation logs for more details.#
#2026 09 17 19:19:19.332#Z#DEBUG#6e95f57f-b2cc-11f1-b461-eeee0a8dc34e.OPERATION#flowable-async-job-executor-thread-15053#
Step "Execute Task" finished#
#2026 09 17 19:19:19.203#Z#DEBUG#6e95f57f-b2cc-11f1-b461-eeee0a8dc34e.OPERATION#flowable-async-job-executor-thread-15049#
[RestartAppStep] Executing task "startAppTask" of process "a89670c4-b2cc-11f1-83a5-eeee0a80e404"...#
#2026 09 17 19:19:19.205#Z#DEBUG#6e95f57f-b2cc-11f1-b461-eeee0a8dc34e.OPERATION#flowable-async-job-executor-thread-15049#
[RestartAppStep] Application start timeout is default one: 3,600 seconds#
#2026 09 17 19:19:19.206#Z#DEBUG#6e95f57f-b2cc-11f1-b461-eeee0a8dc34e.OPERATION#flowable-async-job-executor-thread-15049#
[RestartAppStep] Checking status of application "RiskManagement-srv"...#
#2026 09 17 19:19:19.206#Z#DEBUG#6e95f57f-b2cc-11f1-b461-eeee0a8dc34e.OPERATION#flowable-async-job-executor-thread-15049#
[RestartAppStep] Getting application "RiskManagement-srv"...#
#2026 09 17 19:19:19.231#Z#DEBUG#6e95f57f-b2cc-11f1-b461-eeee0a8dc34e.OPERATION#flowable-async-job-executor-thread-15049#
[RestartAppStep] Getting instances for application "RiskManagement-srv"...#
#2026 09 17 19:19:19.271#Z#DEBUG#6e95f57f-b2cc-11f1-b461-eeee0a8dc34e.OPERATION#flowable-async-job-executor-thread-15049#
[RestartAppStep] Application "RiskManagement-srv": 1 of 1 instances running (1 running)#
#2026 09 17 19:19:19.297#Z#DEBUG#6e95f57f-b2cc-11f1-b461-eeee0a8dc34e.OPERATION#flowable-async-job-executor-thread-15049#
[RestartAppStep] Getting routes for application "6290dc3f-504e-4ecc-a259-f1fc4fa6ab88"...#
#2026 09 17 19:19:19.328#Z#INFO#6e95f57f-b2cc-11f1-b461-eeee0a8dc34e.OPERATION#flowable-async-job-executor-thread-15049#
[RestartAppStep] Application "RiskManagement-srv" started and available at "47a58eedtrial-dev-riskmanagement-srv.cfapps.us10-001.hana.ondemand.com"#
#2026 09 17 19:19:19.334#Z#DEBUG#6e95f57f-b2cc-11f1-b461-eeee0a8dc34e.OPERATION#flowable-async-job-executor-thread-15049#
Step "Start App" finished#
#2026 09 17 19:19:22.486#Z#DEBUG#6e95f57f-b2cc-11f1-b461-eeee0a8dc34e.OPERATION#flowable-async-job-executor-thread-15054#
[ExecuteTaskStep] Executing task "executeTaskTask" of process "96799958-b2cc-11f1-83a5-eeee0a80e404"...#
#2026 09 17 19:19:22.488#Z#DEBUG#6e95f57f-b2cc-11f1-b461-eeee0a8dc34e.OPERATION#flowable-async-job-executor-thread-15054#
[ExecuteTaskStep] Application task execution timeout is default one: 43,200 seconds#
#2026 09 17 19:19:22.538#Z#INFO#6e95f57f-b2cc-11f1-b461-eeee0a8dc34e.OPERATION#flowable-async-job-executor-thread-15054#
[ExecuteTaskStep] Executing task "deploy" on application "RiskManagement-db-deployer"...#
#2026 09 17 19:19:22.541#Z#DEBUG#6e95f57f-b2cc-11f1-b461-eeee0a8dc34e.OPERATION#flowable-async-job-executor-thread-15054#
[ExecuteTaskStep] Running task on application "RiskManagement-db-deployer": {
  "name" : "deploy",
  "command" : "npm start",
  "limits" : {
    "memory" : 256
  }
}#
#2026 09 17 19:19:22.809#Z#DEBUG#6e95f57f-b2cc-11f1-b461-eeee0a8dc34e.OPERATION#flowable-async-job-executor-thread-15054#
Step "Execute Task" finished#
#2026 09 17 19:19:29.252#Z#DEBUG#6e95f57f-b2cc-11f1-b461-eeee0a8dc34e.OPERATION#flowable-async-job-executor-thread-15061#
[RestartAppStep] Executing task "startAppTask" of process "ae59f6cf-b2cc-11f1-83a5-eeee0a80e404"...#
#2026 09 17 19:19:29.255#Z#DEBUG#6e95f57f-b2cc-11f1-b461-eeee0a8dc34e.OPERATION#flowable-async-job-executor-thread-15061#
[RestartAppStep] Application start timeout is default one: 3,600 seconds#
#2026 09 17 19:19:29.258#Z#DEBUG#6e95f57f-b2cc-11f1-b461-eeee0a8dc34e.OPERATION#flowable-async-job-executor-thread-15061#
Step "Start App" finished#
#2026 09 17 19:19:29.302#Z#DEBUG#6e95f57f-b2cc-11f1-b461-eeee0a8dc34e.OPERATION#flowable-async-job-executor-thread-15055#
[ExecuteTaskStep] Executing task "executeTaskTask" of process "96799958-b2cc-11f1-83a5-eeee0a80e404"...#
#2026 09 17 19:19:29.303#Z#DEBUG#6e95f57f-b2cc-11f1-b461-eeee0a8dc34e.OPERATION#flowable-async-job-executor-thread-15055#
[ExecuteTaskStep] Application task execution timeout is default one: 43,200 seconds#
#2026 09 17 19:19:29.305#Z#DEBUG#6e95f57f-b2cc-11f1-b461-eeee0a8dc34e.OPERATION#flowable-async-job-executor-thread-15055#
[ExecuteTaskStep] Getting task "40ef816b-8f65-4e0d-a94c-88f7361c2c42"...#
#2026 09 17 19:19:29.330#Z#DEBUG#6e95f57f-b2cc-11f1-b461-eeee0a8dc34e.OPERATION#flowable-async-job-executor-thread-15055#
[ExecuteTaskStep] Task execution status: running#
#2026 09 17 19:19:29.332#Z#DEBUG#6e95f57f-b2cc-11f1-b461-eeee0a8dc34e.OPERATION#flowable-async-job-executor-thread-15055#
[ExecuteTaskStep] Getting application guid "RiskManagement-db-deployer"...#
#2026 09 17 19:19:29.390#Z#DEBUG#6e95f57f-b2cc-11f1-b461-eeee0a8dc34e.OPERATION#flowable-async-job-executor-thread-15055#
Step "Execute Task" finished#
#2026 09 17 19:19:29.404#Z#DEBUG#6e95f57f-b2cc-11f1-b461-eeee0a8dc34e.OPERATION#flowable-async-job-executor-thread-15062#
[PrepareToExecuteTasksStep] Executing task "prepareToExecuteTasksTask" of process "b44b4424-b2cc-11f1-83a5-eeee0a80e404"...#
#2026 09 17 19:19:29.406#Z#DEBUG#6e95f57f-b2cc-11f1-b461-eeee0a8dc34e.OPERATION#flowable-async-job-executor-thread-15062#
Step "Prepare To Execute Tasks" finished#
#2026 09 17 19:19:29.470#Z#DEBUG#6e95f57f-b2cc-11f1-b461-eeee0a8dc34e.OPERATION#flowable-async-job-executor-thread-15062#
[PublishConfigurationEntriesStep] Executing task "publishProvidedDependenciesTask" of process "b443f0eb-b2cc-11f1-83a5-eeee0a80e404"...#
#2026 09 17 19:19:29.470#Z#DEBUG#6e95f57f-b2cc-11f1-b461-eeee0a8dc34e.OPERATION#flowable-async-job-executor-thread-15062#
[PublishConfigurationEntriesStep] Publishing public provided dependencies for application "RiskManagement-srv"...#
#2026 09 17 19:19:29.471#Z#DEBUG#6e95f57f-b2cc-11f1-b461-eeee0a8dc34e.OPERATION#flowable-async-job-executor-thread-15062#
[PublishConfigurationEntriesStep] No public provided dependencies for publishing#
#2026 09 17 19:19:29.471#Z#DEBUG#6e95f57f-b2cc-11f1-b461-eeee0a8dc34e.OPERATION#flowable-async-job-executor-thread-15062#
Step "Publish Provided Dependencies" finished#
#2026 09 17 19:19:29.498#Z#DEBUG#6e95f57f-b2cc-11f1-b461-eeee0a8dc34e.OPERATION#flowable-async-job-executor-thread-15062#
[CreateOrUpdateServiceBrokerStep] Executing task "createOrUpdateServiceBrokerTask" of process "b443f0eb-b2cc-11f1-83a5-eeee0a80e404"...#
#2026 09 17 19:19:29.499#Z#DEBUG#6e95f57f-b2cc-11f1-b461-eeee0a8dc34e.OPERATION#flowable-async-job-executor-thread-15062#
[CreateOrUpdateServiceBrokerStep] Creating service brokers...#
#2026 09 17 19:19:29.500#Z#DEBUG#6e95f57f-b2cc-11f1-b461-eeee0a8dc34e.OPERATION#flowable-async-job-executor-thread-15062#
Step "Create Or Update Service Broker " finished#
#2026 09 17 19:19:39.312#Z#DEBUG#6e95f57f-b2cc-11f1-b461-eeee0a8dc34e.OPERATION#flowable-async-job-executor-thread-15069#
[ExecuteTaskStep] Executing task "executeTaskTask" of process "96799958-b2cc-11f1-83a5-eeee0a80e404"...#
#2026 09 17 19:19:39.314#Z#DEBUG#6e95f57f-b2cc-11f1-b461-eeee0a8dc34e.OPERATION#flowable-async-job-executor-thread-15069#
[ExecuteTaskStep] Application task execution timeout is default one: 43,200 seconds#
#2026 09 17 19:19:39.315#Z#DEBUG#6e95f57f-b2cc-11f1-b461-eeee0a8dc34e.OPERATION#flowable-async-job-executor-thread-15069#
[ExecuteTaskStep] Getting task "40ef816b-8f65-4e0d-a94c-88f7361c2c42"...#
#2026 09 17 19:19:39.340#Z#DEBUG#6e95f57f-b2cc-11f1-b461-eeee0a8dc34e.OPERATION#flowable-async-job-executor-thread-15069#
[ExecuteTaskStep] Task execution status: failed#
#2026 09 17 19:19:39.341#Z#DEBUG#6e95f57f-b2cc-11f1-b461-eeee0a8dc34e.OPERATION#flowable-async-job-executor-thread-15069#
[ExecuteTaskStep] Getting application guid "RiskManagement-db-deployer"...#
#2026 09 17 19:19:39.398#Z#ERROR#6e95f57f-b2cc-11f1-b461-eeee0a8dc34e.OPERATION#flowable-async-job-executor-thread-15069#
[ExecuteTaskStep] Execution of task "deploy" on application "RiskManagement-db-deployer" failed.#
#2026 09 17 19:19:39.402#Z#INFO#6e95f57f-b2cc-11f1-b461-eeee0a8dc34e.OPERATION#flowable-async-job-executor-thread-15069#
[ExecuteTaskStep] Download the MTA operation logs for more details.#
#2026 09 17 19:19:39.406#Z#DEBUG#6e95f57f-b2cc-11f1-b461-eeee0a8dc34e.OPERATION#flowable-async-job-executor-thread-15069#
Step "Execute Task" finished#
#2026 09 17 19:19:40.861#Z#DEBUG#6e95f57f-b2cc-11f1-b461-eeee0a8dc34e.OPERATION#flowable-async-job-executor-thread-15069#
[ExecuteTaskStep] Executing task "executeTaskTask" of process "96799958-b2cc-11f1-83a5-eeee0a80e404"...#
#2026 09 17 19:19:40.862#Z#DEBUG#6e95f57f-b2cc-11f1-b461-eeee0a8dc34e.OPERATION#flowable-async-job-executor-thread-15069#
[ExecuteTaskStep] Application task execution timeout is default one: 43,200 seconds#
#2026 09 17 19:19:40.912#Z#INFO#6e95f57f-b2cc-11f1-b461-eeee0a8dc34e.OPERATION#flowable-async-job-executor-thread-15069#
[ExecuteTaskStep] Executing task "deploy" on application "RiskManagement-db-deployer"...#
#2026 09 17 19:19:40.916#Z#DEBUG#6e95f57f-b2cc-11f1-b461-eeee0a8dc34e.OPERATION#flowable-async-job-executor-thread-15069#
[ExecuteTaskStep] Running task on application "RiskManagement-db-deployer": {
  "name" : "deploy",
  "command" : "npm start",
  "limits" : {
    "memory" : 256
  }
}#
#2026 09 17 19:19:41.208#Z#DEBUG#6e95f57f-b2cc-11f1-b461-eeee0a8dc34e.OPERATION#flowable-async-job-executor-thread-15069#
Step "Execute Task" finished#
#2026 09 17 19:19:49.401#Z#DEBUG#6e95f57f-b2cc-11f1-b461-eeee0a8dc34e.OPERATION#flowable-async-job-executor-thread-15071#
[ExecuteTaskStep] Executing task "executeTaskTask" of process "96799958-b2cc-11f1-83a5-eeee0a80e404"...#
#2026 09 17 19:19:49.402#Z#DEBUG#6e95f57f-b2cc-11f1-b461-eeee0a8dc34e.OPERATION#flowable-async-job-executor-thread-15071#
[ExecuteTaskStep] Application task execution timeout is default one: 43,200 seconds#
#2026 09 17 19:19:49.404#Z#DEBUG#6e95f57f-b2cc-11f1-b461-eeee0a8dc34e.OPERATION#flowable-async-job-executor-thread-15071#
[ExecuteTaskStep] Getting task "7f94846e-95ce-42dc-b58f-7082ec3edfd2"...#
#2026 09 17 19:19:49.426#Z#DEBUG#6e95f57f-b2cc-11f1-b461-eeee0a8dc34e.OPERATION#flowable-async-job-executor-thread-15071#
[ExecuteTaskStep] Task execution status: running#
#2026 09 17 19:19:49.427#Z#DEBUG#6e95f57f-b2cc-11f1-b461-eeee0a8dc34e.OPERATION#flowable-async-job-executor-thread-15071#
[ExecuteTaskStep] Getting application guid "RiskManagement-db-deployer"...#
#2026 09 17 19:19:49.523#Z#DEBUG#6e95f57f-b2cc-11f1-b461-eeee0a8dc34e.OPERATION#flowable-async-job-executor-thread-15071#
Step "Execute Task" finished#
#2026 09 17 19:19:59.415#Z#DEBUG#6e95f57f-b2cc-11f1-b461-eeee0a8dc34e.OPERATION#flowable-async-job-executor-thread-15085#
[ExecuteTaskStep] Executing task "executeTaskTask" of process "96799958-b2cc-11f1-83a5-eeee0a80e404"...#
#2026 09 17 19:19:59.417#Z#DEBUG#6e95f57f-b2cc-11f1-b461-eeee0a8dc34e.OPERATION#flowable-async-job-executor-thread-15085#
[ExecuteTaskStep] Application task execution timeout is default one: 43,200 seconds#
#2026 09 17 19:19:59.418#Z#DEBUG#6e95f57f-b2cc-11f1-b461-eeee0a8dc34e.OPERATION#flowable-async-job-executor-thread-15085#
[ExecuteTaskStep] Getting task "7f94846e-95ce-42dc-b58f-7082ec3edfd2"...#
#2026 09 17 19:19:59.446#Z#DEBUG#6e95f57f-b2cc-11f1-b461-eeee0a8dc34e.OPERATION#flowable-async-job-executor-thread-15085#
[ExecuteTaskStep] Task execution status: failed#
#2026 09 17 19:19:59.448#Z#DEBUG#6e95f57f-b2cc-11f1-b461-eeee0a8dc34e.OPERATION#flowable-async-job-executor-thread-15085#
[ExecuteTaskStep] Getting application guid "RiskManagement-db-deployer"...#
#2026 09 17 19:19:59.580#Z#ERROR#6e95f57f-b2cc-11f1-b461-eeee0a8dc34e.OPERATION#flowable-async-job-executor-thread-15085#
[ExecuteTaskStep] Execution of task "deploy" on application "RiskManagement-db-deployer" failed.#
#2026 09 17 19:19:59.583#Z#INFO#6e95f57f-b2cc-11f1-b461-eeee0a8dc34e.OPERATION#flowable-async-job-executor-thread-15085#
[ExecuteTaskStep] Download the MTA operation logs for more details.#
#2026 09 17 19:19:59.586#Z#DEBUG#6e95f57f-b2cc-11f1-b461-eeee0a8dc34e.OPERATION#flowable-async-job-executor-thread-15085#
Step "Execute Task" finished#
