#2026 09 17 19:18:19.002#Z#DEBUG#6e95f57f-b2cc-11f1-b461-eeee0a8dc34e.RiskManagement-db-deployer#flowable-async-job-executor-thread-15008#
[PollStageAppStatusExecution] 76809f69-5d0f-479d-b97f-483792bc86a1 [2026-09-17T19:17:49.511532] Updated app with guid 76809f69-5d0f-479d-b97f-483792bc86a1 ({"lifecycle"=>{"data"=>{"buildpacks"=>["nodejs_buildpack"]}, "type"=>"buildpack"}}) (STDOUT, API)#
#2026 09 17 19:18:19.002#Z#DEBUG#6e95f57f-b2cc-11f1-b461-eeee0a8dc34e.RiskManagement-db-deployer#flowable-async-job-executor-thread-15008#
[PollStageAppStatusExecution] 76809f69-5d0f-479d-b97f-483792bc86a1 [2026-09-17T19:17:49.588779] Updating process: "web" (STDOUT, API)#
#2026 09 17 19:18:19.002#Z#DEBUG#6e95f57f-b2cc-11f1-b461-eeee0a8dc34e.RiskManagement-db-deployer#flowable-async-job-executor-thread-15008#
[PollStageAppStatusExecution] 76809f69-5d0f-479d-b97f-483792bc86a1 [2026-09-17T19:17:59.053594] Uploading app package for app with guid 76809f69-5d0f-479d-b97f-483792bc86a1 (STDOUT, API)#
#2026 09 17 19:18:19.002#Z#DEBUG#6e95f57f-b2cc-11f1-b461-eeee0a8dc34e.RiskManagement-db-deployer#flowable-async-job-executor-thread-15008#
[PollStageAppStatusExecution] 76809f69-5d0f-479d-b97f-483792bc86a1 [2026-09-17T19:17:59.249711] Updated app with guid 76809f69-5d0f-479d-b97f-483792bc86a1 ({"environment_variables"=>"[PRIVATE DATA HIDDEN]"}) (STDOUT, API)#
#2026 09 17 19:18:19.002#Z#DEBUG#6e95f57f-b2cc-11f1-b461-eeee0a8dc34e.RiskManagement-db-deployer#flowable-async-job-executor-thread-15008#
[PollStageAppStatusExecution] 76809f69-5d0f-479d-b97f-483792bc86a1 [2026-09-17T19:18:09.238227] Creating build for app with guid 76809f69-5d0f-479d-b97f-483792bc86a1 (STDOUT, API)#
#2026 09 17 19:18:19.002#Z#DEBUG#6e95f57f-b2cc-11f1-b461-eeee0a8dc34e.RiskManagement-db-deployer#flowable-async-job-executor-thread-15008#
[PollStageAppStatusExecution] 76809f69-5d0f-479d-b97f-483792bc86a1 [2026-09-17T19:18:09.797143] Downloading nodejs_buildpack... (STDOUT, STG)#
#2026 09 17 19:18:19.002#Z#DEBUG#6e95f57f-b2cc-11f1-b461-eeee0a8dc34e.RiskManagement-db-deployer#flowable-async-job-executor-thread-15008#
[PollStageAppStatusExecution] 76809f69-5d0f-479d-b97f-483792bc86a1 [2026-09-17T19:18:09.838558] Downloaded nodejs_buildpack (STDOUT, STG)#
#2026 09 17 19:18:19.002#Z#DEBUG#6e95f57f-b2cc-11f1-b461-eeee0a8dc34e.RiskManagement-db-deployer#flowable-async-job-executor-thread-15008#
[PollStageAppStatusExecution] 76809f69-5d0f-479d-b97f-483792bc86a1 [2026-09-17T19:18:09.838648] Cell 77283d80-dfa7-40ba-ba4e-265aef112085 creating container for instance c68e4801-2fa6-4910-813d-4c3a8d0a6719 (STDOUT, STG)#
#2026 09 17 19:18:19.002#Z#DEBUG#6e95f57f-b2cc-11f1-b461-eeee0a8dc34e.RiskManagement-db-deployer#flowable-async-job-executor-thread-15008#
[PollStageAppStatusExecution] 76809f69-5d0f-479d-b97f-483792bc86a1 [2026-09-17T19:18:10.872588] Security group rules were updated (STDOUT, STG)#
#2026 09 17 19:18:19.002#Z#DEBUG#6e95f57f-b2cc-11f1-b461-eeee0a8dc34e.RiskManagement-db-deployer#flowable-async-job-executor-thread-15008#
[PollStageAppStatusExecution] 76809f69-5d0f-479d-b97f-483792bc86a1 [2026-09-17T19:18:10.933812] Cell 77283d80-dfa7-40ba-ba4e-265aef112085 successfully created container for instance c68e4801-2fa6-4910-813d-4c3a8d0a6719 (STDOUT, STG)#
#2026 09 17 19:18:19.002#Z#DEBUG#6e95f57f-b2cc-11f1-b461-eeee0a8dc34e.RiskManagement-db-deployer#flowable-async-job-executor-thread-15008#
[PollStageAppStatusExecution] 76809f69-5d0f-479d-b97f-483792bc86a1 [2026-09-17T19:18:11.537082] Downloading build artifacts cache... (STDOUT, STG)#
#2026 09 17 19:18:19.002#Z#DEBUG#6e95f57f-b2cc-11f1-b461-eeee0a8dc34e.RiskManagement-db-deployer#flowable-async-job-executor-thread-15008#
[PollStageAppStatusExecution] 76809f69-5d0f-479d-b97f-483792bc86a1 [2026-09-17T19:18:11.537483] Downloading app package... (STDOUT, STG)#
#2026 09 17 19:18:19.002#Z#DEBUG#6e95f57f-b2cc-11f1-b461-eeee0a8dc34e.RiskManagement-db-deployer#flowable-async-job-executor-thread-15008#
[PollStageAppStatusExecution] 76809f69-5d0f-479d-b97f-483792bc86a1 [2026-09-17T19:18:11.670358] Downloaded build artifacts cache (223B) (STDOUT, STG)#
#2026 09 17 19:18:19.002#Z#DEBUG#6e95f57f-b2cc-11f1-b461-eeee0a8dc34e.RiskManagement-db-deployer#flowable-async-job-executor-thread-15008#
[PollStageAppStatusExecution] 76809f69-5d0f-479d-b97f-483792bc86a1 [2026-09-17T19:18:12.059152] Downloaded app package (2.3M) (STDOUT, STG)#
#2026 09 17 19:18:19.002#Z#DEBUG#6e95f57f-b2cc-11f1-b461-eeee0a8dc34e.RiskManagement-db-deployer#flowable-async-job-executor-thread-15008#
[PollStageAppStatusExecution] 76809f69-5d0f-479d-b97f-483792bc86a1 [2026-09-17T19:18:12.240871] -----> Nodejs Buildpack version 1.9.4 (STDOUT, STG)#
#2026 09 17 19:18:19.002#Z#DEBUG#6e95f57f-b2cc-11f1-b461-eeee0a8dc34e.RiskManagement-db-deployer#flowable-async-job-executor-thread-15008#
[PollStageAppStatusExecution] 76809f69-5d0f-479d-b97f-483792bc86a1 [2026-09-17T19:18:12.330276] -----> Bootstrapping python (STDOUT, STG)#
#2026 09 17 19:18:19.002#Z#DEBUG#6e95f57f-b2cc-11f1-b461-eeee0a8dc34e.RiskManagement-db-deployer#flowable-async-job-executor-thread-15008#
[PollStageAppStatusExecution] 76809f69-5d0f-479d-b97f-483792bc86a1 [2026-09-17T19:18:12.330305] -----> Installing python 3.13.15 (STDOUT, STG)#
#2026 09 17 19:18:19.002#Z#DEBUG#6e95f57f-b2cc-11f1-b461-eeee0a8dc34e.RiskManagement-db-deployer#flowable-async-job-executor-thread-15008#
[PollStageAppStatusExecution] 76809f69-5d0f-479d-b97f-483792bc86a1 [2026-09-17T19:18:12.330438] Copy [/tmp/buildpacks/5be6efbe8830cdb7/dependencies/6832464ec708e1392d482a6034aa2c94/python_3.13.15_linux_x64_cflinuxfs4_0c9cd9fd.tgz] (STDOUT, STG)#
#2026 09 17 19:18:19.002#Z#DEBUG#6e95f57f-b2cc-11f1-b461-eeee0a8dc34e.RiskManagement-db-deployer#flowable-async-job-executor-thread-15008#
[PollStageAppStatusExecution] 76809f69-5d0f-479d-b97f-483792bc86a1 [2026-09-17T19:18:16.842066] -----> Installing binaries (STDOUT, STG)#
#2026 09 17 19:18:19.002#Z#DEBUG#6e95f57f-b2cc-11f1-b461-eeee0a8dc34e.RiskManagement-db-deployer#flowable-async-job-executor-thread-15008#
[PollStageAppStatusExecution] 76809f69-5d0f-479d-b97f-483792bc86a1 [2026-09-17T19:18:16.842138] engines.node (package.json): ^24 (STDOUT, STG)#
#2026 09 17 19:18:19.002#Z#DEBUG#6e95f57f-b2cc-11f1-b461-eeee0a8dc34e.RiskManagement-db-deployer#flowable-async-job-executor-thread-15008#
[PollStageAppStatusExecution] 76809f69-5d0f-479d-b97f-483792bc86a1 [2026-09-17T19:18:16.842144] engines.npm (package.json): unspecified (use default) (STDOUT, STG)#
#2026 09 17 19:18:19.002#Z#DEBUG#6e95f57f-b2cc-11f1-b461-eeee0a8dc34e.RiskManagement-db-deployer#flowable-async-job-executor-thread-15008#
[PollStageAppStatusExecution] 76809f69-5d0f-479d-b97f-483792bc86a1 [2026-09-17T19:18:16.842298] -----> Installing node 24.19.0 (STDOUT, STG)#
#2026 09 17 19:18:19.002#Z#DEBUG#6e95f57f-b2cc-11f1-b461-eeee0a8dc34e.RiskManagement-db-deployer#flowable-async-job-executor-thread-15008#
[PollStageAppStatusExecution] 76809f69-5d0f-479d-b97f-483792bc86a1 [2026-09-17T19:18:16.842493] Copy [/tmp/buildpacks/5be6efbe8830cdb7/dependencies/cf9035c55d85610a9158faa009b7a7b5/node_24.19.0_linux_x64_cflinuxfs4_9ab26efa.tgz] (STDOUT, STG)#
#2026 09 17 19:18:29.051#Z#DEBUG#6e95f57f-b2cc-11f1-b461-eeee0a8dc34e.RiskManagement-db-deployer#flowable-async-job-executor-thread-15016#
[PollStageAppStatusExecution] 76809f69-5d0f-479d-b97f-483792bc86a1 [2026-09-17T19:18:19.516645] Using default npm version: 11.17.0 (STDOUT, STG)#
#2026 09 17 19:18:29.051#Z#DEBUG#6e95f57f-b2cc-11f1-b461-eeee0a8dc34e.RiskManagement-db-deployer#flowable-async-job-executor-thread-15016#
[PollStageAppStatusExecution] 76809f69-5d0f-479d-b97f-483792bc86a1 [2026-09-17T19:18:19.516669] -----> Installing yarn 1.22.22 (STDOUT, STG)#
#2026 09 17 19:18:29.051#Z#DEBUG#6e95f57f-b2cc-11f1-b461-eeee0a8dc34e.RiskManagement-db-deployer#flowable-async-job-executor-thread-15016#
[PollStageAppStatusExecution] 76809f69-5d0f-479d-b97f-483792bc86a1 [2026-09-17T19:18:19.516795] Copy [/tmp/buildpacks/5be6efbe8830cdb7/dependencies/e4fe26756e9984a665478d350474fa2e/yarn_1.22.22_linux_noarch_any-stack_b6132b86.tgz] (STDOUT, STG)#
#2026 09 17 19:18:29.051#Z#DEBUG#6e95f57f-b2cc-11f1-b461-eeee0a8dc34e.RiskManagement-db-deployer#flowable-async-job-executor-thread-15016#
[PollStageAppStatusExecution] 76809f69-5d0f-479d-b97f-483792bc86a1 [2026-09-17T19:18:19.905422] Installed yarn 1.22.22 (STDOUT, STG)#
#2026 09 17 19:18:29.051#Z#DEBUG#6e95f57f-b2cc-11f1-b461-eeee0a8dc34e.RiskManagement-db-deployer#flowable-async-job-executor-thread-15016#
[PollStageAppStatusExecution] 76809f69-5d0f-479d-b97f-483792bc86a1 [2026-09-17T19:18:19.905458] -----> Creating runtime environment (STDOUT, STG)#
#2026 09 17 19:18:29.051#Z#DEBUG#6e95f57f-b2cc-11f1-b461-eeee0a8dc34e.RiskManagement-db-deployer#flowable-async-job-executor-thread-15016#
[PollStageAppStatusExecution] 76809f69-5d0f-479d-b97f-483792bc86a1 [2026-09-17T19:18:19.907265] NODE_ENV=production (STDOUT, STG)#
#2026 09 17 19:18:29.051#Z#DEBUG#6e95f57f-b2cc-11f1-b461-eeee0a8dc34e.RiskManagement-db-deployer#flowable-async-job-executor-thread-15016#
[PollStageAppStatusExecution] 76809f69-5d0f-479d-b97f-483792bc86a1 [2026-09-17T19:18:19.907287] NODE_HOME=/tmp/contents1746210804/deps/0/node (STDOUT, STG)#
#2026 09 17 19:18:29.051#Z#DEBUG#6e95f57f-b2cc-11f1-b461-eeee0a8dc34e.RiskManagement-db-deployer#flowable-async-job-executor-thread-15016#
[PollStageAppStatusExecution] 76809f69-5d0f-479d-b97f-483792bc86a1 [2026-09-17T19:18:19.907290] NODE_MODULES_CACHE=true (STDOUT, STG)#
#2026 09 17 19:18:29.051#Z#DEBUG#6e95f57f-b2cc-11f1-b461-eeee0a8dc34e.RiskManagement-db-deployer#flowable-async-job-executor-thread-15016#
[PollStageAppStatusExecution] 76809f69-5d0f-479d-b97f-483792bc86a1 [2026-09-17T19:18:19.907292] NODE_VERBOSE=false (STDOUT, STG)#
#2026 09 17 19:18:29.051#Z#DEBUG#6e95f57f-b2cc-11f1-b461-eeee0a8dc34e.RiskManagement-db-deployer#flowable-async-job-executor-thread-15016#
[PollStageAppStatusExecution] 76809f69-5d0f-479d-b97f-483792bc86a1 [2026-09-17T19:18:19.907299] NPM_CONFIG_LOGLEVEL=error (STDOUT, STG)#
#2026 09 17 19:18:29.051#Z#DEBUG#6e95f57f-b2cc-11f1-b461-eeee0a8dc34e.RiskManagement-db-deployer#flowable-async-job-executor-thread-15016#
[PollStageAppStatusExecution] 76809f69-5d0f-479d-b97f-483792bc86a1 [2026-09-17T19:18:19.907302] NPM_CONFIG_PRODUCTION=true (STDOUT, STG)#
#2026 09 17 19:18:29.051#Z#DEBUG#6e95f57f-b2cc-11f1-b461-eeee0a8dc34e.RiskManagement-db-deployer#flowable-async-job-executor-thread-15016#
[PollStageAppStatusExecution] 76809f69-5d0f-479d-b97f-483792bc86a1 [2026-09-17T19:18:19.907354] -----> Building dependencies (STDOUT, STG)#
#2026 09 17 19:18:29.051#Z#DEBUG#6e95f57f-b2cc-11f1-b461-eeee0a8dc34e.RiskManagement-db-deployer#flowable-async-job-executor-thread-15016#
[PollStageAppStatusExecution] 76809f69-5d0f-479d-b97f-483792bc86a1 [2026-09-17T19:18:19.907372] Prebuild detected (node_modules already exists) (STDOUT, STG)#
#2026 09 17 19:18:29.051#Z#DEBUG#6e95f57f-b2cc-11f1-b461-eeee0a8dc34e.RiskManagement-db-deployer#flowable-async-job-executor-thread-15016#
[PollStageAppStatusExecution] 76809f69-5d0f-479d-b97f-483792bc86a1 [2026-09-17T19:18:19.907378] Rebuilding any native modules (STDOUT, STG)#
#2026 09 17 19:18:29.051#Z#DEBUG#6e95f57f-b2cc-11f1-b461-eeee0a8dc34e.RiskManagement-db-deployer#flowable-async-job-executor-thread-15016#
[PollStageAppStatusExecution] 76809f69-5d0f-479d-b97f-483792bc86a1 [2026-09-17T19:18:20.488636] rebuilt dependencies successfully (STDOUT, STG)#
#2026 09 17 19:18:29.051#Z#DEBUG#6e95f57f-b2cc-11f1-b461-eeee0a8dc34e.RiskManagement-db-deployer#flowable-async-job-executor-thread-15016#
[PollStageAppStatusExecution] 76809f69-5d0f-479d-b97f-483792bc86a1 [2026-09-17T19:18:20.555465] Installing any new modules (package.json + package-lock.json) (STDOUT, STG)#
#2026 09 17 19:18:29.051#Z#DEBUG#6e95f57f-b2cc-11f1-b461-eeee0a8dc34e.RiskManagement-db-deployer#flowable-async-job-executor-thread-15016#
[PollStageAppStatusExecution] 76809f69-5d0f-479d-b97f-483792bc86a1 [2026-09-17T19:18:21.051221] up to date in 402ms (STDOUT, STG)#
#2026 09 17 19:18:29.051#Z#DEBUG#6e95f57f-b2cc-11f1-b461-eeee0a8dc34e.RiskManagement-db-deployer#flowable-async-job-executor-thread-15016#
[PollStageAppStatusExecution] 76809f69-5d0f-479d-b97f-483792bc86a1 [2026-09-17T19:18:21.051251] 4 packages are looking for funding (STDOUT, STG)#
#2026 09 17 19:18:29.051#Z#DEBUG#6e95f57f-b2cc-11f1-b461-eeee0a8dc34e.RiskManagement-db-deployer#flowable-async-job-executor-thread-15016#
[PollStageAppStatusExecution] 76809f69-5d0f-479d-b97f-483792bc86a1 [2026-09-17T19:18:21.051254] run `npm fund` for details (STDOUT, STG)#
#2026 09 17 19:18:29.051#Z#DEBUG#6e95f57f-b2cc-11f1-b461-eeee0a8dc34e.RiskManagement-db-deployer#flowable-async-job-executor-thread-15016#
[PollStageAppStatusExecution] 76809f69-5d0f-479d-b97f-483792bc86a1 [2026-09-17T19:18:21.968349] Contrast Security no credentials found. Will not write environment files. (STDOUT, STG)#
#2026 09 17 19:18:39.146#Z#DEBUG#6e95f57f-b2cc-11f1-b461-eeee0a8dc34e.RiskManagement-db-deployer#flowable-async-job-executor-thread-15025#
[PollStageAppStatusExecution] 76809f69-5d0f-479d-b97f-483792bc86a1 [2026-09-17T19:18:31.818348] Exit status 0 (STDOUT, STG)#
#2026 09 17 19:18:39.146#Z#DEBUG#6e95f57f-b2cc-11f1-b461-eeee0a8dc34e.RiskManagement-db-deployer#flowable-async-job-executor-thread-15025#
[PollStageAppStatusExecution] 76809f69-5d0f-479d-b97f-483792bc86a1 [2026-09-17T19:18:31.818412] Uploading droplet, build artifacts cache... (STDOUT, STG)#
#2026 09 17 19:18:39.146#Z#DEBUG#6e95f57f-b2cc-11f1-b461-eeee0a8dc34e.RiskManagement-db-deployer#flowable-async-job-executor-thread-15025#
[PollStageAppStatusExecution] 76809f69-5d0f-479d-b97f-483792bc86a1 [2026-09-17T19:18:31.818460] Uploading droplet... (STDOUT, STG)#
#2026 09 17 19:18:39.146#Z#DEBUG#6e95f57f-b2cc-11f1-b461-eeee0a8dc34e.RiskManagement-db-deployer#flowable-async-job-executor-thread-15025#
[PollStageAppStatusExecution] 76809f69-5d0f-479d-b97f-483792bc86a1 [2026-09-17T19:18:31.818485] Uploading build artifacts cache... (STDOUT, STG)#
#2026 09 17 19:18:39.146#Z#DEBUG#6e95f57f-b2cc-11f1-b461-eeee0a8dc34e.RiskManagement-db-deployer#flowable-async-job-executor-thread-15025#
[PollStageAppStatusExecution] 76809f69-5d0f-479d-b97f-483792bc86a1 [2026-09-17T19:18:31.865184] Uploaded build artifacts cache (226B) (STDOUT, STG)#
#2026 09 17 19:18:39.146#Z#DEBUG#6e95f57f-b2cc-11f1-b461-eeee0a8dc34e.RiskManagement-db-deployer#flowable-async-job-executor-thread-15025#
[PollStageAppStatusExecution] 76809f69-5d0f-479d-b97f-483792bc86a1 [2026-09-17T19:18:32.777165] Creating droplet for app with guid 76809f69-5d0f-479d-b97f-483792bc86a1 (STDOUT, API)#
#2026 09 17 19:18:39.146#Z#DEBUG#6e95f57f-b2cc-11f1-b461-eeee0a8dc34e.RiskManagement-db-deployer#flowable-async-job-executor-thread-15025#
[PollStageAppStatusExecution] 76809f69-5d0f-479d-b97f-483792bc86a1 [2026-09-17T19:18:36.846439] Uploaded droplet (59.3M) (STDOUT, STG)#
#2026 09 17 19:18:39.146#Z#DEBUG#6e95f57f-b2cc-11f1-b461-eeee0a8dc34e.RiskManagement-db-deployer#flowable-async-job-executor-thread-15025#
[PollStageAppStatusExecution] 76809f69-5d0f-479d-b97f-483792bc86a1 [2026-09-17T19:18:36.880287] Uploading complete (STDOUT, STG)#
#2026 09 17 19:18:39.146#Z#DEBUG#6e95f57f-b2cc-11f1-b461-eeee0a8dc34e.RiskManagement-db-deployer#flowable-async-job-executor-thread-15025#
[PollStageAppStatusExecution] 76809f69-5d0f-479d-b97f-483792bc86a1 [2026-09-17T19:18:38.021750] Cell 77283d80-dfa7-40ba-ba4e-265aef112085 stopping instance c68e4801-2fa6-4910-813d-4c3a8d0a6719 (STDOUT, STG)#
#2026 09 17 19:18:39.146#Z#DEBUG#6e95f57f-b2cc-11f1-b461-eeee0a8dc34e.RiskManagement-db-deployer#flowable-async-job-executor-thread-15025#
[PollStageAppStatusExecution] 76809f69-5d0f-479d-b97f-483792bc86a1 [2026-09-17T19:18:38.021823] Cell 77283d80-dfa7-40ba-ba4e-265aef112085 destroying container for instance c68e4801-2fa6-4910-813d-4c3a8d0a6719 (STDOUT, STG)#
#2026 09 17 19:18:39.146#Z#DEBUG#6e95f57f-b2cc-11f1-b461-eeee0a8dc34e.RiskManagement-db-deployer#flowable-async-job-executor-thread-15025#
[PollStageAppStatusExecution] 76809f69-5d0f-479d-b97f-483792bc86a1 [2026-09-17T19:18:38.075733] Staging complete for build c68e4801-2fa6-4910-813d-4c3a8d0a6719 (STDOUT, API)#
#2026 09 17 19:18:49.114#Z#DEBUG#6e95f57f-b2cc-11f1-b461-eeee0a8dc34e.RiskManagement-db-deployer#flowable-async-job-executor-thread-15031#
[PollExecuteTaskStatusExecution] 76809f69-5d0f-479d-b97f-483792bc86a1 [2026-09-17T19:17:49.511532] Updated app with guid 76809f69-5d0f-479d-b97f-483792bc86a1 ({"lifecycle"=>{"data"=>{"buildpacks"=>["nodejs_buildpack"]}, "type"=>"buildpack"}}) (STDOUT, API)#
#2026 09 17 19:18:49.114#Z#DEBUG#6e95f57f-b2cc-11f1-b461-eeee0a8dc34e.RiskManagement-db-deployer#flowable-async-job-executor-thread-15031#
[PollExecuteTaskStatusExecution] 76809f69-5d0f-479d-b97f-483792bc86a1 [2026-09-17T19:17:49.588779] Updating process: "web" (STDOUT, API)#
#2026 09 17 19:18:49.114#Z#DEBUG#6e95f57f-b2cc-11f1-b461-eeee0a8dc34e.RiskManagement-db-deployer#flowable-async-job-executor-thread-15031#
[PollExecuteTaskStatusExecution] 76809f69-5d0f-479d-b97f-483792bc86a1 [2026-09-17T19:17:59.053594] Uploading app package for app with guid 76809f69-5d0f-479d-b97f-483792bc86a1 (STDOUT, API)#
#2026 09 17 19:18:49.114#Z#DEBUG#6e95f57f-b2cc-11f1-b461-eeee0a8dc34e.RiskManagement-db-deployer#flowable-async-job-executor-thread-15031#
[PollExecuteTaskStatusExecution] 76809f69-5d0f-479d-b97f-483792bc86a1 [2026-09-17T19:17:59.249711] Updated app with guid 76809f69-5d0f-479d-b97f-483792bc86a1 ({"environment_variables"=>"[PRIVATE DATA HIDDEN]"}) (STDOUT, API)#
#2026 09 17 19:18:49.114#Z#DEBUG#6e95f57f-b2cc-11f1-b461-eeee0a8dc34e.RiskManagement-db-deployer#flowable-async-job-executor-thread-15031#
[PollExecuteTaskStatusExecution] 76809f69-5d0f-479d-b97f-483792bc86a1 [2026-09-17T19:18:09.238227] Creating build for app with guid 76809f69-5d0f-479d-b97f-483792bc86a1 (STDOUT, API)#
#2026 09 17 19:18:49.114#Z#DEBUG#6e95f57f-b2cc-11f1-b461-eeee0a8dc34e.RiskManagement-db-deployer#flowable-async-job-executor-thread-15031#
[PollExecuteTaskStatusExecution] 76809f69-5d0f-479d-b97f-483792bc86a1 [2026-09-17T19:18:09.797143] Downloading nodejs_buildpack... (STDOUT, STG)#
#2026 09 17 19:18:49.114#Z#DEBUG#6e95f57f-b2cc-11f1-b461-eeee0a8dc34e.RiskManagement-db-deployer#flowable-async-job-executor-thread-15031#
[PollExecuteTaskStatusExecution] 76809f69-5d0f-479d-b97f-483792bc86a1 [2026-09-17T19:18:09.838558] Downloaded nodejs_buildpack (STDOUT, STG)#
#2026 09 17 19:18:49.114#Z#DEBUG#6e95f57f-b2cc-11f1-b461-eeee0a8dc34e.RiskManagement-db-deployer#flowable-async-job-executor-thread-15031#
[PollExecuteTaskStatusExecution] 76809f69-5d0f-479d-b97f-483792bc86a1 [2026-09-17T19:18:09.838648] Cell 77283d80-dfa7-40ba-ba4e-265aef112085 creating container for instance c68e4801-2fa6-4910-813d-4c3a8d0a6719 (STDOUT, STG)#
#2026 09 17 19:18:49.114#Z#DEBUG#6e95f57f-b2cc-11f1-b461-eeee0a8dc34e.RiskManagement-db-deployer#flowable-async-job-executor-thread-15031#
[PollExecuteTaskStatusExecution] 76809f69-5d0f-479d-b97f-483792bc86a1 [2026-09-17T19:18:10.872588] Security group rules were updated (STDOUT, STG)#
#2026 09 17 19:18:49.114#Z#DEBUG#6e95f57f-b2cc-11f1-b461-eeee0a8dc34e.RiskManagement-db-deployer#flowable-async-job-executor-thread-15031#
[PollExecuteTaskStatusExecution] 76809f69-5d0f-479d-b97f-483792bc86a1 [2026-09-17T19:18:10.933812] Cell 77283d80-dfa7-40ba-ba4e-265aef112085 successfully created container for instance c68e4801-2fa6-4910-813d-4c3a8d0a6719 (STDOUT, STG)#
#2026 09 17 19:18:49.114#Z#DEBUG#6e95f57f-b2cc-11f1-b461-eeee0a8dc34e.RiskManagement-db-deployer#flowable-async-job-executor-thread-15031#
[PollExecuteTaskStatusExecution] 76809f69-5d0f-479d-b97f-483792bc86a1 [2026-09-17T19:18:11.537082] Downloading build artifacts cache... (STDOUT, STG)#
#2026 09 17 19:18:49.114#Z#DEBUG#6e95f57f-b2cc-11f1-b461-eeee0a8dc34e.RiskManagement-db-deployer#flowable-async-job-executor-thread-15031#
[PollExecuteTaskStatusExecution] 76809f69-5d0f-479d-b97f-483792bc86a1 [2026-09-17T19:18:11.537483] Downloading app package... (STDOUT, STG)#
#2026 09 17 19:18:49.114#Z#DEBUG#6e95f57f-b2cc-11f1-b461-eeee0a8dc34e.RiskManagement-db-deployer#flowable-async-job-executor-thread-15031#
[PollExecuteTaskStatusExecution] 76809f69-5d0f-479d-b97f-483792bc86a1 [2026-09-17T19:18:11.670358] Downloaded build artifacts cache (223B) (STDOUT, STG)#
#2026 09 17 19:18:49.114#Z#DEBUG#6e95f57f-b2cc-11f1-b461-eeee0a8dc34e.RiskManagement-db-deployer#flowable-async-job-executor-thread-15031#
[PollExecuteTaskStatusExecution] 76809f69-5d0f-479d-b97f-483792bc86a1 [2026-09-17T19:18:12.059152] Downloaded app package (2.3M) (STDOUT, STG)#
#2026 09 17 19:18:49.114#Z#DEBUG#6e95f57f-b2cc-11f1-b461-eeee0a8dc34e.RiskManagement-db-deployer#flowable-async-job-executor-thread-15031#
[PollExecuteTaskStatusExecution] 76809f69-5d0f-479d-b97f-483792bc86a1 [2026-09-17T19:18:12.240871] -----> Nodejs Buildpack version 1.9.4 (STDOUT, STG)#
#2026 09 17 19:18:49.114#Z#DEBUG#6e95f57f-b2cc-11f1-b461-eeee0a8dc34e.RiskManagement-db-deployer#flowable-async-job-executor-thread-15031#
[PollExecuteTaskStatusExecution] 76809f69-5d0f-479d-b97f-483792bc86a1 [2026-09-17T19:18:12.330276] -----> Bootstrapping python (STDOUT, STG)#
#2026 09 17 19:18:49.114#Z#DEBUG#6e95f57f-b2cc-11f1-b461-eeee0a8dc34e.RiskManagement-db-deployer#flowable-async-job-executor-thread-15031#
[PollExecuteTaskStatusExecution] 76809f69-5d0f-479d-b97f-483792bc86a1 [2026-09-17T19:18:12.330305] -----> Installing python 3.13.15 (STDOUT, STG)#
#2026 09 17 19:18:49.114#Z#DEBUG#6e95f57f-b2cc-11f1-b461-eeee0a8dc34e.RiskManagement-db-deployer#flowable-async-job-executor-thread-15031#
[PollExecuteTaskStatusExecution] 76809f69-5d0f-479d-b97f-483792bc86a1 [2026-09-17T19:18:12.330438] Copy [/tmp/buildpacks/5be6efbe8830cdb7/dependencies/6832464ec708e1392d482a6034aa2c94/python_3.13.15_linux_x64_cflinuxfs4_0c9cd9fd.tgz] (STDOUT, STG)#
#2026 09 17 19:18:49.114#Z#DEBUG#6e95f57f-b2cc-11f1-b461-eeee0a8dc34e.RiskManagement-db-deployer#flowable-async-job-executor-thread-15031#
[PollExecuteTaskStatusExecution] 76809f69-5d0f-479d-b97f-483792bc86a1 [2026-09-17T19:18:16.842066] -----> Installing binaries (STDOUT, STG)#
#2026 09 17 19:18:49.114#Z#DEBUG#6e95f57f-b2cc-11f1-b461-eeee0a8dc34e.RiskManagement-db-deployer#flowable-async-job-executor-thread-15031#
[PollExecuteTaskStatusExecution] 76809f69-5d0f-479d-b97f-483792bc86a1 [2026-09-17T19:18:16.842138] engines.node (package.json): ^24 (STDOUT, STG)#
#2026 09 17 19:18:49.114#Z#DEBUG#6e95f57f-b2cc-11f1-b461-eeee0a8dc34e.RiskManagement-db-deployer#flowable-async-job-executor-thread-15031#
[PollExecuteTaskStatusExecution] 76809f69-5d0f-479d-b97f-483792bc86a1 [2026-09-17T19:18:16.842144] engines.npm (package.json): unspecified (use default) (STDOUT, STG)#
#2026 09 17 19:18:49.114#Z#DEBUG#6e95f57f-b2cc-11f1-b461-eeee0a8dc34e.RiskManagement-db-deployer#flowable-async-job-executor-thread-15031#
[PollExecuteTaskStatusExecution] 76809f69-5d0f-479d-b97f-483792bc86a1 [2026-09-17T19:18:16.842298] -----> Installing node 24.19.0 (STDOUT, STG)#
#2026 09 17 19:18:49.114#Z#DEBUG#6e95f57f-b2cc-11f1-b461-eeee0a8dc34e.RiskManagement-db-deployer#flowable-async-job-executor-thread-15031#
[PollExecuteTaskStatusExecution] 76809f69-5d0f-479d-b97f-483792bc86a1 [2026-09-17T19:18:16.842493] Copy [/tmp/buildpacks/5be6efbe8830cdb7/dependencies/cf9035c55d85610a9158faa009b7a7b5/node_24.19.0_linux_x64_cflinuxfs4_9ab26efa.tgz] (STDOUT, STG)#
#2026 09 17 19:18:49.114#Z#DEBUG#6e95f57f-b2cc-11f1-b461-eeee0a8dc34e.RiskManagement-db-deployer#flowable-async-job-executor-thread-15031#
[PollExecuteTaskStatusExecution] 76809f69-5d0f-479d-b97f-483792bc86a1 [2026-09-17T19:18:19.516645] Using default npm version: 11.17.0 (STDOUT, STG)#
#2026 09 17 19:18:49.114#Z#DEBUG#6e95f57f-b2cc-11f1-b461-eeee0a8dc34e.RiskManagement-db-deployer#flowable-async-job-executor-thread-15031#
[PollExecuteTaskStatusExecution] 76809f69-5d0f-479d-b97f-483792bc86a1 [2026-09-17T19:18:19.516669] -----> Installing yarn 1.22.22 (STDOUT, STG)#
#2026 09 17 19:18:49.114#Z#DEBUG#6e95f57f-b2cc-11f1-b461-eeee0a8dc34e.RiskManagement-db-deployer#flowable-async-job-executor-thread-15031#
[PollExecuteTaskStatusExecution] 76809f69-5d0f-479d-b97f-483792bc86a1 [2026-09-17T19:18:19.516795] Copy [/tmp/buildpacks/5be6efbe8830cdb7/dependencies/e4fe26756e9984a665478d350474fa2e/yarn_1.22.22_linux_noarch_any-stack_b6132b86.tgz] (STDOUT, STG)#
#2026 09 17 19:18:49.114#Z#DEBUG#6e95f57f-b2cc-11f1-b461-eeee0a8dc34e.RiskManagement-db-deployer#flowable-async-job-executor-thread-15031#
[PollExecuteTaskStatusExecution] 76809f69-5d0f-479d-b97f-483792bc86a1 [2026-09-17T19:18:19.905422] Installed yarn 1.22.22 (STDOUT, STG)#
#2026 09 17 19:18:49.114#Z#DEBUG#6e95f57f-b2cc-11f1-b461-eeee0a8dc34e.RiskManagement-db-deployer#flowable-async-job-executor-thread-15031#
[PollExecuteTaskStatusExecution] 76809f69-5d0f-479d-b97f-483792bc86a1 [2026-09-17T19:18:19.905458] -----> Creating runtime environment (STDOUT, STG)#
#2026 09 17 19:18:49.114#Z#DEBUG#6e95f57f-b2cc-11f1-b461-eeee0a8dc34e.RiskManagement-db-deployer#flowable-async-job-executor-thread-15031#
[PollExecuteTaskStatusExecution] 76809f69-5d0f-479d-b97f-483792bc86a1 [2026-09-17T19:18:19.907265] NODE_ENV=production (STDOUT, STG)#
#2026 09 17 19:18:49.114#Z#DEBUG#6e95f57f-b2cc-11f1-b461-eeee0a8dc34e.RiskManagement-db-deployer#flowable-async-job-executor-thread-15031#
[PollExecuteTaskStatusExecution] 76809f69-5d0f-479d-b97f-483792bc86a1 [2026-09-17T19:18:19.907287] NODE_HOME=/tmp/contents1746210804/deps/0/node (STDOUT, STG)#
#2026 09 17 19:18:49.114#Z#DEBUG#6e95f57f-b2cc-11f1-b461-eeee0a8dc34e.RiskManagement-db-deployer#flowable-async-job-executor-thread-15031#
[PollExecuteTaskStatusExecution] 76809f69-5d0f-479d-b97f-483792bc86a1 [2026-09-17T19:18:19.907290] NODE_MODULES_CACHE=true (STDOUT, STG)#
#2026 09 17 19:18:49.114#Z#DEBUG#6e95f57f-b2cc-11f1-b461-eeee0a8dc34e.RiskManagement-db-deployer#flowable-async-job-executor-thread-15031#
[PollExecuteTaskStatusExecution] 76809f69-5d0f-479d-b97f-483792bc86a1 [2026-09-17T19:18:19.907292] NODE_VERBOSE=false (STDOUT, STG)#
#2026 09 17 19:18:49.114#Z#DEBUG#6e95f57f-b2cc-11f1-b461-eeee0a8dc34e.RiskManagement-db-deployer#flowable-async-job-executor-thread-15031#
[PollExecuteTaskStatusExecution] 76809f69-5d0f-479d-b97f-483792bc86a1 [2026-09-17T19:18:19.907299] NPM_CONFIG_LOGLEVEL=error (STDOUT, STG)#
#2026 09 17 19:18:49.114#Z#DEBUG#6e95f57f-b2cc-11f1-b461-eeee0a8dc34e.RiskManagement-db-deployer#flowable-async-job-executor-thread-15031#
[PollExecuteTaskStatusExecution] 76809f69-5d0f-479d-b97f-483792bc86a1 [2026-09-17T19:18:19.907302] NPM_CONFIG_PRODUCTION=true (STDOUT, STG)#
#2026 09 17 19:18:49.114#Z#DEBUG#6e95f57f-b2cc-11f1-b461-eeee0a8dc34e.RiskManagement-db-deployer#flowable-async-job-executor-thread-15031#
[PollExecuteTaskStatusExecution] 76809f69-5d0f-479d-b97f-483792bc86a1 [2026-09-17T19:18:19.907354] -----> Building dependencies (STDOUT, STG)#
#2026 09 17 19:18:49.114#Z#DEBUG#6e95f57f-b2cc-11f1-b461-eeee0a8dc34e.RiskManagement-db-deployer#flowable-async-job-executor-thread-15031#
[PollExecuteTaskStatusExecution] 76809f69-5d0f-479d-b97f-483792bc86a1 [2026-09-17T19:18:19.907372] Prebuild detected (node_modules already exists) (STDOUT, STG)#
#2026 09 17 19:18:49.114#Z#DEBUG#6e95f57f-b2cc-11f1-b461-eeee0a8dc34e.RiskManagement-db-deployer#flowable-async-job-executor-thread-15031#
[PollExecuteTaskStatusExecution] 76809f69-5d0f-479d-b97f-483792bc86a1 [2026-09-17T19:18:19.907378] Rebuilding any native modules (STDOUT, STG)#
#2026 09 17 19:18:49.114#Z#DEBUG#6e95f57f-b2cc-11f1-b461-eeee0a8dc34e.RiskManagement-db-deployer#flowable-async-job-executor-thread-15031#
[PollExecuteTaskStatusExecution] 76809f69-5d0f-479d-b97f-483792bc86a1 [2026-09-17T19:18:20.488636] rebuilt dependencies successfully (STDOUT, STG)#
#2026 09 17 19:18:49.114#Z#DEBUG#6e95f57f-b2cc-11f1-b461-eeee0a8dc34e.RiskManagement-db-deployer#flowable-async-job-executor-thread-15031#
[PollExecuteTaskStatusExecution] 76809f69-5d0f-479d-b97f-483792bc86a1 [2026-09-17T19:18:20.555465] Installing any new modules (package.json + package-lock.json) (STDOUT, STG)#
#2026 09 17 19:18:49.114#Z#DEBUG#6e95f57f-b2cc-11f1-b461-eeee0a8dc34e.RiskManagement-db-deployer#flowable-async-job-executor-thread-15031#
[PollExecuteTaskStatusExecution] 76809f69-5d0f-479d-b97f-483792bc86a1 [2026-09-17T19:18:21.051221] up to date in 402ms (STDOUT, STG)#
#2026 09 17 19:18:49.114#Z#DEBUG#6e95f57f-b2cc-11f1-b461-eeee0a8dc34e.RiskManagement-db-deployer#flowable-async-job-executor-thread-15031#
[PollExecuteTaskStatusExecution] 76809f69-5d0f-479d-b97f-483792bc86a1 [2026-09-17T19:18:21.051251] 4 packages are looking for funding (STDOUT, STG)#
#2026 09 17 19:18:49.114#Z#DEBUG#6e95f57f-b2cc-11f1-b461-eeee0a8dc34e.RiskManagement-db-deployer#flowable-async-job-executor-thread-15031#
[PollExecuteTaskStatusExecution] 76809f69-5d0f-479d-b97f-483792bc86a1 [2026-09-17T19:18:21.051254] run `npm fund` for details (STDOUT, STG)#
#2026 09 17 19:18:49.114#Z#DEBUG#6e95f57f-b2cc-11f1-b461-eeee0a8dc34e.RiskManagement-db-deployer#flowable-async-job-executor-thread-15031#
[PollExecuteTaskStatusExecution] 76809f69-5d0f-479d-b97f-483792bc86a1 [2026-09-17T19:18:21.968349] Contrast Security no credentials found. Will not write environment files. (STDOUT, STG)#
#2026 09 17 19:18:49.114#Z#DEBUG#6e95f57f-b2cc-11f1-b461-eeee0a8dc34e.RiskManagement-db-deployer#flowable-async-job-executor-thread-15031#
[PollExecuteTaskStatusExecution] 76809f69-5d0f-479d-b97f-483792bc86a1 [2026-09-17T19:18:31.818348] Exit status 0 (STDOUT, STG)#
#2026 09 17 19:18:49.114#Z#DEBUG#6e95f57f-b2cc-11f1-b461-eeee0a8dc34e.RiskManagement-db-deployer#flowable-async-job-executor-thread-15031#
[PollExecuteTaskStatusExecution] 76809f69-5d0f-479d-b97f-483792bc86a1 [2026-09-17T19:18:31.818412] Uploading droplet, build artifacts cache... (STDOUT, STG)#
#2026 09 17 19:18:49.114#Z#DEBUG#6e95f57f-b2cc-11f1-b461-eeee0a8dc34e.RiskManagement-db-deployer#flowable-async-job-executor-thread-15031#
[PollExecuteTaskStatusExecution] 76809f69-5d0f-479d-b97f-483792bc86a1 [2026-09-17T19:18:31.818460] Uploading droplet... (STDOUT, STG)#
#2026 09 17 19:18:49.114#Z#DEBUG#6e95f57f-b2cc-11f1-b461-eeee0a8dc34e.RiskManagement-db-deployer#flowable-async-job-executor-thread-15031#
[PollExecuteTaskStatusExecution] 76809f69-5d0f-479d-b97f-483792bc86a1 [2026-09-17T19:18:31.818485] Uploading build artifacts cache... (STDOUT, STG)#
#2026 09 17 19:18:49.114#Z#DEBUG#6e95f57f-b2cc-11f1-b461-eeee0a8dc34e.RiskManagement-db-deployer#flowable-async-job-executor-thread-15031#
[PollExecuteTaskStatusExecution] 76809f69-5d0f-479d-b97f-483792bc86a1 [2026-09-17T19:18:31.865184] Uploaded build artifacts cache (226B) (STDOUT, STG)#
#2026 09 17 19:18:49.114#Z#DEBUG#6e95f57f-b2cc-11f1-b461-eeee0a8dc34e.RiskManagement-db-deployer#flowable-async-job-executor-thread-15031#
[PollExecuteTaskStatusExecution] 76809f69-5d0f-479d-b97f-483792bc86a1 [2026-09-17T19:18:32.777165] Creating droplet for app with guid 76809f69-5d0f-479d-b97f-483792bc86a1 (STDOUT, API)#
#2026 09 17 19:18:49.114#Z#DEBUG#6e95f57f-b2cc-11f1-b461-eeee0a8dc34e.RiskManagement-db-deployer#flowable-async-job-executor-thread-15031#
[PollExecuteTaskStatusExecution] 76809f69-5d0f-479d-b97f-483792bc86a1 [2026-09-17T19:18:36.846439] Uploaded droplet (59.3M) (STDOUT, STG)#
#2026 09 17 19:18:49.114#Z#DEBUG#6e95f57f-b2cc-11f1-b461-eeee0a8dc34e.RiskManagement-db-deployer#flowable-async-job-executor-thread-15031#
[PollExecuteTaskStatusExecution] 76809f69-5d0f-479d-b97f-483792bc86a1 [2026-09-17T19:18:36.880287] Uploading complete (STDOUT, STG)#
#2026 09 17 19:18:49.114#Z#DEBUG#6e95f57f-b2cc-11f1-b461-eeee0a8dc34e.RiskManagement-db-deployer#flowable-async-job-executor-thread-15031#
[PollExecuteTaskStatusExecution] 76809f69-5d0f-479d-b97f-483792bc86a1 [2026-09-17T19:18:38.021750] Cell 77283d80-dfa7-40ba-ba4e-265aef112085 stopping instance c68e4801-2fa6-4910-813d-4c3a8d0a6719 (STDOUT, STG)#
#2026 09 17 19:18:49.114#Z#DEBUG#6e95f57f-b2cc-11f1-b461-eeee0a8dc34e.RiskManagement-db-deployer#flowable-async-job-executor-thread-15031#
[PollExecuteTaskStatusExecution] 76809f69-5d0f-479d-b97f-483792bc86a1 [2026-09-17T19:18:38.021823] Cell 77283d80-dfa7-40ba-ba4e-265aef112085 destroying container for instance c68e4801-2fa6-4910-813d-4c3a8d0a6719 (STDOUT, STG)#
#2026 09 17 19:18:49.114#Z#DEBUG#6e95f57f-b2cc-11f1-b461-eeee0a8dc34e.RiskManagement-db-deployer#flowable-async-job-executor-thread-15031#
[PollExecuteTaskStatusExecution] 76809f69-5d0f-479d-b97f-483792bc86a1 [2026-09-17T19:18:38.075733] Staging complete for build c68e4801-2fa6-4910-813d-4c3a8d0a6719 (STDOUT, API)#
#2026 09 17 19:18:49.114#Z#DEBUG#6e95f57f-b2cc-11f1-b461-eeee0a8dc34e.RiskManagement-db-deployer#flowable-async-job-executor-thread-15031#
[PollExecuteTaskStatusExecution] 76809f69-5d0f-479d-b97f-483792bc86a1 [2026-09-17T19:18:39.221433] Updated app with guid 76809f69-5d0f-479d-b97f-483792bc86a1 ({:droplet_guid=>"bd78fa99-5adb-4860-b6bd-4be6ca338914"}) (STDOUT, API)#
#2026 09 17 19:18:49.114#Z#DEBUG#6e95f57f-b2cc-11f1-b461-eeee0a8dc34e.RiskManagement-db-deployer#flowable-async-job-executor-thread-15031#
[PollExecuteTaskStatusExecution] 76809f69-5d0f-479d-b97f-483792bc86a1 [2026-09-17T19:18:39.716506] Cell d1cc041a-d5a1-41d6-b9f6-6cda736ce3f0 creating container for instance cca42f60-7ad3-46c7-8f99-7d6df6e639e6 (STDOUT, CELL)#
#2026 09 17 19:18:49.114#Z#DEBUG#6e95f57f-b2cc-11f1-b461-eeee0a8dc34e.RiskManagement-db-deployer#flowable-async-job-executor-thread-15031#
[PollExecuteTaskStatusExecution] 76809f69-5d0f-479d-b97f-483792bc86a1 [2026-09-17T19:18:40.312671] Security group rules were updated (STDOUT, CELL)#
#2026 09 17 19:18:49.114#Z#DEBUG#6e95f57f-b2cc-11f1-b461-eeee0a8dc34e.RiskManagement-db-deployer#flowable-async-job-executor-thread-15031#
[PollExecuteTaskStatusExecution] 76809f69-5d0f-479d-b97f-483792bc86a1 [2026-09-17T19:18:40.353152] Cell d1cc041a-d5a1-41d6-b9f6-6cda736ce3f0 successfully created container for instance cca42f60-7ad3-46c7-8f99-7d6df6e639e6 (STDOUT, CELL)#
#2026 09 17 19:18:49.114#Z#DEBUG#6e95f57f-b2cc-11f1-b461-eeee0a8dc34e.RiskManagement-db-deployer#flowable-async-job-executor-thread-15031#
[PollExecuteTaskStatusExecution] 76809f69-5d0f-479d-b97f-483792bc86a1 [2026-09-17T19:18:40.806587] Cell 77283d80-dfa7-40ba-ba4e-265aef112085 successfully destroyed container for instance c68e4801-2fa6-4910-813d-4c3a8d0a6719 (STDOUT, STG)#
#2026 09 17 19:18:49.114#Z#DEBUG#6e95f57f-b2cc-11f1-b461-eeee0a8dc34e.RiskManagement-db-deployer#flowable-async-job-executor-thread-15031#
[PollExecuteTaskStatusExecution] 76809f69-5d0f-479d-b97f-483792bc86a1 [2026-09-17T19:18:45.019720] Invoking pre-start scripts. (STDOUT, APP/TASK/deploy)#
#2026 09 17 19:18:49.114#Z#DEBUG#6e95f57f-b2cc-11f1-b461-eeee0a8dc34e.RiskManagement-db-deployer#flowable-async-job-executor-thread-15031#
[PollExecuteTaskStatusExecution] 76809f69-5d0f-479d-b97f-483792bc86a1 [2026-09-17T19:18:45.236729] Invoking start command. (STDOUT, APP/TASK/deploy)#
#2026 09 17 19:18:49.114#Z#DEBUG#6e95f57f-b2cc-11f1-b461-eeee0a8dc34e.RiskManagement-db-deployer#flowable-async-job-executor-thread-15031#
[PollExecuteTaskStatusExecution] 76809f69-5d0f-479d-b97f-483792bc86a1 [2026-09-17T19:18:45.692516] > start (STDOUT, APP/TASK/deploy)#
#2026 09 17 19:18:49.114#Z#DEBUG#6e95f57f-b2cc-11f1-b461-eeee0a8dc34e.RiskManagement-db-deployer#flowable-async-job-executor-thread-15031#
[PollExecuteTaskStatusExecution] 76809f69-5d0f-479d-b97f-483792bc86a1 [2026-09-17T19:18:45.692551] > node node_modules/@sap/hdi-deploy/deploy.js --use-hdb --parameter com.sap.hana.di.table/try_fast_table_migration=true (STDOUT, APP/TASK/deploy)#
#2026 09 17 19:18:49.114#Z#DEBUG#6e95f57f-b2cc-11f1-b461-eeee0a8dc34e.RiskManagement-db-deployer#flowable-async-job-executor-thread-15031#
[PollExecuteTaskStatusExecution] 76809f69-5d0f-479d-b97f-483792bc86a1 [2026-09-17T19:18:45.881404] VCAP_SERVICES: (STDOUT, APP/TASK/deploy)#
#2026 09 17 19:18:49.114#Z#DEBUG#6e95f57f-b2cc-11f1-b461-eeee0a8dc34e.RiskManagement-db-deployer#flowable-async-job-executor-thread-15031#
[PollExecuteTaskStatusExecution] 76809f69-5d0f-479d-b97f-483792bc86a1 [2026-09-17T19:18:45.882710] { (STDOUT, APP/TASK/deploy)#
#2026 09 17 19:18:49.114#Z#DEBUG#6e95f57f-b2cc-11f1-b461-eeee0a8dc34e.RiskManagement-db-deployer#flowable-async-job-executor-thread-15031#
[PollExecuteTaskStatusExecution] 76809f69-5d0f-479d-b97f-483792bc86a1 [2026-09-17T19:18:45.882750] "hana": [ (STDOUT, APP/TASK/deploy)#
#2026 09 17 19:18:49.114#Z#DEBUG#6e95f57f-b2cc-11f1-b461-eeee0a8dc34e.RiskManagement-db-deployer#flowable-async-job-executor-thread-15031#
[PollExecuteTaskStatusExecution] 76809f69-5d0f-479d-b97f-483792bc86a1 [2026-09-17T19:18:45.882754] { (STDOUT, APP/TASK/deploy)#
#2026 09 17 19:18:49.114#Z#DEBUG#6e95f57f-b2cc-11f1-b461-eeee0a8dc34e.RiskManagement-db-deployer#flowable-async-job-executor-thread-15031#
[PollExecuteTaskStatusExecution] 76809f69-5d0f-479d-b97f-483792bc86a1 [2026-09-17T19:18:45.882762] "name": "RiskManagement-db", (STDOUT, APP/TASK/deploy)#
#2026 09 17 19:18:49.114#Z#DEBUG#6e95f57f-b2cc-11f1-b461-eeee0a8dc34e.RiskManagement-db-deployer#flowable-async-job-executor-thread-15031#
[PollExecuteTaskStatusExecution] 76809f69-5d0f-479d-b97f-483792bc86a1 [2026-09-17T19:18:45.882766] "label": "hana", (STDOUT, APP/TASK/deploy)#
#2026 09 17 19:18:49.114#Z#DEBUG#6e95f57f-b2cc-11f1-b461-eeee0a8dc34e.RiskManagement-db-deployer#flowable-async-job-executor-thread-15031#
[PollExecuteTaskStatusExecution] 76809f69-5d0f-479d-b97f-483792bc86a1 [2026-09-17T19:18:45.882777] "plan": "hdi-shared", (STDOUT, APP/TASK/deploy)#
#2026 09 17 19:18:49.114#Z#DEBUG#6e95f57f-b2cc-11f1-b461-eeee0a8dc34e.RiskManagement-db-deployer#flowable-async-job-executor-thread-15031#
[PollExecuteTaskStatusExecution] 76809f69-5d0f-479d-b97f-483792bc86a1 [2026-09-17T19:18:45.882807] "credentials": { (STDOUT, APP/TASK/deploy)#
#2026 09 17 19:18:49.114#Z#DEBUG#6e95f57f-b2cc-11f1-b461-eeee0a8dc34e.RiskManagement-db-deployer#flowable-async-job-executor-thread-15031#
[PollExecuteTaskStatusExecution] 76809f69-5d0f-479d-b97f-483792bc86a1 [2026-09-17T19:18:45.882810] "schema": "469D6B9E201445348236316C21268313", (STDOUT, APP/TASK/deploy)#
#2026 09 17 19:18:49.114#Z#DEBUG#6e95f57f-b2cc-11f1-b461-eeee0a8dc34e.RiskManagement-db-deployer#flowable-async-job-executor-thread-15031#
[PollExecuteTaskStatusExecution] 76809f69-5d0f-479d-b97f-483792bc86a1 [2026-09-17T19:18:45.882812] "database_id": "69bcbe67-03bc-4478-9fd0-d9ad2b0779fc", (STDOUT, APP/TASK/deploy)#
#2026 09 17 19:18:49.114#Z#DEBUG#6e95f57f-b2cc-11f1-b461-eeee0a8dc34e.RiskManagement-db-deployer#flowable-async-job-executor-thread-15031#
[PollExecuteTaskStatusExecution] 76809f69-5d0f-479d-b97f-483792bc86a1 [2026-09-17T19:18:45.882818] "user": "469D6B9E201445348236316C21268313_DA1EK27B9WKWJE4OZPZOBUXWP_RT", (STDOUT, APP/TASK/deploy)#
#2026 09 17 19:18:49.114#Z#DEBUG#6e95f57f-b2cc-11f1-b461-eeee0a8dc34e.RiskManagement-db-deployer#flowable-async-job-executor-thread-15031#
[PollExecuteTaskStatusExecution] 76809f69-5d0f-479d-b97f-483792bc86a1 [2026-09-17T19:18:45.882825] "hdi_user": "469D6B9E201445348236316C21268313_DA1EK27B9WKWJE4OZPZOBUXWP_DT" (STDOUT, APP/TASK/deploy)#
#2026 09 17 19:18:49.114#Z#DEBUG#6e95f57f-b2cc-11f1-b461-eeee0a8dc34e.RiskManagement-db-deployer#flowable-async-job-executor-thread-15031#
[PollExecuteTaskStatusExecution] 76809f69-5d0f-479d-b97f-483792bc86a1 [2026-09-17T19:18:45.882827] }, (STDOUT, APP/TASK/deploy)#
#2026 09 17 19:18:49.114#Z#DEBUG#6e95f57f-b2cc-11f1-b461-eeee0a8dc34e.RiskManagement-db-deployer#flowable-async-job-executor-thread-15031#
[PollExecuteTaskStatusExecution] 76809f69-5d0f-479d-b97f-483792bc86a1 [2026-09-17T19:18:45.882830] "tags": [ (STDOUT, APP/TASK/deploy)#
#2026 09 17 19:18:49.114#Z#DEBUG#6e95f57f-b2cc-11f1-b461-eeee0a8dc34e.RiskManagement-db-deployer#flowable-async-job-executor-thread-15031#
[PollExecuteTaskStatusExecution] 76809f69-5d0f-479d-b97f-483792bc86a1 [2026-09-17T19:18:45.882832] "hana", (STDOUT, APP/TASK/deploy)#
#2026 09 17 19:18:49.114#Z#DEBUG#6e95f57f-b2cc-11f1-b461-eeee0a8dc34e.RiskManagement-db-deployer#flowable-async-job-executor-thread-15031#
[PollExecuteTaskStatusExecution] 76809f69-5d0f-479d-b97f-483792bc86a1 [2026-09-17T19:18:45.882835] "database", (STDOUT, APP/TASK/deploy)#
#2026 09 17 19:18:49.114#Z#DEBUG#6e95f57f-b2cc-11f1-b461-eeee0a8dc34e.RiskManagement-db-deployer#flowable-async-job-executor-thread-15031#
[PollExecuteTaskStatusExecution] 76809f69-5d0f-479d-b97f-483792bc86a1 [2026-09-17T19:18:45.882837] "relational" (STDOUT, APP/TASK/deploy)#
#2026 09 17 19:18:49.114#Z#DEBUG#6e95f57f-b2cc-11f1-b461-eeee0a8dc34e.RiskManagement-db-deployer#flowable-async-job-executor-thread-15031#
[PollExecuteTaskStatusExecution] 76809f69-5d0f-479d-b97f-483792bc86a1 [2026-09-17T19:18:45.882839] ] (STDOUT, APP/TASK/deploy)#
#2026 09 17 19:18:49.114#Z#DEBUG#6e95f57f-b2cc-11f1-b461-eeee0a8dc34e.RiskManagement-db-deployer#flowable-async-job-executor-thread-15031#
[PollExecuteTaskStatusExecution] 76809f69-5d0f-479d-b97f-483792bc86a1 [2026-09-17T19:18:45.882956] } (STDOUT, APP/TASK/deploy)#
#2026 09 17 19:18:49.114#Z#DEBUG#6e95f57f-b2cc-11f1-b461-eeee0a8dc34e.RiskManagement-db-deployer#flowable-async-job-executor-thread-15031#
[PollExecuteTaskStatusExecution] 76809f69-5d0f-479d-b97f-483792bc86a1 [2026-09-17T19:18:45.882959] ] (STDOUT, APP/TASK/deploy)#
#2026 09 17 19:18:49.114#Z#DEBUG#6e95f57f-b2cc-11f1-b461-eeee0a8dc34e.RiskManagement-db-deployer#flowable-async-job-executor-thread-15031#
[PollExecuteTaskStatusExecution] 76809f69-5d0f-479d-b97f-483792bc86a1 [2026-09-17T19:18:45.882961] } (STDOUT, APP/TASK/deploy)#
#2026 09 17 19:18:49.114#Z#DEBUG#6e95f57f-b2cc-11f1-b461-eeee0a8dc34e.RiskManagement-db-deployer#flowable-async-job-executor-thread-15031#
[PollExecuteTaskStatusExecution] 76809f69-5d0f-479d-b97f-483792bc86a1 [2026-09-17T19:18:46.460261] @sap/hdi-deploy, version 5.7.0 (mode default), server version 4.00.000.00.1788856605 (4.0.0.0), cloud version 2026.14.19, node version 24.19.0, HDI version 1016, container API version 1007 (STDOUT, APP/TASK/deploy)#
#2026 09 17 19:18:49.114#Z#DEBUG#6e95f57f-b2cc-11f1-b461-eeee0a8dc34e.RiskManagement-db-deployer#flowable-async-job-executor-thread-15031#
[PollExecuteTaskStatusExecution] 76809f69-5d0f-479d-b97f-483792bc86a1 [2026-09-17T19:18:46.460319] Deployment started at 2026-09-17 19:18:46 (STDOUT, APP/TASK/deploy)#
#2026 09 17 19:18:49.114#Z#DEBUG#6e95f57f-b2cc-11f1-b461-eeee0a8dc34e.RiskManagement-db-deployer#flowable-async-job-executor-thread-15031#
[PollExecuteTaskStatusExecution] 76809f69-5d0f-479d-b97f-483792bc86a1 [2026-09-17T19:18:46.460723] Using hdb@2.29.6 for connection (STDOUT, APP/TASK/deploy)#
#2026 09 17 19:18:49.114#Z#DEBUG#6e95f57f-b2cc-11f1-b461-eeee0a8dc34e.RiskManagement-db-deployer#flowable-async-job-executor-thread-15031#
[PollExecuteTaskStatusExecution] 76809f69-5d0f-479d-b97f-483792bc86a1 [2026-09-17T19:18:46.480244] No ignore file at /home/vcap/app/.hdiignore. (STDOUT, APP/TASK/deploy)#
#2026 09 17 19:18:49.114#Z#DEBUG#6e95f57f-b2cc-11f1-b461-eeee0a8dc34e.RiskManagement-db-deployer#flowable-async-job-executor-thread-15031#
[PollExecuteTaskStatusExecution] 76809f69-5d0f-479d-b97f-483792bc86a1 [2026-09-17T19:18:46.480638] Collecting files... (STDOUT, APP/TASK/deploy)#
#2026 09 17 19:18:49.114#Z#DEBUG#6e95f57f-b2cc-11f1-b461-eeee0a8dc34e.RiskManagement-db-deployer#flowable-async-job-executor-thread-15031#
[PollExecuteTaskStatusExecution] 76809f69-5d0f-479d-b97f-483792bc86a1 [2026-09-17T19:18:46.486122] Collecting files... ok (0s 5ms) (STDOUT, APP/TASK/deploy)#
#2026 09 17 19:18:49.114#Z#DEBUG#6e95f57f-b2cc-11f1-b461-eeee0a8dc34e.RiskManagement-db-deployer#flowable-async-job-executor-thread-15031#
[PollExecuteTaskStatusExecution] 76809f69-5d0f-479d-b97f-483792bc86a1 [2026-09-17T19:18:46.486150] 3 directories collected (STDOUT, APP/TASK/deploy)#
#2026 09 17 19:18:49.114#Z#DEBUG#6e95f57f-b2cc-11f1-b461-eeee0a8dc34e.RiskManagement-db-deployer#flowable-async-job-executor-thread-15031#
[PollExecuteTaskStatusExecution] 76809f69-5d0f-479d-b97f-483792bc86a1 [2026-09-17T19:18:46.486316] 15 files collected (STDOUT, APP/TASK/deploy)#
#2026 09 17 19:18:49.114#Z#DEBUG#6e95f57f-b2cc-11f1-b461-eeee0a8dc34e.RiskManagement-db-deployer#flowable-async-job-executor-thread-15031#
[PollExecuteTaskStatusExecution] 76809f69-5d0f-479d-b97f-483792bc86a1 [2026-09-17T19:18:46.486334] 0 reusable modules collected (STDOUT, APP/TASK/deploy)#
#2026 09 17 19:18:49.114#Z#DEBUG#6e95f57f-b2cc-11f1-b461-eeee0a8dc34e.RiskManagement-db-deployer#flowable-async-job-executor-thread-15031#
[PollExecuteTaskStatusExecution] 76809f69-5d0f-479d-b97f-483792bc86a1 [2026-09-17T19:18:46.486337] Target service: RiskManagement-db (STDOUT, APP/TASK/deploy)#
#2026 09 17 19:18:49.114#Z#DEBUG#6e95f57f-b2cc-11f1-b461-eeee0a8dc34e.RiskManagement-db-deployer#flowable-async-job-executor-thread-15031#
[PollExecuteTaskStatusExecution] 76809f69-5d0f-479d-b97f-483792bc86a1 [2026-09-17T19:18:46.688499] Previous build with request ID 49 finished at 2026-09-17T13:56:07.377 with status Rolled back and message: Starting make in the container "469D6B9E201445348236316C21268313" with 0 files to deploy, 0 files to undeploy... ok. (STDOUT, APP/TASK/deploy)#
#2026 09 17 19:18:49.114#Z#DEBUG#6e95f57f-b2cc-11f1-b461-eeee0a8dc34e.RiskManagement-db-deployer#flowable-async-job-executor-thread-15031#
[PollExecuteTaskStatusExecution] 76809f69-5d0f-479d-b97f-483792bc86a1 [2026-09-17T19:18:46.688670] Processing revoke files... (STDOUT, APP/TASK/deploy)#
#2026 09 17 19:18:49.114#Z#DEBUG#6e95f57f-b2cc-11f1-b461-eeee0a8dc34e.RiskManagement-db-deployer#flowable-async-job-executor-thread-15031#
[PollExecuteTaskStatusExecution] 76809f69-5d0f-479d-b97f-483792bc86a1 [2026-09-17T19:18:46.688805] Processing revoke files... ok (0s 0ms) (STDOUT, APP/TASK/deploy)#
#2026 09 17 19:18:49.114#Z#DEBUG#6e95f57f-b2cc-11f1-b461-eeee0a8dc34e.RiskManagement-db-deployer#flowable-async-job-executor-thread-15031#
[PollExecuteTaskStatusExecution] 76809f69-5d0f-479d-b97f-483792bc86a1 [2026-09-17T19:18:46.690225] Processing grants files... (STDOUT, APP/TASK/deploy)#
#2026 09 17 19:18:49.114#Z#DEBUG#6e95f57f-b2cc-11f1-b461-eeee0a8dc34e.RiskManagement-db-deployer#flowable-async-job-executor-thread-15031#
[PollExecuteTaskStatusExecution] 76809f69-5d0f-479d-b97f-483792bc86a1 [2026-09-17T19:18:46.691010] Processing grants files... ok (0s 0ms) (STDOUT, APP/TASK/deploy)#
#2026 09 17 19:18:49.114#Z#DEBUG#6e95f57f-b2cc-11f1-b461-eeee0a8dc34e.RiskManagement-db-deployer#flowable-async-job-executor-thread-15031#
[PollExecuteTaskStatusExecution] 76809f69-5d0f-479d-b97f-483792bc86a1 [2026-09-17T19:18:46.692041] Preprocessing files... (STDOUT, APP/TASK/deploy)#
#2026 09 17 19:18:49.114#Z#DEBUG#6e95f57f-b2cc-11f1-b461-eeee0a8dc34e.RiskManagement-db-deployer#flowable-async-job-executor-thread-15031#
[PollExecuteTaskStatusExecution] 76809f69-5d0f-479d-b97f-483792bc86a1 [2026-09-17T19:18:46.692323] Preprocessing files... ok (0s 0ms) (STDOUT, APP/TASK/deploy)#
#2026 09 17 19:18:49.114#Z#DEBUG#6e95f57f-b2cc-11f1-b461-eeee0a8dc34e.RiskManagement-db-deployer#flowable-async-job-executor-thread-15031#
[PollExecuteTaskStatusExecution] 76809f69-5d0f-479d-b97f-483792bc86a1 [2026-09-17T19:18:46.692465] Connecting to the container "469D6B9E201445348236316C21268313"... (STDOUT, APP/TASK/deploy)#
#2026 09 17 19:18:49.114#Z#DEBUG#6e95f57f-b2cc-11f1-b461-eeee0a8dc34e.RiskManagement-db-deployer#flowable-async-job-executor-thread-15031#
[PollExecuteTaskStatusExecution] 76809f69-5d0f-479d-b97f-483792bc86a1 [2026-09-17T19:18:46.799567] Connecting to the container "469D6B9E201445348236316C21268313"... ok (0s 107ms) (STDOUT, APP/TASK/deploy)#
#2026 09 17 19:18:49.114#Z#DEBUG#6e95f57f-b2cc-11f1-b461-eeee0a8dc34e.RiskManagement-db-deployer#flowable-async-job-executor-thread-15031#
[PollExecuteTaskStatusExecution] 76809f69-5d0f-479d-b97f-483792bc86a1 [2026-09-17T19:18:46.799607] Locking the container "469D6B9E201445348236316C21268313"... (STDOUT, APP/TASK/deploy)#
#2026 09 17 19:18:49.114#Z#DEBUG#6e95f57f-b2cc-11f1-b461-eeee0a8dc34e.RiskManagement-db-deployer#flowable-async-job-executor-thread-15031#
[PollExecuteTaskStatusExecution] 76809f69-5d0f-479d-b97f-483792bc86a1 [2026-09-17T19:18:47.031573] Locking the container "469D6B9E201445348236316C21268313"... ok (0s 232ms) (STDOUT, APP/TASK/deploy)#
#2026 09 17 19:18:49.114#Z#DEBUG#6e95f57f-b2cc-11f1-b461-eeee0a8dc34e.RiskManagement-db-deployer#flowable-async-job-executor-thread-15031#
[PollExecuteTaskStatusExecution] 76809f69-5d0f-479d-b97f-483792bc86a1 [2026-09-17T19:18:47.032406] Synchronizing files with the container "469D6B9E201445348236316C21268313"... (STDOUT, APP/TASK/deploy)#
#2026 09 17 19:18:49.114#Z#DEBUG#6e95f57f-b2cc-11f1-b461-eeee0a8dc34e.RiskManagement-db-deployer#flowable-async-job-executor-thread-15031#
[PollExecuteTaskStatusExecution] 76809f69-5d0f-479d-b97f-483792bc86a1 [2026-09-17T19:18:47.455477] Deleting files... (STDOUT, APP/TASK/deploy)#
#2026 09 17 19:18:49.114#Z#DEBUG#6e95f57f-b2cc-11f1-b461-eeee0a8dc34e.RiskManagement-db-deployer#flowable-async-job-executor-thread-15031#
[PollExecuteTaskStatusExecution] 76809f69-5d0f-479d-b97f-483792bc86a1 [2026-09-17T19:18:47.608137] Deleting files... ok (STDOUT, APP/TASK/deploy)#
#2026 09 17 19:18:49.114#Z#DEBUG#6e95f57f-b2cc-11f1-b461-eeee0a8dc34e.RiskManagement-db-deployer#flowable-async-job-executor-thread-15031#
[PollExecuteTaskStatusExecution] 76809f69-5d0f-479d-b97f-483792bc86a1 [2026-09-17T19:18:47.608168] Writing files... (STDOUT, APP/TASK/deploy)#
#2026 09 17 19:18:49.114#Z#DEBUG#6e95f57f-b2cc-11f1-b461-eeee0a8dc34e.RiskManagement-db-deployer#flowable-async-job-executor-thread-15031#
[PollExecuteTaskStatusExecution] 76809f69-5d0f-479d-b97f-483792bc86a1 [2026-09-17T19:18:47.608392] Writing 7 items (STDOUT, APP/TASK/deploy)#
#2026 09 17 19:18:49.114#Z#DEBUG#6e95f57f-b2cc-11f1-b461-eeee0a8dc34e.RiskManagement-db-deployer#flowable-async-job-executor-thread-15031#
[PollExecuteTaskStatusExecution] 76809f69-5d0f-479d-b97f-483792bc86a1 [2026-09-17T19:18:47.920325] Writing files... ok (STDOUT, APP/TASK/deploy)#
#2026 09 17 19:18:49.114#Z#DEBUG#6e95f57f-b2cc-11f1-b461-eeee0a8dc34e.RiskManagement-db-deployer#flowable-async-job-executor-thread-15031#
[PollExecuteTaskStatusExecution] 76809f69-5d0f-479d-b97f-483792bc86a1 [2026-09-17T19:18:47.920391] Synchronizing files with the container "469D6B9E201445348236316C21268313"... ok (0s 889ms) (STDOUT, APP/TASK/deploy)#
#2026 09 17 19:18:49.114#Z#DEBUG#6e95f57f-b2cc-11f1-b461-eeee0a8dc34e.RiskManagement-db-deployer#flowable-async-job-executor-thread-15031#
[PollExecuteTaskStatusExecution] 76809f69-5d0f-479d-b97f-483792bc86a1 [2026-09-17T19:18:47.922169] added files: [ (STDOUT, APP/TASK/deploy)#
#2026 09 17 19:18:49.114#Z#DEBUG#6e95f57f-b2cc-11f1-b461-eeee0a8dc34e.RiskManagement-db-deployer#flowable-async-job-executor-thread-15031#
[PollExecuteTaskStatusExecution] 76809f69-5d0f-479d-b97f-483792bc86a1 [2026-09-17T19:18:47.922204] "src/gen/data/RiskManagement-Mitigations.csv", (STDOUT, APP/TASK/deploy)#
#2026 09 17 19:18:49.114#Z#DEBUG#6e95f57f-b2cc-11f1-b461-eeee0a8dc34e.RiskManagement-db-deployer#flowable-async-job-executor-thread-15031#
[PollExecuteTaskStatusExecution] 76809f69-5d0f-479d-b97f-483792bc86a1 [2026-09-17T19:18:47.922209] "src/gen/data/RiskManagement-Mitigations.hdbtabledata", (STDOUT, APP/TASK/deploy)#
#2026 09 17 19:18:49.114#Z#DEBUG#6e95f57f-b2cc-11f1-b461-eeee0a8dc34e.RiskManagement-db-deployer#flowable-async-job-executor-thread-15031#
[PollExecuteTaskStatusExecution] 76809f69-5d0f-479d-b97f-483792bc86a1 [2026-09-17T19:18:47.922212] "src/gen/data/RiskManagement-Risks.csv", (STDOUT, APP/TASK/deploy)#
#2026 09 17 19:18:49.114#Z#DEBUG#6e95f57f-b2cc-11f1-b461-eeee0a8dc34e.RiskManagement-db-deployer#flowable-async-job-executor-thread-15031#
[PollExecuteTaskStatusExecution] 76809f69-5d0f-479d-b97f-483792bc86a1 [2026-09-17T19:18:47.922214] "src/gen/data/RiskManagement-Risks.hdbtabledata" (STDOUT, APP/TASK/deploy)#
#2026 09 17 19:18:49.114#Z#DEBUG#6e95f57f-b2cc-11f1-b461-eeee0a8dc34e.RiskManagement-db-deployer#flowable-async-job-executor-thread-15031#
[PollExecuteTaskStatusExecution] 76809f69-5d0f-479d-b97f-483792bc86a1 [2026-09-17T19:18:47.922217] ] (STDOUT, APP/TASK/deploy)#
#2026 09 17 19:18:49.114#Z#DEBUG#6e95f57f-b2cc-11f1-b461-eeee0a8dc34e.RiskManagement-db-deployer#flowable-async-job-executor-thread-15031#
[PollExecuteTaskStatusExecution] 76809f69-5d0f-479d-b97f-483792bc86a1 [2026-09-17T19:18:47.922228] modified files: [] (STDOUT, APP/TASK/deploy)#
#2026 09 17 19:18:49.114#Z#DEBUG#6e95f57f-b2cc-11f1-b461-eeee0a8dc34e.RiskManagement-db-deployer#flowable-async-job-executor-thread-15031#
[PollExecuteTaskStatusExecution] 76809f69-5d0f-479d-b97f-483792bc86a1 [2026-09-17T19:18:47.922230] deleted files: [] (STDOUT, APP/TASK/deploy)#
#2026 09 17 19:18:49.114#Z#DEBUG#6e95f57f-b2cc-11f1-b461-eeee0a8dc34e.RiskManagement-db-deployer#flowable-async-job-executor-thread-15031#
[PollExecuteTaskStatusExecution] 76809f69-5d0f-479d-b97f-483792bc86a1 [2026-09-17T19:18:47.922399] 4 modified or added files are scheduled for deploy based on delta detection (STDOUT, APP/TASK/deploy)#
#2026 09 17 19:18:49.114#Z#DEBUG#6e95f57f-b2cc-11f1-b461-eeee0a8dc34e.RiskManagement-db-deployer#flowable-async-job-executor-thread-15031#
[PollExecuteTaskStatusExecution] 76809f69-5d0f-479d-b97f-483792bc86a1 [2026-09-17T19:18:47.922743] 0 deleted files are scheduled for undeploy based on delta detection (filtered by undeploy allowlist) (STDOUT, APP/TASK/deploy)#
#2026 09 17 19:18:49.114#Z#DEBUG#6e95f57f-b2cc-11f1-b461-eeee0a8dc34e.RiskManagement-db-deployer#flowable-async-job-executor-thread-15031#
[PollExecuteTaskStatusExecution] 76809f69-5d0f-479d-b97f-483792bc86a1 [2026-09-17T19:18:47.922763] 0 files are scheduled for deploy based on explicit specification (STDOUT, APP/TASK/deploy)#
#2026 09 17 19:18:49.114#Z#DEBUG#6e95f57f-b2cc-11f1-b461-eeee0a8dc34e.RiskManagement-db-deployer#flowable-async-job-executor-thread-15031#
[PollExecuteTaskStatusExecution] 76809f69-5d0f-479d-b97f-483792bc86a1 [2026-09-17T19:18:47.922768] 0 files are scheduled for undeploy based on explicit specification (STDOUT, APP/TASK/deploy)#
#2026 09 17 19:18:49.114#Z#DEBUG#6e95f57f-b2cc-11f1-b461-eeee0a8dc34e.RiskManagement-db-deployer#flowable-async-job-executor-thread-15031#
[PollExecuteTaskStatusExecution] 76809f69-5d0f-479d-b97f-483792bc86a1 [2026-09-17T19:18:47.922938] Deploying to the container "469D6B9E201445348236316C21268313"... (STDOUT, APP/TASK/deploy)#
#2026 09 17 19:18:49.114#Z#DEBUG#6e95f57f-b2cc-11f1-b461-eeee0a8dc34e.RiskManagement-db-deployer#flowable-async-job-executor-thread-15031#
[PollExecuteTaskStatusExecution] 76809f69-5d0f-479d-b97f-483792bc86a1 [2026-09-17T19:18:48.539865] Polling messages for request id: 54 (STDOUT, APP/TASK/deploy)#
#2026 09 17 19:18:49.114#Z#DEBUG#6e95f57f-b2cc-11f1-b461-eeee0a8dc34e.RiskManagement-db-deployer#flowable-async-job-executor-thread-15031#
[PollExecuteTaskStatusExecution] 76809f69-5d0f-479d-b97f-483792bc86a1 [2026-09-17T19:18:48.580853] Starting make in the container "469D6B9E201445348236316C21268313" with 4 files to deploy, 0 files to undeploy... (STDOUT, APP/TASK/deploy)#
#2026 09 17 19:18:49.114#Z#DEBUG#6e95f57f-b2cc-11f1-b461-eeee0a8dc34e.RiskManagement-db-deployer#flowable-async-job-executor-thread-15031#
[PollExecuteTaskStatusExecution] 76809f69-5d0f-479d-b97f-483792bc86a1 [2026-09-17T19:18:48.580884] Disabling table replication for the container schema "469D6B9E201445348236316C21268313"... (STDOUT, APP/TASK/deploy)#
#2026 09 17 19:18:49.114#Z#DEBUG#6e95f57f-b2cc-11f1-b461-eeee0a8dc34e.RiskManagement-db-deployer#flowable-async-job-executor-thread-15031#
[PollExecuteTaskStatusExecution] 76809f69-5d0f-479d-b97f-483792bc86a1 [2026-09-17T19:18:48.580888] Disabling table replication for the container schema "469D6B9E201445348236316C21268313"... ok (0s 13ms) (STDOUT, APP/TASK/deploy)#
#2026 09 17 19:18:49.114#Z#DEBUG#6e95f57f-b2cc-11f1-b461-eeee0a8dc34e.RiskManagement-db-deployer#flowable-async-job-executor-thread-15031#
[PollExecuteTaskStatusExecution] 76809f69-5d0f-479d-b97f-483792bc86a1 [2026-09-17T19:18:48.580893] Migrating libraries... (STDOUT, APP/TASK/deploy)#
#2026 09 17 19:18:49.114#Z#DEBUG#6e95f57f-b2cc-11f1-b461-eeee0a8dc34e.RiskManagement-db-deployer#flowable-async-job-executor-thread-15031#
[PollExecuteTaskStatusExecution] 76809f69-5d0f-479d-b97f-483792bc86a1 [2026-09-17T19:18:48.580900] Migrating libraries... ok (0s 36ms) (STDOUT, APP/TASK/deploy)#
#2026 09 17 19:18:49.114#Z#DEBUG#6e95f57f-b2cc-11f1-b461-eeee0a8dc34e.RiskManagement-db-deployer#flowable-async-job-executor-thread-15031#
[PollExecuteTaskStatusExecution] 76809f69-5d0f-479d-b97f-483792bc86a1 [2026-09-17T19:18:48.580905] Making... (STDOUT, APP/TASK/deploy)#
#2026 09 17 19:18:49.114#Z#DEBUG#6e95f57f-b2cc-11f1-b461-eeee0a8dc34e.RiskManagement-db-deployer#flowable-async-job-executor-thread-15031#
[PollExecuteTaskStatusExecution] 76809f69-5d0f-479d-b97f-483792bc86a1 [2026-09-17T19:18:48.580908] Preparing... (STDOUT, APP/TASK/deploy)#
#2026 09 17 19:18:49.114#Z#DEBUG#6e95f57f-b2cc-11f1-b461-eeee0a8dc34e.RiskManagement-db-deployer#flowable-async-job-executor-thread-15031#
[PollExecuteTaskStatusExecution] 76809f69-5d0f-479d-b97f-483792bc86a1 [2026-09-17T19:18:48.580911] Preparing the make transaction... (STDOUT, APP/TASK/deploy)#
#2026 09 17 19:18:59.257#Z#DEBUG#6e95f57f-b2cc-11f1-b461-eeee0a8dc34e.RiskManagement-db-deployer#flowable-async-job-executor-thread-11238#
[PollExecuteTaskStatusExecution] 76809f69-5d0f-479d-b97f-483792bc86a1 [2026-09-17T19:18:49.590753] Adding "src/gen/data/RiskManagement-Mitigations.csv" for deploy... (STDOUT, APP/TASK/deploy)#
#2026 09 17 19:18:59.257#Z#DEBUG#6e95f57f-b2cc-11f1-b461-eeee0a8dc34e.RiskManagement-db-deployer#flowable-async-job-executor-thread-11238#
[PollExecuteTaskStatusExecution] 76809f69-5d0f-479d-b97f-483792bc86a1 [2026-09-17T19:18:49.590781] Preparing the make transaction... ok (0s 563ms) (STDOUT, APP/TASK/deploy)#
#2026 09 17 19:18:59.257#Z#DEBUG#6e95f57f-b2cc-11f1-b461-eeee0a8dc34e.RiskManagement-db-deployer#flowable-async-job-executor-thread-11238#
[PollExecuteTaskStatusExecution] 76809f69-5d0f-479d-b97f-483792bc86a1 [2026-09-17T19:18:49.591657] Adding "src/gen/data/RiskManagement-Mitigations.csv" for deploy... ok (0s 201ms) (STDOUT, APP/TASK/deploy)#
#2026 09 17 19:18:59.257#Z#DEBUG#6e95f57f-b2cc-11f1-b461-eeee0a8dc34e.RiskManagement-db-deployer#flowable-async-job-executor-thread-11238#
[PollExecuteTaskStatusExecution] 76809f69-5d0f-479d-b97f-483792bc86a1 [2026-09-17T19:18:49.591681] Adding "src/gen/data/RiskManagement-Mitigations.hdbtabledata" for deploy... (STDOUT, APP/TASK/deploy)#
#2026 09 17 19:18:59.257#Z#DEBUG#6e95f57f-b2cc-11f1-b461-eeee0a8dc34e.RiskManagement-db-deployer#flowable-async-job-executor-thread-11238#
[PollExecuteTaskStatusExecution] 76809f69-5d0f-479d-b97f-483792bc86a1 [2026-09-17T19:18:49.591684] Adding "src/gen/data/RiskManagement-Mitigations.hdbtabledata" for deploy... ok (0s 0ms) (STDOUT, APP/TASK/deploy)#
#2026 09 17 19:18:59.257#Z#DEBUG#6e95f57f-b2cc-11f1-b461-eeee0a8dc34e.RiskManagement-db-deployer#flowable-async-job-executor-thread-11238#
[PollExecuteTaskStatusExecution] 76809f69-5d0f-479d-b97f-483792bc86a1 [2026-09-17T19:18:49.591687] Adding "src/gen/data/RiskManagement-Risks.csv" for deploy... (STDOUT, APP/TASK/deploy)#
#2026 09 17 19:18:59.257#Z#DEBUG#6e95f57f-b2cc-11f1-b461-eeee0a8dc34e.RiskManagement-db-deployer#flowable-async-job-executor-thread-11238#
[PollExecuteTaskStatusExecution] 76809f69-5d0f-479d-b97f-483792bc86a1 [2026-09-17T19:18:49.591690] Adding "src/gen/data/RiskManagement-Risks.csv" for deploy... ok (0s 0ms) (STDOUT, APP/TASK/deploy)#
#2026 09 17 19:18:59.257#Z#DEBUG#6e95f57f-b2cc-11f1-b461-eeee0a8dc34e.RiskManagement-db-deployer#flowable-async-job-executor-thread-11238#
[PollExecuteTaskStatusExecution] 76809f69-5d0f-479d-b97f-483792bc86a1 [2026-09-17T19:18:49.591696] Adding "src/gen/data/RiskManagement-Risks.hdbtabledata" for deploy... (STDOUT, APP/TASK/deploy)#
#2026 09 17 19:18:59.257#Z#DEBUG#6e95f57f-b2cc-11f1-b461-eeee0a8dc34e.RiskManagement-db-deployer#flowable-async-job-executor-thread-11238#
[PollExecuteTaskStatusExecution] 76809f69-5d0f-479d-b97f-483792bc86a1 [2026-09-17T19:18:49.591698] Adding "src/gen/data/RiskManagement-Risks.hdbtabledata" for deploy... ok (0s 1ms) (STDOUT, APP/TASK/deploy)#
#2026 09 17 19:18:59.257#Z#DEBUG#6e95f57f-b2cc-11f1-b461-eeee0a8dc34e.RiskManagement-db-deployer#flowable-async-job-executor-thread-11238#
[PollExecuteTaskStatusExecution] 76809f69-5d0f-479d-b97f-483792bc86a1 [2026-09-17T19:18:49.591701] Preparing... ok (0s 715ms) (STDOUT, APP/TASK/deploy)#
#2026 09 17 19:18:59.257#Z#DEBUG#6e95f57f-b2cc-11f1-b461-eeee0a8dc34e.RiskManagement-db-deployer#flowable-async-job-executor-thread-11238#
[PollExecuteTaskStatusExecution] 76809f69-5d0f-479d-b97f-483792bc86a1 [2026-09-17T19:18:49.591703] Calculating dependencies... (STDOUT, APP/TASK/deploy)#
#2026 09 17 19:18:59.257#Z#DEBUG#6e95f57f-b2cc-11f1-b461-eeee0a8dc34e.RiskManagement-db-deployer#flowable-async-job-executor-thread-11238#
[PollExecuteTaskStatusExecution] 76809f69-5d0f-479d-b97f-483792bc86a1 [2026-09-17T19:18:49.591706] Expanding... (STDOUT, APP/TASK/deploy)#
#2026 09 17 19:18:59.257#Z#DEBUG#6e95f57f-b2cc-11f1-b461-eeee0a8dc34e.RiskManagement-db-deployer#flowable-async-job-executor-thread-11238#
[PollExecuteTaskStatusExecution] 76809f69-5d0f-479d-b97f-483792bc86a1 [2026-09-17T19:18:49.591709] Expanding "src/gen/data/RiskManagement-Mitigations.hdbtabledata"... (STDOUT, APP/TASK/deploy)#
#2026 09 17 19:18:59.257#Z#DEBUG#6e95f57f-b2cc-11f1-b461-eeee0a8dc34e.RiskManagement-db-deployer#flowable-async-job-executor-thread-11238#
[PollExecuteTaskStatusExecution] 76809f69-5d0f-479d-b97f-483792bc86a1 [2026-09-17T19:18:49.591711] Expanding "src/gen/data/RiskManagement-Risks.hdbtabledata"... (STDOUT, APP/TASK/deploy)#
#2026 09 17 19:18:59.257#Z#DEBUG#6e95f57f-b2cc-11f1-b461-eeee0a8dc34e.RiskManagement-db-deployer#flowable-async-job-executor-thread-11238#
[PollExecuteTaskStatusExecution] 76809f69-5d0f-479d-b97f-483792bc86a1 [2026-09-17T19:18:49.591713] Expanding "src/gen/data/RiskManagement-Mitigations.hdbtabledata"... ok (0s 3ms) (STDOUT, APP/TASK/deploy)#
#2026 09 17 19:18:59.257#Z#DEBUG#6e95f57f-b2cc-11f1-b461-eeee0a8dc34e.RiskManagement-db-deployer#flowable-async-job-executor-thread-11238#
[PollExecuteTaskStatusExecution] 76809f69-5d0f-479d-b97f-483792bc86a1 [2026-09-17T19:18:49.591716] Expanding "src/gen/data/RiskManagement-Risks.hdbtabledata"... ok (0s 2ms) (STDOUT, APP/TASK/deploy)#
#2026 09 17 19:18:59.257#Z#DEBUG#6e95f57f-b2cc-11f1-b461-eeee0a8dc34e.RiskManagement-db-deployer#flowable-async-job-executor-thread-11238#
[PollExecuteTaskStatusExecution] 76809f69-5d0f-479d-b97f-483792bc86a1 [2026-09-17T19:18:49.591718] Expanding... ok (0s 63ms) (STDOUT, APP/TASK/deploy)#
#2026 09 17 19:18:59.257#Z#DEBUG#6e95f57f-b2cc-11f1-b461-eeee0a8dc34e.RiskManagement-db-deployer#flowable-async-job-executor-thread-11238#
[PollExecuteTaskStatusExecution] 76809f69-5d0f-479d-b97f-483792bc86a1 [2026-09-17T19:18:49.591720] Precompiling... (STDOUT, APP/TASK/deploy)#
#2026 09 17 19:18:59.257#Z#DEBUG#6e95f57f-b2cc-11f1-b461-eeee0a8dc34e.RiskManagement-db-deployer#flowable-async-job-executor-thread-11238#
[PollExecuteTaskStatusExecution] 76809f69-5d0f-479d-b97f-483792bc86a1 [2026-09-17T19:18:49.591722] Precompiling "src/gen/data/RiskManagement-Mitigations.csv"... (STDOUT, APP/TASK/deploy)#
#2026 09 17 19:18:59.257#Z#DEBUG#6e95f57f-b2cc-11f1-b461-eeee0a8dc34e.RiskManagement-db-deployer#flowable-async-job-executor-thread-11238#
[PollExecuteTaskStatusExecution] 76809f69-5d0f-479d-b97f-483792bc86a1 [2026-09-17T19:18:49.591725] Precompiling "src/gen/data/RiskManagement-Mitigations.hdbtabledata"... (STDOUT, APP/TASK/deploy)#
#2026 09 17 19:18:59.257#Z#DEBUG#6e95f57f-b2cc-11f1-b461-eeee0a8dc34e.RiskManagement-db-deployer#flowable-async-job-executor-thread-11238#
[PollExecuteTaskStatusExecution] 76809f69-5d0f-479d-b97f-483792bc86a1 [2026-09-17T19:18:49.591727] Precompiling "src/gen/data/RiskManagement-Mitigations.hdbtabledata"... ok (0s 0ms) (STDOUT, APP/TASK/deploy)#
#2026 09 17 19:18:59.257#Z#DEBUG#6e95f57f-b2cc-11f1-b461-eeee0a8dc34e.RiskManagement-db-deployer#flowable-async-job-executor-thread-11238#
[PollExecuteTaskStatusExecution] 76809f69-5d0f-479d-b97f-483792bc86a1 [2026-09-17T19:18:49.591730] Precompiling "src/gen/data/RiskManagement-Mitigations.hdbtabledata$0.expand"... (STDOUT, APP/TASK/deploy)#
#2026 09 17 19:18:59.257#Z#DEBUG#6e95f57f-b2cc-11f1-b461-eeee0a8dc34e.RiskManagement-db-deployer#flowable-async-job-executor-thread-11238#
[PollExecuteTaskStatusExecution] 76809f69-5d0f-479d-b97f-483792bc86a1 [2026-09-17T19:18:49.591733] Precompiling "src/gen/data/RiskManagement-Risks.csv"... (STDOUT, APP/TASK/deploy)#
#2026 09 17 19:18:59.257#Z#DEBUG#6e95f57f-b2cc-11f1-b461-eeee0a8dc34e.RiskManagement-db-deployer#flowable-async-job-executor-thread-11238#
[PollExecuteTaskStatusExecution] 76809f69-5d0f-479d-b97f-483792bc86a1 [2026-09-17T19:18:49.591739] Expanded from "src/gen/data/RiskManagement-Mitigations.hdbtabledata" (STDOUT, APP/TASK/deploy)#
#2026 09 17 19:18:59.257#Z#DEBUG#6e95f57f-b2cc-11f1-b461-eeee0a8dc34e.RiskManagement-db-deployer#flowable-async-job-executor-thread-11238#
[PollExecuteTaskStatusExecution] 76809f69-5d0f-479d-b97f-483792bc86a1 [2026-09-17T19:18:49.591745] Precompiling "src/gen/data/RiskManagement-Mitigations.hdbtabledata$0.expand"... ok (0s 2ms) (STDOUT, APP/TASK/deploy)#
#2026 09 17 19:18:59.257#Z#DEBUG#6e95f57f-b2cc-11f1-b461-eeee0a8dc34e.RiskManagement-db-deployer#flowable-async-job-executor-thread-11238#
[PollExecuteTaskStatusExecution] 76809f69-5d0f-479d-b97f-483792bc86a1 [2026-09-17T19:18:49.591748] Precompiling "src/gen/data/RiskManagement-Risks.hdbtabledata"... (STDOUT, APP/TASK/deploy)#
#2026 09 17 19:18:59.257#Z#DEBUG#6e95f57f-b2cc-11f1-b461-eeee0a8dc34e.RiskManagement-db-deployer#flowable-async-job-executor-thread-11238#
[PollExecuteTaskStatusExecution] 76809f69-5d0f-479d-b97f-483792bc86a1 [2026-09-17T19:18:49.591753] Precompiling "src/gen/data/RiskManagement-Risks.hdbtabledata"... ok (0s 0ms) (STDOUT, APP/TASK/deploy)#
#2026 09 17 19:18:59.257#Z#DEBUG#6e95f57f-b2cc-11f1-b461-eeee0a8dc34e.RiskManagement-db-deployer#flowable-async-job-executor-thread-11238#
[PollExecuteTaskStatusExecution] 76809f69-5d0f-479d-b97f-483792bc86a1 [2026-09-17T19:18:49.591755] Precompiling "src/gen/data/RiskManagement-Risks.hdbtabledata$0.expand"... (STDOUT, APP/TASK/deploy)#
#2026 09 17 19:18:59.257#Z#DEBUG#6e95f57f-b2cc-11f1-b461-eeee0a8dc34e.RiskManagement-db-deployer#flowable-async-job-executor-thread-11238#
[PollExecuteTaskStatusExecution] 76809f69-5d0f-479d-b97f-483792bc86a1 [2026-09-17T19:18:49.591757] Expanded from "src/gen/data/RiskManagement-Risks.hdbtabledata" (STDOUT, APP/TASK/deploy)#
#2026 09 17 19:18:59.257#Z#DEBUG#6e95f57f-b2cc-11f1-b461-eeee0a8dc34e.RiskManagement-db-deployer#flowable-async-job-executor-thread-11238#
[PollExecuteTaskStatusExecution] 76809f69-5d0f-479d-b97f-483792bc86a1 [2026-09-17T19:18:49.591760] Precompiling "src/gen/data/RiskManagement-Mitigations.csv"... ok (0s 3ms) (STDOUT, APP/TASK/deploy)#
#2026 09 17 19:18:59.257#Z#DEBUG#6e95f57f-b2cc-11f1-b461-eeee0a8dc34e.RiskManagement-db-deployer#flowable-async-job-executor-thread-11238#
[PollExecuteTaskStatusExecution] 76809f69-5d0f-479d-b97f-483792bc86a1 [2026-09-17T19:18:49.591762] Precompiling "src/gen/data/RiskManagement-Risks.csv"... ok (0s 3ms) (STDOUT, APP/TASK/deploy)#
#2026 09 17 19:18:59.257#Z#DEBUG#6e95f57f-b2cc-11f1-b461-eeee0a8dc34e.RiskManagement-db-deployer#flowable-async-job-executor-thread-11238#
[PollExecuteTaskStatusExecution] 76809f69-5d0f-479d-b97f-483792bc86a1 [2026-09-17T19:18:49.591764] Precompiling "src/gen/data/RiskManagement-Risks.hdbtabledata$0.expand"... ok (0s 2ms) (STDOUT, APP/TASK/deploy)#
#2026 09 17 19:18:59.257#Z#DEBUG#6e95f57f-b2cc-11f1-b461-eeee0a8dc34e.RiskManagement-db-deployer#flowable-async-job-executor-thread-11238#
[PollExecuteTaskStatusExecution] 76809f69-5d0f-479d-b97f-483792bc86a1 [2026-09-17T19:18:49.591766] Precompiling... ok (0s 26ms) (STDOUT, APP/TASK/deploy)#
#2026 09 17 19:18:59.257#Z#DEBUG#6e95f57f-b2cc-11f1-b461-eeee0a8dc34e.RiskManagement-db-deployer#flowable-async-job-executor-thread-11238#
[PollExecuteTaskStatusExecution] 76809f69-5d0f-479d-b97f-483792bc86a1 [2026-09-17T19:18:49.591770] Merging... (STDOUT, APP/TASK/deploy)#
#2026 09 17 19:18:59.257#Z#DEBUG#6e95f57f-b2cc-11f1-b461-eeee0a8dc34e.RiskManagement-db-deployer#flowable-async-job-executor-thread-11238#
[PollExecuteTaskStatusExecution] 76809f69-5d0f-479d-b97f-483792bc86a1 [2026-09-17T19:18:49.591772] Merging... ok (0s 27ms) (STDOUT, APP/TASK/deploy)#
#2026 09 17 19:18:59.257#Z#DEBUG#6e95f57f-b2cc-11f1-b461-eeee0a8dc34e.RiskManagement-db-deployer#flowable-async-job-executor-thread-11238#
[PollExecuteTaskStatusExecution] 76809f69-5d0f-479d-b97f-483792bc86a1 [2026-09-17T19:18:49.591774] Calculating dependencies... ok (0s 116ms) (STDOUT, APP/TASK/deploy)#
#2026 09 17 19:18:59.257#Z#DEBUG#6e95f57f-b2cc-11f1-b461-eeee0a8dc34e.RiskManagement-db-deployer#flowable-async-job-executor-thread-11238#
[PollExecuteTaskStatusExecution] 76809f69-5d0f-479d-b97f-483792bc86a1 [2026-09-17T19:18:49.591776] Processing work list... (STDOUT, APP/TASK/deploy)#
#2026 09 17 19:18:59.257#Z#DEBUG#6e95f57f-b2cc-11f1-b461-eeee0a8dc34e.RiskManagement-db-deployer#flowable-async-job-executor-thread-11238#
[PollExecuteTaskStatusExecution] 76809f69-5d0f-479d-b97f-483792bc86a1 [2026-09-17T19:18:49.591779] Deploying "src/gen/data/RiskManagement-Mitigations.csv"... (STDOUT, APP/TASK/deploy)#
#2026 09 17 19:18:59.257#Z#DEBUG#6e95f57f-b2cc-11f1-b461-eeee0a8dc34e.RiskManagement-db-deployer#flowable-async-job-executor-thread-11238#
[PollExecuteTaskStatusExecution] 76809f69-5d0f-479d-b97f-483792bc86a1 [2026-09-17T19:18:49.591782] Deploying "src/gen/data/RiskManagement-Mitigations.hdbtabledata"... (STDOUT, APP/TASK/deploy)#
#2026 09 17 19:18:59.257#Z#DEBUG#6e95f57f-b2cc-11f1-b461-eeee0a8dc34e.RiskManagement-db-deployer#flowable-async-job-executor-thread-11238#
[PollExecuteTaskStatusExecution] 76809f69-5d0f-479d-b97f-483792bc86a1 [2026-09-17T19:18:49.591784] Deploying "src/gen/data/RiskManagement-Mitigations.hdbtabledata"... ok (0s 0ms) (STDOUT, APP/TASK/deploy)#
#2026 09 17 19:18:59.257#Z#DEBUG#6e95f57f-b2cc-11f1-b461-eeee0a8dc34e.RiskManagement-db-deployer#flowable-async-job-executor-thread-11238#
[PollExecuteTaskStatusExecution] 76809f69-5d0f-479d-b97f-483792bc86a1 [2026-09-17T19:18:49.591786] Deploying "src/gen/data/RiskManagement-Risks.csv"... (STDOUT, APP/TASK/deploy)#
#2026 09 17 19:18:59.257#Z#DEBUG#6e95f57f-b2cc-11f1-b461-eeee0a8dc34e.RiskManagement-db-deployer#flowable-async-job-executor-thread-11238#
[PollExecuteTaskStatusExecution] 76809f69-5d0f-479d-b97f-483792bc86a1 [2026-09-17T19:18:49.591788] Deploying "src/gen/data/RiskManagement-Risks.hdbtabledata"... (STDOUT, APP/TASK/deploy)#
#2026 09 17 19:18:59.257#Z#DEBUG#6e95f57f-b2cc-11f1-b461-eeee0a8dc34e.RiskManagement-db-deployer#flowable-async-job-executor-thread-11238#
[PollExecuteTaskStatusExecution] 76809f69-5d0f-479d-b97f-483792bc86a1 [2026-09-17T19:18:49.591790] Deploying "src/gen/data/RiskManagement-Risks.hdbtabledata"... ok (0s 0ms) (STDOUT, APP/TASK/deploy)#
#2026 09 17 19:18:59.257#Z#DEBUG#6e95f57f-b2cc-11f1-b461-eeee0a8dc34e.RiskManagement-db-deployer#flowable-async-job-executor-thread-11238#
[PollExecuteTaskStatusExecution] 76809f69-5d0f-479d-b97f-483792bc86a1 [2026-09-17T19:18:49.591793] Deploying "src/gen/data/RiskManagement-Mitigations.csv"... ok (0s 11ms) (STDOUT, APP/TASK/deploy)#
#2026 09 17 19:18:59.257#Z#DEBUG#6e95f57f-b2cc-11f1-b461-eeee0a8dc34e.RiskManagement-db-deployer#flowable-async-job-executor-thread-11238#
[PollExecuteTaskStatusExecution] 76809f69-5d0f-479d-b97f-483792bc86a1 [2026-09-17T19:18:49.591796] Deploying "src/gen/data/RiskManagement-Mitigations.hdbtabledata$0.expand"... (STDOUT, APP/TASK/deploy)#
#2026 09 17 19:18:59.257#Z#DEBUG#6e95f57f-b2cc-11f1-b461-eeee0a8dc34e.RiskManagement-db-deployer#flowable-async-job-executor-thread-11238#
[PollExecuteTaskStatusExecution] 76809f69-5d0f-479d-b97f-483792bc86a1 [2026-09-17T19:18:49.591798] Expanded from "src/gen/data/RiskManagement-Mitigations.hdbtabledata" (STDOUT, APP/TASK/deploy)#
#2026 09 17 19:18:59.257#Z#DEBUG#6e95f57f-b2cc-11f1-b461-eeee0a8dc34e.RiskManagement-db-deployer#flowable-async-job-executor-thread-11238#
[PollExecuteTaskStatusExecution] 76809f69-5d0f-479d-b97f-483792bc86a1 [2026-09-17T19:18:49.591800] Deploying "src/gen/data/RiskManagement-Risks.csv"... ok (0s 10ms) (STDOUT, APP/TASK/deploy)#
#2026 09 17 19:18:59.257#Z#DEBUG#6e95f57f-b2cc-11f1-b461-eeee0a8dc34e.RiskManagement-db-deployer#flowable-async-job-executor-thread-11238#
[PollExecuteTaskStatusExecution] 76809f69-5d0f-479d-b97f-483792bc86a1 [2026-09-17T19:18:49.591803] Deploying "src/gen/data/RiskManagement-Risks.hdbtabledata$0.expand"... (STDOUT, APP/TASK/deploy)#
#2026 09 17 19:18:59.257#Z#DEBUG#6e95f57f-b2cc-11f1-b461-eeee0a8dc34e.RiskManagement-db-deployer#flowable-async-job-executor-thread-11238#
[PollExecuteTaskStatusExecution] 76809f69-5d0f-479d-b97f-483792bc86a1 [2026-09-17T19:18:49.591806] Expanded from "src/gen/data/RiskManagement-Risks.hdbtabledata" (STDOUT, APP/TASK/deploy)#
#2026 09 17 19:18:59.257#Z#DEBUG#6e95f57f-b2cc-11f1-b461-eeee0a8dc34e.RiskManagement-db-deployer#flowable-async-job-executor-thread-11238#
[PollExecuteTaskStatusExecution] 76809f69-5d0f-479d-b97f-483792bc86a1 [2026-09-17T19:18:50.052535] Error: com.sap.hana.di.tabledata: A column mapping "TIMELINE" : "timeline" is specified, but the column "timeline" cannot be found in the CSV file "RiskManagement-Mitigations.csv" [8251506] (STDERR, APP/TASK/deploy)#
#2026 09 17 19:18:59.257#Z#DEBUG#6e95f57f-b2cc-11f1-b461-eeee0a8dc34e.RiskManagement-db-deployer#flowable-async-job-executor-thread-11238#
[PollExecuteTaskStatusExecution] 76809f69-5d0f-479d-b97f-483792bc86a1 [2026-09-17T19:18:50.052756] at "src/gen/data/RiskManagement-Mitigations.hdbtabledata" (25:26,/imports[0]/column_mappings) (STDOUT, APP/TASK/deploy)#
#2026 09 17 19:18:59.257#Z#DEBUG#6e95f57f-b2cc-11f1-b461-eeee0a8dc34e.RiskManagement-db-deployer#flowable-async-job-executor-thread-11238#
[PollExecuteTaskStatusExecution] 76809f69-5d0f-479d-b97f-483792bc86a1 [2026-09-17T19:18:50.052773] at "src/gen/data/RiskManagement-Mitigations.hdbtabledata" (0:0) (STDOUT, APP/TASK/deploy)#
#2026 09 17 19:18:59.257#Z#DEBUG#6e95f57f-b2cc-11f1-b461-eeee0a8dc34e.RiskManagement-db-deployer#flowable-async-job-executor-thread-11238#
[PollExecuteTaskStatusExecution] 76809f69-5d0f-479d-b97f-483792bc86a1 [2026-09-17T19:18:50.052777] at "src/gen/data/RiskManagement-Mitigations.hdbtabledata$0.expand" (0:0) (STDOUT, APP/TASK/deploy)#
#2026 09 17 19:18:59.257#Z#DEBUG#6e95f57f-b2cc-11f1-b461-eeee0a8dc34e.RiskManagement-db-deployer#flowable-async-job-executor-thread-11238#
[PollExecuteTaskStatusExecution] 76809f69-5d0f-479d-b97f-483792bc86a1 [2026-09-17T19:18:50.052781] Inserted 3 records of the data source file "RiskManagement-Risks.csv" into the target table "RISKMANAGEMENT_RISKS" (STDOUT, APP/TASK/deploy)#
#2026 09 17 19:18:59.257#Z#DEBUG#6e95f57f-b2cc-11f1-b461-eeee0a8dc34e.RiskManagement-db-deployer#flowable-async-job-executor-thread-11238#
[PollExecuteTaskStatusExecution] 76809f69-5d0f-479d-b97f-483792bc86a1 [2026-09-17T19:18:50.052785] Deploying "src/gen/data/RiskManagement-Risks.hdbtabledata$0.expand"... ok (0s 581ms) (STDOUT, APP/TASK/deploy)#
#2026 09 17 19:18:59.257#Z#DEBUG#6e95f57f-b2cc-11f1-b461-eeee0a8dc34e.RiskManagement-db-deployer#flowable-async-job-executor-thread-11238#
[PollExecuteTaskStatusExecution] 76809f69-5d0f-479d-b97f-483792bc86a1 [2026-09-17T19:18:50.052787] Make failed (6 errors, 0 warnings): tried to deploy 4 files, undeploy 0 files, redeploy 2 dependent files (STDOUT, APP/TASK/deploy)#
#2026 09 17 19:18:59.257#Z#DEBUG#6e95f57f-b2cc-11f1-b461-eeee0a8dc34e.RiskManagement-db-deployer#flowable-async-job-executor-thread-11238#
[PollExecuteTaskStatusExecution] 76809f69-5d0f-479d-b97f-483792bc86a1 [2026-09-17T19:18:50.052828] Error: com.sap.hana.di.tabledata: Could not parse the data mappings [8251524] (STDERR, APP/TASK/deploy)#
#2026 09 17 19:18:59.257#Z#DEBUG#6e95f57f-b2cc-11f1-b461-eeee0a8dc34e.RiskManagement-db-deployer#flowable-async-job-executor-thread-11238#
[PollExecuteTaskStatusExecution] 76809f69-5d0f-479d-b97f-483792bc86a1 [2026-09-17T19:18:50.052836] Error: com.sap.hana.di.tabledata: Deploying "src/gen/data/RiskManagement-Mitigations.hdbtabledata$0.expand"... failed [8212145] (STDERR, APP/TASK/deploy)#
#2026 09 17 19:18:59.257#Z#DEBUG#6e95f57f-b2cc-11f1-b461-eeee0a8dc34e.RiskManagement-db-deployer#flowable-async-job-executor-thread-11238#
[PollExecuteTaskStatusExecution] 76809f69-5d0f-479d-b97f-483792bc86a1 [2026-09-17T19:18:50.052839] Error: Worker 3 has encountered an error; all remaining jobs will be canceled [8214600] (STDERR, APP/TASK/deploy)#
#2026 09 17 19:18:59.257#Z#DEBUG#6e95f57f-b2cc-11f1-b461-eeee0a8dc34e.RiskManagement-db-deployer#flowable-async-job-executor-thread-11238#
[PollExecuteTaskStatusExecution] 76809f69-5d0f-479d-b97f-483792bc86a1 [2026-09-17T19:18:50.052842] Error: Processing work list... failed [8212102] (STDERR, APP/TASK/deploy)#
#2026 09 17 19:18:59.257#Z#DEBUG#6e95f57f-b2cc-11f1-b461-eeee0a8dc34e.RiskManagement-db-deployer#flowable-async-job-executor-thread-11238#
[PollExecuteTaskStatusExecution] 76809f69-5d0f-479d-b97f-483792bc86a1 [2026-09-17T19:18:50.052845] Error: Making... failed [8211605] (STDERR, APP/TASK/deploy)#
#2026 09 17 19:18:59.257#Z#DEBUG#6e95f57f-b2cc-11f1-b461-eeee0a8dc34e.RiskManagement-db-deployer#flowable-async-job-executor-thread-11238#
[PollExecuteTaskStatusExecution] 76809f69-5d0f-479d-b97f-483792bc86a1 [2026-09-17T19:18:50.052850] Error: Starting make in the container "469D6B9E201445348236316C21268313" with 4 files to deploy, 0 files to undeploy... failed [8214168] (STDERR, APP/TASK/deploy)#
#2026 09 17 19:18:59.257#Z#DEBUG#6e95f57f-b2cc-11f1-b461-eeee0a8dc34e.RiskManagement-db-deployer#flowable-async-job-executor-thread-11238#
[PollExecuteTaskStatusExecution] 76809f69-5d0f-479d-b97f-483792bc86a1 [2026-09-17T19:18:50.052885] Deployment to container 469D6B9E201445348236316C21268313 failed - error: HDI make failed [Deployment ID: none]. (STDERR, APP/TASK/deploy)#
#2026 09 17 19:18:59.257#Z#DEBUG#6e95f57f-b2cc-11f1-b461-eeee0a8dc34e.RiskManagement-db-deployer#flowable-async-job-executor-thread-11238#
[PollExecuteTaskStatusExecution] 76809f69-5d0f-479d-b97f-483792bc86a1 [2026-09-17T19:18:50.053568] Error: HDI make failed (STDERR, APP/TASK/deploy)#
#2026 09 17 19:18:59.257#Z#DEBUG#6e95f57f-b2cc-11f1-b461-eeee0a8dc34e.RiskManagement-db-deployer#flowable-async-job-executor-thread-11238#
[PollExecuteTaskStatusExecution] 76809f69-5d0f-479d-b97f-483792bc86a1 [2026-09-17T19:18:50.053586] Deployment ended at 2026-09-17 19:18:50 (STDOUT, APP/TASK/deploy)#
#2026 09 17 19:18:59.257#Z#DEBUG#6e95f57f-b2cc-11f1-b461-eeee0a8dc34e.RiskManagement-db-deployer#flowable-async-job-executor-thread-11238#
[PollExecuteTaskStatusExecution] 76809f69-5d0f-479d-b97f-483792bc86a1 [2026-09-17T19:18:50.054385] (4s 307ms) (STDOUT, APP/TASK/deploy)#
#2026 09 17 19:18:59.257#Z#DEBUG#6e95f57f-b2cc-11f1-b461-eeee0a8dc34e.RiskManagement-db-deployer#flowable-async-job-executor-thread-11238#
[PollExecuteTaskStatusExecution] 76809f69-5d0f-479d-b97f-483792bc86a1 [2026-09-17T19:18:50.073226] npm notice (STDERR, APP/TASK/deploy)#
#2026 09 17 19:18:59.257#Z#DEBUG#6e95f57f-b2cc-11f1-b461-eeee0a8dc34e.RiskManagement-db-deployer#flowable-async-job-executor-thread-11238#
[PollExecuteTaskStatusExecution] 76809f69-5d0f-479d-b97f-483792bc86a1 [2026-09-17T19:18:50.073261] npm notice New major version of npm available! 11.17.0 -> 12.0.2 (STDERR, APP/TASK/deploy)#
#2026 09 17 19:18:59.257#Z#DEBUG#6e95f57f-b2cc-11f1-b461-eeee0a8dc34e.RiskManagement-db-deployer#flowable-async-job-executor-thread-11238#
[PollExecuteTaskStatusExecution] 76809f69-5d0f-479d-b97f-483792bc86a1 [2026-09-17T19:18:50.073267] npm notice Changelog: https://github.com/npm/cli/releases/tag/v12.0.2 (STDERR, APP/TASK/deploy)#
#2026 09 17 19:18:59.257#Z#DEBUG#6e95f57f-b2cc-11f1-b461-eeee0a8dc34e.RiskManagement-db-deployer#flowable-async-job-executor-thread-11238#
[PollExecuteTaskStatusExecution] 76809f69-5d0f-479d-b97f-483792bc86a1 [2026-09-17T19:18:50.073271] npm notice To update run: npm install -g npm@12.0.2 (STDERR, APP/TASK/deploy)#
#2026 09 17 19:18:59.257#Z#DEBUG#6e95f57f-b2cc-11f1-b461-eeee0a8dc34e.RiskManagement-db-deployer#flowable-async-job-executor-thread-11238#
[PollExecuteTaskStatusExecution] 76809f69-5d0f-479d-b97f-483792bc86a1 [2026-09-17T19:18:50.073275] npm notice (STDERR, APP/TASK/deploy)#
#2026 09 17 19:18:59.257#Z#DEBUG#6e95f57f-b2cc-11f1-b461-eeee0a8dc34e.RiskManagement-db-deployer#flowable-async-job-executor-thread-11238#
[PollExecuteTaskStatusExecution] 76809f69-5d0f-479d-b97f-483792bc86a1 [2026-09-17T19:18:50.159290] Exit status 1 (STDOUT, APP/TASK/deploy)#
#2026 09 17 19:18:59.257#Z#DEBUG#6e95f57f-b2cc-11f1-b461-eeee0a8dc34e.RiskManagement-db-deployer#flowable-async-job-executor-thread-11238#
[PollExecuteTaskStatusExecution] 76809f69-5d0f-479d-b97f-483792bc86a1 [2026-09-17T19:18:50.525301] Cell d1cc041a-d5a1-41d6-b9f6-6cda736ce3f0 stopping instance cca42f60-7ad3-46c7-8f99-7d6df6e639e6 (STDOUT, CELL)#
#2026 09 17 19:18:59.257#Z#DEBUG#6e95f57f-b2cc-11f1-b461-eeee0a8dc34e.RiskManagement-db-deployer#flowable-async-job-executor-thread-11238#
[PollExecuteTaskStatusExecution] 76809f69-5d0f-479d-b97f-483792bc86a1 [2026-09-17T19:18:50.525340] Cell d1cc041a-d5a1-41d6-b9f6-6cda736ce3f0 destroying container for instance cca42f60-7ad3-46c7-8f99-7d6df6e639e6 (STDOUT, CELL)#
#2026 09 17 19:18:59.257#Z#DEBUG#6e95f57f-b2cc-11f1-b461-eeee0a8dc34e.RiskManagement-db-deployer#flowable-async-job-executor-thread-11238#
[PollExecuteTaskStatusExecution] 76809f69-5d0f-479d-b97f-483792bc86a1 [2026-09-17T19:18:51.840573] Cell d1cc041a-d5a1-41d6-b9f6-6cda736ce3f0 successfully destroyed container for instance cca42f60-7ad3-46c7-8f99-7d6df6e639e6 (STDOUT, CELL)#
#2026 09 17 19:19:09.280#Z#DEBUG#6e95f57f-b2cc-11f1-b461-eeee0a8dc34e.RiskManagement-db-deployer#flowable-async-job-executor-thread-15038#
[PollExecuteTaskStatusExecution] 76809f69-5d0f-479d-b97f-483792bc86a1 [2026-09-17T19:18:49.590753] Adding "src/gen/data/RiskManagement-Mitigations.csv" for deploy... (STDOUT, APP/TASK/deploy)#
#2026 09 17 19:19:09.280#Z#DEBUG#6e95f57f-b2cc-11f1-b461-eeee0a8dc34e.RiskManagement-db-deployer#flowable-async-job-executor-thread-15038#
[PollExecuteTaskStatusExecution] 76809f69-5d0f-479d-b97f-483792bc86a1 [2026-09-17T19:18:49.590781] Preparing the make transaction... ok (0s 563ms) (STDOUT, APP/TASK/deploy)#
#2026 09 17 19:19:09.280#Z#DEBUG#6e95f57f-b2cc-11f1-b461-eeee0a8dc34e.RiskManagement-db-deployer#flowable-async-job-executor-thread-15038#
[PollExecuteTaskStatusExecution] 76809f69-5d0f-479d-b97f-483792bc86a1 [2026-09-17T19:18:49.591657] Adding "src/gen/data/RiskManagement-Mitigations.csv" for deploy... ok (0s 201ms) (STDOUT, APP/TASK/deploy)#
#2026 09 17 19:19:09.280#Z#DEBUG#6e95f57f-b2cc-11f1-b461-eeee0a8dc34e.RiskManagement-db-deployer#flowable-async-job-executor-thread-15038#
[PollExecuteTaskStatusExecution] 76809f69-5d0f-479d-b97f-483792bc86a1 [2026-09-17T19:18:49.591681] Adding "src/gen/data/RiskManagement-Mitigations.hdbtabledata" for deploy... (STDOUT, APP/TASK/deploy)#
#2026 09 17 19:19:09.280#Z#DEBUG#6e95f57f-b2cc-11f1-b461-eeee0a8dc34e.RiskManagement-db-deployer#flowable-async-job-executor-thread-15038#
[PollExecuteTaskStatusExecution] 76809f69-5d0f-479d-b97f-483792bc86a1 [2026-09-17T19:18:49.591684] Adding "src/gen/data/RiskManagement-Mitigations.hdbtabledata" for deploy... ok (0s 0ms) (STDOUT, APP/TASK/deploy)#
#2026 09 17 19:19:09.280#Z#DEBUG#6e95f57f-b2cc-11f1-b461-eeee0a8dc34e.RiskManagement-db-deployer#flowable-async-job-executor-thread-15038#
[PollExecuteTaskStatusExecution] 76809f69-5d0f-479d-b97f-483792bc86a1 [2026-09-17T19:18:49.591687] Adding "src/gen/data/RiskManagement-Risks.csv" for deploy... (STDOUT, APP/TASK/deploy)#
#2026 09 17 19:19:09.280#Z#DEBUG#6e95f57f-b2cc-11f1-b461-eeee0a8dc34e.RiskManagement-db-deployer#flowable-async-job-executor-thread-15038#
[PollExecuteTaskStatusExecution] 76809f69-5d0f-479d-b97f-483792bc86a1 [2026-09-17T19:18:49.591690] Adding "src/gen/data/RiskManagement-Risks.csv" for deploy... ok (0s 0ms) (STDOUT, APP/TASK/deploy)#
#2026 09 17 19:19:09.280#Z#DEBUG#6e95f57f-b2cc-11f1-b461-eeee0a8dc34e.RiskManagement-db-deployer#flowable-async-job-executor-thread-15038#
[PollExecuteTaskStatusExecution] 76809f69-5d0f-479d-b97f-483792bc86a1 [2026-09-17T19:18:49.591696] Adding "src/gen/data/RiskManagement-Risks.hdbtabledata" for deploy... (STDOUT, APP/TASK/deploy)#
#2026 09 17 19:19:09.280#Z#DEBUG#6e95f57f-b2cc-11f1-b461-eeee0a8dc34e.RiskManagement-db-deployer#flowable-async-job-executor-thread-15038#
[PollExecuteTaskStatusExecution] 76809f69-5d0f-479d-b97f-483792bc86a1 [2026-09-17T19:18:49.591698] Adding "src/gen/data/RiskManagement-Risks.hdbtabledata" for deploy... ok (0s 1ms) (STDOUT, APP/TASK/deploy)#
#2026 09 17 19:19:09.280#Z#DEBUG#6e95f57f-b2cc-11f1-b461-eeee0a8dc34e.RiskManagement-db-deployer#flowable-async-job-executor-thread-15038#
[PollExecuteTaskStatusExecution] 76809f69-5d0f-479d-b97f-483792bc86a1 [2026-09-17T19:18:49.591701] Preparing... ok (0s 715ms) (STDOUT, APP/TASK/deploy)#
#2026 09 17 19:19:09.280#Z#DEBUG#6e95f57f-b2cc-11f1-b461-eeee0a8dc34e.RiskManagement-db-deployer#flowable-async-job-executor-thread-15038#
[PollExecuteTaskStatusExecution] 76809f69-5d0f-479d-b97f-483792bc86a1 [2026-09-17T19:18:49.591703] Calculating dependencies... (STDOUT, APP/TASK/deploy)#
#2026 09 17 19:19:09.280#Z#DEBUG#6e95f57f-b2cc-11f1-b461-eeee0a8dc34e.RiskManagement-db-deployer#flowable-async-job-executor-thread-15038#
[PollExecuteTaskStatusExecution] 76809f69-5d0f-479d-b97f-483792bc86a1 [2026-09-17T19:18:49.591706] Expanding... (STDOUT, APP/TASK/deploy)#
#2026 09 17 19:19:09.280#Z#DEBUG#6e95f57f-b2cc-11f1-b461-eeee0a8dc34e.RiskManagement-db-deployer#flowable-async-job-executor-thread-15038#
[PollExecuteTaskStatusExecution] 76809f69-5d0f-479d-b97f-483792bc86a1 [2026-09-17T19:18:49.591709] Expanding "src/gen/data/RiskManagement-Mitigations.hdbtabledata"... (STDOUT, APP/TASK/deploy)#
#2026 09 17 19:19:09.280#Z#DEBUG#6e95f57f-b2cc-11f1-b461-eeee0a8dc34e.RiskManagement-db-deployer#flowable-async-job-executor-thread-15038#
[PollExecuteTaskStatusExecution] 76809f69-5d0f-479d-b97f-483792bc86a1 [2026-09-17T19:18:49.591711] Expanding "src/gen/data/RiskManagement-Risks.hdbtabledata"... (STDOUT, APP/TASK/deploy)#
#2026 09 17 19:19:09.280#Z#DEBUG#6e95f57f-b2cc-11f1-b461-eeee0a8dc34e.RiskManagement-db-deployer#flowable-async-job-executor-thread-15038#
[PollExecuteTaskStatusExecution] 76809f69-5d0f-479d-b97f-483792bc86a1 [2026-09-17T19:18:49.591713] Expanding "src/gen/data/RiskManagement-Mitigations.hdbtabledata"... ok (0s 3ms) (STDOUT, APP/TASK/deploy)#
#2026 09 17 19:19:09.280#Z#DEBUG#6e95f57f-b2cc-11f1-b461-eeee0a8dc34e.RiskManagement-db-deployer#flowable-async-job-executor-thread-15038#
[PollExecuteTaskStatusExecution] 76809f69-5d0f-479d-b97f-483792bc86a1 [2026-09-17T19:18:49.591716] Expanding "src/gen/data/RiskManagement-Risks.hdbtabledata"... ok (0s 2ms) (STDOUT, APP/TASK/deploy)#
#2026 09 17 19:19:09.280#Z#DEBUG#6e95f57f-b2cc-11f1-b461-eeee0a8dc34e.RiskManagement-db-deployer#flowable-async-job-executor-thread-15038#
[PollExecuteTaskStatusExecution] 76809f69-5d0f-479d-b97f-483792bc86a1 [2026-09-17T19:18:49.591718] Expanding... ok (0s 63ms) (STDOUT, APP/TASK/deploy)#
#2026 09 17 19:19:09.280#Z#DEBUG#6e95f57f-b2cc-11f1-b461-eeee0a8dc34e.RiskManagement-db-deployer#flowable-async-job-executor-thread-15038#
[PollExecuteTaskStatusExecution] 76809f69-5d0f-479d-b97f-483792bc86a1 [2026-09-17T19:18:49.591720] Precompiling... (STDOUT, APP/TASK/deploy)#
#2026 09 17 19:19:09.280#Z#DEBUG#6e95f57f-b2cc-11f1-b461-eeee0a8dc34e.RiskManagement-db-deployer#flowable-async-job-executor-thread-15038#
[PollExecuteTaskStatusExecution] 76809f69-5d0f-479d-b97f-483792bc86a1 [2026-09-17T19:18:49.591722] Precompiling "src/gen/data/RiskManagement-Mitigations.csv"... (STDOUT, APP/TASK/deploy)#
#2026 09 17 19:19:09.280#Z#DEBUG#6e95f57f-b2cc-11f1-b461-eeee0a8dc34e.RiskManagement-db-deployer#flowable-async-job-executor-thread-15038#
[PollExecuteTaskStatusExecution] 76809f69-5d0f-479d-b97f-483792bc86a1 [2026-09-17T19:18:49.591725] Precompiling "src/gen/data/RiskManagement-Mitigations.hdbtabledata"... (STDOUT, APP/TASK/deploy)#
#2026 09 17 19:19:09.280#Z#DEBUG#6e95f57f-b2cc-11f1-b461-eeee0a8dc34e.RiskManagement-db-deployer#flowable-async-job-executor-thread-15038#
[PollExecuteTaskStatusExecution] 76809f69-5d0f-479d-b97f-483792bc86a1 [2026-09-17T19:18:49.591727] Precompiling "src/gen/data/RiskManagement-Mitigations.hdbtabledata"... ok (0s 0ms) (STDOUT, APP/TASK/deploy)#
#2026 09 17 19:19:09.280#Z#DEBUG#6e95f57f-b2cc-11f1-b461-eeee0a8dc34e.RiskManagement-db-deployer#flowable-async-job-executor-thread-15038#
[PollExecuteTaskStatusExecution] 76809f69-5d0f-479d-b97f-483792bc86a1 [2026-09-17T19:18:49.591730] Precompiling "src/gen/data/RiskManagement-Mitigations.hdbtabledata$0.expand"... (STDOUT, APP/TASK/deploy)#
#2026 09 17 19:19:09.280#Z#DEBUG#6e95f57f-b2cc-11f1-b461-eeee0a8dc34e.RiskManagement-db-deployer#flowable-async-job-executor-thread-15038#
[PollExecuteTaskStatusExecution] 76809f69-5d0f-479d-b97f-483792bc86a1 [2026-09-17T19:18:49.591733] Precompiling "src/gen/data/RiskManagement-Risks.csv"... (STDOUT, APP/TASK/deploy)#
#2026 09 17 19:19:09.280#Z#DEBUG#6e95f57f-b2cc-11f1-b461-eeee0a8dc34e.RiskManagement-db-deployer#flowable-async-job-executor-thread-15038#
[PollExecuteTaskStatusExecution] 76809f69-5d0f-479d-b97f-483792bc86a1 [2026-09-17T19:18:49.591739] Expanded from "src/gen/data/RiskManagement-Mitigations.hdbtabledata" (STDOUT, APP/TASK/deploy)#
#2026 09 17 19:19:09.280#Z#DEBUG#6e95f57f-b2cc-11f1-b461-eeee0a8dc34e.RiskManagement-db-deployer#flowable-async-job-executor-thread-15038#
[PollExecuteTaskStatusExecution] 76809f69-5d0f-479d-b97f-483792bc86a1 [2026-09-17T19:18:49.591745] Precompiling "src/gen/data/RiskManagement-Mitigations.hdbtabledata$0.expand"... ok (0s 2ms) (STDOUT, APP/TASK/deploy)#
#2026 09 17 19:19:09.280#Z#DEBUG#6e95f57f-b2cc-11f1-b461-eeee0a8dc34e.RiskManagement-db-deployer#flowable-async-job-executor-thread-15038#
[PollExecuteTaskStatusExecution] 76809f69-5d0f-479d-b97f-483792bc86a1 [2026-09-17T19:18:49.591748] Precompiling "src/gen/data/RiskManagement-Risks.hdbtabledata"... (STDOUT, APP/TASK/deploy)#
#2026 09 17 19:19:09.280#Z#DEBUG#6e95f57f-b2cc-11f1-b461-eeee0a8dc34e.RiskManagement-db-deployer#flowable-async-job-executor-thread-15038#
[PollExecuteTaskStatusExecution] 76809f69-5d0f-479d-b97f-483792bc86a1 [2026-09-17T19:18:49.591753] Precompiling "src/gen/data/RiskManagement-Risks.hdbtabledata"... ok (0s 0ms) (STDOUT, APP/TASK/deploy)#
#2026 09 17 19:19:09.280#Z#DEBUG#6e95f57f-b2cc-11f1-b461-eeee0a8dc34e.RiskManagement-db-deployer#flowable-async-job-executor-thread-15038#
[PollExecuteTaskStatusExecution] 76809f69-5d0f-479d-b97f-483792bc86a1 [2026-09-17T19:18:49.591755] Precompiling "src/gen/data/RiskManagement-Risks.hdbtabledata$0.expand"... (STDOUT, APP/TASK/deploy)#
#2026 09 17 19:19:09.280#Z#DEBUG#6e95f57f-b2cc-11f1-b461-eeee0a8dc34e.RiskManagement-db-deployer#flowable-async-job-executor-thread-15038#
[PollExecuteTaskStatusExecution] 76809f69-5d0f-479d-b97f-483792bc86a1 [2026-09-17T19:18:49.591757] Expanded from "src/gen/data/RiskManagement-Risks.hdbtabledata" (STDOUT, APP/TASK/deploy)#
#2026 09 17 19:19:09.280#Z#DEBUG#6e95f57f-b2cc-11f1-b461-eeee0a8dc34e.RiskManagement-db-deployer#flowable-async-job-executor-thread-15038#
[PollExecuteTaskStatusExecution] 76809f69-5d0f-479d-b97f-483792bc86a1 [2026-09-17T19:18:49.591760] Precompiling "src/gen/data/RiskManagement-Mitigations.csv"... ok (0s 3ms) (STDOUT, APP/TASK/deploy)#
#2026 09 17 19:19:09.280#Z#DEBUG#6e95f57f-b2cc-11f1-b461-eeee0a8dc34e.RiskManagement-db-deployer#flowable-async-job-executor-thread-15038#
[PollExecuteTaskStatusExecution] 76809f69-5d0f-479d-b97f-483792bc86a1 [2026-09-17T19:18:49.591762] Precompiling "src/gen/data/RiskManagement-Risks.csv"... ok (0s 3ms) (STDOUT, APP/TASK/deploy)#
#2026 09 17 19:19:09.280#Z#DEBUG#6e95f57f-b2cc-11f1-b461-eeee0a8dc34e.RiskManagement-db-deployer#flowable-async-job-executor-thread-15038#
[PollExecuteTaskStatusExecution] 76809f69-5d0f-479d-b97f-483792bc86a1 [2026-09-17T19:18:49.591764] Precompiling "src/gen/data/RiskManagement-Risks.hdbtabledata$0.expand"... ok (0s 2ms) (STDOUT, APP/TASK/deploy)#
#2026 09 17 19:19:09.280#Z#DEBUG#6e95f57f-b2cc-11f1-b461-eeee0a8dc34e.RiskManagement-db-deployer#flowable-async-job-executor-thread-15038#
[PollExecuteTaskStatusExecution] 76809f69-5d0f-479d-b97f-483792bc86a1 [2026-09-17T19:18:49.591766] Precompiling... ok (0s 26ms) (STDOUT, APP/TASK/deploy)#
#2026 09 17 19:19:09.280#Z#DEBUG#6e95f57f-b2cc-11f1-b461-eeee0a8dc34e.RiskManagement-db-deployer#flowable-async-job-executor-thread-15038#
[PollExecuteTaskStatusExecution] 76809f69-5d0f-479d-b97f-483792bc86a1 [2026-09-17T19:18:49.591770] Merging... (STDOUT, APP/TASK/deploy)#
#2026 09 17 19:19:09.280#Z#DEBUG#6e95f57f-b2cc-11f1-b461-eeee0a8dc34e.RiskManagement-db-deployer#flowable-async-job-executor-thread-15038#
[PollExecuteTaskStatusExecution] 76809f69-5d0f-479d-b97f-483792bc86a1 [2026-09-17T19:18:49.591772] Merging... ok (0s 27ms) (STDOUT, APP/TASK/deploy)#
#2026 09 17 19:19:09.280#Z#DEBUG#6e95f57f-b2cc-11f1-b461-eeee0a8dc34e.RiskManagement-db-deployer#flowable-async-job-executor-thread-15038#
[PollExecuteTaskStatusExecution] 76809f69-5d0f-479d-b97f-483792bc86a1 [2026-09-17T19:18:49.591774] Calculating dependencies... ok (0s 116ms) (STDOUT, APP/TASK/deploy)#
#2026 09 17 19:19:09.280#Z#DEBUG#6e95f57f-b2cc-11f1-b461-eeee0a8dc34e.RiskManagement-db-deployer#flowable-async-job-executor-thread-15038#
[PollExecuteTaskStatusExecution] 76809f69-5d0f-479d-b97f-483792bc86a1 [2026-09-17T19:18:49.591776] Processing work list... (STDOUT, APP/TASK/deploy)#
#2026 09 17 19:19:09.280#Z#DEBUG#6e95f57f-b2cc-11f1-b461-eeee0a8dc34e.RiskManagement-db-deployer#flowable-async-job-executor-thread-15038#
[PollExecuteTaskStatusExecution] 76809f69-5d0f-479d-b97f-483792bc86a1 [2026-09-17T19:18:49.591779] Deploying "src/gen/data/RiskManagement-Mitigations.csv"... (STDOUT, APP/TASK/deploy)#
#2026 09 17 19:19:09.280#Z#DEBUG#6e95f57f-b2cc-11f1-b461-eeee0a8dc34e.RiskManagement-db-deployer#flowable-async-job-executor-thread-15038#
[PollExecuteTaskStatusExecution] 76809f69-5d0f-479d-b97f-483792bc86a1 [2026-09-17T19:18:49.591782] Deploying "src/gen/data/RiskManagement-Mitigations.hdbtabledata"... (STDOUT, APP/TASK/deploy)#
#2026 09 17 19:19:09.280#Z#DEBUG#6e95f57f-b2cc-11f1-b461-eeee0a8dc34e.RiskManagement-db-deployer#flowable-async-job-executor-thread-15038#
[PollExecuteTaskStatusExecution] 76809f69-5d0f-479d-b97f-483792bc86a1 [2026-09-17T19:18:49.591784] Deploying "src/gen/data/RiskManagement-Mitigations.hdbtabledata"... ok (0s 0ms) (STDOUT, APP/TASK/deploy)#
#2026 09 17 19:19:09.280#Z#DEBUG#6e95f57f-b2cc-11f1-b461-eeee0a8dc34e.RiskManagement-db-deployer#flowable-async-job-executor-thread-15038#
[PollExecuteTaskStatusExecution] 76809f69-5d0f-479d-b97f-483792bc86a1 [2026-09-17T19:18:49.591786] Deploying "src/gen/data/RiskManagement-Risks.csv"... (STDOUT, APP/TASK/deploy)#
#2026 09 17 19:19:09.280#Z#DEBUG#6e95f57f-b2cc-11f1-b461-eeee0a8dc34e.RiskManagement-db-deployer#flowable-async-job-executor-thread-15038#
[PollExecuteTaskStatusExecution] 76809f69-5d0f-479d-b97f-483792bc86a1 [2026-09-17T19:18:49.591788] Deploying "src/gen/data/RiskManagement-Risks.hdbtabledata"... (STDOUT, APP/TASK/deploy)#
#2026 09 17 19:19:09.280#Z#DEBUG#6e95f57f-b2cc-11f1-b461-eeee0a8dc34e.RiskManagement-db-deployer#flowable-async-job-executor-thread-15038#
[PollExecuteTaskStatusExecution] 76809f69-5d0f-479d-b97f-483792bc86a1 [2026-09-17T19:18:49.591790] Deploying "src/gen/data/RiskManagement-Risks.hdbtabledata"... ok (0s 0ms) (STDOUT, APP/TASK/deploy)#
#2026 09 17 19:19:09.280#Z#DEBUG#6e95f57f-b2cc-11f1-b461-eeee0a8dc34e.RiskManagement-db-deployer#flowable-async-job-executor-thread-15038#
[PollExecuteTaskStatusExecution] 76809f69-5d0f-479d-b97f-483792bc86a1 [2026-09-17T19:18:49.591793] Deploying "src/gen/data/RiskManagement-Mitigations.csv"... ok (0s 11ms) (STDOUT, APP/TASK/deploy)#
#2026 09 17 19:19:09.280#Z#DEBUG#6e95f57f-b2cc-11f1-b461-eeee0a8dc34e.RiskManagement-db-deployer#flowable-async-job-executor-thread-15038#
[PollExecuteTaskStatusExecution] 76809f69-5d0f-479d-b97f-483792bc86a1 [2026-09-17T19:18:49.591796] Deploying "src/gen/data/RiskManagement-Mitigations.hdbtabledata$0.expand"... (STDOUT, APP/TASK/deploy)#
#2026 09 17 19:19:09.280#Z#DEBUG#6e95f57f-b2cc-11f1-b461-eeee0a8dc34e.RiskManagement-db-deployer#flowable-async-job-executor-thread-15038#
[PollExecuteTaskStatusExecution] 76809f69-5d0f-479d-b97f-483792bc86a1 [2026-09-17T19:18:49.591798] Expanded from "src/gen/data/RiskManagement-Mitigations.hdbtabledata" (STDOUT, APP/TASK/deploy)#
#2026 09 17 19:19:09.280#Z#DEBUG#6e95f57f-b2cc-11f1-b461-eeee0a8dc34e.RiskManagement-db-deployer#flowable-async-job-executor-thread-15038#
[PollExecuteTaskStatusExecution] 76809f69-5d0f-479d-b97f-483792bc86a1 [2026-09-17T19:18:49.591800] Deploying "src/gen/data/RiskManagement-Risks.csv"... ok (0s 10ms) (STDOUT, APP/TASK/deploy)#
#2026 09 17 19:19:09.280#Z#DEBUG#6e95f57f-b2cc-11f1-b461-eeee0a8dc34e.RiskManagement-db-deployer#flowable-async-job-executor-thread-15038#
[PollExecuteTaskStatusExecution] 76809f69-5d0f-479d-b97f-483792bc86a1 [2026-09-17T19:18:49.591803] Deploying "src/gen/data/RiskManagement-Risks.hdbtabledata$0.expand"... (STDOUT, APP/TASK/deploy)#
#2026 09 17 19:19:09.280#Z#DEBUG#6e95f57f-b2cc-11f1-b461-eeee0a8dc34e.RiskManagement-db-deployer#flowable-async-job-executor-thread-15038#
[PollExecuteTaskStatusExecution] 76809f69-5d0f-479d-b97f-483792bc86a1 [2026-09-17T19:18:49.591806] Expanded from "src/gen/data/RiskManagement-Risks.hdbtabledata" (STDOUT, APP/TASK/deploy)#
#2026 09 17 19:19:09.280#Z#DEBUG#6e95f57f-b2cc-11f1-b461-eeee0a8dc34e.RiskManagement-db-deployer#flowable-async-job-executor-thread-15038#
[PollExecuteTaskStatusExecution] 76809f69-5d0f-479d-b97f-483792bc86a1 [2026-09-17T19:18:50.052535] Error: com.sap.hana.di.tabledata: A column mapping "TIMELINE" : "timeline" is specified, but the column "timeline" cannot be found in the CSV file "RiskManagement-Mitigations.csv" [8251506] (STDERR, APP/TASK/deploy)#
#2026 09 17 19:19:09.280#Z#DEBUG#6e95f57f-b2cc-11f1-b461-eeee0a8dc34e.RiskManagement-db-deployer#flowable-async-job-executor-thread-15038#
[PollExecuteTaskStatusExecution] 76809f69-5d0f-479d-b97f-483792bc86a1 [2026-09-17T19:18:50.052756] at "src/gen/data/RiskManagement-Mitigations.hdbtabledata" (25:26,/imports[0]/column_mappings) (STDOUT, APP/TASK/deploy)#
#2026 09 17 19:19:09.280#Z#DEBUG#6e95f57f-b2cc-11f1-b461-eeee0a8dc34e.RiskManagement-db-deployer#flowable-async-job-executor-thread-15038#
[PollExecuteTaskStatusExecution] 76809f69-5d0f-479d-b97f-483792bc86a1 [2026-09-17T19:18:50.052773] at "src/gen/data/RiskManagement-Mitigations.hdbtabledata" (0:0) (STDOUT, APP/TASK/deploy)#
#2026 09 17 19:19:09.280#Z#DEBUG#6e95f57f-b2cc-11f1-b461-eeee0a8dc34e.RiskManagement-db-deployer#flowable-async-job-executor-thread-15038#
[PollExecuteTaskStatusExecution] 76809f69-5d0f-479d-b97f-483792bc86a1 [2026-09-17T19:18:50.052777] at "src/gen/data/RiskManagement-Mitigations.hdbtabledata$0.expand" (0:0) (STDOUT, APP/TASK/deploy)#
#2026 09 17 19:19:09.280#Z#DEBUG#6e95f57f-b2cc-11f1-b461-eeee0a8dc34e.RiskManagement-db-deployer#flowable-async-job-executor-thread-15038#
[PollExecuteTaskStatusExecution] 76809f69-5d0f-479d-b97f-483792bc86a1 [2026-09-17T19:18:50.052781] Inserted 3 records of the data source file "RiskManagement-Risks.csv" into the target table "RISKMANAGEMENT_RISKS" (STDOUT, APP/TASK/deploy)#
#2026 09 17 19:19:09.280#Z#DEBUG#6e95f57f-b2cc-11f1-b461-eeee0a8dc34e.RiskManagement-db-deployer#flowable-async-job-executor-thread-15038#
[PollExecuteTaskStatusExecution] 76809f69-5d0f-479d-b97f-483792bc86a1 [2026-09-17T19:18:50.052785] Deploying "src/gen/data/RiskManagement-Risks.hdbtabledata$0.expand"... ok (0s 581ms) (STDOUT, APP/TASK/deploy)#
#2026 09 17 19:19:09.280#Z#DEBUG#6e95f57f-b2cc-11f1-b461-eeee0a8dc34e.RiskManagement-db-deployer#flowable-async-job-executor-thread-15038#
[PollExecuteTaskStatusExecution] 76809f69-5d0f-479d-b97f-483792bc86a1 [2026-09-17T19:18:50.052787] Make failed (6 errors, 0 warnings): tried to deploy 4 files, undeploy 0 files, redeploy 2 dependent files (STDOUT, APP/TASK/deploy)#
#2026 09 17 19:19:09.280#Z#DEBUG#6e95f57f-b2cc-11f1-b461-eeee0a8dc34e.RiskManagement-db-deployer#flowable-async-job-executor-thread-15038#
[PollExecuteTaskStatusExecution] 76809f69-5d0f-479d-b97f-483792bc86a1 [2026-09-17T19:18:50.052828] Error: com.sap.hana.di.tabledata: Could not parse the data mappings [8251524] (STDERR, APP/TASK/deploy)#
#2026 09 17 19:19:09.280#Z#DEBUG#6e95f57f-b2cc-11f1-b461-eeee0a8dc34e.RiskManagement-db-deployer#flowable-async-job-executor-thread-15038#
[PollExecuteTaskStatusExecution] 76809f69-5d0f-479d-b97f-483792bc86a1 [2026-09-17T19:18:50.052836] Error: com.sap.hana.di.tabledata: Deploying "src/gen/data/RiskManagement-Mitigations.hdbtabledata$0.expand"... failed [8212145] (STDERR, APP/TASK/deploy)#
#2026 09 17 19:19:09.280#Z#DEBUG#6e95f57f-b2cc-11f1-b461-eeee0a8dc34e.RiskManagement-db-deployer#flowable-async-job-executor-thread-15038#
[PollExecuteTaskStatusExecution] 76809f69-5d0f-479d-b97f-483792bc86a1 [2026-09-17T19:18:50.052839] Error: Worker 3 has encountered an error; all remaining jobs will be canceled [8214600] (STDERR, APP/TASK/deploy)#
#2026 09 17 19:19:09.280#Z#DEBUG#6e95f57f-b2cc-11f1-b461-eeee0a8dc34e.RiskManagement-db-deployer#flowable-async-job-executor-thread-15038#
[PollExecuteTaskStatusExecution] 76809f69-5d0f-479d-b97f-483792bc86a1 [2026-09-17T19:18:50.052842] Error: Processing work list... failed [8212102] (STDERR, APP/TASK/deploy)#
#2026 09 17 19:19:09.280#Z#DEBUG#6e95f57f-b2cc-11f1-b461-eeee0a8dc34e.RiskManagement-db-deployer#flowable-async-job-executor-thread-15038#
[PollExecuteTaskStatusExecution] 76809f69-5d0f-479d-b97f-483792bc86a1 [2026-09-17T19:18:50.052845] Error: Making... failed [8211605] (STDERR, APP/TASK/deploy)#
#2026 09 17 19:19:09.280#Z#DEBUG#6e95f57f-b2cc-11f1-b461-eeee0a8dc34e.RiskManagement-db-deployer#flowable-async-job-executor-thread-15038#
[PollExecuteTaskStatusExecution] 76809f69-5d0f-479d-b97f-483792bc86a1 [2026-09-17T19:18:50.052850] Error: Starting make in the container "469D6B9E201445348236316C21268313" with 4 files to deploy, 0 files to undeploy... failed [8214168] (STDERR, APP/TASK/deploy)#
#2026 09 17 19:19:09.280#Z#DEBUG#6e95f57f-b2cc-11f1-b461-eeee0a8dc34e.RiskManagement-db-deployer#flowable-async-job-executor-thread-15038#
[PollExecuteTaskStatusExecution] 76809f69-5d0f-479d-b97f-483792bc86a1 [2026-09-17T19:18:50.052885] Deployment to container 469D6B9E201445348236316C21268313 failed - error: HDI make failed [Deployment ID: none]. (STDERR, APP/TASK/deploy)#
#2026 09 17 19:19:09.280#Z#DEBUG#6e95f57f-b2cc-11f1-b461-eeee0a8dc34e.RiskManagement-db-deployer#flowable-async-job-executor-thread-15038#
[PollExecuteTaskStatusExecution] 76809f69-5d0f-479d-b97f-483792bc86a1 [2026-09-17T19:18:50.053568] Error: HDI make failed (STDERR, APP/TASK/deploy)#
#2026 09 17 19:19:09.280#Z#DEBUG#6e95f57f-b2cc-11f1-b461-eeee0a8dc34e.RiskManagement-db-deployer#flowable-async-job-executor-thread-15038#
[PollExecuteTaskStatusExecution] 76809f69-5d0f-479d-b97f-483792bc86a1 [2026-09-17T19:18:50.053586] Deployment ended at 2026-09-17 19:18:50 (STDOUT, APP/TASK/deploy)#
#2026 09 17 19:19:09.280#Z#DEBUG#6e95f57f-b2cc-11f1-b461-eeee0a8dc34e.RiskManagement-db-deployer#flowable-async-job-executor-thread-15038#
[PollExecuteTaskStatusExecution] 76809f69-5d0f-479d-b97f-483792bc86a1 [2026-09-17T19:18:50.054385] (4s 307ms) (STDOUT, APP/TASK/deploy)#
#2026 09 17 19:19:09.280#Z#DEBUG#6e95f57f-b2cc-11f1-b461-eeee0a8dc34e.RiskManagement-db-deployer#flowable-async-job-executor-thread-15038#
[PollExecuteTaskStatusExecution] 76809f69-5d0f-479d-b97f-483792bc86a1 [2026-09-17T19:18:50.073226] npm notice (STDERR, APP/TASK/deploy)#
#2026 09 17 19:19:09.280#Z#DEBUG#6e95f57f-b2cc-11f1-b461-eeee0a8dc34e.RiskManagement-db-deployer#flowable-async-job-executor-thread-15038#
[PollExecuteTaskStatusExecution] 76809f69-5d0f-479d-b97f-483792bc86a1 [2026-09-17T19:18:50.073261] npm notice New major version of npm available! 11.17.0 -> 12.0.2 (STDERR, APP/TASK/deploy)#
#2026 09 17 19:19:09.280#Z#DEBUG#6e95f57f-b2cc-11f1-b461-eeee0a8dc34e.RiskManagement-db-deployer#flowable-async-job-executor-thread-15038#
[PollExecuteTaskStatusExecution] 76809f69-5d0f-479d-b97f-483792bc86a1 [2026-09-17T19:18:50.073267] npm notice Changelog: https://github.com/npm/cli/releases/tag/v12.0.2 (STDERR, APP/TASK/deploy)#
#2026 09 17 19:19:09.280#Z#DEBUG#6e95f57f-b2cc-11f1-b461-eeee0a8dc34e.RiskManagement-db-deployer#flowable-async-job-executor-thread-15038#
[PollExecuteTaskStatusExecution] 76809f69-5d0f-479d-b97f-483792bc86a1 [2026-09-17T19:18:50.073271] npm notice To update run: npm install -g npm@12.0.2 (STDERR, APP/TASK/deploy)#
#2026 09 17 19:19:09.280#Z#DEBUG#6e95f57f-b2cc-11f1-b461-eeee0a8dc34e.RiskManagement-db-deployer#flowable-async-job-executor-thread-15038#
[PollExecuteTaskStatusExecution] 76809f69-5d0f-479d-b97f-483792bc86a1 [2026-09-17T19:18:50.073275] npm notice (STDERR, APP/TASK/deploy)#
#2026 09 17 19:19:09.280#Z#DEBUG#6e95f57f-b2cc-11f1-b461-eeee0a8dc34e.RiskManagement-db-deployer#flowable-async-job-executor-thread-15038#
[PollExecuteTaskStatusExecution] 76809f69-5d0f-479d-b97f-483792bc86a1 [2026-09-17T19:18:50.159290] Exit status 1 (STDOUT, APP/TASK/deploy)#
#2026 09 17 19:19:09.280#Z#DEBUG#6e95f57f-b2cc-11f1-b461-eeee0a8dc34e.RiskManagement-db-deployer#flowable-async-job-executor-thread-15038#
[PollExecuteTaskStatusExecution] 76809f69-5d0f-479d-b97f-483792bc86a1 [2026-09-17T19:18:50.525301] Cell d1cc041a-d5a1-41d6-b9f6-6cda736ce3f0 stopping instance cca42f60-7ad3-46c7-8f99-7d6df6e639e6 (STDOUT, CELL)#
#2026 09 17 19:19:09.280#Z#DEBUG#6e95f57f-b2cc-11f1-b461-eeee0a8dc34e.RiskManagement-db-deployer#flowable-async-job-executor-thread-15038#
[PollExecuteTaskStatusExecution] 76809f69-5d0f-479d-b97f-483792bc86a1 [2026-09-17T19:18:50.525340] Cell d1cc041a-d5a1-41d6-b9f6-6cda736ce3f0 destroying container for instance cca42f60-7ad3-46c7-8f99-7d6df6e639e6 (STDOUT, CELL)#
#2026 09 17 19:19:09.280#Z#DEBUG#6e95f57f-b2cc-11f1-b461-eeee0a8dc34e.RiskManagement-db-deployer#flowable-async-job-executor-thread-15038#
[PollExecuteTaskStatusExecution] 76809f69-5d0f-479d-b97f-483792bc86a1 [2026-09-17T19:18:51.840573] Cell d1cc041a-d5a1-41d6-b9f6-6cda736ce3f0 successfully destroyed container for instance cca42f60-7ad3-46c7-8f99-7d6df6e639e6 (STDOUT, CELL)#
#2026 09 17 19:19:09.280#Z#DEBUG#6e95f57f-b2cc-11f1-b461-eeee0a8dc34e.RiskManagement-db-deployer#flowable-async-job-executor-thread-15038#
[PollExecuteTaskStatusExecution] 76809f69-5d0f-479d-b97f-483792bc86a1 [2026-09-17T19:19:01.494703] Cell d1cc041a-d5a1-41d6-b9f6-6cda736ce3f0 creating container for instance a2527aa3-38f3-4468-855a-61f66d0ac7db (STDOUT, CELL)#
#2026 09 17 19:19:09.280#Z#DEBUG#6e95f57f-b2cc-11f1-b461-eeee0a8dc34e.RiskManagement-db-deployer#flowable-async-job-executor-thread-15038#
[PollExecuteTaskStatusExecution] 76809f69-5d0f-479d-b97f-483792bc86a1 [2026-09-17T19:19:02.195679] Security group rules were updated (STDOUT, CELL)#
#2026 09 17 19:19:09.280#Z#DEBUG#6e95f57f-b2cc-11f1-b461-eeee0a8dc34e.RiskManagement-db-deployer#flowable-async-job-executor-thread-15038#
[PollExecuteTaskStatusExecution] 76809f69-5d0f-479d-b97f-483792bc86a1 [2026-09-17T19:19:02.244750] Cell d1cc041a-d5a1-41d6-b9f6-6cda736ce3f0 successfully created container for instance a2527aa3-38f3-4468-855a-61f66d0ac7db (STDOUT, CELL)#
#2026 09 17 19:19:09.280#Z#DEBUG#6e95f57f-b2cc-11f1-b461-eeee0a8dc34e.RiskManagement-db-deployer#flowable-async-job-executor-thread-15038#
[PollExecuteTaskStatusExecution] 76809f69-5d0f-479d-b97f-483792bc86a1 [2026-09-17T19:19:06.379088] Invoking pre-start scripts. (STDOUT, APP/TASK/deploy)#
#2026 09 17 19:19:09.280#Z#DEBUG#6e95f57f-b2cc-11f1-b461-eeee0a8dc34e.RiskManagement-db-deployer#flowable-async-job-executor-thread-15038#
[PollExecuteTaskStatusExecution] 76809f69-5d0f-479d-b97f-483792bc86a1 [2026-09-17T19:19:06.601996] Invoking start command. (STDOUT, APP/TASK/deploy)#
#2026 09 17 19:19:09.280#Z#DEBUG#6e95f57f-b2cc-11f1-b461-eeee0a8dc34e.RiskManagement-db-deployer#flowable-async-job-executor-thread-15038#
[PollExecuteTaskStatusExecution] 76809f69-5d0f-479d-b97f-483792bc86a1 [2026-09-17T19:19:07.073385] > start (STDOUT, APP/TASK/deploy)#
#2026 09 17 19:19:09.280#Z#DEBUG#6e95f57f-b2cc-11f1-b461-eeee0a8dc34e.RiskManagement-db-deployer#flowable-async-job-executor-thread-15038#
[PollExecuteTaskStatusExecution] 76809f69-5d0f-479d-b97f-483792bc86a1 [2026-09-17T19:19:07.073413] > node node_modules/@sap/hdi-deploy/deploy.js --use-hdb --parameter com.sap.hana.di.table/try_fast_table_migration=true (STDOUT, APP/TASK/deploy)#
#2026 09 17 19:19:09.280#Z#DEBUG#6e95f57f-b2cc-11f1-b461-eeee0a8dc34e.RiskManagement-db-deployer#flowable-async-job-executor-thread-15038#
[PollExecuteTaskStatusExecution] 76809f69-5d0f-479d-b97f-483792bc86a1 [2026-09-17T19:19:07.226036] VCAP_SERVICES: (STDOUT, APP/TASK/deploy)#
#2026 09 17 19:19:09.280#Z#DEBUG#6e95f57f-b2cc-11f1-b461-eeee0a8dc34e.RiskManagement-db-deployer#flowable-async-job-executor-thread-15038#
[PollExecuteTaskStatusExecution] 76809f69-5d0f-479d-b97f-483792bc86a1 [2026-09-17T19:19:07.226709] { (STDOUT, APP/TASK/deploy)#
#2026 09 17 19:19:09.280#Z#DEBUG#6e95f57f-b2cc-11f1-b461-eeee0a8dc34e.RiskManagement-db-deployer#flowable-async-job-executor-thread-15038#
[PollExecuteTaskStatusExecution] 76809f69-5d0f-479d-b97f-483792bc86a1 [2026-09-17T19:19:07.226732] "hana": [ (STDOUT, APP/TASK/deploy)#
#2026 09 17 19:19:09.280#Z#DEBUG#6e95f57f-b2cc-11f1-b461-eeee0a8dc34e.RiskManagement-db-deployer#flowable-async-job-executor-thread-15038#
[PollExecuteTaskStatusExecution] 76809f69-5d0f-479d-b97f-483792bc86a1 [2026-09-17T19:19:07.226739] { (STDOUT, APP/TASK/deploy)#
#2026 09 17 19:19:09.280#Z#DEBUG#6e95f57f-b2cc-11f1-b461-eeee0a8dc34e.RiskManagement-db-deployer#flowable-async-job-executor-thread-15038#
[PollExecuteTaskStatusExecution] 76809f69-5d0f-479d-b97f-483792bc86a1 [2026-09-17T19:19:07.226743] "name": "RiskManagement-db", (STDOUT, APP/TASK/deploy)#
#2026 09 17 19:19:09.280#Z#DEBUG#6e95f57f-b2cc-11f1-b461-eeee0a8dc34e.RiskManagement-db-deployer#flowable-async-job-executor-thread-15038#
[PollExecuteTaskStatusExecution] 76809f69-5d0f-479d-b97f-483792bc86a1 [2026-09-17T19:19:07.226747] "label": "hana", (STDOUT, APP/TASK/deploy)#
#2026 09 17 19:19:09.280#Z#DEBUG#6e95f57f-b2cc-11f1-b461-eeee0a8dc34e.RiskManagement-db-deployer#flowable-async-job-executor-thread-15038#
[PollExecuteTaskStatusExecution] 76809f69-5d0f-479d-b97f-483792bc86a1 [2026-09-17T19:19:07.226751] "plan": "hdi-shared", (STDOUT, APP/TASK/deploy)#
#2026 09 17 19:19:09.280#Z#DEBUG#6e95f57f-b2cc-11f1-b461-eeee0a8dc34e.RiskManagement-db-deployer#flowable-async-job-executor-thread-15038#
[PollExecuteTaskStatusExecution] 76809f69-5d0f-479d-b97f-483792bc86a1 [2026-09-17T19:19:07.226753] "credentials": { (STDOUT, APP/TASK/deploy)#
#2026 09 17 19:19:09.280#Z#DEBUG#6e95f57f-b2cc-11f1-b461-eeee0a8dc34e.RiskManagement-db-deployer#flowable-async-job-executor-thread-15038#
[PollExecuteTaskStatusExecution] 76809f69-5d0f-479d-b97f-483792bc86a1 [2026-09-17T19:19:07.226758] "schema": "469D6B9E201445348236316C21268313", (STDOUT, APP/TASK/deploy)#
#2026 09 17 19:19:09.280#Z#DEBUG#6e95f57f-b2cc-11f1-b461-eeee0a8dc34e.RiskManagement-db-deployer#flowable-async-job-executor-thread-15038#
[PollExecuteTaskStatusExecution] 76809f69-5d0f-479d-b97f-483792bc86a1 [2026-09-17T19:19:07.226762] "database_id": "69bcbe67-03bc-4478-9fd0-d9ad2b0779fc", (STDOUT, APP/TASK/deploy)#
#2026 09 17 19:19:09.280#Z#DEBUG#6e95f57f-b2cc-11f1-b461-eeee0a8dc34e.RiskManagement-db-deployer#flowable-async-job-executor-thread-15038#
[PollExecuteTaskStatusExecution] 76809f69-5d0f-479d-b97f-483792bc86a1 [2026-09-17T19:19:07.226766] "user": "469D6B9E201445348236316C21268313_DA1EK27B9WKWJE4OZPZOBUXWP_RT", (STDOUT, APP/TASK/deploy)#
#2026 09 17 19:19:09.280#Z#DEBUG#6e95f57f-b2cc-11f1-b461-eeee0a8dc34e.RiskManagement-db-deployer#flowable-async-job-executor-thread-15038#
[PollExecuteTaskStatusExecution] 76809f69-5d0f-479d-b97f-483792bc86a1 [2026-09-17T19:19:07.226781] "hdi_user": "469D6B9E201445348236316C21268313_DA1EK27B9WKWJE4OZPZOBUXWP_DT" (STDOUT, APP/TASK/deploy)#
#2026 09 17 19:19:09.280#Z#DEBUG#6e95f57f-b2cc-11f1-b461-eeee0a8dc34e.RiskManagement-db-deployer#flowable-async-job-executor-thread-15038#
[PollExecuteTaskStatusExecution] 76809f69-5d0f-479d-b97f-483792bc86a1 [2026-09-17T19:19:07.226784] }, (STDOUT, APP/TASK/deploy)#
#2026 09 17 19:19:09.280#Z#DEBUG#6e95f57f-b2cc-11f1-b461-eeee0a8dc34e.RiskManagement-db-deployer#flowable-async-job-executor-thread-15038#
[PollExecuteTaskStatusExecution] 76809f69-5d0f-479d-b97f-483792bc86a1 [2026-09-17T19:19:07.226787] "tags": [ (STDOUT, APP/TASK/deploy)#
#2026 09 17 19:19:09.280#Z#DEBUG#6e95f57f-b2cc-11f1-b461-eeee0a8dc34e.RiskManagement-db-deployer#flowable-async-job-executor-thread-15038#
[PollExecuteTaskStatusExecution] 76809f69-5d0f-479d-b97f-483792bc86a1 [2026-09-17T19:19:07.226790] "hana", (STDOUT, APP/TASK/deploy)#
#2026 09 17 19:19:09.280#Z#DEBUG#6e95f57f-b2cc-11f1-b461-eeee0a8dc34e.RiskManagement-db-deployer#flowable-async-job-executor-thread-15038#
[PollExecuteTaskStatusExecution] 76809f69-5d0f-479d-b97f-483792bc86a1 [2026-09-17T19:19:07.226794] "database", (STDOUT, APP/TASK/deploy)#
#2026 09 17 19:19:09.280#Z#DEBUG#6e95f57f-b2cc-11f1-b461-eeee0a8dc34e.RiskManagement-db-deployer#flowable-async-job-executor-thread-15038#
[PollExecuteTaskStatusExecution] 76809f69-5d0f-479d-b97f-483792bc86a1 [2026-09-17T19:19:07.226797] "relational" (STDOUT, APP/TASK/deploy)#
#2026 09 17 19:19:09.280#Z#DEBUG#6e95f57f-b2cc-11f1-b461-eeee0a8dc34e.RiskManagement-db-deployer#flowable-async-job-executor-thread-15038#
[PollExecuteTaskStatusExecution] 76809f69-5d0f-479d-b97f-483792bc86a1 [2026-09-17T19:19:07.226800] ] (STDOUT, APP/TASK/deploy)#
#2026 09 17 19:19:09.280#Z#DEBUG#6e95f57f-b2cc-11f1-b461-eeee0a8dc34e.RiskManagement-db-deployer#flowable-async-job-executor-thread-15038#
[PollExecuteTaskStatusExecution] 76809f69-5d0f-479d-b97f-483792bc86a1 [2026-09-17T19:19:07.226802] } (STDOUT, APP/TASK/deploy)#
#2026 09 17 19:19:09.280#Z#DEBUG#6e95f57f-b2cc-11f1-b461-eeee0a8dc34e.RiskManagement-db-deployer#flowable-async-job-executor-thread-15038#
[PollExecuteTaskStatusExecution] 76809f69-5d0f-479d-b97f-483792bc86a1 [2026-09-17T19:19:07.226805] ] (STDOUT, APP/TASK/deploy)#
#2026 09 17 19:19:09.280#Z#DEBUG#6e95f57f-b2cc-11f1-b461-eeee0a8dc34e.RiskManagement-db-deployer#flowable-async-job-executor-thread-15038#
[PollExecuteTaskStatusExecution] 76809f69-5d0f-479d-b97f-483792bc86a1 [2026-09-17T19:19:07.226807] } (STDOUT, APP/TASK/deploy)#
#2026 09 17 19:19:09.280#Z#DEBUG#6e95f57f-b2cc-11f1-b461-eeee0a8dc34e.RiskManagement-db-deployer#flowable-async-job-executor-thread-15038#
[PollExecuteTaskStatusExecution] 76809f69-5d0f-479d-b97f-483792bc86a1 [2026-09-17T19:19:07.654291] @sap/hdi-deploy, version 5.7.0 (mode default), server version 4.00.000.00.1788856605 (4.0.0.0), cloud version 2026.14.19, node version 24.19.0, HDI version 1016, container API version 1007 (STDOUT, APP/TASK/deploy)#
#2026 09 17 19:19:09.280#Z#DEBUG#6e95f57f-b2cc-11f1-b461-eeee0a8dc34e.RiskManagement-db-deployer#flowable-async-job-executor-thread-15038#
[PollExecuteTaskStatusExecution] 76809f69-5d0f-479d-b97f-483792bc86a1 [2026-09-17T19:19:07.654321] Deployment started at 2026-09-17 19:19:07 (STDOUT, APP/TASK/deploy)#
#2026 09 17 19:19:09.280#Z#DEBUG#6e95f57f-b2cc-11f1-b461-eeee0a8dc34e.RiskManagement-db-deployer#flowable-async-job-executor-thread-15038#
[PollExecuteTaskStatusExecution] 76809f69-5d0f-479d-b97f-483792bc86a1 [2026-09-17T19:19:07.654609] Using hdb@2.29.6 for connection (STDOUT, APP/TASK/deploy)#
#2026 09 17 19:19:09.280#Z#DEBUG#6e95f57f-b2cc-11f1-b461-eeee0a8dc34e.RiskManagement-db-deployer#flowable-async-job-executor-thread-15038#
[PollExecuteTaskStatusExecution] 76809f69-5d0f-479d-b97f-483792bc86a1 [2026-09-17T19:19:07.674808] No ignore file at /home/vcap/app/.hdiignore. (STDOUT, APP/TASK/deploy)#
#2026 09 17 19:19:09.280#Z#DEBUG#6e95f57f-b2cc-11f1-b461-eeee0a8dc34e.RiskManagement-db-deployer#flowable-async-job-executor-thread-15038#
[PollExecuteTaskStatusExecution] 76809f69-5d0f-479d-b97f-483792bc86a1 [2026-09-17T19:19:07.675029] Collecting files... (STDOUT, APP/TASK/deploy)#
#2026 09 17 19:19:09.280#Z#DEBUG#6e95f57f-b2cc-11f1-b461-eeee0a8dc34e.RiskManagement-db-deployer#flowable-async-job-executor-thread-15038#
[PollExecuteTaskStatusExecution] 76809f69-5d0f-479d-b97f-483792bc86a1 [2026-09-17T19:19:07.680180] Collecting files... ok (0s 5ms) (STDOUT, APP/TASK/deploy)#
#2026 09 17 19:19:09.280#Z#DEBUG#6e95f57f-b2cc-11f1-b461-eeee0a8dc34e.RiskManagement-db-deployer#flowable-async-job-executor-thread-15038#
[PollExecuteTaskStatusExecution] 76809f69-5d0f-479d-b97f-483792bc86a1 [2026-09-17T19:19:07.680216] 3 directories collected (STDOUT, APP/TASK/deploy)#
#2026 09 17 19:19:09.280#Z#DEBUG#6e95f57f-b2cc-11f1-b461-eeee0a8dc34e.RiskManagement-db-deployer#flowable-async-job-executor-thread-15038#
[PollExecuteTaskStatusExecution] 76809f69-5d0f-479d-b97f-483792bc86a1 [2026-09-17T19:19:07.680227] 15 files collected (STDOUT, APP/TASK/deploy)#
#2026 09 17 19:19:09.280#Z#DEBUG#6e95f57f-b2cc-11f1-b461-eeee0a8dc34e.RiskManagement-db-deployer#flowable-async-job-executor-thread-15038#
[PollExecuteTaskStatusExecution] 76809f69-5d0f-479d-b97f-483792bc86a1 [2026-09-17T19:19:07.680235] 0 reusable modules collected (STDOUT, APP/TASK/deploy)#
#2026 09 17 19:19:09.280#Z#DEBUG#6e95f57f-b2cc-11f1-b461-eeee0a8dc34e.RiskManagement-db-deployer#flowable-async-job-executor-thread-15038#
[PollExecuteTaskStatusExecution] 76809f69-5d0f-479d-b97f-483792bc86a1 [2026-09-17T19:19:07.680316] Target service: RiskManagement-db (STDOUT, APP/TASK/deploy)#
#2026 09 17 19:19:09.280#Z#DEBUG#6e95f57f-b2cc-11f1-b461-eeee0a8dc34e.RiskManagement-db-deployer#flowable-async-job-executor-thread-15038#
[PollExecuteTaskStatusExecution] 76809f69-5d0f-479d-b97f-483792bc86a1 [2026-09-17T19:19:07.905654] Previous build with request ID 54 finished at 2026-09-17T19:18:49.996 with status Canceled and message: Make failed (6 errors, 0 warnings): tried to deploy 4 files, undeploy 0 files, redeploy 2 dependent files. (STDOUT, APP/TASK/deploy)#
#2026 09 17 19:19:09.280#Z#DEBUG#6e95f57f-b2cc-11f1-b461-eeee0a8dc34e.RiskManagement-db-deployer#flowable-async-job-executor-thread-15038#
[PollExecuteTaskStatusExecution] 76809f69-5d0f-479d-b97f-483792bc86a1 [2026-09-17T19:19:07.905698] Processing revoke files... (STDOUT, APP/TASK/deploy)#
#2026 09 17 19:19:09.280#Z#DEBUG#6e95f57f-b2cc-11f1-b461-eeee0a8dc34e.RiskManagement-db-deployer#flowable-async-job-executor-thread-15038#
[PollExecuteTaskStatusExecution] 76809f69-5d0f-479d-b97f-483792bc86a1 [2026-09-17T19:19:07.905819] Processing revoke files... ok (0s 0ms) (STDOUT, APP/TASK/deploy)#
#2026 09 17 19:19:09.280#Z#DEBUG#6e95f57f-b2cc-11f1-b461-eeee0a8dc34e.RiskManagement-db-deployer#flowable-async-job-executor-thread-15038#
[PollExecuteTaskStatusExecution] 76809f69-5d0f-479d-b97f-483792bc86a1 [2026-09-17T19:19:07.905949] Processing grants files... (STDOUT, APP/TASK/deploy)#
#2026 09 17 19:19:09.280#Z#DEBUG#6e95f57f-b2cc-11f1-b461-eeee0a8dc34e.RiskManagement-db-deployer#flowable-async-job-executor-thread-15038#
[PollExecuteTaskStatusExecution] 76809f69-5d0f-479d-b97f-483792bc86a1 [2026-09-17T19:19:07.906026] Processing grants files... ok (0s 0ms) (STDOUT, APP/TASK/deploy)#
#2026 09 17 19:19:09.280#Z#DEBUG#6e95f57f-b2cc-11f1-b461-eeee0a8dc34e.RiskManagement-db-deployer#flowable-async-job-executor-thread-15038#
[PollExecuteTaskStatusExecution] 76809f69-5d0f-479d-b97f-483792bc86a1 [2026-09-17T19:19:07.908586] Preprocessing files... (STDOUT, APP/TASK/deploy)#
#2026 09 17 19:19:09.280#Z#DEBUG#6e95f57f-b2cc-11f1-b461-eeee0a8dc34e.RiskManagement-db-deployer#flowable-async-job-executor-thread-15038#
[PollExecuteTaskStatusExecution] 76809f69-5d0f-479d-b97f-483792bc86a1 [2026-09-17T19:19:07.908760] Preprocessing files... ok (0s 0ms) (STDOUT, APP/TASK/deploy)#
#2026 09 17 19:19:09.280#Z#DEBUG#6e95f57f-b2cc-11f1-b461-eeee0a8dc34e.RiskManagement-db-deployer#flowable-async-job-executor-thread-15038#
[PollExecuteTaskStatusExecution] 76809f69-5d0f-479d-b97f-483792bc86a1 [2026-09-17T19:19:07.908836] Connecting to the container "469D6B9E201445348236316C21268313"... (STDOUT, APP/TASK/deploy)#
#2026 09 17 19:19:09.280#Z#DEBUG#6e95f57f-b2cc-11f1-b461-eeee0a8dc34e.RiskManagement-db-deployer#flowable-async-job-executor-thread-15038#
[PollExecuteTaskStatusExecution] 76809f69-5d0f-479d-b97f-483792bc86a1 [2026-09-17T19:19:07.979112] Connecting to the container "469D6B9E201445348236316C21268313"... ok (0s 70ms) (STDOUT, APP/TASK/deploy)#
#2026 09 17 19:19:09.280#Z#DEBUG#6e95f57f-b2cc-11f1-b461-eeee0a8dc34e.RiskManagement-db-deployer#flowable-async-job-executor-thread-15038#
[PollExecuteTaskStatusExecution] 76809f69-5d0f-479d-b97f-483792bc86a1 [2026-09-17T19:19:07.979151] Locking the container "469D6B9E201445348236316C21268313"... (STDOUT, APP/TASK/deploy)#
#2026 09 17 19:19:09.280#Z#DEBUG#6e95f57f-b2cc-11f1-b461-eeee0a8dc34e.RiskManagement-db-deployer#flowable-async-job-executor-thread-15038#
[PollExecuteTaskStatusExecution] 76809f69-5d0f-479d-b97f-483792bc86a1 [2026-09-17T19:19:08.123564] Locking the container "469D6B9E201445348236316C21268313"... ok (0s 144ms) (STDOUT, APP/TASK/deploy)#
#2026 09 17 19:19:09.280#Z#DEBUG#6e95f57f-b2cc-11f1-b461-eeee0a8dc34e.RiskManagement-db-deployer#flowable-async-job-executor-thread-15038#
[PollExecuteTaskStatusExecution] 76809f69-5d0f-479d-b97f-483792bc86a1 [2026-09-17T19:19:08.123595] Synchronizing files with the container "469D6B9E201445348236316C21268313"... (STDOUT, APP/TASK/deploy)#
#2026 09 17 19:19:09.280#Z#DEBUG#6e95f57f-b2cc-11f1-b461-eeee0a8dc34e.RiskManagement-db-deployer#flowable-async-job-executor-thread-15038#
[PollExecuteTaskStatusExecution] 76809f69-5d0f-479d-b97f-483792bc86a1 [2026-09-17T19:19:08.333527] Deleting files... (STDOUT, APP/TASK/deploy)#
#2026 09 17 19:19:09.280#Z#DEBUG#6e95f57f-b2cc-11f1-b461-eeee0a8dc34e.RiskManagement-db-deployer#flowable-async-job-executor-thread-15038#
[PollExecuteTaskStatusExecution] 76809f69-5d0f-479d-b97f-483792bc86a1 [2026-09-17T19:19:08.470525] Deleting files... ok (STDOUT, APP/TASK/deploy)#
#2026 09 17 19:19:09.280#Z#DEBUG#6e95f57f-b2cc-11f1-b461-eeee0a8dc34e.RiskManagement-db-deployer#flowable-async-job-executor-thread-15038#
[PollExecuteTaskStatusExecution] 76809f69-5d0f-479d-b97f-483792bc86a1 [2026-09-17T19:19:08.470557] Writing files... (STDOUT, APP/TASK/deploy)#
#2026 09 17 19:19:09.280#Z#DEBUG#6e95f57f-b2cc-11f1-b461-eeee0a8dc34e.RiskManagement-db-deployer#flowable-async-job-executor-thread-15038#
[PollExecuteTaskStatusExecution] 76809f69-5d0f-479d-b97f-483792bc86a1 [2026-09-17T19:19:08.470753] Writing 7 items (STDOUT, APP/TASK/deploy)#
#2026 09 17 19:19:09.280#Z#DEBUG#6e95f57f-b2cc-11f1-b461-eeee0a8dc34e.RiskManagement-db-deployer#flowable-async-job-executor-thread-15038#
[PollExecuteTaskStatusExecution] 76809f69-5d0f-479d-b97f-483792bc86a1 [2026-09-17T19:19:08.674300] Writing files... ok (STDOUT, APP/TASK/deploy)#
#2026 09 17 19:19:09.280#Z#DEBUG#6e95f57f-b2cc-11f1-b461-eeee0a8dc34e.RiskManagement-db-deployer#flowable-async-job-executor-thread-15038#
[PollExecuteTaskStatusExecution] 76809f69-5d0f-479d-b97f-483792bc86a1 [2026-09-17T19:19:08.674348] Synchronizing files with the container "469D6B9E201445348236316C21268313"... ok (0s 551ms) (STDOUT, APP/TASK/deploy)#
#2026 09 17 19:19:09.280#Z#DEBUG#6e95f57f-b2cc-11f1-b461-eeee0a8dc34e.RiskManagement-db-deployer#flowable-async-job-executor-thread-15038#
[PollExecuteTaskStatusExecution] 76809f69-5d0f-479d-b97f-483792bc86a1 [2026-09-17T19:19:08.674795] added files: [ (STDOUT, APP/TASK/deploy)#
#2026 09 17 19:19:09.280#Z#DEBUG#6e95f57f-b2cc-11f1-b461-eeee0a8dc34e.RiskManagement-db-deployer#flowable-async-job-executor-thread-15038#
[PollExecuteTaskStatusExecution] 76809f69-5d0f-479d-b97f-483792bc86a1 [2026-09-17T19:19:08.674816] "src/gen/data/RiskManagement-Mitigations.csv", (STDOUT, APP/TASK/deploy)#
#2026 09 17 19:19:09.280#Z#DEBUG#6e95f57f-b2cc-11f1-b461-eeee0a8dc34e.RiskManagement-db-deployer#flowable-async-job-executor-thread-15038#
[PollExecuteTaskStatusExecution] 76809f69-5d0f-479d-b97f-483792bc86a1 [2026-09-17T19:19:08.674820] "src/gen/data/RiskManagement-Mitigations.hdbtabledata", (STDOUT, APP/TASK/deploy)#
#2026 09 17 19:19:09.280#Z#DEBUG#6e95f57f-b2cc-11f1-b461-eeee0a8dc34e.RiskManagement-db-deployer#flowable-async-job-executor-thread-15038#
[PollExecuteTaskStatusExecution] 76809f69-5d0f-479d-b97f-483792bc86a1 [2026-09-17T19:19:08.674823] "src/gen/data/RiskManagement-Risks.csv", (STDOUT, APP/TASK/deploy)#
#2026 09 17 19:19:09.280#Z#DEBUG#6e95f57f-b2cc-11f1-b461-eeee0a8dc34e.RiskManagement-db-deployer#flowable-async-job-executor-thread-15038#
[PollExecuteTaskStatusExecution] 76809f69-5d0f-479d-b97f-483792bc86a1 [2026-09-17T19:19:08.674825] "src/gen/data/RiskManagement-Risks.hdbtabledata" (STDOUT, APP/TASK/deploy)#
#2026 09 17 19:19:09.280#Z#DEBUG#6e95f57f-b2cc-11f1-b461-eeee0a8dc34e.RiskManagement-db-deployer#flowable-async-job-executor-thread-15038#
[PollExecuteTaskStatusExecution] 76809f69-5d0f-479d-b97f-483792bc86a1 [2026-09-17T19:19:08.674827] ] (STDOUT, APP/TASK/deploy)#
#2026 09 17 19:19:09.280#Z#DEBUG#6e95f57f-b2cc-11f1-b461-eeee0a8dc34e.RiskManagement-db-deployer#flowable-async-job-executor-thread-15038#
[PollExecuteTaskStatusExecution] 76809f69-5d0f-479d-b97f-483792bc86a1 [2026-09-17T19:19:08.674836] modified files: [] (STDOUT, APP/TASK/deploy)#
#2026 09 17 19:19:09.280#Z#DEBUG#6e95f57f-b2cc-11f1-b461-eeee0a8dc34e.RiskManagement-db-deployer#flowable-async-job-executor-thread-15038#
[PollExecuteTaskStatusExecution] 76809f69-5d0f-479d-b97f-483792bc86a1 [2026-09-17T19:19:08.674838] deleted files: [] (STDOUT, APP/TASK/deploy)#
#2026 09 17 19:19:09.280#Z#DEBUG#6e95f57f-b2cc-11f1-b461-eeee0a8dc34e.RiskManagement-db-deployer#flowable-async-job-executor-thread-15038#
[PollExecuteTaskStatusExecution] 76809f69-5d0f-479d-b97f-483792bc86a1 [2026-09-17T19:19:08.674962] 4 modified or added files are scheduled for deploy based on delta detection (STDOUT, APP/TASK/deploy)#
#2026 09 17 19:19:09.280#Z#DEBUG#6e95f57f-b2cc-11f1-b461-eeee0a8dc34e.RiskManagement-db-deployer#flowable-async-job-executor-thread-15038#
[PollExecuteTaskStatusExecution] 76809f69-5d0f-479d-b97f-483792bc86a1 [2026-09-17T19:19:08.675162] 0 deleted files are scheduled for undeploy based on delta detection (filtered by undeploy allowlist) (STDOUT, APP/TASK/deploy)#
#2026 09 17 19:19:09.280#Z#DEBUG#6e95f57f-b2cc-11f1-b461-eeee0a8dc34e.RiskManagement-db-deployer#flowable-async-job-executor-thread-15038#
[PollExecuteTaskStatusExecution] 76809f69-5d0f-479d-b97f-483792bc86a1 [2026-09-17T19:19:08.675327] 0 files are scheduled for deploy based on explicit specification (STDOUT, APP/TASK/deploy)#
#2026 09 17 19:19:09.280#Z#DEBUG#6e95f57f-b2cc-11f1-b461-eeee0a8dc34e.RiskManagement-db-deployer#flowable-async-job-executor-thread-15038#
[PollExecuteTaskStatusExecution] 76809f69-5d0f-479d-b97f-483792bc86a1 [2026-09-17T19:19:08.675344] 0 files are scheduled for undeploy based on explicit specification (STDOUT, APP/TASK/deploy)#
#2026 09 17 19:19:09.280#Z#DEBUG#6e95f57f-b2cc-11f1-b461-eeee0a8dc34e.RiskManagement-db-deployer#flowable-async-job-executor-thread-15038#
[PollExecuteTaskStatusExecution] 76809f69-5d0f-479d-b97f-483792bc86a1 [2026-09-17T19:19:08.675500] Deploying to the container "469D6B9E201445348236316C21268313"... (STDOUT, APP/TASK/deploy)#
#2026 09 17 19:19:19.322#Z#DEBUG#6e95f57f-b2cc-11f1-b461-eeee0a8dc34e.RiskManagement-db-deployer#flowable-async-job-executor-thread-15053#
[PollExecuteTaskStatusExecution] 76809f69-5d0f-479d-b97f-483792bc86a1 [2026-09-17T19:19:09.212911] Starting make in the container "469D6B9E201445348236316C21268313" with 4 files to deploy, 0 files to undeploy... (STDOUT, APP/TASK/deploy)#
#2026 09 17 19:19:19.322#Z#DEBUG#6e95f57f-b2cc-11f1-b461-eeee0a8dc34e.RiskManagement-db-deployer#flowable-async-job-executor-thread-15053#
[PollExecuteTaskStatusExecution] 76809f69-5d0f-479d-b97f-483792bc86a1 [2026-09-17T19:19:09.212944] Disabling table replication for the container schema "469D6B9E201445348236316C21268313"... (STDOUT, APP/TASK/deploy)#
#2026 09 17 19:19:19.322#Z#DEBUG#6e95f57f-b2cc-11f1-b461-eeee0a8dc34e.RiskManagement-db-deployer#flowable-async-job-executor-thread-15053#
[PollExecuteTaskStatusExecution] 76809f69-5d0f-479d-b97f-483792bc86a1 [2026-09-17T19:19:09.212949] Disabling table replication for the container schema "469D6B9E201445348236316C21268313"... ok (0s 14ms) (STDOUT, APP/TASK/deploy)#
#2026 09 17 19:19:19.322#Z#DEBUG#6e95f57f-b2cc-11f1-b461-eeee0a8dc34e.RiskManagement-db-deployer#flowable-async-job-executor-thread-15053#
[PollExecuteTaskStatusExecution] 76809f69-5d0f-479d-b97f-483792bc86a1 [2026-09-17T19:19:09.212961] Migrating libraries... (STDOUT, APP/TASK/deploy)#
#2026 09 17 19:19:19.322#Z#DEBUG#6e95f57f-b2cc-11f1-b461-eeee0a8dc34e.RiskManagement-db-deployer#flowable-async-job-executor-thread-15053#
[PollExecuteTaskStatusExecution] 76809f69-5d0f-479d-b97f-483792bc86a1 [2026-09-17T19:19:09.212964] Migrating libraries... ok (0s 19ms) (STDOUT, APP/TASK/deploy)#
#2026 09 17 19:19:19.322#Z#DEBUG#6e95f57f-b2cc-11f1-b461-eeee0a8dc34e.RiskManagement-db-deployer#flowable-async-job-executor-thread-15053#
[PollExecuteTaskStatusExecution] 76809f69-5d0f-479d-b97f-483792bc86a1 [2026-09-17T19:19:09.213827] Error: com.sap.hana.di.tabledata: A column mapping "TIMELINE" : "timeline" is specified, but the column "timeline" cannot be found in the CSV file "RiskManagement-Mitigations.csv" [8251506] (STDERR, APP/TASK/deploy)#
#2026 09 17 19:19:19.322#Z#DEBUG#6e95f57f-b2cc-11f1-b461-eeee0a8dc34e.RiskManagement-db-deployer#flowable-async-job-executor-thread-15053#
[PollExecuteTaskStatusExecution] 76809f69-5d0f-479d-b97f-483792bc86a1 [2026-09-17T19:19:09.213936] Making... (STDOUT, APP/TASK/deploy)#
#2026 09 17 19:19:19.322#Z#DEBUG#6e95f57f-b2cc-11f1-b461-eeee0a8dc34e.RiskManagement-db-deployer#flowable-async-job-executor-thread-15053#
[PollExecuteTaskStatusExecution] 76809f69-5d0f-479d-b97f-483792bc86a1 [2026-09-17T19:19:09.213942] Error: com.sap.hana.di.tabledata: Could not parse the data mappings [8251524] (STDERR, APP/TASK/deploy)#
#2026 09 17 19:19:19.322#Z#DEBUG#6e95f57f-b2cc-11f1-b461-eeee0a8dc34e.RiskManagement-db-deployer#flowable-async-job-executor-thread-15053#
[PollExecuteTaskStatusExecution] 76809f69-5d0f-479d-b97f-483792bc86a1 [2026-09-17T19:19:09.213955] Preparing... (STDOUT, APP/TASK/deploy)#
#2026 09 17 19:19:19.322#Z#DEBUG#6e95f57f-b2cc-11f1-b461-eeee0a8dc34e.RiskManagement-db-deployer#flowable-async-job-executor-thread-15053#
[PollExecuteTaskStatusExecution] 76809f69-5d0f-479d-b97f-483792bc86a1 [2026-09-17T19:19:09.213964] Preparing the make transaction... (STDOUT, APP/TASK/deploy)#
#2026 09 17 19:19:19.322#Z#DEBUG#6e95f57f-b2cc-11f1-b461-eeee0a8dc34e.RiskManagement-db-deployer#flowable-async-job-executor-thread-15053#
[PollExecuteTaskStatusExecution] 76809f69-5d0f-479d-b97f-483792bc86a1 [2026-09-17T19:19:09.213975] Preparing the make transaction... ok (0s 24ms) (STDOUT, APP/TASK/deploy)#
#2026 09 17 19:19:19.322#Z#DEBUG#6e95f57f-b2cc-11f1-b461-eeee0a8dc34e.RiskManagement-db-deployer#flowable-async-job-executor-thread-15053#
[PollExecuteTaskStatusExecution] 76809f69-5d0f-479d-b97f-483792bc86a1 [2026-09-17T19:19:09.214049] Adding "src/gen/data/RiskManagement-Mitigations.csv" for deploy... (STDOUT, APP/TASK/deploy)#
#2026 09 17 19:19:19.322#Z#DEBUG#6e95f57f-b2cc-11f1-b461-eeee0a8dc34e.RiskManagement-db-deployer#flowable-async-job-executor-thread-15053#
[PollExecuteTaskStatusExecution] 76809f69-5d0f-479d-b97f-483792bc86a1 [2026-09-17T19:19:09.214055] Adding "src/gen/data/RiskManagement-Mitigations.csv" for deploy... ok (0s 9ms) (STDOUT, APP/TASK/deploy)#
#2026 09 17 19:19:19.322#Z#DEBUG#6e95f57f-b2cc-11f1-b461-eeee0a8dc34e.RiskManagement-db-deployer#flowable-async-job-executor-thread-15053#
[PollExecuteTaskStatusExecution] 76809f69-5d0f-479d-b97f-483792bc86a1 [2026-09-17T19:19:09.214058] Adding "src/gen/data/RiskManagement-Mitigations.hdbtabledata" for deploy... (STDOUT, APP/TASK/deploy)#
#2026 09 17 19:19:19.322#Z#DEBUG#6e95f57f-b2cc-11f1-b461-eeee0a8dc34e.RiskManagement-db-deployer#flowable-async-job-executor-thread-15053#
[PollExecuteTaskStatusExecution] 76809f69-5d0f-479d-b97f-483792bc86a1 [2026-09-17T19:19:09.214059] Error: com.sap.hana.di.tabledata: Deploying "src/gen/data/RiskManagement-Mitigations.hdbtabledata$0.expand"... failed [8212145] (STDERR, APP/TASK/deploy)#
#2026 09 17 19:19:19.322#Z#DEBUG#6e95f57f-b2cc-11f1-b461-eeee0a8dc34e.RiskManagement-db-deployer#flowable-async-job-executor-thread-15053#
[PollExecuteTaskStatusExecution] 76809f69-5d0f-479d-b97f-483792bc86a1 [2026-09-17T19:19:09.214062] Adding "src/gen/data/RiskManagement-Mitigations.hdbtabledata" for deploy... ok (0s 0ms) (STDOUT, APP/TASK/deploy)#
#2026 09 17 19:19:19.322#Z#DEBUG#6e95f57f-b2cc-11f1-b461-eeee0a8dc34e.RiskManagement-db-deployer#flowable-async-job-executor-thread-15053#
[PollExecuteTaskStatusExecution] 76809f69-5d0f-479d-b97f-483792bc86a1 [2026-09-17T19:19:09.214065] Adding "src/gen/data/RiskManagement-Risks.csv" for deploy... (STDOUT, APP/TASK/deploy)#
#2026 09 17 19:19:19.322#Z#DEBUG#6e95f57f-b2cc-11f1-b461-eeee0a8dc34e.RiskManagement-db-deployer#flowable-async-job-executor-thread-15053#
[PollExecuteTaskStatusExecution] 76809f69-5d0f-479d-b97f-483792bc86a1 [2026-09-17T19:19:09.214068] Adding "src/gen/data/RiskManagement-Risks.csv" for deploy... ok (0s 0ms) (STDOUT, APP/TASK/deploy)#
#2026 09 17 19:19:19.322#Z#DEBUG#6e95f57f-b2cc-11f1-b461-eeee0a8dc34e.RiskManagement-db-deployer#flowable-async-job-executor-thread-15053#
[PollExecuteTaskStatusExecution] 76809f69-5d0f-479d-b97f-483792bc86a1 [2026-09-17T19:19:09.214072] Adding "src/gen/data/RiskManagement-Risks.hdbtabledata" for deploy... (STDOUT, APP/TASK/deploy)#
#2026 09 17 19:19:19.322#Z#DEBUG#6e95f57f-b2cc-11f1-b461-eeee0a8dc34e.RiskManagement-db-deployer#flowable-async-job-executor-thread-15053#
[PollExecuteTaskStatusExecution] 76809f69-5d0f-479d-b97f-483792bc86a1 [2026-09-17T19:19:09.214074] Error: Worker 1 has encountered an error; all remaining jobs will be canceled [8214600] (STDERR, APP/TASK/deploy)#
#2026 09 17 19:19:19.322#Z#DEBUG#6e95f57f-b2cc-11f1-b461-eeee0a8dc34e.RiskManagement-db-deployer#flowable-async-job-executor-thread-15053#
[PollExecuteTaskStatusExecution] 76809f69-5d0f-479d-b97f-483792bc86a1 [2026-09-17T19:19:09.214076] Adding "src/gen/data/RiskManagement-Risks.hdbtabledata" for deploy... ok (0s 1ms) (STDOUT, APP/TASK/deploy)#
#2026 09 17 19:19:19.322#Z#DEBUG#6e95f57f-b2cc-11f1-b461-eeee0a8dc34e.RiskManagement-db-deployer#flowable-async-job-executor-thread-15053#
[PollExecuteTaskStatusExecution] 76809f69-5d0f-479d-b97f-483792bc86a1 [2026-09-17T19:19:09.214079] Preparing... ok (0s 66ms) (STDOUT, APP/TASK/deploy)#
#2026 09 17 19:19:19.322#Z#DEBUG#6e95f57f-b2cc-11f1-b461-eeee0a8dc34e.RiskManagement-db-deployer#flowable-async-job-executor-thread-15053#
[PollExecuteTaskStatusExecution] 76809f69-5d0f-479d-b97f-483792bc86a1 [2026-09-17T19:19:09.214082] Calculating dependencies... (STDOUT, APP/TASK/deploy)#
#2026 09 17 19:19:19.322#Z#DEBUG#6e95f57f-b2cc-11f1-b461-eeee0a8dc34e.RiskManagement-db-deployer#flowable-async-job-executor-thread-15053#
[PollExecuteTaskStatusExecution] 76809f69-5d0f-479d-b97f-483792bc86a1 [2026-09-17T19:19:09.214090] Expanding... (STDOUT, APP/TASK/deploy)#
#2026 09 17 19:19:19.322#Z#DEBUG#6e95f57f-b2cc-11f1-b461-eeee0a8dc34e.RiskManagement-db-deployer#flowable-async-job-executor-thread-15053#
[PollExecuteTaskStatusExecution] 76809f69-5d0f-479d-b97f-483792bc86a1 [2026-09-17T19:19:09.214093] Error: Processing work list... failed [8212102] (STDERR, APP/TASK/deploy)#
#2026 09 17 19:19:19.322#Z#DEBUG#6e95f57f-b2cc-11f1-b461-eeee0a8dc34e.RiskManagement-db-deployer#flowable-async-job-executor-thread-15053#
[PollExecuteTaskStatusExecution] 76809f69-5d0f-479d-b97f-483792bc86a1 [2026-09-17T19:19:09.214093] Expanding "src/gen/data/RiskManagement-Mitigations.hdbtabledata"... (STDOUT, APP/TASK/deploy)#
#2026 09 17 19:19:19.322#Z#DEBUG#6e95f57f-b2cc-11f1-b461-eeee0a8dc34e.RiskManagement-db-deployer#flowable-async-job-executor-thread-15053#
[PollExecuteTaskStatusExecution] 76809f69-5d0f-479d-b97f-483792bc86a1 [2026-09-17T19:19:09.214096] Error: Making... failed [8211605] (STDERR, APP/TASK/deploy)#
#2026 09 17 19:19:19.322#Z#DEBUG#6e95f57f-b2cc-11f1-b461-eeee0a8dc34e.RiskManagement-db-deployer#flowable-async-job-executor-thread-15053#
[PollExecuteTaskStatusExecution] 76809f69-5d0f-479d-b97f-483792bc86a1 [2026-09-17T19:19:09.214096] Expanding "src/gen/data/RiskManagement-Risks.hdbtabledata"... (STDOUT, APP/TASK/deploy)#
#2026 09 17 19:19:19.322#Z#DEBUG#6e95f57f-b2cc-11f1-b461-eeee0a8dc34e.RiskManagement-db-deployer#flowable-async-job-executor-thread-15053#
[PollExecuteTaskStatusExecution] 76809f69-5d0f-479d-b97f-483792bc86a1 [2026-09-17T19:19:09.214101] Error: Starting make in the container "469D6B9E201445348236316C21268313" with 4 files to deploy, 0 files to undeploy... failed [8214168] (STDERR, APP/TASK/deploy)#
#2026 09 17 19:19:19.322#Z#DEBUG#6e95f57f-b2cc-11f1-b461-eeee0a8dc34e.RiskManagement-db-deployer#flowable-async-job-executor-thread-15053#
[PollExecuteTaskStatusExecution] 76809f69-5d0f-479d-b97f-483792bc86a1 [2026-09-17T19:19:09.214102] Expanding "src/gen/data/RiskManagement-Mitigations.hdbtabledata"... ok (0s 3ms) (STDOUT, APP/TASK/deploy)#
#2026 09 17 19:19:19.322#Z#DEBUG#6e95f57f-b2cc-11f1-b461-eeee0a8dc34e.RiskManagement-db-deployer#flowable-async-job-executor-thread-15053#
[PollExecuteTaskStatusExecution] 76809f69-5d0f-479d-b97f-483792bc86a1 [2026-09-17T19:19:09.214109] Expanding "src/gen/data/RiskManagement-Risks.hdbtabledata"... ok (0s 3ms) (STDOUT, APP/TASK/deploy)#
#2026 09 17 19:19:19.322#Z#DEBUG#6e95f57f-b2cc-11f1-b461-eeee0a8dc34e.RiskManagement-db-deployer#flowable-async-job-executor-thread-15053#
[PollExecuteTaskStatusExecution] 76809f69-5d0f-479d-b97f-483792bc86a1 [2026-09-17T19:19:09.214112] Expanding... ok (0s 30ms) (STDOUT, APP/TASK/deploy)#
#2026 09 17 19:19:19.322#Z#DEBUG#6e95f57f-b2cc-11f1-b461-eeee0a8dc34e.RiskManagement-db-deployer#flowable-async-job-executor-thread-15053#
[PollExecuteTaskStatusExecution] 76809f69-5d0f-479d-b97f-483792bc86a1 [2026-09-17T19:19:09.214115] Precompiling... (STDOUT, APP/TASK/deploy)#
#2026 09 17 19:19:19.322#Z#DEBUG#6e95f57f-b2cc-11f1-b461-eeee0a8dc34e.RiskManagement-db-deployer#flowable-async-job-executor-thread-15053#
[PollExecuteTaskStatusExecution] 76809f69-5d0f-479d-b97f-483792bc86a1 [2026-09-17T19:19:09.214121] Precompiling "src/gen/data/RiskManagement-Mitigations.csv"... (STDOUT, APP/TASK/deploy)#
#2026 09 17 19:19:19.322#Z#DEBUG#6e95f57f-b2cc-11f1-b461-eeee0a8dc34e.RiskManagement-db-deployer#flowable-async-job-executor-thread-15053#
[PollExecuteTaskStatusExecution] 76809f69-5d0f-479d-b97f-483792bc86a1 [2026-09-17T19:19:09.214124] Precompiling "src/gen/data/RiskManagement-Mitigations.hdbtabledata"... (STDOUT, APP/TASK/deploy)#
#2026 09 17 19:19:19.322#Z#DEBUG#6e95f57f-b2cc-11f1-b461-eeee0a8dc34e.RiskManagement-db-deployer#flowable-async-job-executor-thread-15053#
[PollExecuteTaskStatusExecution] 76809f69-5d0f-479d-b97f-483792bc86a1 [2026-09-17T19:19:09.214127] Precompiling "src/gen/data/RiskManagement-Mitigations.hdbtabledata"... ok (0s 0ms) (STDOUT, APP/TASK/deploy)#
#2026 09 17 19:19:19.322#Z#DEBUG#6e95f57f-b2cc-11f1-b461-eeee0a8dc34e.RiskManagement-db-deployer#flowable-async-job-executor-thread-15053#
[PollExecuteTaskStatusExecution] 76809f69-5d0f-479d-b97f-483792bc86a1 [2026-09-17T19:19:09.214130] Precompiling "src/gen/data/RiskManagement-Mitigations.hdbtabledata$0.expand"... (STDOUT, APP/TASK/deploy)#
#2026 09 17 19:19:19.322#Z#DEBUG#6e95f57f-b2cc-11f1-b461-eeee0a8dc34e.RiskManagement-db-deployer#flowable-async-job-executor-thread-15053#
[PollExecuteTaskStatusExecution] 76809f69-5d0f-479d-b97f-483792bc86a1 [2026-09-17T19:19:09.214139] Expanded from "src/gen/data/RiskManagement-Mitigations.hdbtabledata" (STDOUT, APP/TASK/deploy)#
#2026 09 17 19:19:19.322#Z#DEBUG#6e95f57f-b2cc-11f1-b461-eeee0a8dc34e.RiskManagement-db-deployer#flowable-async-job-executor-thread-15053#
[PollExecuteTaskStatusExecution] 76809f69-5d0f-479d-b97f-483792bc86a1 [2026-09-17T19:19:09.214156] Precompiling "src/gen/data/RiskManagement-Risks.csv"... (STDOUT, APP/TASK/deploy)#
#2026 09 17 19:19:19.322#Z#DEBUG#6e95f57f-b2cc-11f1-b461-eeee0a8dc34e.RiskManagement-db-deployer#flowable-async-job-executor-thread-15053#
[PollExecuteTaskStatusExecution] 76809f69-5d0f-479d-b97f-483792bc86a1 [2026-09-17T19:19:09.214161] Precompiling "src/gen/data/RiskManagement-Mitigations.csv"... ok (0s 3ms) (STDOUT, APP/TASK/deploy)#
#2026 09 17 19:19:19.322#Z#DEBUG#6e95f57f-b2cc-11f1-b461-eeee0a8dc34e.RiskManagement-db-deployer#flowable-async-job-executor-thread-15053#
[PollExecuteTaskStatusExecution] 76809f69-5d0f-479d-b97f-483792bc86a1 [2026-09-17T19:19:09.214163] Precompiling "src/gen/data/RiskManagement-Risks.hdbtabledata"... (STDOUT, APP/TASK/deploy)#
#2026 09 17 19:19:19.322#Z#DEBUG#6e95f57f-b2cc-11f1-b461-eeee0a8dc34e.RiskManagement-db-deployer#flowable-async-job-executor-thread-15053#
[PollExecuteTaskStatusExecution] 76809f69-5d0f-479d-b97f-483792bc86a1 [2026-09-17T19:19:09.214166] Precompiling "src/gen/data/RiskManagement-Risks.hdbtabledata"... ok (0s 0ms) (STDOUT, APP/TASK/deploy)#
#2026 09 17 19:19:19.322#Z#DEBUG#6e95f57f-b2cc-11f1-b461-eeee0a8dc34e.RiskManagement-db-deployer#flowable-async-job-executor-thread-15053#
[PollExecuteTaskStatusExecution] 76809f69-5d0f-479d-b97f-483792bc86a1 [2026-09-17T19:19:09.214169] Precompiling "src/gen/data/RiskManagement-Risks.hdbtabledata$0.expand"... (STDOUT, APP/TASK/deploy)#
#2026 09 17 19:19:19.322#Z#DEBUG#6e95f57f-b2cc-11f1-b461-eeee0a8dc34e.RiskManagement-db-deployer#flowable-async-job-executor-thread-15053#
[PollExecuteTaskStatusExecution] 76809f69-5d0f-479d-b97f-483792bc86a1 [2026-09-17T19:19:09.214176] Expanded from "src/gen/data/RiskManagement-Risks.hdbtabledata" (STDOUT, APP/TASK/deploy)#
#2026 09 17 19:19:19.322#Z#DEBUG#6e95f57f-b2cc-11f1-b461-eeee0a8dc34e.RiskManagement-db-deployer#flowable-async-job-executor-thread-15053#
[PollExecuteTaskStatusExecution] 76809f69-5d0f-479d-b97f-483792bc86a1 [2026-09-17T19:19:09.214178] Precompiling "src/gen/data/RiskManagement-Mitigations.hdbtabledata$0.expand"... ok (0s 2ms) (STDOUT, APP/TASK/deploy)#
#2026 09 17 19:19:19.322#Z#DEBUG#6e95f57f-b2cc-11f1-b461-eeee0a8dc34e.RiskManagement-db-deployer#flowable-async-job-executor-thread-15053#
[PollExecuteTaskStatusExecution] 76809f69-5d0f-479d-b97f-483792bc86a1 [2026-09-17T19:19:09.214181] Precompiling "src/gen/data/RiskManagement-Risks.hdbtabledata$0.expand"... ok (0s 2ms) (STDOUT, APP/TASK/deploy)#
#2026 09 17 19:19:19.322#Z#DEBUG#6e95f57f-b2cc-11f1-b461-eeee0a8dc34e.RiskManagement-db-deployer#flowable-async-job-executor-thread-15053#
[PollExecuteTaskStatusExecution] 76809f69-5d0f-479d-b97f-483792bc86a1 [2026-09-17T19:19:09.214184] Precompiling "src/gen/data/RiskManagement-Risks.csv"... ok (0s 2ms) (STDOUT, APP/TASK/deploy)#
#2026 09 17 19:19:19.322#Z#DEBUG#6e95f57f-b2cc-11f1-b461-eeee0a8dc34e.RiskManagement-db-deployer#flowable-async-job-executor-thread-15053#
[PollExecuteTaskStatusExecution] 76809f69-5d0f-479d-b97f-483792bc86a1 [2026-09-17T19:19:09.214186] Precompiling... ok (0s 26ms) (STDOUT, APP/TASK/deploy)#
#2026 09 17 19:19:19.322#Z#DEBUG#6e95f57f-b2cc-11f1-b461-eeee0a8dc34e.RiskManagement-db-deployer#flowable-async-job-executor-thread-15053#
[PollExecuteTaskStatusExecution] 76809f69-5d0f-479d-b97f-483792bc86a1 [2026-09-17T19:19:09.214189] Merging... (STDOUT, APP/TASK/deploy)#
#2026 09 17 19:19:19.322#Z#DEBUG#6e95f57f-b2cc-11f1-b461-eeee0a8dc34e.RiskManagement-db-deployer#flowable-async-job-executor-thread-15053#
[PollExecuteTaskStatusExecution] 76809f69-5d0f-479d-b97f-483792bc86a1 [2026-09-17T19:19:09.214191] Merging... ok (0s 6ms) (STDOUT, APP/TASK/deploy)#
#2026 09 17 19:19:19.322#Z#DEBUG#6e95f57f-b2cc-11f1-b461-eeee0a8dc34e.RiskManagement-db-deployer#flowable-async-job-executor-thread-15053#
[PollExecuteTaskStatusExecution] 76809f69-5d0f-479d-b97f-483792bc86a1 [2026-09-17T19:19:09.214194] Calculating dependencies... ok (0s 62ms) (STDOUT, APP/TASK/deploy)#
#2026 09 17 19:19:19.322#Z#DEBUG#6e95f57f-b2cc-11f1-b461-eeee0a8dc34e.RiskManagement-db-deployer#flowable-async-job-executor-thread-15053#
[PollExecuteTaskStatusExecution] 76809f69-5d0f-479d-b97f-483792bc86a1 [2026-09-17T19:19:09.214197] Processing work list... (STDOUT, APP/TASK/deploy)#
#2026 09 17 19:19:19.322#Z#DEBUG#6e95f57f-b2cc-11f1-b461-eeee0a8dc34e.RiskManagement-db-deployer#flowable-async-job-executor-thread-15053#
[PollExecuteTaskStatusExecution] 76809f69-5d0f-479d-b97f-483792bc86a1 [2026-09-17T19:19:09.214199] Deploying "src/gen/data/RiskManagement-Mitigations.csv"... (STDOUT, APP/TASK/deploy)#
#2026 09 17 19:19:19.322#Z#DEBUG#6e95f57f-b2cc-11f1-b461-eeee0a8dc34e.RiskManagement-db-deployer#flowable-async-job-executor-thread-15053#
[PollExecuteTaskStatusExecution] 76809f69-5d0f-479d-b97f-483792bc86a1 [2026-09-17T19:19:09.214203] Deploying "src/gen/data/RiskManagement-Mitigations.hdbtabledata"... (STDOUT, APP/TASK/deploy)#
#2026 09 17 19:19:19.322#Z#DEBUG#6e95f57f-b2cc-11f1-b461-eeee0a8dc34e.RiskManagement-db-deployer#flowable-async-job-executor-thread-15053#
[PollExecuteTaskStatusExecution] 76809f69-5d0f-479d-b97f-483792bc86a1 [2026-09-17T19:19:09.214208] Deploying "src/gen/data/RiskManagement-Risks.csv"... (STDOUT, APP/TASK/deploy)#
#2026 09 17 19:19:19.322#Z#DEBUG#6e95f57f-b2cc-11f1-b461-eeee0a8dc34e.RiskManagement-db-deployer#flowable-async-job-executor-thread-15053#
[PollExecuteTaskStatusExecution] 76809f69-5d0f-479d-b97f-483792bc86a1 [2026-09-17T19:19:09.214210] Deploying "src/gen/data/RiskManagement-Mitigations.hdbtabledata"... ok (0s 0ms) (STDOUT, APP/TASK/deploy)#
#2026 09 17 19:19:19.322#Z#DEBUG#6e95f57f-b2cc-11f1-b461-eeee0a8dc34e.RiskManagement-db-deployer#flowable-async-job-executor-thread-15053#
[PollExecuteTaskStatusExecution] 76809f69-5d0f-479d-b97f-483792bc86a1 [2026-09-17T19:19:09.214213] Deploying "src/gen/data/RiskManagement-Risks.hdbtabledata"... (STDOUT, APP/TASK/deploy)#
#2026 09 17 19:19:19.322#Z#DEBUG#6e95f57f-b2cc-11f1-b461-eeee0a8dc34e.RiskManagement-db-deployer#flowable-async-job-executor-thread-15053#
[PollExecuteTaskStatusExecution] 76809f69-5d0f-479d-b97f-483792bc86a1 [2026-09-17T19:19:09.214218] Deploying "src/gen/data/RiskManagement-Risks.hdbtabledata"... ok (0s 0ms) (STDOUT, APP/TASK/deploy)#
#2026 09 17 19:19:19.322#Z#DEBUG#6e95f57f-b2cc-11f1-b461-eeee0a8dc34e.RiskManagement-db-deployer#flowable-async-job-executor-thread-15053#
[PollExecuteTaskStatusExecution] 76809f69-5d0f-479d-b97f-483792bc86a1 [2026-09-17T19:19:09.214221] Deploying "src/gen/data/RiskManagement-Mitigations.csv"... ok (0s 5ms) (STDOUT, APP/TASK/deploy)#
#2026 09 17 19:19:19.322#Z#DEBUG#6e95f57f-b2cc-11f1-b461-eeee0a8dc34e.RiskManagement-db-deployer#flowable-async-job-executor-thread-15053#
[PollExecuteTaskStatusExecution] 76809f69-5d0f-479d-b97f-483792bc86a1 [2026-09-17T19:19:09.214223] Deploying "src/gen/data/RiskManagement-Mitigations.hdbtabledata$0.expand"... (STDOUT, APP/TASK/deploy)#
#2026 09 17 19:19:19.322#Z#DEBUG#6e95f57f-b2cc-11f1-b461-eeee0a8dc34e.RiskManagement-db-deployer#flowable-async-job-executor-thread-15053#
[PollExecuteTaskStatusExecution] 76809f69-5d0f-479d-b97f-483792bc86a1 [2026-09-17T19:19:09.214226] Expanded from "src/gen/data/RiskManagement-Mitigations.hdbtabledata" (STDOUT, APP/TASK/deploy)#
#2026 09 17 19:19:19.322#Z#DEBUG#6e95f57f-b2cc-11f1-b461-eeee0a8dc34e.RiskManagement-db-deployer#flowable-async-job-executor-thread-15053#
[PollExecuteTaskStatusExecution] 76809f69-5d0f-479d-b97f-483792bc86a1 [2026-09-17T19:19:09.214229] Deploying "src/gen/data/RiskManagement-Risks.csv"... ok (0s 4ms) (STDOUT, APP/TASK/deploy)#
#2026 09 17 19:19:19.322#Z#DEBUG#6e95f57f-b2cc-11f1-b461-eeee0a8dc34e.RiskManagement-db-deployer#flowable-async-job-executor-thread-15053#
[PollExecuteTaskStatusExecution] 76809f69-5d0f-479d-b97f-483792bc86a1 [2026-09-17T19:19:09.214232] Deploying "src/gen/data/RiskManagement-Risks.hdbtabledata$0.expand"... (STDOUT, APP/TASK/deploy)#
#2026 09 17 19:19:19.322#Z#DEBUG#6e95f57f-b2cc-11f1-b461-eeee0a8dc34e.RiskManagement-db-deployer#flowable-async-job-executor-thread-15053#
[PollExecuteTaskStatusExecution] 76809f69-5d0f-479d-b97f-483792bc86a1 [2026-09-17T19:19:09.214235] Expanded from "src/gen/data/RiskManagement-Risks.hdbtabledata" (STDOUT, APP/TASK/deploy)#
#2026 09 17 19:19:19.322#Z#DEBUG#6e95f57f-b2cc-11f1-b461-eeee0a8dc34e.RiskManagement-db-deployer#flowable-async-job-executor-thread-15053#
[PollExecuteTaskStatusExecution] 76809f69-5d0f-479d-b97f-483792bc86a1 [2026-09-17T19:19:09.214238] at "src/gen/data/RiskManagement-Mitigations.hdbtabledata" (25:26,/imports[0]/column_mappings) (STDOUT, APP/TASK/deploy)#
#2026 09 17 19:19:19.322#Z#DEBUG#6e95f57f-b2cc-11f1-b461-eeee0a8dc34e.RiskManagement-db-deployer#flowable-async-job-executor-thread-15053#
[PollExecuteTaskStatusExecution] 76809f69-5d0f-479d-b97f-483792bc86a1 [2026-09-17T19:19:09.214683] Deployment to container 469D6B9E201445348236316C21268313 failed - error: HDI make failed [Deployment ID: none]. (STDERR, APP/TASK/deploy)#
#2026 09 17 19:19:19.322#Z#DEBUG#6e95f57f-b2cc-11f1-b461-eeee0a8dc34e.RiskManagement-db-deployer#flowable-async-job-executor-thread-15053#
[PollExecuteTaskStatusExecution] 76809f69-5d0f-479d-b97f-483792bc86a1 [2026-09-17T19:19:09.215281] Error: HDI make failed (STDERR, APP/TASK/deploy)#
#2026 09 17 19:19:19.322#Z#DEBUG#6e95f57f-b2cc-11f1-b461-eeee0a8dc34e.RiskManagement-db-deployer#flowable-async-job-executor-thread-15053#
[PollExecuteTaskStatusExecution] 76809f69-5d0f-479d-b97f-483792bc86a1 [2026-09-17T19:19:09.215926] at "src/gen/data/RiskManagement-Mitigations.hdbtabledata" (0:0) (STDOUT, APP/TASK/deploy)#
#2026 09 17 19:19:19.322#Z#DEBUG#6e95f57f-b2cc-11f1-b461-eeee0a8dc34e.RiskManagement-db-deployer#flowable-async-job-executor-thread-15053#
[PollExecuteTaskStatusExecution] 76809f69-5d0f-479d-b97f-483792bc86a1 [2026-09-17T19:19:09.215939] at "src/gen/data/RiskManagement-Mitigations.hdbtabledata$0.expand" (0:0) (STDOUT, APP/TASK/deploy)#
#2026 09 17 19:19:19.322#Z#DEBUG#6e95f57f-b2cc-11f1-b461-eeee0a8dc34e.RiskManagement-db-deployer#flowable-async-job-executor-thread-15053#
[PollExecuteTaskStatusExecution] 76809f69-5d0f-479d-b97f-483792bc86a1 [2026-09-17T19:19:09.215943] Inserted 3 records of the data source file "RiskManagement-Risks.csv" into the target table "RISKMANAGEMENT_RISKS" (STDOUT, APP/TASK/deploy)#
#2026 09 17 19:19:19.322#Z#DEBUG#6e95f57f-b2cc-11f1-b461-eeee0a8dc34e.RiskManagement-db-deployer#flowable-async-job-executor-thread-15053#
[PollExecuteTaskStatusExecution] 76809f69-5d0f-479d-b97f-483792bc86a1 [2026-09-17T19:19:09.215947] Deploying "src/gen/data/RiskManagement-Risks.hdbtabledata$0.expand"... ok (0s 37ms) (STDOUT, APP/TASK/deploy)#
#2026 09 17 19:19:19.322#Z#DEBUG#6e95f57f-b2cc-11f1-b461-eeee0a8dc34e.RiskManagement-db-deployer#flowable-async-job-executor-thread-15053#
[PollExecuteTaskStatusExecution] 76809f69-5d0f-479d-b97f-483792bc86a1 [2026-09-17T19:19:09.215952] Make failed (6 errors, 0 warnings): tried to deploy 4 files, undeploy 0 files, redeploy 2 dependent files (STDOUT, APP/TASK/deploy)#
#2026 09 17 19:19:19.322#Z#DEBUG#6e95f57f-b2cc-11f1-b461-eeee0a8dc34e.RiskManagement-db-deployer#flowable-async-job-executor-thread-15053#
[PollExecuteTaskStatusExecution] 76809f69-5d0f-479d-b97f-483792bc86a1 [2026-09-17T19:19:09.215955] Deployment ended at 2026-09-17 19:19:09 (STDOUT, APP/TASK/deploy)#
#2026 09 17 19:19:19.322#Z#DEBUG#6e95f57f-b2cc-11f1-b461-eeee0a8dc34e.RiskManagement-db-deployer#flowable-async-job-executor-thread-15053#
[PollExecuteTaskStatusExecution] 76809f69-5d0f-479d-b97f-483792bc86a1 [2026-09-17T19:19:09.215959] (2s 93ms) (STDOUT, APP/TASK/deploy)#
#2026 09 17 19:19:19.322#Z#DEBUG#6e95f57f-b2cc-11f1-b461-eeee0a8dc34e.RiskManagement-db-deployer#flowable-async-job-executor-thread-15053#
[PollExecuteTaskStatusExecution] 76809f69-5d0f-479d-b97f-483792bc86a1 [2026-09-17T19:19:09.237745] npm notice (STDERR, APP/TASK/deploy)#
#2026 09 17 19:19:19.322#Z#DEBUG#6e95f57f-b2cc-11f1-b461-eeee0a8dc34e.RiskManagement-db-deployer#flowable-async-job-executor-thread-15053#
[PollExecuteTaskStatusExecution] 76809f69-5d0f-479d-b97f-483792bc86a1 [2026-09-17T19:19:09.237773] npm notice New major version of npm available! 11.17.0 -> 12.0.2 (STDERR, APP/TASK/deploy)#
#2026 09 17 19:19:19.322#Z#DEBUG#6e95f57f-b2cc-11f1-b461-eeee0a8dc34e.RiskManagement-db-deployer#flowable-async-job-executor-thread-15053#
[PollExecuteTaskStatusExecution] 76809f69-5d0f-479d-b97f-483792bc86a1 [2026-09-17T19:19:09.237778] npm notice Changelog: https://github.com/npm/cli/releases/tag/v12.0.2 (STDERR, APP/TASK/deploy)#
#2026 09 17 19:19:19.322#Z#DEBUG#6e95f57f-b2cc-11f1-b461-eeee0a8dc34e.RiskManagement-db-deployer#flowable-async-job-executor-thread-15053#
[PollExecuteTaskStatusExecution] 76809f69-5d0f-479d-b97f-483792bc86a1 [2026-09-17T19:19:09.237781] npm notice To update run: npm install -g npm@12.0.2 (STDERR, APP/TASK/deploy)#
#2026 09 17 19:19:19.322#Z#DEBUG#6e95f57f-b2cc-11f1-b461-eeee0a8dc34e.RiskManagement-db-deployer#flowable-async-job-executor-thread-15053#
[PollExecuteTaskStatusExecution] 76809f69-5d0f-479d-b97f-483792bc86a1 [2026-09-17T19:19:09.237784] npm notice (STDERR, APP/TASK/deploy)#
#2026 09 17 19:19:19.322#Z#DEBUG#6e95f57f-b2cc-11f1-b461-eeee0a8dc34e.RiskManagement-db-deployer#flowable-async-job-executor-thread-15053#
[PollExecuteTaskStatusExecution] 76809f69-5d0f-479d-b97f-483792bc86a1 [2026-09-17T19:19:09.311360] Exit status 1 (STDOUT, APP/TASK/deploy)#
#2026 09 17 19:19:19.322#Z#DEBUG#6e95f57f-b2cc-11f1-b461-eeee0a8dc34e.RiskManagement-db-deployer#flowable-async-job-executor-thread-15053#
[PollExecuteTaskStatusExecution] 76809f69-5d0f-479d-b97f-483792bc86a1 [2026-09-17T19:19:09.754351] Cell d1cc041a-d5a1-41d6-b9f6-6cda736ce3f0 stopping instance a2527aa3-38f3-4468-855a-61f66d0ac7db (STDOUT, CELL)#
#2026 09 17 19:19:19.322#Z#DEBUG#6e95f57f-b2cc-11f1-b461-eeee0a8dc34e.RiskManagement-db-deployer#flowable-async-job-executor-thread-15053#
[PollExecuteTaskStatusExecution] 76809f69-5d0f-479d-b97f-483792bc86a1 [2026-09-17T19:19:09.754402] Cell d1cc041a-d5a1-41d6-b9f6-6cda736ce3f0 destroying container for instance a2527aa3-38f3-4468-855a-61f66d0ac7db (STDOUT, CELL)#
#2026 09 17 19:19:19.322#Z#DEBUG#6e95f57f-b2cc-11f1-b461-eeee0a8dc34e.RiskManagement-db-deployer#flowable-async-job-executor-thread-15053#
[PollExecuteTaskStatusExecution] 76809f69-5d0f-479d-b97f-483792bc86a1 [2026-09-17T19:19:11.572274] Cell d1cc041a-d5a1-41d6-b9f6-6cda736ce3f0 successfully destroyed container for instance a2527aa3-38f3-4468-855a-61f66d0ac7db (STDOUT, CELL)#
#2026 09 17 19:19:29.389#Z#DEBUG#6e95f57f-b2cc-11f1-b461-eeee0a8dc34e.RiskManagement-db-deployer#flowable-async-job-executor-thread-15055#
[PollExecuteTaskStatusExecution] 76809f69-5d0f-479d-b97f-483792bc86a1 [2026-09-17T19:19:09.212911] Starting make in the container "469D6B9E201445348236316C21268313" with 4 files to deploy, 0 files to undeploy... (STDOUT, APP/TASK/deploy)#
#2026 09 17 19:19:29.389#Z#DEBUG#6e95f57f-b2cc-11f1-b461-eeee0a8dc34e.RiskManagement-db-deployer#flowable-async-job-executor-thread-15055#
[PollExecuteTaskStatusExecution] 76809f69-5d0f-479d-b97f-483792bc86a1 [2026-09-17T19:19:09.212944] Disabling table replication for the container schema "469D6B9E201445348236316C21268313"... (STDOUT, APP/TASK/deploy)#
#2026 09 17 19:19:29.389#Z#DEBUG#6e95f57f-b2cc-11f1-b461-eeee0a8dc34e.RiskManagement-db-deployer#flowable-async-job-executor-thread-15055#
[PollExecuteTaskStatusExecution] 76809f69-5d0f-479d-b97f-483792bc86a1 [2026-09-17T19:19:09.212949] Disabling table replication for the container schema "469D6B9E201445348236316C21268313"... ok (0s 14ms) (STDOUT, APP/TASK/deploy)#
#2026 09 17 19:19:29.389#Z#DEBUG#6e95f57f-b2cc-11f1-b461-eeee0a8dc34e.RiskManagement-db-deployer#flowable-async-job-executor-thread-15055#
[PollExecuteTaskStatusExecution] 76809f69-5d0f-479d-b97f-483792bc86a1 [2026-09-17T19:19:09.212961] Migrating libraries... (STDOUT, APP/TASK/deploy)#
#2026 09 17 19:19:29.389#Z#DEBUG#6e95f57f-b2cc-11f1-b461-eeee0a8dc34e.RiskManagement-db-deployer#flowable-async-job-executor-thread-15055#
[PollExecuteTaskStatusExecution] 76809f69-5d0f-479d-b97f-483792bc86a1 [2026-09-17T19:19:09.212964] Migrating libraries... ok (0s 19ms) (STDOUT, APP/TASK/deploy)#
#2026 09 17 19:19:29.389#Z#DEBUG#6e95f57f-b2cc-11f1-b461-eeee0a8dc34e.RiskManagement-db-deployer#flowable-async-job-executor-thread-15055#
[PollExecuteTaskStatusExecution] 76809f69-5d0f-479d-b97f-483792bc86a1 [2026-09-17T19:19:09.213827] Error: com.sap.hana.di.tabledata: A column mapping "TIMELINE" : "timeline" is specified, but the column "timeline" cannot be found in the CSV file "RiskManagement-Mitigations.csv" [8251506] (STDERR, APP/TASK/deploy)#
#2026 09 17 19:19:29.389#Z#DEBUG#6e95f57f-b2cc-11f1-b461-eeee0a8dc34e.RiskManagement-db-deployer#flowable-async-job-executor-thread-15055#
[PollExecuteTaskStatusExecution] 76809f69-5d0f-479d-b97f-483792bc86a1 [2026-09-17T19:19:09.213936] Making... (STDOUT, APP/TASK/deploy)#
#2026 09 17 19:19:29.389#Z#DEBUG#6e95f57f-b2cc-11f1-b461-eeee0a8dc34e.RiskManagement-db-deployer#flowable-async-job-executor-thread-15055#
[PollExecuteTaskStatusExecution] 76809f69-5d0f-479d-b97f-483792bc86a1 [2026-09-17T19:19:09.213942] Error: com.sap.hana.di.tabledata: Could not parse the data mappings [8251524] (STDERR, APP/TASK/deploy)#
#2026 09 17 19:19:29.389#Z#DEBUG#6e95f57f-b2cc-11f1-b461-eeee0a8dc34e.RiskManagement-db-deployer#flowable-async-job-executor-thread-15055#
[PollExecuteTaskStatusExecution] 76809f69-5d0f-479d-b97f-483792bc86a1 [2026-09-17T19:19:09.213955] Preparing... (STDOUT, APP/TASK/deploy)#
#2026 09 17 19:19:29.389#Z#DEBUG#6e95f57f-b2cc-11f1-b461-eeee0a8dc34e.RiskManagement-db-deployer#flowable-async-job-executor-thread-15055#
[PollExecuteTaskStatusExecution] 76809f69-5d0f-479d-b97f-483792bc86a1 [2026-09-17T19:19:09.213964] Preparing the make transaction... (STDOUT, APP/TASK/deploy)#
#2026 09 17 19:19:29.389#Z#DEBUG#6e95f57f-b2cc-11f1-b461-eeee0a8dc34e.RiskManagement-db-deployer#flowable-async-job-executor-thread-15055#
[PollExecuteTaskStatusExecution] 76809f69-5d0f-479d-b97f-483792bc86a1 [2026-09-17T19:19:09.213975] Preparing the make transaction... ok (0s 24ms) (STDOUT, APP/TASK/deploy)#
#2026 09 17 19:19:29.389#Z#DEBUG#6e95f57f-b2cc-11f1-b461-eeee0a8dc34e.RiskManagement-db-deployer#flowable-async-job-executor-thread-15055#
[PollExecuteTaskStatusExecution] 76809f69-5d0f-479d-b97f-483792bc86a1 [2026-09-17T19:19:09.214049] Adding "src/gen/data/RiskManagement-Mitigations.csv" for deploy... (STDOUT, APP/TASK/deploy)#
#2026 09 17 19:19:29.389#Z#DEBUG#6e95f57f-b2cc-11f1-b461-eeee0a8dc34e.RiskManagement-db-deployer#flowable-async-job-executor-thread-15055#
[PollExecuteTaskStatusExecution] 76809f69-5d0f-479d-b97f-483792bc86a1 [2026-09-17T19:19:09.214055] Adding "src/gen/data/RiskManagement-Mitigations.csv" for deploy... ok (0s 9ms) (STDOUT, APP/TASK/deploy)#
#2026 09 17 19:19:29.389#Z#DEBUG#6e95f57f-b2cc-11f1-b461-eeee0a8dc34e.RiskManagement-db-deployer#flowable-async-job-executor-thread-15055#
[PollExecuteTaskStatusExecution] 76809f69-5d0f-479d-b97f-483792bc86a1 [2026-09-17T19:19:09.214058] Adding "src/gen/data/RiskManagement-Mitigations.hdbtabledata" for deploy... (STDOUT, APP/TASK/deploy)#
#2026 09 17 19:19:29.389#Z#DEBUG#6e95f57f-b2cc-11f1-b461-eeee0a8dc34e.RiskManagement-db-deployer#flowable-async-job-executor-thread-15055#
[PollExecuteTaskStatusExecution] 76809f69-5d0f-479d-b97f-483792bc86a1 [2026-09-17T19:19:09.214059] Error: com.sap.hana.di.tabledata: Deploying "src/gen/data/RiskManagement-Mitigations.hdbtabledata$0.expand"... failed [8212145] (STDERR, APP/TASK/deploy)#
#2026 09 17 19:19:29.389#Z#DEBUG#6e95f57f-b2cc-11f1-b461-eeee0a8dc34e.RiskManagement-db-deployer#flowable-async-job-executor-thread-15055#
[PollExecuteTaskStatusExecution] 76809f69-5d0f-479d-b97f-483792bc86a1 [2026-09-17T19:19:09.214062] Adding "src/gen/data/RiskManagement-Mitigations.hdbtabledata" for deploy... ok (0s 0ms) (STDOUT, APP/TASK/deploy)#
#2026 09 17 19:19:29.389#Z#DEBUG#6e95f57f-b2cc-11f1-b461-eeee0a8dc34e.RiskManagement-db-deployer#flowable-async-job-executor-thread-15055#
[PollExecuteTaskStatusExecution] 76809f69-5d0f-479d-b97f-483792bc86a1 [2026-09-17T19:19:09.214065] Adding "src/gen/data/RiskManagement-Risks.csv" for deploy... (STDOUT, APP/TASK/deploy)#
#2026 09 17 19:19:29.389#Z#DEBUG#6e95f57f-b2cc-11f1-b461-eeee0a8dc34e.RiskManagement-db-deployer#flowable-async-job-executor-thread-15055#
[PollExecuteTaskStatusExecution] 76809f69-5d0f-479d-b97f-483792bc86a1 [2026-09-17T19:19:09.214068] Adding "src/gen/data/RiskManagement-Risks.csv" for deploy... ok (0s 0ms) (STDOUT, APP/TASK/deploy)#
#2026 09 17 19:19:29.389#Z#DEBUG#6e95f57f-b2cc-11f1-b461-eeee0a8dc34e.RiskManagement-db-deployer#flowable-async-job-executor-thread-15055#
[PollExecuteTaskStatusExecution] 76809f69-5d0f-479d-b97f-483792bc86a1 [2026-09-17T19:19:09.214072] Adding "src/gen/data/RiskManagement-Risks.hdbtabledata" for deploy... (STDOUT, APP/TASK/deploy)#
#2026 09 17 19:19:29.389#Z#DEBUG#6e95f57f-b2cc-11f1-b461-eeee0a8dc34e.RiskManagement-db-deployer#flowable-async-job-executor-thread-15055#
[PollExecuteTaskStatusExecution] 76809f69-5d0f-479d-b97f-483792bc86a1 [2026-09-17T19:19:09.214074] Error: Worker 1 has encountered an error; all remaining jobs will be canceled [8214600] (STDERR, APP/TASK/deploy)#
#2026 09 17 19:19:29.389#Z#DEBUG#6e95f57f-b2cc-11f1-b461-eeee0a8dc34e.RiskManagement-db-deployer#flowable-async-job-executor-thread-15055#
[PollExecuteTaskStatusExecution] 76809f69-5d0f-479d-b97f-483792bc86a1 [2026-09-17T19:19:09.214076] Adding "src/gen/data/RiskManagement-Risks.hdbtabledata" for deploy... ok (0s 1ms) (STDOUT, APP/TASK/deploy)#
#2026 09 17 19:19:29.389#Z#DEBUG#6e95f57f-b2cc-11f1-b461-eeee0a8dc34e.RiskManagement-db-deployer#flowable-async-job-executor-thread-15055#
[PollExecuteTaskStatusExecution] 76809f69-5d0f-479d-b97f-483792bc86a1 [2026-09-17T19:19:09.214079] Preparing... ok (0s 66ms) (STDOUT, APP/TASK/deploy)#
#2026 09 17 19:19:29.389#Z#DEBUG#6e95f57f-b2cc-11f1-b461-eeee0a8dc34e.RiskManagement-db-deployer#flowable-async-job-executor-thread-15055#
[PollExecuteTaskStatusExecution] 76809f69-5d0f-479d-b97f-483792bc86a1 [2026-09-17T19:19:09.214082] Calculating dependencies... (STDOUT, APP/TASK/deploy)#
#2026 09 17 19:19:29.389#Z#DEBUG#6e95f57f-b2cc-11f1-b461-eeee0a8dc34e.RiskManagement-db-deployer#flowable-async-job-executor-thread-15055#
[PollExecuteTaskStatusExecution] 76809f69-5d0f-479d-b97f-483792bc86a1 [2026-09-17T19:19:09.214090] Expanding... (STDOUT, APP/TASK/deploy)#
#2026 09 17 19:19:29.389#Z#DEBUG#6e95f57f-b2cc-11f1-b461-eeee0a8dc34e.RiskManagement-db-deployer#flowable-async-job-executor-thread-15055#
[PollExecuteTaskStatusExecution] 76809f69-5d0f-479d-b97f-483792bc86a1 [2026-09-17T19:19:09.214093] Error: Processing work list... failed [8212102] (STDERR, APP/TASK/deploy)#
#2026 09 17 19:19:29.389#Z#DEBUG#6e95f57f-b2cc-11f1-b461-eeee0a8dc34e.RiskManagement-db-deployer#flowable-async-job-executor-thread-15055#
[PollExecuteTaskStatusExecution] 76809f69-5d0f-479d-b97f-483792bc86a1 [2026-09-17T19:19:09.214093] Expanding "src/gen/data/RiskManagement-Mitigations.hdbtabledata"... (STDOUT, APP/TASK/deploy)#
#2026 09 17 19:19:29.389#Z#DEBUG#6e95f57f-b2cc-11f1-b461-eeee0a8dc34e.RiskManagement-db-deployer#flowable-async-job-executor-thread-15055#
[PollExecuteTaskStatusExecution] 76809f69-5d0f-479d-b97f-483792bc86a1 [2026-09-17T19:19:09.214096] Error: Making... failed [8211605] (STDERR, APP/TASK/deploy)#
#2026 09 17 19:19:29.389#Z#DEBUG#6e95f57f-b2cc-11f1-b461-eeee0a8dc34e.RiskManagement-db-deployer#flowable-async-job-executor-thread-15055#
[PollExecuteTaskStatusExecution] 76809f69-5d0f-479d-b97f-483792bc86a1 [2026-09-17T19:19:09.214096] Expanding "src/gen/data/RiskManagement-Risks.hdbtabledata"... (STDOUT, APP/TASK/deploy)#
#2026 09 17 19:19:29.389#Z#DEBUG#6e95f57f-b2cc-11f1-b461-eeee0a8dc34e.RiskManagement-db-deployer#flowable-async-job-executor-thread-15055#
[PollExecuteTaskStatusExecution] 76809f69-5d0f-479d-b97f-483792bc86a1 [2026-09-17T19:19:09.214101] Error: Starting make in the container "469D6B9E201445348236316C21268313" with 4 files to deploy, 0 files to undeploy... failed [8214168] (STDERR, APP/TASK/deploy)#
#2026 09 17 19:19:29.389#Z#DEBUG#6e95f57f-b2cc-11f1-b461-eeee0a8dc34e.RiskManagement-db-deployer#flowable-async-job-executor-thread-15055#
[PollExecuteTaskStatusExecution] 76809f69-5d0f-479d-b97f-483792bc86a1 [2026-09-17T19:19:09.214102] Expanding "src/gen/data/RiskManagement-Mitigations.hdbtabledata"... ok (0s 3ms) (STDOUT, APP/TASK/deploy)#
#2026 09 17 19:19:29.389#Z#DEBUG#6e95f57f-b2cc-11f1-b461-eeee0a8dc34e.RiskManagement-db-deployer#flowable-async-job-executor-thread-15055#
[PollExecuteTaskStatusExecution] 76809f69-5d0f-479d-b97f-483792bc86a1 [2026-09-17T19:19:09.214109] Expanding "src/gen/data/RiskManagement-Risks.hdbtabledata"... ok (0s 3ms) (STDOUT, APP/TASK/deploy)#
#2026 09 17 19:19:29.389#Z#DEBUG#6e95f57f-b2cc-11f1-b461-eeee0a8dc34e.RiskManagement-db-deployer#flowable-async-job-executor-thread-15055#
[PollExecuteTaskStatusExecution] 76809f69-5d0f-479d-b97f-483792bc86a1 [2026-09-17T19:19:09.214112] Expanding... ok (0s 30ms) (STDOUT, APP/TASK/deploy)#
#2026 09 17 19:19:29.389#Z#DEBUG#6e95f57f-b2cc-11f1-b461-eeee0a8dc34e.RiskManagement-db-deployer#flowable-async-job-executor-thread-15055#
[PollExecuteTaskStatusExecution] 76809f69-5d0f-479d-b97f-483792bc86a1 [2026-09-17T19:19:09.214115] Precompiling... (STDOUT, APP/TASK/deploy)#
#2026 09 17 19:19:29.389#Z#DEBUG#6e95f57f-b2cc-11f1-b461-eeee0a8dc34e.RiskManagement-db-deployer#flowable-async-job-executor-thread-15055#
[PollExecuteTaskStatusExecution] 76809f69-5d0f-479d-b97f-483792bc86a1 [2026-09-17T19:19:09.214121] Precompiling "src/gen/data/RiskManagement-Mitigations.csv"... (STDOUT, APP/TASK/deploy)#
#2026 09 17 19:19:29.389#Z#DEBUG#6e95f57f-b2cc-11f1-b461-eeee0a8dc34e.RiskManagement-db-deployer#flowable-async-job-executor-thread-15055#
[PollExecuteTaskStatusExecution] 76809f69-5d0f-479d-b97f-483792bc86a1 [2026-09-17T19:19:09.214124] Precompiling "src/gen/data/RiskManagement-Mitigations.hdbtabledata"... (STDOUT, APP/TASK/deploy)#
#2026 09 17 19:19:29.389#Z#DEBUG#6e95f57f-b2cc-11f1-b461-eeee0a8dc34e.RiskManagement-db-deployer#flowable-async-job-executor-thread-15055#
[PollExecuteTaskStatusExecution] 76809f69-5d0f-479d-b97f-483792bc86a1 [2026-09-17T19:19:09.214127] Precompiling "src/gen/data/RiskManagement-Mitigations.hdbtabledata"... ok (0s 0ms) (STDOUT, APP/TASK/deploy)#
#2026 09 17 19:19:29.389#Z#DEBUG#6e95f57f-b2cc-11f1-b461-eeee0a8dc34e.RiskManagement-db-deployer#flowable-async-job-executor-thread-15055#
[PollExecuteTaskStatusExecution] 76809f69-5d0f-479d-b97f-483792bc86a1 [2026-09-17T19:19:09.214130] Precompiling "src/gen/data/RiskManagement-Mitigations.hdbtabledata$0.expand"... (STDOUT, APP/TASK/deploy)#
#2026 09 17 19:19:29.389#Z#DEBUG#6e95f57f-b2cc-11f1-b461-eeee0a8dc34e.RiskManagement-db-deployer#flowable-async-job-executor-thread-15055#
[PollExecuteTaskStatusExecution] 76809f69-5d0f-479d-b97f-483792bc86a1 [2026-09-17T19:19:09.214139] Expanded from "src/gen/data/RiskManagement-Mitigations.hdbtabledata" (STDOUT, APP/TASK/deploy)#
#2026 09 17 19:19:29.389#Z#DEBUG#6e95f57f-b2cc-11f1-b461-eeee0a8dc34e.RiskManagement-db-deployer#flowable-async-job-executor-thread-15055#
[PollExecuteTaskStatusExecution] 76809f69-5d0f-479d-b97f-483792bc86a1 [2026-09-17T19:19:09.214156] Precompiling "src/gen/data/RiskManagement-Risks.csv"... (STDOUT, APP/TASK/deploy)#
#2026 09 17 19:19:29.389#Z#DEBUG#6e95f57f-b2cc-11f1-b461-eeee0a8dc34e.RiskManagement-db-deployer#flowable-async-job-executor-thread-15055#
[PollExecuteTaskStatusExecution] 76809f69-5d0f-479d-b97f-483792bc86a1 [2026-09-17T19:19:09.214161] Precompiling "src/gen/data/RiskManagement-Mitigations.csv"... ok (0s 3ms) (STDOUT, APP/TASK/deploy)#
#2026 09 17 19:19:29.389#Z#DEBUG#6e95f57f-b2cc-11f1-b461-eeee0a8dc34e.RiskManagement-db-deployer#flowable-async-job-executor-thread-15055#
[PollExecuteTaskStatusExecution] 76809f69-5d0f-479d-b97f-483792bc86a1 [2026-09-17T19:19:09.214163] Precompiling "src/gen/data/RiskManagement-Risks.hdbtabledata"... (STDOUT, APP/TASK/deploy)#
#2026 09 17 19:19:29.389#Z#DEBUG#6e95f57f-b2cc-11f1-b461-eeee0a8dc34e.RiskManagement-db-deployer#flowable-async-job-executor-thread-15055#
[PollExecuteTaskStatusExecution] 76809f69-5d0f-479d-b97f-483792bc86a1 [2026-09-17T19:19:09.214166] Precompiling "src/gen/data/RiskManagement-Risks.hdbtabledata"... ok (0s 0ms) (STDOUT, APP/TASK/deploy)#
#2026 09 17 19:19:29.389#Z#DEBUG#6e95f57f-b2cc-11f1-b461-eeee0a8dc34e.RiskManagement-db-deployer#flowable-async-job-executor-thread-15055#
[PollExecuteTaskStatusExecution] 76809f69-5d0f-479d-b97f-483792bc86a1 [2026-09-17T19:19:09.214169] Precompiling "src/gen/data/RiskManagement-Risks.hdbtabledata$0.expand"... (STDOUT, APP/TASK/deploy)#
#2026 09 17 19:19:29.389#Z#DEBUG#6e95f57f-b2cc-11f1-b461-eeee0a8dc34e.RiskManagement-db-deployer#flowable-async-job-executor-thread-15055#
[PollExecuteTaskStatusExecution] 76809f69-5d0f-479d-b97f-483792bc86a1 [2026-09-17T19:19:09.214176] Expanded from "src/gen/data/RiskManagement-Risks.hdbtabledata" (STDOUT, APP/TASK/deploy)#
#2026 09 17 19:19:29.389#Z#DEBUG#6e95f57f-b2cc-11f1-b461-eeee0a8dc34e.RiskManagement-db-deployer#flowable-async-job-executor-thread-15055#
[PollExecuteTaskStatusExecution] 76809f69-5d0f-479d-b97f-483792bc86a1 [2026-09-17T19:19:09.214178] Precompiling "src/gen/data/RiskManagement-Mitigations.hdbtabledata$0.expand"... ok (0s 2ms) (STDOUT, APP/TASK/deploy)#
#2026 09 17 19:19:29.389#Z#DEBUG#6e95f57f-b2cc-11f1-b461-eeee0a8dc34e.RiskManagement-db-deployer#flowable-async-job-executor-thread-15055#
[PollExecuteTaskStatusExecution] 76809f69-5d0f-479d-b97f-483792bc86a1 [2026-09-17T19:19:09.214181] Precompiling "src/gen/data/RiskManagement-Risks.hdbtabledata$0.expand"... ok (0s 2ms) (STDOUT, APP/TASK/deploy)#
#2026 09 17 19:19:29.389#Z#DEBUG#6e95f57f-b2cc-11f1-b461-eeee0a8dc34e.RiskManagement-db-deployer#flowable-async-job-executor-thread-15055#
[PollExecuteTaskStatusExecution] 76809f69-5d0f-479d-b97f-483792bc86a1 [2026-09-17T19:19:09.214184] Precompiling "src/gen/data/RiskManagement-Risks.csv"... ok (0s 2ms) (STDOUT, APP/TASK/deploy)#
#2026 09 17 19:19:29.389#Z#DEBUG#6e95f57f-b2cc-11f1-b461-eeee0a8dc34e.RiskManagement-db-deployer#flowable-async-job-executor-thread-15055#
[PollExecuteTaskStatusExecution] 76809f69-5d0f-479d-b97f-483792bc86a1 [2026-09-17T19:19:09.214186] Precompiling... ok (0s 26ms) (STDOUT, APP/TASK/deploy)#
#2026 09 17 19:19:29.389#Z#DEBUG#6e95f57f-b2cc-11f1-b461-eeee0a8dc34e.RiskManagement-db-deployer#flowable-async-job-executor-thread-15055#
[PollExecuteTaskStatusExecution] 76809f69-5d0f-479d-b97f-483792bc86a1 [2026-09-17T19:19:09.214189] Merging... (STDOUT, APP/TASK/deploy)#
#2026 09 17 19:19:29.389#Z#DEBUG#6e95f57f-b2cc-11f1-b461-eeee0a8dc34e.RiskManagement-db-deployer#flowable-async-job-executor-thread-15055#
[PollExecuteTaskStatusExecution] 76809f69-5d0f-479d-b97f-483792bc86a1 [2026-09-17T19:19:09.214191] Merging... ok (0s 6ms) (STDOUT, APP/TASK/deploy)#
#2026 09 17 19:19:29.389#Z#DEBUG#6e95f57f-b2cc-11f1-b461-eeee0a8dc34e.RiskManagement-db-deployer#flowable-async-job-executor-thread-15055#
[PollExecuteTaskStatusExecution] 76809f69-5d0f-479d-b97f-483792bc86a1 [2026-09-17T19:19:09.214194] Calculating dependencies... ok (0s 62ms) (STDOUT, APP/TASK/deploy)#
#2026 09 17 19:19:29.389#Z#DEBUG#6e95f57f-b2cc-11f1-b461-eeee0a8dc34e.RiskManagement-db-deployer#flowable-async-job-executor-thread-15055#
[PollExecuteTaskStatusExecution] 76809f69-5d0f-479d-b97f-483792bc86a1 [2026-09-17T19:19:09.214197] Processing work list... (STDOUT, APP/TASK/deploy)#
#2026 09 17 19:19:29.389#Z#DEBUG#6e95f57f-b2cc-11f1-b461-eeee0a8dc34e.RiskManagement-db-deployer#flowable-async-job-executor-thread-15055#
[PollExecuteTaskStatusExecution] 76809f69-5d0f-479d-b97f-483792bc86a1 [2026-09-17T19:19:09.214199] Deploying "src/gen/data/RiskManagement-Mitigations.csv"... (STDOUT, APP/TASK/deploy)#
#2026 09 17 19:19:29.389#Z#DEBUG#6e95f57f-b2cc-11f1-b461-eeee0a8dc34e.RiskManagement-db-deployer#flowable-async-job-executor-thread-15055#
[PollExecuteTaskStatusExecution] 76809f69-5d0f-479d-b97f-483792bc86a1 [2026-09-17T19:19:09.214203] Deploying "src/gen/data/RiskManagement-Mitigations.hdbtabledata"... (STDOUT, APP/TASK/deploy)#
#2026 09 17 19:19:29.389#Z#DEBUG#6e95f57f-b2cc-11f1-b461-eeee0a8dc34e.RiskManagement-db-deployer#flowable-async-job-executor-thread-15055#
[PollExecuteTaskStatusExecution] 76809f69-5d0f-479d-b97f-483792bc86a1 [2026-09-17T19:19:09.214208] Deploying "src/gen/data/RiskManagement-Risks.csv"... (STDOUT, APP/TASK/deploy)#
#2026 09 17 19:19:29.389#Z#DEBUG#6e95f57f-b2cc-11f1-b461-eeee0a8dc34e.RiskManagement-db-deployer#flowable-async-job-executor-thread-15055#
[PollExecuteTaskStatusExecution] 76809f69-5d0f-479d-b97f-483792bc86a1 [2026-09-17T19:19:09.214210] Deploying "src/gen/data/RiskManagement-Mitigations.hdbtabledata"... ok (0s 0ms) (STDOUT, APP/TASK/deploy)#
#2026 09 17 19:19:29.389#Z#DEBUG#6e95f57f-b2cc-11f1-b461-eeee0a8dc34e.RiskManagement-db-deployer#flowable-async-job-executor-thread-15055#
[PollExecuteTaskStatusExecution] 76809f69-5d0f-479d-b97f-483792bc86a1 [2026-09-17T19:19:09.214213] Deploying "src/gen/data/RiskManagement-Risks.hdbtabledata"... (STDOUT, APP/TASK/deploy)#
#2026 09 17 19:19:29.389#Z#DEBUG#6e95f57f-b2cc-11f1-b461-eeee0a8dc34e.RiskManagement-db-deployer#flowable-async-job-executor-thread-15055#
[PollExecuteTaskStatusExecution] 76809f69-5d0f-479d-b97f-483792bc86a1 [2026-09-17T19:19:09.214218] Deploying "src/gen/data/RiskManagement-Risks.hdbtabledata"... ok (0s 0ms) (STDOUT, APP/TASK/deploy)#
#2026 09 17 19:19:29.389#Z#DEBUG#6e95f57f-b2cc-11f1-b461-eeee0a8dc34e.RiskManagement-db-deployer#flowable-async-job-executor-thread-15055#
[PollExecuteTaskStatusExecution] 76809f69-5d0f-479d-b97f-483792bc86a1 [2026-09-17T19:19:09.214221] Deploying "src/gen/data/RiskManagement-Mitigations.csv"... ok (0s 5ms) (STDOUT, APP/TASK/deploy)#
#2026 09 17 19:19:29.389#Z#DEBUG#6e95f57f-b2cc-11f1-b461-eeee0a8dc34e.RiskManagement-db-deployer#flowable-async-job-executor-thread-15055#
[PollExecuteTaskStatusExecution] 76809f69-5d0f-479d-b97f-483792bc86a1 [2026-09-17T19:19:09.214223] Deploying "src/gen/data/RiskManagement-Mitigations.hdbtabledata$0.expand"... (STDOUT, APP/TASK/deploy)#
#2026 09 17 19:19:29.389#Z#DEBUG#6e95f57f-b2cc-11f1-b461-eeee0a8dc34e.RiskManagement-db-deployer#flowable-async-job-executor-thread-15055#
[PollExecuteTaskStatusExecution] 76809f69-5d0f-479d-b97f-483792bc86a1 [2026-09-17T19:19:09.214226] Expanded from "src/gen/data/RiskManagement-Mitigations.hdbtabledata" (STDOUT, APP/TASK/deploy)#
#2026 09 17 19:19:29.389#Z#DEBUG#6e95f57f-b2cc-11f1-b461-eeee0a8dc34e.RiskManagement-db-deployer#flowable-async-job-executor-thread-15055#
[PollExecuteTaskStatusExecution] 76809f69-5d0f-479d-b97f-483792bc86a1 [2026-09-17T19:19:09.214229] Deploying "src/gen/data/RiskManagement-Risks.csv"... ok (0s 4ms) (STDOUT, APP/TASK/deploy)#
#2026 09 17 19:19:29.389#Z#DEBUG#6e95f57f-b2cc-11f1-b461-eeee0a8dc34e.RiskManagement-db-deployer#flowable-async-job-executor-thread-15055#
[PollExecuteTaskStatusExecution] 76809f69-5d0f-479d-b97f-483792bc86a1 [2026-09-17T19:19:09.214232] Deploying "src/gen/data/RiskManagement-Risks.hdbtabledata$0.expand"... (STDOUT, APP/TASK/deploy)#
#2026 09 17 19:19:29.389#Z#DEBUG#6e95f57f-b2cc-11f1-b461-eeee0a8dc34e.RiskManagement-db-deployer#flowable-async-job-executor-thread-15055#
[PollExecuteTaskStatusExecution] 76809f69-5d0f-479d-b97f-483792bc86a1 [2026-09-17T19:19:09.214235] Expanded from "src/gen/data/RiskManagement-Risks.hdbtabledata" (STDOUT, APP/TASK/deploy)#
#2026 09 17 19:19:29.389#Z#DEBUG#6e95f57f-b2cc-11f1-b461-eeee0a8dc34e.RiskManagement-db-deployer#flowable-async-job-executor-thread-15055#
[PollExecuteTaskStatusExecution] 76809f69-5d0f-479d-b97f-483792bc86a1 [2026-09-17T19:19:09.214238] at "src/gen/data/RiskManagement-Mitigations.hdbtabledata" (25:26,/imports[0]/column_mappings) (STDOUT, APP/TASK/deploy)#
#2026 09 17 19:19:29.389#Z#DEBUG#6e95f57f-b2cc-11f1-b461-eeee0a8dc34e.RiskManagement-db-deployer#flowable-async-job-executor-thread-15055#
[PollExecuteTaskStatusExecution] 76809f69-5d0f-479d-b97f-483792bc86a1 [2026-09-17T19:19:09.214683] Deployment to container 469D6B9E201445348236316C21268313 failed - error: HDI make failed [Deployment ID: none]. (STDERR, APP/TASK/deploy)#
#2026 09 17 19:19:29.389#Z#DEBUG#6e95f57f-b2cc-11f1-b461-eeee0a8dc34e.RiskManagement-db-deployer#flowable-async-job-executor-thread-15055#
[PollExecuteTaskStatusExecution] 76809f69-5d0f-479d-b97f-483792bc86a1 [2026-09-17T19:19:09.215281] Error: HDI make failed (STDERR, APP/TASK/deploy)#
#2026 09 17 19:19:29.389#Z#DEBUG#6e95f57f-b2cc-11f1-b461-eeee0a8dc34e.RiskManagement-db-deployer#flowable-async-job-executor-thread-15055#
[PollExecuteTaskStatusExecution] 76809f69-5d0f-479d-b97f-483792bc86a1 [2026-09-17T19:19:09.215926] at "src/gen/data/RiskManagement-Mitigations.hdbtabledata" (0:0) (STDOUT, APP/TASK/deploy)#
#2026 09 17 19:19:29.389#Z#DEBUG#6e95f57f-b2cc-11f1-b461-eeee0a8dc34e.RiskManagement-db-deployer#flowable-async-job-executor-thread-15055#
[PollExecuteTaskStatusExecution] 76809f69-5d0f-479d-b97f-483792bc86a1 [2026-09-17T19:19:09.215939] at "src/gen/data/RiskManagement-Mitigations.hdbtabledata$0.expand" (0:0) (STDOUT, APP/TASK/deploy)#
#2026 09 17 19:19:29.389#Z#DEBUG#6e95f57f-b2cc-11f1-b461-eeee0a8dc34e.RiskManagement-db-deployer#flowable-async-job-executor-thread-15055#
[PollExecuteTaskStatusExecution] 76809f69-5d0f-479d-b97f-483792bc86a1 [2026-09-17T19:19:09.215943] Inserted 3 records of the data source file "RiskManagement-Risks.csv" into the target table "RISKMANAGEMENT_RISKS" (STDOUT, APP/TASK/deploy)#
#2026 09 17 19:19:29.389#Z#DEBUG#6e95f57f-b2cc-11f1-b461-eeee0a8dc34e.RiskManagement-db-deployer#flowable-async-job-executor-thread-15055#
[PollExecuteTaskStatusExecution] 76809f69-5d0f-479d-b97f-483792bc86a1 [2026-09-17T19:19:09.215947] Deploying "src/gen/data/RiskManagement-Risks.hdbtabledata$0.expand"... ok (0s 37ms) (STDOUT, APP/TASK/deploy)#
#2026 09 17 19:19:29.389#Z#DEBUG#6e95f57f-b2cc-11f1-b461-eeee0a8dc34e.RiskManagement-db-deployer#flowable-async-job-executor-thread-15055#
[PollExecuteTaskStatusExecution] 76809f69-5d0f-479d-b97f-483792bc86a1 [2026-09-17T19:19:09.215952] Make failed (6 errors, 0 warnings): tried to deploy 4 files, undeploy 0 files, redeploy 2 dependent files (STDOUT, APP/TASK/deploy)#
#2026 09 17 19:19:29.389#Z#DEBUG#6e95f57f-b2cc-11f1-b461-eeee0a8dc34e.RiskManagement-db-deployer#flowable-async-job-executor-thread-15055#
[PollExecuteTaskStatusExecution] 76809f69-5d0f-479d-b97f-483792bc86a1 [2026-09-17T19:19:09.215955] Deployment ended at 2026-09-17 19:19:09 (STDOUT, APP/TASK/deploy)#
#2026 09 17 19:19:29.389#Z#DEBUG#6e95f57f-b2cc-11f1-b461-eeee0a8dc34e.RiskManagement-db-deployer#flowable-async-job-executor-thread-15055#
[PollExecuteTaskStatusExecution] 76809f69-5d0f-479d-b97f-483792bc86a1 [2026-09-17T19:19:09.215959] (2s 93ms) (STDOUT, APP/TASK/deploy)#
#2026 09 17 19:19:29.389#Z#DEBUG#6e95f57f-b2cc-11f1-b461-eeee0a8dc34e.RiskManagement-db-deployer#flowable-async-job-executor-thread-15055#
[PollExecuteTaskStatusExecution] 76809f69-5d0f-479d-b97f-483792bc86a1 [2026-09-17T19:19:09.237745] npm notice (STDERR, APP/TASK/deploy)#
#2026 09 17 19:19:29.389#Z#DEBUG#6e95f57f-b2cc-11f1-b461-eeee0a8dc34e.RiskManagement-db-deployer#flowable-async-job-executor-thread-15055#
[PollExecuteTaskStatusExecution] 76809f69-5d0f-479d-b97f-483792bc86a1 [2026-09-17T19:19:09.237773] npm notice New major version of npm available! 11.17.0 -> 12.0.2 (STDERR, APP/TASK/deploy)#
#2026 09 17 19:19:29.389#Z#DEBUG#6e95f57f-b2cc-11f1-b461-eeee0a8dc34e.RiskManagement-db-deployer#flowable-async-job-executor-thread-15055#
[PollExecuteTaskStatusExecution] 76809f69-5d0f-479d-b97f-483792bc86a1 [2026-09-17T19:19:09.237778] npm notice Changelog: https://github.com/npm/cli/releases/tag/v12.0.2 (STDERR, APP/TASK/deploy)#
#2026 09 17 19:19:29.389#Z#DEBUG#6e95f57f-b2cc-11f1-b461-eeee0a8dc34e.RiskManagement-db-deployer#flowable-async-job-executor-thread-15055#
[PollExecuteTaskStatusExecution] 76809f69-5d0f-479d-b97f-483792bc86a1 [2026-09-17T19:19:09.237781] npm notice To update run: npm install -g npm@12.0.2 (STDERR, APP/TASK/deploy)#
#2026 09 17 19:19:29.389#Z#DEBUG#6e95f57f-b2cc-11f1-b461-eeee0a8dc34e.RiskManagement-db-deployer#flowable-async-job-executor-thread-15055#
[PollExecuteTaskStatusExecution] 76809f69-5d0f-479d-b97f-483792bc86a1 [2026-09-17T19:19:09.237784] npm notice (STDERR, APP/TASK/deploy)#
#2026 09 17 19:19:29.389#Z#DEBUG#6e95f57f-b2cc-11f1-b461-eeee0a8dc34e.RiskManagement-db-deployer#flowable-async-job-executor-thread-15055#
[PollExecuteTaskStatusExecution] 76809f69-5d0f-479d-b97f-483792bc86a1 [2026-09-17T19:19:09.311360] Exit status 1 (STDOUT, APP/TASK/deploy)#
#2026 09 17 19:19:29.389#Z#DEBUG#6e95f57f-b2cc-11f1-b461-eeee0a8dc34e.RiskManagement-db-deployer#flowable-async-job-executor-thread-15055#
[PollExecuteTaskStatusExecution] 76809f69-5d0f-479d-b97f-483792bc86a1 [2026-09-17T19:19:09.754351] Cell d1cc041a-d5a1-41d6-b9f6-6cda736ce3f0 stopping instance a2527aa3-38f3-4468-855a-61f66d0ac7db (STDOUT, CELL)#
#2026 09 17 19:19:29.389#Z#DEBUG#6e95f57f-b2cc-11f1-b461-eeee0a8dc34e.RiskManagement-db-deployer#flowable-async-job-executor-thread-15055#
[PollExecuteTaskStatusExecution] 76809f69-5d0f-479d-b97f-483792bc86a1 [2026-09-17T19:19:09.754402] Cell d1cc041a-d5a1-41d6-b9f6-6cda736ce3f0 destroying container for instance a2527aa3-38f3-4468-855a-61f66d0ac7db (STDOUT, CELL)#
#2026 09 17 19:19:29.389#Z#DEBUG#6e95f57f-b2cc-11f1-b461-eeee0a8dc34e.RiskManagement-db-deployer#flowable-async-job-executor-thread-15055#
[PollExecuteTaskStatusExecution] 76809f69-5d0f-479d-b97f-483792bc86a1 [2026-09-17T19:19:11.572274] Cell d1cc041a-d5a1-41d6-b9f6-6cda736ce3f0 successfully destroyed container for instance a2527aa3-38f3-4468-855a-61f66d0ac7db (STDOUT, CELL)#
#2026 09 17 19:19:29.389#Z#DEBUG#6e95f57f-b2cc-11f1-b461-eeee0a8dc34e.RiskManagement-db-deployer#flowable-async-job-executor-thread-15055#
[PollExecuteTaskStatusExecution] 76809f69-5d0f-479d-b97f-483792bc86a1 [2026-09-17T19:19:22.921823] Cell d1cc041a-d5a1-41d6-b9f6-6cda736ce3f0 creating container for instance 40ef816b-8f65-4e0d-a94c-88f7361c2c42 (STDOUT, CELL)#
#2026 09 17 19:19:29.389#Z#DEBUG#6e95f57f-b2cc-11f1-b461-eeee0a8dc34e.RiskManagement-db-deployer#flowable-async-job-executor-thread-15055#
[PollExecuteTaskStatusExecution] 76809f69-5d0f-479d-b97f-483792bc86a1 [2026-09-17T19:19:23.541400] Security group rules were updated (STDOUT, CELL)#
#2026 09 17 19:19:29.389#Z#DEBUG#6e95f57f-b2cc-11f1-b461-eeee0a8dc34e.RiskManagement-db-deployer#flowable-async-job-executor-thread-15055#
[PollExecuteTaskStatusExecution] 76809f69-5d0f-479d-b97f-483792bc86a1 [2026-09-17T19:19:23.580890] Cell d1cc041a-d5a1-41d6-b9f6-6cda736ce3f0 successfully created container for instance 40ef816b-8f65-4e0d-a94c-88f7361c2c42 (STDOUT, CELL)#
#2026 09 17 19:19:29.389#Z#DEBUG#6e95f57f-b2cc-11f1-b461-eeee0a8dc34e.RiskManagement-db-deployer#flowable-async-job-executor-thread-15055#
[PollExecuteTaskStatusExecution] 76809f69-5d0f-479d-b97f-483792bc86a1 [2026-09-17T19:19:27.271265] Invoking pre-start scripts. (STDOUT, APP/TASK/deploy)#
#2026 09 17 19:19:29.389#Z#DEBUG#6e95f57f-b2cc-11f1-b461-eeee0a8dc34e.RiskManagement-db-deployer#flowable-async-job-executor-thread-15055#
[PollExecuteTaskStatusExecution] 76809f69-5d0f-479d-b97f-483792bc86a1 [2026-09-17T19:19:27.485058] Invoking start command. (STDOUT, APP/TASK/deploy)#
#2026 09 17 19:19:29.389#Z#DEBUG#6e95f57f-b2cc-11f1-b461-eeee0a8dc34e.RiskManagement-db-deployer#flowable-async-job-executor-thread-15055#
[PollExecuteTaskStatusExecution] 76809f69-5d0f-479d-b97f-483792bc86a1 [2026-09-17T19:19:27.965368] > start (STDOUT, APP/TASK/deploy)#
#2026 09 17 19:19:29.389#Z#DEBUG#6e95f57f-b2cc-11f1-b461-eeee0a8dc34e.RiskManagement-db-deployer#flowable-async-job-executor-thread-15055#
[PollExecuteTaskStatusExecution] 76809f69-5d0f-479d-b97f-483792bc86a1 [2026-09-17T19:19:27.965412] > node node_modules/@sap/hdi-deploy/deploy.js --use-hdb --parameter com.sap.hana.di.table/try_fast_table_migration=true (STDOUT, APP/TASK/deploy)#
#2026 09 17 19:19:29.389#Z#DEBUG#6e95f57f-b2cc-11f1-b461-eeee0a8dc34e.RiskManagement-db-deployer#flowable-async-job-executor-thread-15055#
[PollExecuteTaskStatusExecution] 76809f69-5d0f-479d-b97f-483792bc86a1 [2026-09-17T19:19:28.123890] VCAP_SERVICES: (STDOUT, APP/TASK/deploy)#
#2026 09 17 19:19:29.389#Z#DEBUG#6e95f57f-b2cc-11f1-b461-eeee0a8dc34e.RiskManagement-db-deployer#flowable-async-job-executor-thread-15055#
[PollExecuteTaskStatusExecution] 76809f69-5d0f-479d-b97f-483792bc86a1 [2026-09-17T19:19:28.125159] { (STDOUT, APP/TASK/deploy)#
#2026 09 17 19:19:29.389#Z#DEBUG#6e95f57f-b2cc-11f1-b461-eeee0a8dc34e.RiskManagement-db-deployer#flowable-async-job-executor-thread-15055#
[PollExecuteTaskStatusExecution] 76809f69-5d0f-479d-b97f-483792bc86a1 [2026-09-17T19:19:28.125189] "hana": [ (STDOUT, APP/TASK/deploy)#
#2026 09 17 19:19:29.389#Z#DEBUG#6e95f57f-b2cc-11f1-b461-eeee0a8dc34e.RiskManagement-db-deployer#flowable-async-job-executor-thread-15055#
[PollExecuteTaskStatusExecution] 76809f69-5d0f-479d-b97f-483792bc86a1 [2026-09-17T19:19:28.125193] { (STDOUT, APP/TASK/deploy)#
#2026 09 17 19:19:29.389#Z#DEBUG#6e95f57f-b2cc-11f1-b461-eeee0a8dc34e.RiskManagement-db-deployer#flowable-async-job-executor-thread-15055#
[PollExecuteTaskStatusExecution] 76809f69-5d0f-479d-b97f-483792bc86a1 [2026-09-17T19:19:28.125205] "name": "RiskManagement-db", (STDOUT, APP/TASK/deploy)#
#2026 09 17 19:19:29.389#Z#DEBUG#6e95f57f-b2cc-11f1-b461-eeee0a8dc34e.RiskManagement-db-deployer#flowable-async-job-executor-thread-15055#
[PollExecuteTaskStatusExecution] 76809f69-5d0f-479d-b97f-483792bc86a1 [2026-09-17T19:19:28.125208] "label": "hana", (STDOUT, APP/TASK/deploy)#
#2026 09 17 19:19:29.389#Z#DEBUG#6e95f57f-b2cc-11f1-b461-eeee0a8dc34e.RiskManagement-db-deployer#flowable-async-job-executor-thread-15055#
[PollExecuteTaskStatusExecution] 76809f69-5d0f-479d-b97f-483792bc86a1 [2026-09-17T19:19:28.125211] "plan": "hdi-shared", (STDOUT, APP/TASK/deploy)#
#2026 09 17 19:19:29.389#Z#DEBUG#6e95f57f-b2cc-11f1-b461-eeee0a8dc34e.RiskManagement-db-deployer#flowable-async-job-executor-thread-15055#
[PollExecuteTaskStatusExecution] 76809f69-5d0f-479d-b97f-483792bc86a1 [2026-09-17T19:19:28.125214] "credentials": { (STDOUT, APP/TASK/deploy)#
#2026 09 17 19:19:29.389#Z#DEBUG#6e95f57f-b2cc-11f1-b461-eeee0a8dc34e.RiskManagement-db-deployer#flowable-async-job-executor-thread-15055#
[PollExecuteTaskStatusExecution] 76809f69-5d0f-479d-b97f-483792bc86a1 [2026-09-17T19:19:28.125217] "schema": "469D6B9E201445348236316C21268313", (STDOUT, APP/TASK/deploy)#
#2026 09 17 19:19:29.389#Z#DEBUG#6e95f57f-b2cc-11f1-b461-eeee0a8dc34e.RiskManagement-db-deployer#flowable-async-job-executor-thread-15055#
[PollExecuteTaskStatusExecution] 76809f69-5d0f-479d-b97f-483792bc86a1 [2026-09-17T19:19:28.125220] "database_id": "69bcbe67-03bc-4478-9fd0-d9ad2b0779fc", (STDOUT, APP/TASK/deploy)#
#2026 09 17 19:19:29.389#Z#DEBUG#6e95f57f-b2cc-11f1-b461-eeee0a8dc34e.RiskManagement-db-deployer#flowable-async-job-executor-thread-15055#
[PollExecuteTaskStatusExecution] 76809f69-5d0f-479d-b97f-483792bc86a1 [2026-09-17T19:19:28.125227] "user": "469D6B9E201445348236316C21268313_DA1EK27B9WKWJE4OZPZOBUXWP_RT", (STDOUT, APP/TASK/deploy)#
#2026 09 17 19:19:29.389#Z#DEBUG#6e95f57f-b2cc-11f1-b461-eeee0a8dc34e.RiskManagement-db-deployer#flowable-async-job-executor-thread-15055#
[PollExecuteTaskStatusExecution] 76809f69-5d0f-479d-b97f-483792bc86a1 [2026-09-17T19:19:28.125230] "hdi_user": "469D6B9E201445348236316C21268313_DA1EK27B9WKWJE4OZPZOBUXWP_DT" (STDOUT, APP/TASK/deploy)#
#2026 09 17 19:19:29.389#Z#DEBUG#6e95f57f-b2cc-11f1-b461-eeee0a8dc34e.RiskManagement-db-deployer#flowable-async-job-executor-thread-15055#
[PollExecuteTaskStatusExecution] 76809f69-5d0f-479d-b97f-483792bc86a1 [2026-09-17T19:19:28.125233] }, (STDOUT, APP/TASK/deploy)#
#2026 09 17 19:19:29.389#Z#DEBUG#6e95f57f-b2cc-11f1-b461-eeee0a8dc34e.RiskManagement-db-deployer#flowable-async-job-executor-thread-15055#
[PollExecuteTaskStatusExecution] 76809f69-5d0f-479d-b97f-483792bc86a1 [2026-09-17T19:19:28.125235] "tags": [ (STDOUT, APP/TASK/deploy)#
#2026 09 17 19:19:29.389#Z#DEBUG#6e95f57f-b2cc-11f1-b461-eeee0a8dc34e.RiskManagement-db-deployer#flowable-async-job-executor-thread-15055#
[PollExecuteTaskStatusExecution] 76809f69-5d0f-479d-b97f-483792bc86a1 [2026-09-17T19:19:28.125238] "hana", (STDOUT, APP/TASK/deploy)#
#2026 09 17 19:19:29.389#Z#DEBUG#6e95f57f-b2cc-11f1-b461-eeee0a8dc34e.RiskManagement-db-deployer#flowable-async-job-executor-thread-15055#
[PollExecuteTaskStatusExecution] 76809f69-5d0f-479d-b97f-483792bc86a1 [2026-09-17T19:19:28.125241] "database", (STDOUT, APP/TASK/deploy)#
#2026 09 17 19:19:29.389#Z#DEBUG#6e95f57f-b2cc-11f1-b461-eeee0a8dc34e.RiskManagement-db-deployer#flowable-async-job-executor-thread-15055#
[PollExecuteTaskStatusExecution] 76809f69-5d0f-479d-b97f-483792bc86a1 [2026-09-17T19:19:28.125243] "relational" (STDOUT, APP/TASK/deploy)#
#2026 09 17 19:19:29.389#Z#DEBUG#6e95f57f-b2cc-11f1-b461-eeee0a8dc34e.RiskManagement-db-deployer#flowable-async-job-executor-thread-15055#
[PollExecuteTaskStatusExecution] 76809f69-5d0f-479d-b97f-483792bc86a1 [2026-09-17T19:19:28.125245] ] (STDOUT, APP/TASK/deploy)#
#2026 09 17 19:19:29.389#Z#DEBUG#6e95f57f-b2cc-11f1-b461-eeee0a8dc34e.RiskManagement-db-deployer#flowable-async-job-executor-thread-15055#
[PollExecuteTaskStatusExecution] 76809f69-5d0f-479d-b97f-483792bc86a1 [2026-09-17T19:19:28.125248] } (STDOUT, APP/TASK/deploy)#
#2026 09 17 19:19:29.389#Z#DEBUG#6e95f57f-b2cc-11f1-b461-eeee0a8dc34e.RiskManagement-db-deployer#flowable-async-job-executor-thread-15055#
[PollExecuteTaskStatusExecution] 76809f69-5d0f-479d-b97f-483792bc86a1 [2026-09-17T19:19:28.125254] ] (STDOUT, APP/TASK/deploy)#
#2026 09 17 19:19:29.389#Z#DEBUG#6e95f57f-b2cc-11f1-b461-eeee0a8dc34e.RiskManagement-db-deployer#flowable-async-job-executor-thread-15055#
[PollExecuteTaskStatusExecution] 76809f69-5d0f-479d-b97f-483792bc86a1 [2026-09-17T19:19:28.125257] } (STDOUT, APP/TASK/deploy)#
#2026 09 17 19:19:29.389#Z#DEBUG#6e95f57f-b2cc-11f1-b461-eeee0a8dc34e.RiskManagement-db-deployer#flowable-async-job-executor-thread-15055#
[PollExecuteTaskStatusExecution] 76809f69-5d0f-479d-b97f-483792bc86a1 [2026-09-17T19:19:28.549313] @sap/hdi-deploy, version 5.7.0 (mode default), server version 4.00.000.00.1788856605 (4.0.0.0), cloud version 2026.14.19, node version 24.19.0, HDI version 1016, container API version 1007 (STDOUT, APP/TASK/deploy)#
#2026 09 17 19:19:29.389#Z#DEBUG#6e95f57f-b2cc-11f1-b461-eeee0a8dc34e.RiskManagement-db-deployer#flowable-async-job-executor-thread-15055#
[PollExecuteTaskStatusExecution] 76809f69-5d0f-479d-b97f-483792bc86a1 [2026-09-17T19:19:28.549484] Deployment started at 2026-09-17 19:19:28 (STDOUT, APP/TASK/deploy)#
#2026 09 17 19:19:29.389#Z#DEBUG#6e95f57f-b2cc-11f1-b461-eeee0a8dc34e.RiskManagement-db-deployer#flowable-async-job-executor-thread-15055#
[PollExecuteTaskStatusExecution] 76809f69-5d0f-479d-b97f-483792bc86a1 [2026-09-17T19:19:28.550583] Using hdb@2.29.6 for connection (STDOUT, APP/TASK/deploy)#
#2026 09 17 19:19:29.389#Z#DEBUG#6e95f57f-b2cc-11f1-b461-eeee0a8dc34e.RiskManagement-db-deployer#flowable-async-job-executor-thread-15055#
[PollExecuteTaskStatusExecution] 76809f69-5d0f-479d-b97f-483792bc86a1 [2026-09-17T19:19:28.570243] No ignore file at /home/vcap/app/.hdiignore. (STDOUT, APP/TASK/deploy)#
#2026 09 17 19:19:29.389#Z#DEBUG#6e95f57f-b2cc-11f1-b461-eeee0a8dc34e.RiskManagement-db-deployer#flowable-async-job-executor-thread-15055#
[PollExecuteTaskStatusExecution] 76809f69-5d0f-479d-b97f-483792bc86a1 [2026-09-17T19:19:28.570836] Collecting files... (STDOUT, APP/TASK/deploy)#
#2026 09 17 19:19:29.389#Z#DEBUG#6e95f57f-b2cc-11f1-b461-eeee0a8dc34e.RiskManagement-db-deployer#flowable-async-job-executor-thread-15055#
[PollExecuteTaskStatusExecution] 76809f69-5d0f-479d-b97f-483792bc86a1 [2026-09-17T19:19:28.574464] Collecting files... ok (0s 4ms) (STDOUT, APP/TASK/deploy)#
#2026 09 17 19:19:29.389#Z#DEBUG#6e95f57f-b2cc-11f1-b461-eeee0a8dc34e.RiskManagement-db-deployer#flowable-async-job-executor-thread-15055#
[PollExecuteTaskStatusExecution] 76809f69-5d0f-479d-b97f-483792bc86a1 [2026-09-17T19:19:28.574508] 3 directories collected (STDOUT, APP/TASK/deploy)#
#2026 09 17 19:19:29.389#Z#DEBUG#6e95f57f-b2cc-11f1-b461-eeee0a8dc34e.RiskManagement-db-deployer#flowable-async-job-executor-thread-15055#
[PollExecuteTaskStatusExecution] 76809f69-5d0f-479d-b97f-483792bc86a1 [2026-09-17T19:19:28.575937] 15 files collected (STDOUT, APP/TASK/deploy)#
#2026 09 17 19:19:29.389#Z#DEBUG#6e95f57f-b2cc-11f1-b461-eeee0a8dc34e.RiskManagement-db-deployer#flowable-async-job-executor-thread-15055#
[PollExecuteTaskStatusExecution] 76809f69-5d0f-479d-b97f-483792bc86a1 [2026-09-17T19:19:28.576062] 0 reusable modules collected (STDOUT, APP/TASK/deploy)#
#2026 09 17 19:19:29.389#Z#DEBUG#6e95f57f-b2cc-11f1-b461-eeee0a8dc34e.RiskManagement-db-deployer#flowable-async-job-executor-thread-15055#
[PollExecuteTaskStatusExecution] 76809f69-5d0f-479d-b97f-483792bc86a1 [2026-09-17T19:19:28.576075] Target service: RiskManagement-db (STDOUT, APP/TASK/deploy)#
#2026 09 17 19:19:29.389#Z#DEBUG#6e95f57f-b2cc-11f1-b461-eeee0a8dc34e.RiskManagement-db-deployer#flowable-async-job-executor-thread-15055#
[PollExecuteTaskStatusExecution] 76809f69-5d0f-479d-b97f-483792bc86a1 [2026-09-17T19:19:28.732475] Previous build with request ID 59 finished at 2026-09-17T19:19:09.166 with status Canceled and message: Make failed (6 errors, 0 warnings): tried to deploy 4 files, undeploy 0 files, redeploy 2 dependent files. (STDOUT, APP/TASK/deploy)#
#2026 09 17 19:19:29.389#Z#DEBUG#6e95f57f-b2cc-11f1-b461-eeee0a8dc34e.RiskManagement-db-deployer#flowable-async-job-executor-thread-15055#
[PollExecuteTaskStatusExecution] 76809f69-5d0f-479d-b97f-483792bc86a1 [2026-09-17T19:19:28.732508] Processing revoke files... (STDOUT, APP/TASK/deploy)#
#2026 09 17 19:19:29.389#Z#DEBUG#6e95f57f-b2cc-11f1-b461-eeee0a8dc34e.RiskManagement-db-deployer#flowable-async-job-executor-thread-15055#
[PollExecuteTaskStatusExecution] 76809f69-5d0f-479d-b97f-483792bc86a1 [2026-09-17T19:19:28.732641] Processing revoke files... ok (0s 0ms) (STDOUT, APP/TASK/deploy)#
#2026 09 17 19:19:29.389#Z#DEBUG#6e95f57f-b2cc-11f1-b461-eeee0a8dc34e.RiskManagement-db-deployer#flowable-async-job-executor-thread-15055#
[PollExecuteTaskStatusExecution] 76809f69-5d0f-479d-b97f-483792bc86a1 [2026-09-17T19:19:28.732826] Processing grants files... (STDOUT, APP/TASK/deploy)#
#2026 09 17 19:19:29.389#Z#DEBUG#6e95f57f-b2cc-11f1-b461-eeee0a8dc34e.RiskManagement-db-deployer#flowable-async-job-executor-thread-15055#
[PollExecuteTaskStatusExecution] 76809f69-5d0f-479d-b97f-483792bc86a1 [2026-09-17T19:19:28.732899] Processing grants files... ok (0s 0ms) (STDOUT, APP/TASK/deploy)#
#2026 09 17 19:19:29.389#Z#DEBUG#6e95f57f-b2cc-11f1-b461-eeee0a8dc34e.RiskManagement-db-deployer#flowable-async-job-executor-thread-15055#
[PollExecuteTaskStatusExecution] 76809f69-5d0f-479d-b97f-483792bc86a1 [2026-09-17T19:19:28.735687] Preprocessing files... (STDOUT, APP/TASK/deploy)#
#2026 09 17 19:19:29.389#Z#DEBUG#6e95f57f-b2cc-11f1-b461-eeee0a8dc34e.RiskManagement-db-deployer#flowable-async-job-executor-thread-15055#
[PollExecuteTaskStatusExecution] 76809f69-5d0f-479d-b97f-483792bc86a1 [2026-09-17T19:19:28.735943] Preprocessing files... ok (0s 0ms) (STDOUT, APP/TASK/deploy)#
#2026 09 17 19:19:29.389#Z#DEBUG#6e95f57f-b2cc-11f1-b461-eeee0a8dc34e.RiskManagement-db-deployer#flowable-async-job-executor-thread-15055#
[PollExecuteTaskStatusExecution] 76809f69-5d0f-479d-b97f-483792bc86a1 [2026-09-17T19:19:28.735983] Connecting to the container "469D6B9E201445348236316C21268313"... (STDOUT, APP/TASK/deploy)#
#2026 09 17 19:19:29.389#Z#DEBUG#6e95f57f-b2cc-11f1-b461-eeee0a8dc34e.RiskManagement-db-deployer#flowable-async-job-executor-thread-15055#
[PollExecuteTaskStatusExecution] 76809f69-5d0f-479d-b97f-483792bc86a1 [2026-09-17T19:19:28.811551] Connecting to the container "469D6B9E201445348236316C21268313"... ok (0s 75ms) (STDOUT, APP/TASK/deploy)#
#2026 09 17 19:19:29.389#Z#DEBUG#6e95f57f-b2cc-11f1-b461-eeee0a8dc34e.RiskManagement-db-deployer#flowable-async-job-executor-thread-15055#
[PollExecuteTaskStatusExecution] 76809f69-5d0f-479d-b97f-483792bc86a1 [2026-09-17T19:19:28.811586] Locking the container "469D6B9E201445348236316C21268313"... (STDOUT, APP/TASK/deploy)#
#2026 09 17 19:19:29.389#Z#DEBUG#6e95f57f-b2cc-11f1-b461-eeee0a8dc34e.RiskManagement-db-deployer#flowable-async-job-executor-thread-15055#
[PollExecuteTaskStatusExecution] 76809f69-5d0f-479d-b97f-483792bc86a1 [2026-09-17T19:19:28.938183] Locking the container "469D6B9E201445348236316C21268313"... ok (0s 127ms) (STDOUT, APP/TASK/deploy)#
#2026 09 17 19:19:29.389#Z#DEBUG#6e95f57f-b2cc-11f1-b461-eeee0a8dc34e.RiskManagement-db-deployer#flowable-async-job-executor-thread-15055#
[PollExecuteTaskStatusExecution] 76809f69-5d0f-479d-b97f-483792bc86a1 [2026-09-17T19:19:28.938212] Synchronizing files with the container "469D6B9E201445348236316C21268313"... (STDOUT, APP/TASK/deploy)#
#2026 09 17 19:19:39.397#Z#DEBUG#6e95f57f-b2cc-11f1-b461-eeee0a8dc34e.RiskManagement-db-deployer#flowable-async-job-executor-thread-15069#
[PollExecuteTaskStatusExecution] 76809f69-5d0f-479d-b97f-483792bc86a1 [2026-09-17T19:19:29.194630] Deleting files... (STDOUT, APP/TASK/deploy)#
#2026 09 17 19:19:39.397#Z#DEBUG#6e95f57f-b2cc-11f1-b461-eeee0a8dc34e.RiskManagement-db-deployer#flowable-async-job-executor-thread-15069#
[PollExecuteTaskStatusExecution] 76809f69-5d0f-479d-b97f-483792bc86a1 [2026-09-17T19:19:29.340635] Deleting files... ok (STDOUT, APP/TASK/deploy)#
#2026 09 17 19:19:39.397#Z#DEBUG#6e95f57f-b2cc-11f1-b461-eeee0a8dc34e.RiskManagement-db-deployer#flowable-async-job-executor-thread-15069#
[PollExecuteTaskStatusExecution] 76809f69-5d0f-479d-b97f-483792bc86a1 [2026-09-17T19:19:29.340666] Writing files... (STDOUT, APP/TASK/deploy)#
#2026 09 17 19:19:39.397#Z#DEBUG#6e95f57f-b2cc-11f1-b461-eeee0a8dc34e.RiskManagement-db-deployer#flowable-async-job-executor-thread-15069#
[PollExecuteTaskStatusExecution] 76809f69-5d0f-479d-b97f-483792bc86a1 [2026-09-17T19:19:29.340766] Writing 7 items (STDOUT, APP/TASK/deploy)#
#2026 09 17 19:19:39.397#Z#DEBUG#6e95f57f-b2cc-11f1-b461-eeee0a8dc34e.RiskManagement-db-deployer#flowable-async-job-executor-thread-15069#
[PollExecuteTaskStatusExecution] 76809f69-5d0f-479d-b97f-483792bc86a1 [2026-09-17T19:19:29.533833] Writing files... ok (STDOUT, APP/TASK/deploy)#
#2026 09 17 19:19:39.397#Z#DEBUG#6e95f57f-b2cc-11f1-b461-eeee0a8dc34e.RiskManagement-db-deployer#flowable-async-job-executor-thread-15069#
[PollExecuteTaskStatusExecution] 76809f69-5d0f-479d-b97f-483792bc86a1 [2026-09-17T19:19:29.533869] Synchronizing files with the container "469D6B9E201445348236316C21268313"... ok (0s 596ms) (STDOUT, APP/TASK/deploy)#
#2026 09 17 19:19:39.397#Z#DEBUG#6e95f57f-b2cc-11f1-b461-eeee0a8dc34e.RiskManagement-db-deployer#flowable-async-job-executor-thread-15069#
[PollExecuteTaskStatusExecution] 76809f69-5d0f-479d-b97f-483792bc86a1 [2026-09-17T19:19:29.534324] added files: [ (STDOUT, APP/TASK/deploy)#
#2026 09 17 19:19:39.397#Z#DEBUG#6e95f57f-b2cc-11f1-b461-eeee0a8dc34e.RiskManagement-db-deployer#flowable-async-job-executor-thread-15069#
[PollExecuteTaskStatusExecution] 76809f69-5d0f-479d-b97f-483792bc86a1 [2026-09-17T19:19:29.534409] "src/gen/data/RiskManagement-Mitigations.csv", (STDOUT, APP/TASK/deploy)#
#2026 09 17 19:19:39.397#Z#DEBUG#6e95f57f-b2cc-11f1-b461-eeee0a8dc34e.RiskManagement-db-deployer#flowable-async-job-executor-thread-15069#
[PollExecuteTaskStatusExecution] 76809f69-5d0f-479d-b97f-483792bc86a1 [2026-09-17T19:19:29.534414] "src/gen/data/RiskManagement-Mitigations.hdbtabledata", (STDOUT, APP/TASK/deploy)#
#2026 09 17 19:19:39.397#Z#DEBUG#6e95f57f-b2cc-11f1-b461-eeee0a8dc34e.RiskManagement-db-deployer#flowable-async-job-executor-thread-15069#
[PollExecuteTaskStatusExecution] 76809f69-5d0f-479d-b97f-483792bc86a1 [2026-09-17T19:19:29.534417] "src/gen/data/RiskManagement-Risks.csv", (STDOUT, APP/TASK/deploy)#
#2026 09 17 19:19:39.397#Z#DEBUG#6e95f57f-b2cc-11f1-b461-eeee0a8dc34e.RiskManagement-db-deployer#flowable-async-job-executor-thread-15069#
[PollExecuteTaskStatusExecution] 76809f69-5d0f-479d-b97f-483792bc86a1 [2026-09-17T19:19:29.534419] "src/gen/data/RiskManagement-Risks.hdbtabledata" (STDOUT, APP/TASK/deploy)#
#2026 09 17 19:19:39.397#Z#DEBUG#6e95f57f-b2cc-11f1-b461-eeee0a8dc34e.RiskManagement-db-deployer#flowable-async-job-executor-thread-15069#
[PollExecuteTaskStatusExecution] 76809f69-5d0f-479d-b97f-483792bc86a1 [2026-09-17T19:19:29.534421] ] (STDOUT, APP/TASK/deploy)#
#2026 09 17 19:19:39.397#Z#DEBUG#6e95f57f-b2cc-11f1-b461-eeee0a8dc34e.RiskManagement-db-deployer#flowable-async-job-executor-thread-15069#
[PollExecuteTaskStatusExecution] 76809f69-5d0f-479d-b97f-483792bc86a1 [2026-09-17T19:19:29.534448] modified files: [] (STDOUT, APP/TASK/deploy)#
#2026 09 17 19:19:39.397#Z#DEBUG#6e95f57f-b2cc-11f1-b461-eeee0a8dc34e.RiskManagement-db-deployer#flowable-async-job-executor-thread-15069#
[PollExecuteTaskStatusExecution] 76809f69-5d0f-479d-b97f-483792bc86a1 [2026-09-17T19:19:29.534450] deleted files: [] (STDOUT, APP/TASK/deploy)#
#2026 09 17 19:19:39.397#Z#DEBUG#6e95f57f-b2cc-11f1-b461-eeee0a8dc34e.RiskManagement-db-deployer#flowable-async-job-executor-thread-15069#
[PollExecuteTaskStatusExecution] 76809f69-5d0f-479d-b97f-483792bc86a1 [2026-09-17T19:19:29.535013] 4 modified or added files are scheduled for deploy based on delta detection (STDOUT, APP/TASK/deploy)#
#2026 09 17 19:19:39.397#Z#DEBUG#6e95f57f-b2cc-11f1-b461-eeee0a8dc34e.RiskManagement-db-deployer#flowable-async-job-executor-thread-15069#
[PollExecuteTaskStatusExecution] 76809f69-5d0f-479d-b97f-483792bc86a1 [2026-09-17T19:19:29.535046] 0 deleted files are scheduled for undeploy based on delta detection (filtered by undeploy allowlist) (STDOUT, APP/TASK/deploy)#
#2026 09 17 19:19:39.397#Z#DEBUG#6e95f57f-b2cc-11f1-b461-eeee0a8dc34e.RiskManagement-db-deployer#flowable-async-job-executor-thread-15069#
[PollExecuteTaskStatusExecution] 76809f69-5d0f-479d-b97f-483792bc86a1 [2026-09-17T19:19:29.535051] 0 files are scheduled for deploy based on explicit specification (STDOUT, APP/TASK/deploy)#
#2026 09 17 19:19:39.397#Z#DEBUG#6e95f57f-b2cc-11f1-b461-eeee0a8dc34e.RiskManagement-db-deployer#flowable-async-job-executor-thread-15069#
[PollExecuteTaskStatusExecution] 76809f69-5d0f-479d-b97f-483792bc86a1 [2026-09-17T19:19:29.535053] 0 files are scheduled for undeploy based on explicit specification (STDOUT, APP/TASK/deploy)#
#2026 09 17 19:19:39.397#Z#DEBUG#6e95f57f-b2cc-11f1-b461-eeee0a8dc34e.RiskManagement-db-deployer#flowable-async-job-executor-thread-15069#
[PollExecuteTaskStatusExecution] 76809f69-5d0f-479d-b97f-483792bc86a1 [2026-09-17T19:19:29.535071] Deploying to the container "469D6B9E201445348236316C21268313"... (STDOUT, APP/TASK/deploy)#
#2026 09 17 19:19:39.397#Z#DEBUG#6e95f57f-b2cc-11f1-b461-eeee0a8dc34e.RiskManagement-db-deployer#flowable-async-job-executor-thread-15069#
[PollExecuteTaskStatusExecution] 76809f69-5d0f-479d-b97f-483792bc86a1 [2026-09-17T19:19:30.127097] Polling messages for request id: 64 (STDOUT, APP/TASK/deploy)#
#2026 09 17 19:19:39.397#Z#DEBUG#6e95f57f-b2cc-11f1-b461-eeee0a8dc34e.RiskManagement-db-deployer#flowable-async-job-executor-thread-15069#
[PollExecuteTaskStatusExecution] 76809f69-5d0f-479d-b97f-483792bc86a1 [2026-09-17T19:19:30.159919] Starting make in the container "469D6B9E201445348236316C21268313" with 4 files to deploy, 0 files to undeploy... (STDOUT, APP/TASK/deploy)#
#2026 09 17 19:19:39.397#Z#DEBUG#6e95f57f-b2cc-11f1-b461-eeee0a8dc34e.RiskManagement-db-deployer#flowable-async-job-executor-thread-15069#
[PollExecuteTaskStatusExecution] 76809f69-5d0f-479d-b97f-483792bc86a1 [2026-09-17T19:19:30.159973] Disabling table replication for the container schema "469D6B9E201445348236316C21268313"... (STDOUT, APP/TASK/deploy)#
#2026 09 17 19:19:39.397#Z#DEBUG#6e95f57f-b2cc-11f1-b461-eeee0a8dc34e.RiskManagement-db-deployer#flowable-async-job-executor-thread-15069#
[PollExecuteTaskStatusExecution] 76809f69-5d0f-479d-b97f-483792bc86a1 [2026-09-17T19:19:30.159978] Disabling table replication for the container schema "469D6B9E201445348236316C21268313"... ok (0s 25ms) (STDOUT, APP/TASK/deploy)#
#2026 09 17 19:19:39.397#Z#DEBUG#6e95f57f-b2cc-11f1-b461-eeee0a8dc34e.RiskManagement-db-deployer#flowable-async-job-executor-thread-15069#
[PollExecuteTaskStatusExecution] 76809f69-5d0f-479d-b97f-483792bc86a1 [2026-09-17T19:19:30.159981] Migrating libraries... (STDOUT, APP/TASK/deploy)#
#2026 09 17 19:19:39.397#Z#DEBUG#6e95f57f-b2cc-11f1-b461-eeee0a8dc34e.RiskManagement-db-deployer#flowable-async-job-executor-thread-15069#
[PollExecuteTaskStatusExecution] 76809f69-5d0f-479d-b97f-483792bc86a1 [2026-09-17T19:19:30.159986] Migrating libraries... ok (0s 14ms) (STDOUT, APP/TASK/deploy)#
#2026 09 17 19:19:39.397#Z#DEBUG#6e95f57f-b2cc-11f1-b461-eeee0a8dc34e.RiskManagement-db-deployer#flowable-async-job-executor-thread-15069#
[PollExecuteTaskStatusExecution] 76809f69-5d0f-479d-b97f-483792bc86a1 [2026-09-17T19:19:30.159997] Making... (STDOUT, APP/TASK/deploy)#
#2026 09 17 19:19:39.397#Z#DEBUG#6e95f57f-b2cc-11f1-b461-eeee0a8dc34e.RiskManagement-db-deployer#flowable-async-job-executor-thread-15069#
[PollExecuteTaskStatusExecution] 76809f69-5d0f-479d-b97f-483792bc86a1 [2026-09-17T19:19:30.160015] Preparing... (STDOUT, APP/TASK/deploy)#
#2026 09 17 19:19:39.397#Z#DEBUG#6e95f57f-b2cc-11f1-b461-eeee0a8dc34e.RiskManagement-db-deployer#flowable-async-job-executor-thread-15069#
[PollExecuteTaskStatusExecution] 76809f69-5d0f-479d-b97f-483792bc86a1 [2026-09-17T19:19:30.160018] Preparing the make transaction... (STDOUT, APP/TASK/deploy)#
#2026 09 17 19:19:39.397#Z#DEBUG#6e95f57f-b2cc-11f1-b461-eeee0a8dc34e.RiskManagement-db-deployer#flowable-async-job-executor-thread-15069#
[PollExecuteTaskStatusExecution] 76809f69-5d0f-479d-b97f-483792bc86a1 [2026-09-17T19:19:30.160021] Adding "src/gen/data/RiskManagement-Mitigations.csv" for deploy... (STDOUT, APP/TASK/deploy)#
#2026 09 17 19:19:39.397#Z#DEBUG#6e95f57f-b2cc-11f1-b461-eeee0a8dc34e.RiskManagement-db-deployer#flowable-async-job-executor-thread-15069#
[PollExecuteTaskStatusExecution] 76809f69-5d0f-479d-b97f-483792bc86a1 [2026-09-17T19:19:30.160025] Preparing the make transaction... ok (0s 28ms) (STDOUT, APP/TASK/deploy)#
#2026 09 17 19:19:39.397#Z#DEBUG#6e95f57f-b2cc-11f1-b461-eeee0a8dc34e.RiskManagement-db-deployer#flowable-async-job-executor-thread-15069#
[PollExecuteTaskStatusExecution] 76809f69-5d0f-479d-b97f-483792bc86a1 [2026-09-17T19:19:30.160028] Adding "src/gen/data/RiskManagement-Mitigations.csv" for deploy... ok (0s 28ms) (STDOUT, APP/TASK/deploy)#
#2026 09 17 19:19:39.397#Z#DEBUG#6e95f57f-b2cc-11f1-b461-eeee0a8dc34e.RiskManagement-db-deployer#flowable-async-job-executor-thread-15069#
[PollExecuteTaskStatusExecution] 76809f69-5d0f-479d-b97f-483792bc86a1 [2026-09-17T19:19:30.160034] Adding "src/gen/data/RiskManagement-Mitigations.hdbtabledata" for deploy... (STDOUT, APP/TASK/deploy)#
#2026 09 17 19:19:39.397#Z#DEBUG#6e95f57f-b2cc-11f1-b461-eeee0a8dc34e.RiskManagement-db-deployer#flowable-async-job-executor-thread-15069#
[PollExecuteTaskStatusExecution] 76809f69-5d0f-479d-b97f-483792bc86a1 [2026-09-17T19:19:30.160080] Adding "src/gen/data/RiskManagement-Mitigations.hdbtabledata" for deploy... ok (0s 1ms) (STDOUT, APP/TASK/deploy)#
#2026 09 17 19:19:39.397#Z#DEBUG#6e95f57f-b2cc-11f1-b461-eeee0a8dc34e.RiskManagement-db-deployer#flowable-async-job-executor-thread-15069#
[PollExecuteTaskStatusExecution] 76809f69-5d0f-479d-b97f-483792bc86a1 [2026-09-17T19:19:30.160083] Adding "src/gen/data/RiskManagement-Risks.csv" for deploy... (STDOUT, APP/TASK/deploy)#
#2026 09 17 19:19:39.397#Z#DEBUG#6e95f57f-b2cc-11f1-b461-eeee0a8dc34e.RiskManagement-db-deployer#flowable-async-job-executor-thread-15069#
[PollExecuteTaskStatusExecution] 76809f69-5d0f-479d-b97f-483792bc86a1 [2026-09-17T19:19:30.160086] Adding "src/gen/data/RiskManagement-Risks.csv" for deploy... ok (0s 0ms) (STDOUT, APP/TASK/deploy)#
#2026 09 17 19:19:39.397#Z#DEBUG#6e95f57f-b2cc-11f1-b461-eeee0a8dc34e.RiskManagement-db-deployer#flowable-async-job-executor-thread-15069#
[PollExecuteTaskStatusExecution] 76809f69-5d0f-479d-b97f-483792bc86a1 [2026-09-17T19:19:30.160093] Adding "src/gen/data/RiskManagement-Risks.hdbtabledata" for deploy... (STDOUT, APP/TASK/deploy)#
#2026 09 17 19:19:39.397#Z#DEBUG#6e95f57f-b2cc-11f1-b461-eeee0a8dc34e.RiskManagement-db-deployer#flowable-async-job-executor-thread-15069#
[PollExecuteTaskStatusExecution] 76809f69-5d0f-479d-b97f-483792bc86a1 [2026-09-17T19:19:30.160193] Adding "src/gen/data/RiskManagement-Risks.hdbtabledata" for deploy... ok (0s 0ms) (STDOUT, APP/TASK/deploy)#
#2026 09 17 19:19:39.397#Z#DEBUG#6e95f57f-b2cc-11f1-b461-eeee0a8dc34e.RiskManagement-db-deployer#flowable-async-job-executor-thread-15069#
[PollExecuteTaskStatusExecution] 76809f69-5d0f-479d-b97f-483792bc86a1 [2026-09-17T19:19:30.160213] Preparing... ok (0s 62ms) (STDOUT, APP/TASK/deploy)#
#2026 09 17 19:19:39.397#Z#DEBUG#6e95f57f-b2cc-11f1-b461-eeee0a8dc34e.RiskManagement-db-deployer#flowable-async-job-executor-thread-15069#
[PollExecuteTaskStatusExecution] 76809f69-5d0f-479d-b97f-483792bc86a1 [2026-09-17T19:19:30.160217] Calculating dependencies... (STDOUT, APP/TASK/deploy)#
#2026 09 17 19:19:39.397#Z#DEBUG#6e95f57f-b2cc-11f1-b461-eeee0a8dc34e.RiskManagement-db-deployer#flowable-async-job-executor-thread-15069#
[PollExecuteTaskStatusExecution] 76809f69-5d0f-479d-b97f-483792bc86a1 [2026-09-17T19:19:30.160226] Expanding... (STDOUT, APP/TASK/deploy)#
#2026 09 17 19:19:39.397#Z#DEBUG#6e95f57f-b2cc-11f1-b461-eeee0a8dc34e.RiskManagement-db-deployer#flowable-async-job-executor-thread-15069#
[PollExecuteTaskStatusExecution] 76809f69-5d0f-479d-b97f-483792bc86a1 [2026-09-17T19:19:30.160384] Expanding "src/gen/data/RiskManagement-Mitigations.hdbtabledata"... (STDOUT, APP/TASK/deploy)#
#2026 09 17 19:19:39.397#Z#DEBUG#6e95f57f-b2cc-11f1-b461-eeee0a8dc34e.RiskManagement-db-deployer#flowable-async-job-executor-thread-15069#
[PollExecuteTaskStatusExecution] 76809f69-5d0f-479d-b97f-483792bc86a1 [2026-09-17T19:19:30.160402] Expanding "src/gen/data/RiskManagement-Risks.hdbtabledata"... (STDOUT, APP/TASK/deploy)#
#2026 09 17 19:19:39.397#Z#DEBUG#6e95f57f-b2cc-11f1-b461-eeee0a8dc34e.RiskManagement-db-deployer#flowable-async-job-executor-thread-15069#
[PollExecuteTaskStatusExecution] 76809f69-5d0f-479d-b97f-483792bc86a1 [2026-09-17T19:19:30.160406] Expanding "src/gen/data/RiskManagement-Mitigations.hdbtabledata"... ok (0s 3ms) (STDOUT, APP/TASK/deploy)#
#2026 09 17 19:19:39.397#Z#DEBUG#6e95f57f-b2cc-11f1-b461-eeee0a8dc34e.RiskManagement-db-deployer#flowable-async-job-executor-thread-15069#
[PollExecuteTaskStatusExecution] 76809f69-5d0f-479d-b97f-483792bc86a1 [2026-09-17T19:19:30.160409] Expanding "src/gen/data/RiskManagement-Risks.hdbtabledata"... ok (0s 3ms) (STDOUT, APP/TASK/deploy)#
#2026 09 17 19:19:39.397#Z#DEBUG#6e95f57f-b2cc-11f1-b461-eeee0a8dc34e.RiskManagement-db-deployer#flowable-async-job-executor-thread-15069#
[PollExecuteTaskStatusExecution] 76809f69-5d0f-479d-b97f-483792bc86a1 [2026-09-17T19:19:30.160412] Expanding... ok (0s 41ms) (STDOUT, APP/TASK/deploy)#
#2026 09 17 19:19:39.397#Z#DEBUG#6e95f57f-b2cc-11f1-b461-eeee0a8dc34e.RiskManagement-db-deployer#flowable-async-job-executor-thread-15069#
[PollExecuteTaskStatusExecution] 76809f69-5d0f-479d-b97f-483792bc86a1 [2026-09-17T19:19:30.160418] Precompiling... (STDOUT, APP/TASK/deploy)#
#2026 09 17 19:19:39.397#Z#DEBUG#6e95f57f-b2cc-11f1-b461-eeee0a8dc34e.RiskManagement-db-deployer#flowable-async-job-executor-thread-15069#
[PollExecuteTaskStatusExecution] 76809f69-5d0f-479d-b97f-483792bc86a1 [2026-09-17T19:19:30.160610] Precompiling "src/gen/data/RiskManagement-Mitigations.csv"... (STDOUT, APP/TASK/deploy)#
#2026 09 17 19:19:39.397#Z#DEBUG#6e95f57f-b2cc-11f1-b461-eeee0a8dc34e.RiskManagement-db-deployer#flowable-async-job-executor-thread-15069#
[PollExecuteTaskStatusExecution] 76809f69-5d0f-479d-b97f-483792bc86a1 [2026-09-17T19:19:30.160624] Precompiling "src/gen/data/RiskManagement-Mitigations.hdbtabledata"... (STDOUT, APP/TASK/deploy)#
#2026 09 17 19:19:39.397#Z#DEBUG#6e95f57f-b2cc-11f1-b461-eeee0a8dc34e.RiskManagement-db-deployer#flowable-async-job-executor-thread-15069#
[PollExecuteTaskStatusExecution] 76809f69-5d0f-479d-b97f-483792bc86a1 [2026-09-17T19:19:30.160627] Precompiling "src/gen/data/RiskManagement-Mitigations.hdbtabledata"... ok (0s 0ms) (STDOUT, APP/TASK/deploy)#
#2026 09 17 19:19:39.397#Z#DEBUG#6e95f57f-b2cc-11f1-b461-eeee0a8dc34e.RiskManagement-db-deployer#flowable-async-job-executor-thread-15069#
[PollExecuteTaskStatusExecution] 76809f69-5d0f-479d-b97f-483792bc86a1 [2026-09-17T19:19:30.160629] Precompiling "src/gen/data/RiskManagement-Mitigations.hdbtabledata$0.expand"... (STDOUT, APP/TASK/deploy)#
#2026 09 17 19:19:39.397#Z#DEBUG#6e95f57f-b2cc-11f1-b461-eeee0a8dc34e.RiskManagement-db-deployer#flowable-async-job-executor-thread-15069#
[PollExecuteTaskStatusExecution] 76809f69-5d0f-479d-b97f-483792bc86a1 [2026-09-17T19:19:30.160632] Expanded from "src/gen/data/RiskManagement-Mitigations.hdbtabledata" (STDOUT, APP/TASK/deploy)#
#2026 09 17 19:19:39.397#Z#DEBUG#6e95f57f-b2cc-11f1-b461-eeee0a8dc34e.RiskManagement-db-deployer#flowable-async-job-executor-thread-15069#
[PollExecuteTaskStatusExecution] 76809f69-5d0f-479d-b97f-483792bc86a1 [2026-09-17T19:19:30.160636] Precompiling "src/gen/data/RiskManagement-Risks.csv"... (STDOUT, APP/TASK/deploy)#
#2026 09 17 19:19:39.397#Z#DEBUG#6e95f57f-b2cc-11f1-b461-eeee0a8dc34e.RiskManagement-db-deployer#flowable-async-job-executor-thread-15069#
[PollExecuteTaskStatusExecution] 76809f69-5d0f-479d-b97f-483792bc86a1 [2026-09-17T19:19:30.160638] Precompiling "src/gen/data/RiskManagement-Mitigations.hdbtabledata$0.expand"... ok (0s 2ms) (STDOUT, APP/TASK/deploy)#
#2026 09 17 19:19:39.397#Z#DEBUG#6e95f57f-b2cc-11f1-b461-eeee0a8dc34e.RiskManagement-db-deployer#flowable-async-job-executor-thread-15069#
[PollExecuteTaskStatusExecution] 76809f69-5d0f-479d-b97f-483792bc86a1 [2026-09-17T19:19:30.160641] Precompiling "src/gen/data/RiskManagement-Risks.hdbtabledata"... (STDOUT, APP/TASK/deploy)#
#2026 09 17 19:19:39.397#Z#DEBUG#6e95f57f-b2cc-11f1-b461-eeee0a8dc34e.RiskManagement-db-deployer#flowable-async-job-executor-thread-15069#
[PollExecuteTaskStatusExecution] 76809f69-5d0f-479d-b97f-483792bc86a1 [2026-09-17T19:19:30.160645] Precompiling "src/gen/data/RiskManagement-Risks.hdbtabledata"... ok (0s 1ms) (STDOUT, APP/TASK/deploy)#
#2026 09 17 19:19:39.397#Z#DEBUG#6e95f57f-b2cc-11f1-b461-eeee0a8dc34e.RiskManagement-db-deployer#flowable-async-job-executor-thread-15069#
[PollExecuteTaskStatusExecution] 76809f69-5d0f-479d-b97f-483792bc86a1 [2026-09-17T19:19:30.160647] Precompiling "src/gen/data/RiskManagement-Risks.hdbtabledata$0.expand"... (STDOUT, APP/TASK/deploy)#
#2026 09 17 19:19:39.397#Z#DEBUG#6e95f57f-b2cc-11f1-b461-eeee0a8dc34e.RiskManagement-db-deployer#flowable-async-job-executor-thread-15069#
[PollExecuteTaskStatusExecution] 76809f69-5d0f-479d-b97f-483792bc86a1 [2026-09-17T19:19:30.160650] Expanded from "src/gen/data/RiskManagement-Risks.hdbtabledata" (STDOUT, APP/TASK/deploy)#
#2026 09 17 19:19:39.397#Z#DEBUG#6e95f57f-b2cc-11f1-b461-eeee0a8dc34e.RiskManagement-db-deployer#flowable-async-job-executor-thread-15069#
[PollExecuteTaskStatusExecution] 76809f69-5d0f-479d-b97f-483792bc86a1 [2026-09-17T19:19:30.160653] Precompiling "src/gen/data/RiskManagement-Mitigations.csv"... ok (0s 3ms) (STDOUT, APP/TASK/deploy)#
#2026 09 17 19:19:39.397#Z#DEBUG#6e95f57f-b2cc-11f1-b461-eeee0a8dc34e.RiskManagement-db-deployer#flowable-async-job-executor-thread-15069#
[PollExecuteTaskStatusExecution] 76809f69-5d0f-479d-b97f-483792bc86a1 [2026-09-17T19:19:30.160673] Precompiling "src/gen/data/RiskManagement-Risks.csv"... ok (0s 3ms) (STDOUT, APP/TASK/deploy)#
#2026 09 17 19:19:39.397#Z#DEBUG#6e95f57f-b2cc-11f1-b461-eeee0a8dc34e.RiskManagement-db-deployer#flowable-async-job-executor-thread-15069#
[PollExecuteTaskStatusExecution] 76809f69-5d0f-479d-b97f-483792bc86a1 [2026-09-17T19:19:30.160682] Precompiling "src/gen/data/RiskManagement-Risks.hdbtabledata$0.expand"... ok (0s 1ms) (STDOUT, APP/TASK/deploy)#
#2026 09 17 19:19:39.397#Z#DEBUG#6e95f57f-b2cc-11f1-b461-eeee0a8dc34e.RiskManagement-db-deployer#flowable-async-job-executor-thread-15069#
[PollExecuteTaskStatusExecution] 76809f69-5d0f-479d-b97f-483792bc86a1 [2026-09-17T19:19:30.160691] Precompiling... ok (0s 31ms) (STDOUT, APP/TASK/deploy)#
#2026 09 17 19:19:39.397#Z#DEBUG#6e95f57f-b2cc-11f1-b461-eeee0a8dc34e.RiskManagement-db-deployer#flowable-async-job-executor-thread-15069#
[PollExecuteTaskStatusExecution] 76809f69-5d0f-479d-b97f-483792bc86a1 [2026-09-17T19:19:30.160695] Merging... (STDOUT, APP/TASK/deploy)#
#2026 09 17 19:19:39.397#Z#DEBUG#6e95f57f-b2cc-11f1-b461-eeee0a8dc34e.RiskManagement-db-deployer#flowable-async-job-executor-thread-15069#
[PollExecuteTaskStatusExecution] 76809f69-5d0f-479d-b97f-483792bc86a1 [2026-09-17T19:19:30.160698] Merging... ok (0s 8ms) (STDOUT, APP/TASK/deploy)#
#2026 09 17 19:19:39.397#Z#DEBUG#6e95f57f-b2cc-11f1-b461-eeee0a8dc34e.RiskManagement-db-deployer#flowable-async-job-executor-thread-15069#
[PollExecuteTaskStatusExecution] 76809f69-5d0f-479d-b97f-483792bc86a1 [2026-09-17T19:19:30.160702] Calculating dependencies... ok (0s 80ms) (STDOUT, APP/TASK/deploy)#
#2026 09 17 19:19:39.397#Z#DEBUG#6e95f57f-b2cc-11f1-b461-eeee0a8dc34e.RiskManagement-db-deployer#flowable-async-job-executor-thread-15069#
[PollExecuteTaskStatusExecution] 76809f69-5d0f-479d-b97f-483792bc86a1 [2026-09-17T19:19:30.160719] Processing work list... (STDOUT, APP/TASK/deploy)#
#2026 09 17 19:19:39.397#Z#DEBUG#6e95f57f-b2cc-11f1-b461-eeee0a8dc34e.RiskManagement-db-deployer#flowable-async-job-executor-thread-15069#
[PollExecuteTaskStatusExecution] 76809f69-5d0f-479d-b97f-483792bc86a1 [2026-09-17T19:19:30.160722] Deploying "src/gen/data/RiskManagement-Mitigations.csv"... (STDOUT, APP/TASK/deploy)#
#2026 09 17 19:19:39.397#Z#DEBUG#6e95f57f-b2cc-11f1-b461-eeee0a8dc34e.RiskManagement-db-deployer#flowable-async-job-executor-thread-15069#
[PollExecuteTaskStatusExecution] 76809f69-5d0f-479d-b97f-483792bc86a1 [2026-09-17T19:19:30.160725] Deploying "src/gen/data/RiskManagement-Mitigations.hdbtabledata"... (STDOUT, APP/TASK/deploy)#
#2026 09 17 19:19:39.397#Z#DEBUG#6e95f57f-b2cc-11f1-b461-eeee0a8dc34e.RiskManagement-db-deployer#flowable-async-job-executor-thread-15069#
[PollExecuteTaskStatusExecution] 76809f69-5d0f-479d-b97f-483792bc86a1 [2026-09-17T19:19:30.161008] Deploying "src/gen/data/RiskManagement-Mitigations.hdbtabledata"... ok (0s 0ms) (STDOUT, APP/TASK/deploy)#
#2026 09 17 19:19:39.397#Z#DEBUG#6e95f57f-b2cc-11f1-b461-eeee0a8dc34e.RiskManagement-db-deployer#flowable-async-job-executor-thread-15069#
[PollExecuteTaskStatusExecution] 76809f69-5d0f-479d-b97f-483792bc86a1 [2026-09-17T19:19:30.161034] Deploying "src/gen/data/RiskManagement-Risks.csv"... (STDOUT, APP/TASK/deploy)#
#2026 09 17 19:19:39.397#Z#DEBUG#6e95f57f-b2cc-11f1-b461-eeee0a8dc34e.RiskManagement-db-deployer#flowable-async-job-executor-thread-15069#
[PollExecuteTaskStatusExecution] 76809f69-5d0f-479d-b97f-483792bc86a1 [2026-09-17T19:19:30.161461] Error: com.sap.hana.di.tabledata: A column mapping "TIMELINE" : "timeline" is specified, but the column "timeline" cannot be found in the CSV file "RiskManagement-Mitigations.csv" [8251506] (STDERR, APP/TASK/deploy)#
#2026 09 17 19:19:39.397#Z#DEBUG#6e95f57f-b2cc-11f1-b461-eeee0a8dc34e.RiskManagement-db-deployer#flowable-async-job-executor-thread-15069#
[PollExecuteTaskStatusExecution] 76809f69-5d0f-479d-b97f-483792bc86a1 [2026-09-17T19:19:30.161490] Error: com.sap.hana.di.tabledata: Could not parse the data mappings [8251524] (STDERR, APP/TASK/deploy)#
#2026 09 17 19:19:39.397#Z#DEBUG#6e95f57f-b2cc-11f1-b461-eeee0a8dc34e.RiskManagement-db-deployer#flowable-async-job-executor-thread-15069#
[PollExecuteTaskStatusExecution] 76809f69-5d0f-479d-b97f-483792bc86a1 [2026-09-17T19:19:30.161513] Deploying "src/gen/data/RiskManagement-Risks.hdbtabledata"... (STDOUT, APP/TASK/deploy)#
#2026 09 17 19:19:39.397#Z#DEBUG#6e95f57f-b2cc-11f1-b461-eeee0a8dc34e.RiskManagement-db-deployer#flowable-async-job-executor-thread-15069#
[PollExecuteTaskStatusExecution] 76809f69-5d0f-479d-b97f-483792bc86a1 [2026-09-17T19:19:30.161517] Deploying "src/gen/data/RiskManagement-Risks.hdbtabledata"... ok (0s 1ms) (STDOUT, APP/TASK/deploy)#
#2026 09 17 19:19:39.397#Z#DEBUG#6e95f57f-b2cc-11f1-b461-eeee0a8dc34e.RiskManagement-db-deployer#flowable-async-job-executor-thread-15069#
[PollExecuteTaskStatusExecution] 76809f69-5d0f-479d-b97f-483792bc86a1 [2026-09-17T19:19:30.161519] Deploying "src/gen/data/RiskManagement-Mitigations.csv"... ok (0s 4ms) (STDOUT, APP/TASK/deploy)#
#2026 09 17 19:19:39.397#Z#DEBUG#6e95f57f-b2cc-11f1-b461-eeee0a8dc34e.RiskManagement-db-deployer#flowable-async-job-executor-thread-15069#
[PollExecuteTaskStatusExecution] 76809f69-5d0f-479d-b97f-483792bc86a1 [2026-09-17T19:19:30.161524] Deploying "src/gen/data/RiskManagement-Mitigations.hdbtabledata$0.expand"... (STDOUT, APP/TASK/deploy)#
#2026 09 17 19:19:39.397#Z#DEBUG#6e95f57f-b2cc-11f1-b461-eeee0a8dc34e.RiskManagement-db-deployer#flowable-async-job-executor-thread-15069#
[PollExecuteTaskStatusExecution] 76809f69-5d0f-479d-b97f-483792bc86a1 [2026-09-17T19:19:30.161533] Expanded from "src/gen/data/RiskManagement-Mitigations.hdbtabledata" (STDOUT, APP/TASK/deploy)#
#2026 09 17 19:19:39.397#Z#DEBUG#6e95f57f-b2cc-11f1-b461-eeee0a8dc34e.RiskManagement-db-deployer#flowable-async-job-executor-thread-15069#
[PollExecuteTaskStatusExecution] 76809f69-5d0f-479d-b97f-483792bc86a1 [2026-09-17T19:19:30.161535] Deploying "src/gen/data/RiskManagement-Risks.csv"... ok (0s 5ms) (STDOUT, APP/TASK/deploy)#
#2026 09 17 19:19:39.397#Z#DEBUG#6e95f57f-b2cc-11f1-b461-eeee0a8dc34e.RiskManagement-db-deployer#flowable-async-job-executor-thread-15069#
[PollExecuteTaskStatusExecution] 76809f69-5d0f-479d-b97f-483792bc86a1 [2026-09-17T19:19:30.161538] Deploying "src/gen/data/RiskManagement-Risks.hdbtabledata$0.expand"... (STDOUT, APP/TASK/deploy)#
#2026 09 17 19:19:39.397#Z#DEBUG#6e95f57f-b2cc-11f1-b461-eeee0a8dc34e.RiskManagement-db-deployer#flowable-async-job-executor-thread-15069#
[PollExecuteTaskStatusExecution] 76809f69-5d0f-479d-b97f-483792bc86a1 [2026-09-17T19:19:30.161544] Expanded from "src/gen/data/RiskManagement-Risks.hdbtabledata" (STDOUT, APP/TASK/deploy)#
#2026 09 17 19:19:39.397#Z#DEBUG#6e95f57f-b2cc-11f1-b461-eeee0a8dc34e.RiskManagement-db-deployer#flowable-async-job-executor-thread-15069#
[PollExecuteTaskStatusExecution] 76809f69-5d0f-479d-b97f-483792bc86a1 [2026-09-17T19:19:30.161548] at "src/gen/data/RiskManagement-Mitigations.hdbtabledata" (25:26,/imports[0]/column_mappings) (STDOUT, APP/TASK/deploy)#
#2026 09 17 19:19:39.397#Z#DEBUG#6e95f57f-b2cc-11f1-b461-eeee0a8dc34e.RiskManagement-db-deployer#flowable-async-job-executor-thread-15069#
[PollExecuteTaskStatusExecution] 76809f69-5d0f-479d-b97f-483792bc86a1 [2026-09-17T19:19:30.161553] at "src/gen/data/RiskManagement-Mitigations.hdbtabledata" (0:0) (STDOUT, APP/TASK/deploy)#
#2026 09 17 19:19:39.397#Z#DEBUG#6e95f57f-b2cc-11f1-b461-eeee0a8dc34e.RiskManagement-db-deployer#flowable-async-job-executor-thread-15069#
[PollExecuteTaskStatusExecution] 76809f69-5d0f-479d-b97f-483792bc86a1 [2026-09-17T19:19:30.161775] Error: com.sap.hana.di.tabledata: Deploying "src/gen/data/RiskManagement-Mitigations.hdbtabledata$0.expand"... failed [8212145] (STDERR, APP/TASK/deploy)#
#2026 09 17 19:19:39.397#Z#DEBUG#6e95f57f-b2cc-11f1-b461-eeee0a8dc34e.RiskManagement-db-deployer#flowable-async-job-executor-thread-15069#
[PollExecuteTaskStatusExecution] 76809f69-5d0f-479d-b97f-483792bc86a1 [2026-09-17T19:19:30.162124] at "src/gen/data/RiskManagement-Mitigations.hdbtabledata$0.expand" (0:0) (STDOUT, APP/TASK/deploy)#
#2026 09 17 19:19:39.397#Z#DEBUG#6e95f57f-b2cc-11f1-b461-eeee0a8dc34e.RiskManagement-db-deployer#flowable-async-job-executor-thread-15069#
[PollExecuteTaskStatusExecution] 76809f69-5d0f-479d-b97f-483792bc86a1 [2026-09-17T19:19:30.162168] Inserted 3 records of the data source file "RiskManagement-Risks.csv" into the target table "RISKMANAGEMENT_RISKS" (STDOUT, APP/TASK/deploy)#
#2026 09 17 19:19:39.397#Z#DEBUG#6e95f57f-b2cc-11f1-b461-eeee0a8dc34e.RiskManagement-db-deployer#flowable-async-job-executor-thread-15069#
[PollExecuteTaskStatusExecution] 76809f69-5d0f-479d-b97f-483792bc86a1 [2026-09-17T19:19:30.162173] Deploying "src/gen/data/RiskManagement-Risks.hdbtabledata$0.expand"... ok (0s 55ms) (STDOUT, APP/TASK/deploy)#
#2026 09 17 19:19:39.397#Z#DEBUG#6e95f57f-b2cc-11f1-b461-eeee0a8dc34e.RiskManagement-db-deployer#flowable-async-job-executor-thread-15069#
[PollExecuteTaskStatusExecution] 76809f69-5d0f-479d-b97f-483792bc86a1 [2026-09-17T19:19:30.162188] Make failed (6 errors, 0 warnings): tried to deploy 4 files, undeploy 0 files, redeploy 2 dependent files (STDOUT, APP/TASK/deploy)#
#2026 09 17 19:19:39.397#Z#DEBUG#6e95f57f-b2cc-11f1-b461-eeee0a8dc34e.RiskManagement-db-deployer#flowable-async-job-executor-thread-15069#
[PollExecuteTaskStatusExecution] 76809f69-5d0f-479d-b97f-483792bc86a1 [2026-09-17T19:19:30.162220] Error: Worker 2 has encountered an error; all remaining jobs will be canceled [8214600] (STDERR, APP/TASK/deploy)#
#2026 09 17 19:19:39.397#Z#DEBUG#6e95f57f-b2cc-11f1-b461-eeee0a8dc34e.RiskManagement-db-deployer#flowable-async-job-executor-thread-15069#
[PollExecuteTaskStatusExecution] 76809f69-5d0f-479d-b97f-483792bc86a1 [2026-09-17T19:19:30.162226] Error: Processing work list... failed [8212102] (STDERR, APP/TASK/deploy)#
#2026 09 17 19:19:39.397#Z#DEBUG#6e95f57f-b2cc-11f1-b461-eeee0a8dc34e.RiskManagement-db-deployer#flowable-async-job-executor-thread-15069#
[PollExecuteTaskStatusExecution] 76809f69-5d0f-479d-b97f-483792bc86a1 [2026-09-17T19:19:30.162229] Error: Making... failed [8211605] (STDERR, APP/TASK/deploy)#
#2026 09 17 19:19:39.397#Z#DEBUG#6e95f57f-b2cc-11f1-b461-eeee0a8dc34e.RiskManagement-db-deployer#flowable-async-job-executor-thread-15069#
[PollExecuteTaskStatusExecution] 76809f69-5d0f-479d-b97f-483792bc86a1 [2026-09-17T19:19:30.175770] Error: Starting make in the container "469D6B9E201445348236316C21268313" with 4 files to deploy, 0 files to undeploy... failed [8214168] (STDERR, APP/TASK/deploy)#
#2026 09 17 19:19:39.397#Z#DEBUG#6e95f57f-b2cc-11f1-b461-eeee0a8dc34e.RiskManagement-db-deployer#flowable-async-job-executor-thread-15069#
[PollExecuteTaskStatusExecution] 76809f69-5d0f-479d-b97f-483792bc86a1 [2026-09-17T19:19:30.175803] Deployment to container 469D6B9E201445348236316C21268313 failed - error: HDI make failed [Deployment ID: none]. (STDERR, APP/TASK/deploy)#
#2026 09 17 19:19:39.397#Z#DEBUG#6e95f57f-b2cc-11f1-b461-eeee0a8dc34e.RiskManagement-db-deployer#flowable-async-job-executor-thread-15069#
[PollExecuteTaskStatusExecution] 76809f69-5d0f-479d-b97f-483792bc86a1 [2026-09-17T19:19:30.176247] Deployment ended at 2026-09-17 19:19:30 (STDOUT, APP/TASK/deploy)#
#2026 09 17 19:19:39.397#Z#DEBUG#6e95f57f-b2cc-11f1-b461-eeee0a8dc34e.RiskManagement-db-deployer#flowable-async-job-executor-thread-15069#
[PollExecuteTaskStatusExecution] 76809f69-5d0f-479d-b97f-483792bc86a1 [2026-09-17T19:19:30.176857] (2s 161ms) (STDOUT, APP/TASK/deploy)#
#2026 09 17 19:19:39.397#Z#DEBUG#6e95f57f-b2cc-11f1-b461-eeee0a8dc34e.RiskManagement-db-deployer#flowable-async-job-executor-thread-15069#
[PollExecuteTaskStatusExecution] 76809f69-5d0f-479d-b97f-483792bc86a1 [2026-09-17T19:19:30.177044] Error: HDI make failed (STDERR, APP/TASK/deploy)#
#2026 09 17 19:19:39.397#Z#DEBUG#6e95f57f-b2cc-11f1-b461-eeee0a8dc34e.RiskManagement-db-deployer#flowable-async-job-executor-thread-15069#
[PollExecuteTaskStatusExecution] 76809f69-5d0f-479d-b97f-483792bc86a1 [2026-09-17T19:19:30.195867] npm notice (STDERR, APP/TASK/deploy)#
#2026 09 17 19:19:39.397#Z#DEBUG#6e95f57f-b2cc-11f1-b461-eeee0a8dc34e.RiskManagement-db-deployer#flowable-async-job-executor-thread-15069#
[PollExecuteTaskStatusExecution] 76809f69-5d0f-479d-b97f-483792bc86a1 [2026-09-17T19:19:30.195902] npm notice New major version of npm available! 11.17.0 -> 12.0.2 (STDERR, APP/TASK/deploy)#
#2026 09 17 19:19:39.397#Z#DEBUG#6e95f57f-b2cc-11f1-b461-eeee0a8dc34e.RiskManagement-db-deployer#flowable-async-job-executor-thread-15069#
[PollExecuteTaskStatusExecution] 76809f69-5d0f-479d-b97f-483792bc86a1 [2026-09-17T19:19:30.195907] npm notice Changelog: https://github.com/npm/cli/releases/tag/v12.0.2 (STDERR, APP/TASK/deploy)#
#2026 09 17 19:19:39.397#Z#DEBUG#6e95f57f-b2cc-11f1-b461-eeee0a8dc34e.RiskManagement-db-deployer#flowable-async-job-executor-thread-15069#
[PollExecuteTaskStatusExecution] 76809f69-5d0f-479d-b97f-483792bc86a1 [2026-09-17T19:19:30.195921] npm notice To update run: npm install -g npm@12.0.2 (STDERR, APP/TASK/deploy)#
#2026 09 17 19:19:39.397#Z#DEBUG#6e95f57f-b2cc-11f1-b461-eeee0a8dc34e.RiskManagement-db-deployer#flowable-async-job-executor-thread-15069#
[PollExecuteTaskStatusExecution] 76809f69-5d0f-479d-b97f-483792bc86a1 [2026-09-17T19:19:30.195927] npm notice (STDERR, APP/TASK/deploy)#
#2026 09 17 19:19:39.397#Z#DEBUG#6e95f57f-b2cc-11f1-b461-eeee0a8dc34e.RiskManagement-db-deployer#flowable-async-job-executor-thread-15069#
[PollExecuteTaskStatusExecution] 76809f69-5d0f-479d-b97f-483792bc86a1 [2026-09-17T19:19:30.280805] Exit status 1 (STDOUT, APP/TASK/deploy)#
#2026 09 17 19:19:39.397#Z#DEBUG#6e95f57f-b2cc-11f1-b461-eeee0a8dc34e.RiskManagement-db-deployer#flowable-async-job-executor-thread-15069#
[PollExecuteTaskStatusExecution] 76809f69-5d0f-479d-b97f-483792bc86a1 [2026-09-17T19:19:30.808754] Cell d1cc041a-d5a1-41d6-b9f6-6cda736ce3f0 stopping instance 40ef816b-8f65-4e0d-a94c-88f7361c2c42 (STDOUT, CELL)#
#2026 09 17 19:19:39.398#Z#DEBUG#6e95f57f-b2cc-11f1-b461-eeee0a8dc34e.RiskManagement-db-deployer#flowable-async-job-executor-thread-15069#
[PollExecuteTaskStatusExecution] 76809f69-5d0f-479d-b97f-483792bc86a1 [2026-09-17T19:19:30.808798] Cell d1cc041a-d5a1-41d6-b9f6-6cda736ce3f0 destroying container for instance 40ef816b-8f65-4e0d-a94c-88f7361c2c42 (STDOUT, CELL)#
#2026 09 17 19:19:39.398#Z#DEBUG#6e95f57f-b2cc-11f1-b461-eeee0a8dc34e.RiskManagement-db-deployer#flowable-async-job-executor-thread-15069#
[PollExecuteTaskStatusExecution] 76809f69-5d0f-479d-b97f-483792bc86a1 [2026-09-17T19:19:32.530502] Cell d1cc041a-d5a1-41d6-b9f6-6cda736ce3f0 successfully destroyed container for instance 40ef816b-8f65-4e0d-a94c-88f7361c2c42 (STDOUT, CELL)#
#2026 09 17 19:19:49.522#Z#DEBUG#6e95f57f-b2cc-11f1-b461-eeee0a8dc34e.RiskManagement-db-deployer#flowable-async-job-executor-thread-15071#
[PollExecuteTaskStatusExecution] 76809f69-5d0f-479d-b97f-483792bc86a1 [2026-09-17T19:19:29.194630] Deleting files... (STDOUT, APP/TASK/deploy)#
#2026 09 17 19:19:49.522#Z#DEBUG#6e95f57f-b2cc-11f1-b461-eeee0a8dc34e.RiskManagement-db-deployer#flowable-async-job-executor-thread-15071#
[PollExecuteTaskStatusExecution] 76809f69-5d0f-479d-b97f-483792bc86a1 [2026-09-17T19:19:29.340635] Deleting files... ok (STDOUT, APP/TASK/deploy)#
#2026 09 17 19:19:49.522#Z#DEBUG#6e95f57f-b2cc-11f1-b461-eeee0a8dc34e.RiskManagement-db-deployer#flowable-async-job-executor-thread-15071#
[PollExecuteTaskStatusExecution] 76809f69-5d0f-479d-b97f-483792bc86a1 [2026-09-17T19:19:29.340666] Writing files... (STDOUT, APP/TASK/deploy)#
#2026 09 17 19:19:49.522#Z#DEBUG#6e95f57f-b2cc-11f1-b461-eeee0a8dc34e.RiskManagement-db-deployer#flowable-async-job-executor-thread-15071#
[PollExecuteTaskStatusExecution] 76809f69-5d0f-479d-b97f-483792bc86a1 [2026-09-17T19:19:29.340766] Writing 7 items (STDOUT, APP/TASK/deploy)#
#2026 09 17 19:19:49.522#Z#DEBUG#6e95f57f-b2cc-11f1-b461-eeee0a8dc34e.RiskManagement-db-deployer#flowable-async-job-executor-thread-15071#
[PollExecuteTaskStatusExecution] 76809f69-5d0f-479d-b97f-483792bc86a1 [2026-09-17T19:19:29.533833] Writing files... ok (STDOUT, APP/TASK/deploy)#
#2026 09 17 19:19:49.522#Z#DEBUG#6e95f57f-b2cc-11f1-b461-eeee0a8dc34e.RiskManagement-db-deployer#flowable-async-job-executor-thread-15071#
[PollExecuteTaskStatusExecution] 76809f69-5d0f-479d-b97f-483792bc86a1 [2026-09-17T19:19:29.533869] Synchronizing files with the container "469D6B9E201445348236316C21268313"... ok (0s 596ms) (STDOUT, APP/TASK/deploy)#
#2026 09 17 19:19:49.522#Z#DEBUG#6e95f57f-b2cc-11f1-b461-eeee0a8dc34e.RiskManagement-db-deployer#flowable-async-job-executor-thread-15071#
[PollExecuteTaskStatusExecution] 76809f69-5d0f-479d-b97f-483792bc86a1 [2026-09-17T19:19:29.534324] added files: [ (STDOUT, APP/TASK/deploy)#
#2026 09 17 19:19:49.522#Z#DEBUG#6e95f57f-b2cc-11f1-b461-eeee0a8dc34e.RiskManagement-db-deployer#flowable-async-job-executor-thread-15071#
[PollExecuteTaskStatusExecution] 76809f69-5d0f-479d-b97f-483792bc86a1 [2026-09-17T19:19:29.534409] "src/gen/data/RiskManagement-Mitigations.csv", (STDOUT, APP/TASK/deploy)#
#2026 09 17 19:19:49.522#Z#DEBUG#6e95f57f-b2cc-11f1-b461-eeee0a8dc34e.RiskManagement-db-deployer#flowable-async-job-executor-thread-15071#
[PollExecuteTaskStatusExecution] 76809f69-5d0f-479d-b97f-483792bc86a1 [2026-09-17T19:19:29.534414] "src/gen/data/RiskManagement-Mitigations.hdbtabledata", (STDOUT, APP/TASK/deploy)#
#2026 09 17 19:19:49.522#Z#DEBUG#6e95f57f-b2cc-11f1-b461-eeee0a8dc34e.RiskManagement-db-deployer#flowable-async-job-executor-thread-15071#
[PollExecuteTaskStatusExecution] 76809f69-5d0f-479d-b97f-483792bc86a1 [2026-09-17T19:19:29.534417] "src/gen/data/RiskManagement-Risks.csv", (STDOUT, APP/TASK/deploy)#
#2026 09 17 19:19:49.522#Z#DEBUG#6e95f57f-b2cc-11f1-b461-eeee0a8dc34e.RiskManagement-db-deployer#flowable-async-job-executor-thread-15071#
[PollExecuteTaskStatusExecution] 76809f69-5d0f-479d-b97f-483792bc86a1 [2026-09-17T19:19:29.534419] "src/gen/data/RiskManagement-Risks.hdbtabledata" (STDOUT, APP/TASK/deploy)#
#2026 09 17 19:19:49.522#Z#DEBUG#6e95f57f-b2cc-11f1-b461-eeee0a8dc34e.RiskManagement-db-deployer#flowable-async-job-executor-thread-15071#
[PollExecuteTaskStatusExecution] 76809f69-5d0f-479d-b97f-483792bc86a1 [2026-09-17T19:19:29.534421] ] (STDOUT, APP/TASK/deploy)#
#2026 09 17 19:19:49.522#Z#DEBUG#6e95f57f-b2cc-11f1-b461-eeee0a8dc34e.RiskManagement-db-deployer#flowable-async-job-executor-thread-15071#
[PollExecuteTaskStatusExecution] 76809f69-5d0f-479d-b97f-483792bc86a1 [2026-09-17T19:19:29.534448] modified files: [] (STDOUT, APP/TASK/deploy)#
#2026 09 17 19:19:49.522#Z#DEBUG#6e95f57f-b2cc-11f1-b461-eeee0a8dc34e.RiskManagement-db-deployer#flowable-async-job-executor-thread-15071#
[PollExecuteTaskStatusExecution] 76809f69-5d0f-479d-b97f-483792bc86a1 [2026-09-17T19:19:29.534450] deleted files: [] (STDOUT, APP/TASK/deploy)#
#2026 09 17 19:19:49.522#Z#DEBUG#6e95f57f-b2cc-11f1-b461-eeee0a8dc34e.RiskManagement-db-deployer#flowable-async-job-executor-thread-15071#
[PollExecuteTaskStatusExecution] 76809f69-5d0f-479d-b97f-483792bc86a1 [2026-09-17T19:19:29.535013] 4 modified or added files are scheduled for deploy based on delta detection (STDOUT, APP/TASK/deploy)#
#2026 09 17 19:19:49.522#Z#DEBUG#6e95f57f-b2cc-11f1-b461-eeee0a8dc34e.RiskManagement-db-deployer#flowable-async-job-executor-thread-15071#
[PollExecuteTaskStatusExecution] 76809f69-5d0f-479d-b97f-483792bc86a1 [2026-09-17T19:19:29.535046] 0 deleted files are scheduled for undeploy based on delta detection (filtered by undeploy allowlist) (STDOUT, APP/TASK/deploy)#
#2026 09 17 19:19:49.522#Z#DEBUG#6e95f57f-b2cc-11f1-b461-eeee0a8dc34e.RiskManagement-db-deployer#flowable-async-job-executor-thread-15071#
[PollExecuteTaskStatusExecution] 76809f69-5d0f-479d-b97f-483792bc86a1 [2026-09-17T19:19:29.535051] 0 files are scheduled for deploy based on explicit specification (STDOUT, APP/TASK/deploy)#
#2026 09 17 19:19:49.522#Z#DEBUG#6e95f57f-b2cc-11f1-b461-eeee0a8dc34e.RiskManagement-db-deployer#flowable-async-job-executor-thread-15071#
[PollExecuteTaskStatusExecution] 76809f69-5d0f-479d-b97f-483792bc86a1 [2026-09-17T19:19:29.535053] 0 files are scheduled for undeploy based on explicit specification (STDOUT, APP/TASK/deploy)#
#2026 09 17 19:19:49.522#Z#DEBUG#6e95f57f-b2cc-11f1-b461-eeee0a8dc34e.RiskManagement-db-deployer#flowable-async-job-executor-thread-15071#
[PollExecuteTaskStatusExecution] 76809f69-5d0f-479d-b97f-483792bc86a1 [2026-09-17T19:19:29.535071] Deploying to the container "469D6B9E201445348236316C21268313"... (STDOUT, APP/TASK/deploy)#
#2026 09 17 19:19:49.522#Z#DEBUG#6e95f57f-b2cc-11f1-b461-eeee0a8dc34e.RiskManagement-db-deployer#flowable-async-job-executor-thread-15071#
[PollExecuteTaskStatusExecution] 76809f69-5d0f-479d-b97f-483792bc86a1 [2026-09-17T19:19:30.127097] Polling messages for request id: 64 (STDOUT, APP/TASK/deploy)#
#2026 09 17 19:19:49.522#Z#DEBUG#6e95f57f-b2cc-11f1-b461-eeee0a8dc34e.RiskManagement-db-deployer#flowable-async-job-executor-thread-15071#
[PollExecuteTaskStatusExecution] 76809f69-5d0f-479d-b97f-483792bc86a1 [2026-09-17T19:19:30.159919] Starting make in the container "469D6B9E201445348236316C21268313" with 4 files to deploy, 0 files to undeploy... (STDOUT, APP/TASK/deploy)#
#2026 09 17 19:19:49.522#Z#DEBUG#6e95f57f-b2cc-11f1-b461-eeee0a8dc34e.RiskManagement-db-deployer#flowable-async-job-executor-thread-15071#
[PollExecuteTaskStatusExecution] 76809f69-5d0f-479d-b97f-483792bc86a1 [2026-09-17T19:19:30.159973] Disabling table replication for the container schema "469D6B9E201445348236316C21268313"... (STDOUT, APP/TASK/deploy)#
#2026 09 17 19:19:49.522#Z#DEBUG#6e95f57f-b2cc-11f1-b461-eeee0a8dc34e.RiskManagement-db-deployer#flowable-async-job-executor-thread-15071#
[PollExecuteTaskStatusExecution] 76809f69-5d0f-479d-b97f-483792bc86a1 [2026-09-17T19:19:30.159978] Disabling table replication for the container schema "469D6B9E201445348236316C21268313"... ok (0s 25ms) (STDOUT, APP/TASK/deploy)#
#2026 09 17 19:19:49.522#Z#DEBUG#6e95f57f-b2cc-11f1-b461-eeee0a8dc34e.RiskManagement-db-deployer#flowable-async-job-executor-thread-15071#
[PollExecuteTaskStatusExecution] 76809f69-5d0f-479d-b97f-483792bc86a1 [2026-09-17T19:19:30.159981] Migrating libraries... (STDOUT, APP/TASK/deploy)#
#2026 09 17 19:19:49.522#Z#DEBUG#6e95f57f-b2cc-11f1-b461-eeee0a8dc34e.RiskManagement-db-deployer#flowable-async-job-executor-thread-15071#
[PollExecuteTaskStatusExecution] 76809f69-5d0f-479d-b97f-483792bc86a1 [2026-09-17T19:19:30.159986] Migrating libraries... ok (0s 14ms) (STDOUT, APP/TASK/deploy)#
#2026 09 17 19:19:49.522#Z#DEBUG#6e95f57f-b2cc-11f1-b461-eeee0a8dc34e.RiskManagement-db-deployer#flowable-async-job-executor-thread-15071#
[PollExecuteTaskStatusExecution] 76809f69-5d0f-479d-b97f-483792bc86a1 [2026-09-17T19:19:30.159997] Making... (STDOUT, APP/TASK/deploy)#
#2026 09 17 19:19:49.522#Z#DEBUG#6e95f57f-b2cc-11f1-b461-eeee0a8dc34e.RiskManagement-db-deployer#flowable-async-job-executor-thread-15071#
[PollExecuteTaskStatusExecution] 76809f69-5d0f-479d-b97f-483792bc86a1 [2026-09-17T19:19:30.160015] Preparing... (STDOUT, APP/TASK/deploy)#
#2026 09 17 19:19:49.522#Z#DEBUG#6e95f57f-b2cc-11f1-b461-eeee0a8dc34e.RiskManagement-db-deployer#flowable-async-job-executor-thread-15071#
[PollExecuteTaskStatusExecution] 76809f69-5d0f-479d-b97f-483792bc86a1 [2026-09-17T19:19:30.160018] Preparing the make transaction... (STDOUT, APP/TASK/deploy)#
#2026 09 17 19:19:49.522#Z#DEBUG#6e95f57f-b2cc-11f1-b461-eeee0a8dc34e.RiskManagement-db-deployer#flowable-async-job-executor-thread-15071#
[PollExecuteTaskStatusExecution] 76809f69-5d0f-479d-b97f-483792bc86a1 [2026-09-17T19:19:30.160021] Adding "src/gen/data/RiskManagement-Mitigations.csv" for deploy... (STDOUT, APP/TASK/deploy)#
#2026 09 17 19:19:49.522#Z#DEBUG#6e95f57f-b2cc-11f1-b461-eeee0a8dc34e.RiskManagement-db-deployer#flowable-async-job-executor-thread-15071#
[PollExecuteTaskStatusExecution] 76809f69-5d0f-479d-b97f-483792bc86a1 [2026-09-17T19:19:30.160025] Preparing the make transaction... ok (0s 28ms) (STDOUT, APP/TASK/deploy)#
#2026 09 17 19:19:49.522#Z#DEBUG#6e95f57f-b2cc-11f1-b461-eeee0a8dc34e.RiskManagement-db-deployer#flowable-async-job-executor-thread-15071#
[PollExecuteTaskStatusExecution] 76809f69-5d0f-479d-b97f-483792bc86a1 [2026-09-17T19:19:30.160028] Adding "src/gen/data/RiskManagement-Mitigations.csv" for deploy... ok (0s 28ms) (STDOUT, APP/TASK/deploy)#
#2026 09 17 19:19:49.522#Z#DEBUG#6e95f57f-b2cc-11f1-b461-eeee0a8dc34e.RiskManagement-db-deployer#flowable-async-job-executor-thread-15071#
[PollExecuteTaskStatusExecution] 76809f69-5d0f-479d-b97f-483792bc86a1 [2026-09-17T19:19:30.160034] Adding "src/gen/data/RiskManagement-Mitigations.hdbtabledata" for deploy... (STDOUT, APP/TASK/deploy)#
#2026 09 17 19:19:49.522#Z#DEBUG#6e95f57f-b2cc-11f1-b461-eeee0a8dc34e.RiskManagement-db-deployer#flowable-async-job-executor-thread-15071#
[PollExecuteTaskStatusExecution] 76809f69-5d0f-479d-b97f-483792bc86a1 [2026-09-17T19:19:30.160080] Adding "src/gen/data/RiskManagement-Mitigations.hdbtabledata" for deploy... ok (0s 1ms) (STDOUT, APP/TASK/deploy)#
#2026 09 17 19:19:49.522#Z#DEBUG#6e95f57f-b2cc-11f1-b461-eeee0a8dc34e.RiskManagement-db-deployer#flowable-async-job-executor-thread-15071#
[PollExecuteTaskStatusExecution] 76809f69-5d0f-479d-b97f-483792bc86a1 [2026-09-17T19:19:30.160083] Adding "src/gen/data/RiskManagement-Risks.csv" for deploy... (STDOUT, APP/TASK/deploy)#
#2026 09 17 19:19:49.522#Z#DEBUG#6e95f57f-b2cc-11f1-b461-eeee0a8dc34e.RiskManagement-db-deployer#flowable-async-job-executor-thread-15071#
[PollExecuteTaskStatusExecution] 76809f69-5d0f-479d-b97f-483792bc86a1 [2026-09-17T19:19:30.160086] Adding "src/gen/data/RiskManagement-Risks.csv" for deploy... ok (0s 0ms) (STDOUT, APP/TASK/deploy)#
#2026 09 17 19:19:49.522#Z#DEBUG#6e95f57f-b2cc-11f1-b461-eeee0a8dc34e.RiskManagement-db-deployer#flowable-async-job-executor-thread-15071#
[PollExecuteTaskStatusExecution] 76809f69-5d0f-479d-b97f-483792bc86a1 [2026-09-17T19:19:30.160093] Adding "src/gen/data/RiskManagement-Risks.hdbtabledata" for deploy... (STDOUT, APP/TASK/deploy)#
#2026 09 17 19:19:49.522#Z#DEBUG#6e95f57f-b2cc-11f1-b461-eeee0a8dc34e.RiskManagement-db-deployer#flowable-async-job-executor-thread-15071#
[PollExecuteTaskStatusExecution] 76809f69-5d0f-479d-b97f-483792bc86a1 [2026-09-17T19:19:30.160193] Adding "src/gen/data/RiskManagement-Risks.hdbtabledata" for deploy... ok (0s 0ms) (STDOUT, APP/TASK/deploy)#
#2026 09 17 19:19:49.522#Z#DEBUG#6e95f57f-b2cc-11f1-b461-eeee0a8dc34e.RiskManagement-db-deployer#flowable-async-job-executor-thread-15071#
[PollExecuteTaskStatusExecution] 76809f69-5d0f-479d-b97f-483792bc86a1 [2026-09-17T19:19:30.160213] Preparing... ok (0s 62ms) (STDOUT, APP/TASK/deploy)#
#2026 09 17 19:19:49.522#Z#DEBUG#6e95f57f-b2cc-11f1-b461-eeee0a8dc34e.RiskManagement-db-deployer#flowable-async-job-executor-thread-15071#
[PollExecuteTaskStatusExecution] 76809f69-5d0f-479d-b97f-483792bc86a1 [2026-09-17T19:19:30.160217] Calculating dependencies... (STDOUT, APP/TASK/deploy)#
#2026 09 17 19:19:49.522#Z#DEBUG#6e95f57f-b2cc-11f1-b461-eeee0a8dc34e.RiskManagement-db-deployer#flowable-async-job-executor-thread-15071#
[PollExecuteTaskStatusExecution] 76809f69-5d0f-479d-b97f-483792bc86a1 [2026-09-17T19:19:30.160226] Expanding... (STDOUT, APP/TASK/deploy)#
#2026 09 17 19:19:49.522#Z#DEBUG#6e95f57f-b2cc-11f1-b461-eeee0a8dc34e.RiskManagement-db-deployer#flowable-async-job-executor-thread-15071#
[PollExecuteTaskStatusExecution] 76809f69-5d0f-479d-b97f-483792bc86a1 [2026-09-17T19:19:30.160384] Expanding "src/gen/data/RiskManagement-Mitigations.hdbtabledata"... (STDOUT, APP/TASK/deploy)#
#2026 09 17 19:19:49.522#Z#DEBUG#6e95f57f-b2cc-11f1-b461-eeee0a8dc34e.RiskManagement-db-deployer#flowable-async-job-executor-thread-15071#
[PollExecuteTaskStatusExecution] 76809f69-5d0f-479d-b97f-483792bc86a1 [2026-09-17T19:19:30.160402] Expanding "src/gen/data/RiskManagement-Risks.hdbtabledata"... (STDOUT, APP/TASK/deploy)#
#2026 09 17 19:19:49.522#Z#DEBUG#6e95f57f-b2cc-11f1-b461-eeee0a8dc34e.RiskManagement-db-deployer#flowable-async-job-executor-thread-15071#
[PollExecuteTaskStatusExecution] 76809f69-5d0f-479d-b97f-483792bc86a1 [2026-09-17T19:19:30.160406] Expanding "src/gen/data/RiskManagement-Mitigations.hdbtabledata"... ok (0s 3ms) (STDOUT, APP/TASK/deploy)#
#2026 09 17 19:19:49.522#Z#DEBUG#6e95f57f-b2cc-11f1-b461-eeee0a8dc34e.RiskManagement-db-deployer#flowable-async-job-executor-thread-15071#
[PollExecuteTaskStatusExecution] 76809f69-5d0f-479d-b97f-483792bc86a1 [2026-09-17T19:19:30.160409] Expanding "src/gen/data/RiskManagement-Risks.hdbtabledata"... ok (0s 3ms) (STDOUT, APP/TASK/deploy)#
#2026 09 17 19:19:49.522#Z#DEBUG#6e95f57f-b2cc-11f1-b461-eeee0a8dc34e.RiskManagement-db-deployer#flowable-async-job-executor-thread-15071#
[PollExecuteTaskStatusExecution] 76809f69-5d0f-479d-b97f-483792bc86a1 [2026-09-17T19:19:30.160412] Expanding... ok (0s 41ms) (STDOUT, APP/TASK/deploy)#
#2026 09 17 19:19:49.522#Z#DEBUG#6e95f57f-b2cc-11f1-b461-eeee0a8dc34e.RiskManagement-db-deployer#flowable-async-job-executor-thread-15071#
[PollExecuteTaskStatusExecution] 76809f69-5d0f-479d-b97f-483792bc86a1 [2026-09-17T19:19:30.160418] Precompiling... (STDOUT, APP/TASK/deploy)#
#2026 09 17 19:19:49.522#Z#DEBUG#6e95f57f-b2cc-11f1-b461-eeee0a8dc34e.RiskManagement-db-deployer#flowable-async-job-executor-thread-15071#
[PollExecuteTaskStatusExecution] 76809f69-5d0f-479d-b97f-483792bc86a1 [2026-09-17T19:19:30.160610] Precompiling "src/gen/data/RiskManagement-Mitigations.csv"... (STDOUT, APP/TASK/deploy)#
#2026 09 17 19:19:49.522#Z#DEBUG#6e95f57f-b2cc-11f1-b461-eeee0a8dc34e.RiskManagement-db-deployer#flowable-async-job-executor-thread-15071#
[PollExecuteTaskStatusExecution] 76809f69-5d0f-479d-b97f-483792bc86a1 [2026-09-17T19:19:30.160624] Precompiling "src/gen/data/RiskManagement-Mitigations.hdbtabledata"... (STDOUT, APP/TASK/deploy)#
#2026 09 17 19:19:49.522#Z#DEBUG#6e95f57f-b2cc-11f1-b461-eeee0a8dc34e.RiskManagement-db-deployer#flowable-async-job-executor-thread-15071#
[PollExecuteTaskStatusExecution] 76809f69-5d0f-479d-b97f-483792bc86a1 [2026-09-17T19:19:30.160627] Precompiling "src/gen/data/RiskManagement-Mitigations.hdbtabledata"... ok (0s 0ms) (STDOUT, APP/TASK/deploy)#
#2026 09 17 19:19:49.522#Z#DEBUG#6e95f57f-b2cc-11f1-b461-eeee0a8dc34e.RiskManagement-db-deployer#flowable-async-job-executor-thread-15071#
[PollExecuteTaskStatusExecution] 76809f69-5d0f-479d-b97f-483792bc86a1 [2026-09-17T19:19:30.160629] Precompiling "src/gen/data/RiskManagement-Mitigations.hdbtabledata$0.expand"... (STDOUT, APP/TASK/deploy)#
#2026 09 17 19:19:49.522#Z#DEBUG#6e95f57f-b2cc-11f1-b461-eeee0a8dc34e.RiskManagement-db-deployer#flowable-async-job-executor-thread-15071#
[PollExecuteTaskStatusExecution] 76809f69-5d0f-479d-b97f-483792bc86a1 [2026-09-17T19:19:30.160632] Expanded from "src/gen/data/RiskManagement-Mitigations.hdbtabledata" (STDOUT, APP/TASK/deploy)#
#2026 09 17 19:19:49.522#Z#DEBUG#6e95f57f-b2cc-11f1-b461-eeee0a8dc34e.RiskManagement-db-deployer#flowable-async-job-executor-thread-15071#
[PollExecuteTaskStatusExecution] 76809f69-5d0f-479d-b97f-483792bc86a1 [2026-09-17T19:19:30.160636] Precompiling "src/gen/data/RiskManagement-Risks.csv"... (STDOUT, APP/TASK/deploy)#
#2026 09 17 19:19:49.522#Z#DEBUG#6e95f57f-b2cc-11f1-b461-eeee0a8dc34e.RiskManagement-db-deployer#flowable-async-job-executor-thread-15071#
[PollExecuteTaskStatusExecution] 76809f69-5d0f-479d-b97f-483792bc86a1 [2026-09-17T19:19:30.160638] Precompiling "src/gen/data/RiskManagement-Mitigations.hdbtabledata$0.expand"... ok (0s 2ms) (STDOUT, APP/TASK/deploy)#
#2026 09 17 19:19:49.522#Z#DEBUG#6e95f57f-b2cc-11f1-b461-eeee0a8dc34e.RiskManagement-db-deployer#flowable-async-job-executor-thread-15071#
[PollExecuteTaskStatusExecution] 76809f69-5d0f-479d-b97f-483792bc86a1 [2026-09-17T19:19:30.160641] Precompiling "src/gen/data/RiskManagement-Risks.hdbtabledata"... (STDOUT, APP/TASK/deploy)#
#2026 09 17 19:19:49.522#Z#DEBUG#6e95f57f-b2cc-11f1-b461-eeee0a8dc34e.RiskManagement-db-deployer#flowable-async-job-executor-thread-15071#
[PollExecuteTaskStatusExecution] 76809f69-5d0f-479d-b97f-483792bc86a1 [2026-09-17T19:19:30.160645] Precompiling "src/gen/data/RiskManagement-Risks.hdbtabledata"... ok (0s 1ms) (STDOUT, APP/TASK/deploy)#
#2026 09 17 19:19:49.522#Z#DEBUG#6e95f57f-b2cc-11f1-b461-eeee0a8dc34e.RiskManagement-db-deployer#flowable-async-job-executor-thread-15071#
[PollExecuteTaskStatusExecution] 76809f69-5d0f-479d-b97f-483792bc86a1 [2026-09-17T19:19:30.160647] Precompiling "src/gen/data/RiskManagement-Risks.hdbtabledata$0.expand"... (STDOUT, APP/TASK/deploy)#
#2026 09 17 19:19:49.522#Z#DEBUG#6e95f57f-b2cc-11f1-b461-eeee0a8dc34e.RiskManagement-db-deployer#flowable-async-job-executor-thread-15071#
[PollExecuteTaskStatusExecution] 76809f69-5d0f-479d-b97f-483792bc86a1 [2026-09-17T19:19:30.160650] Expanded from "src/gen/data/RiskManagement-Risks.hdbtabledata" (STDOUT, APP/TASK/deploy)#
#2026 09 17 19:19:49.522#Z#DEBUG#6e95f57f-b2cc-11f1-b461-eeee0a8dc34e.RiskManagement-db-deployer#flowable-async-job-executor-thread-15071#
[PollExecuteTaskStatusExecution] 76809f69-5d0f-479d-b97f-483792bc86a1 [2026-09-17T19:19:30.160653] Precompiling "src/gen/data/RiskManagement-Mitigations.csv"... ok (0s 3ms) (STDOUT, APP/TASK/deploy)#
#2026 09 17 19:19:49.522#Z#DEBUG#6e95f57f-b2cc-11f1-b461-eeee0a8dc34e.RiskManagement-db-deployer#flowable-async-job-executor-thread-15071#
[PollExecuteTaskStatusExecution] 76809f69-5d0f-479d-b97f-483792bc86a1 [2026-09-17T19:19:30.160673] Precompiling "src/gen/data/RiskManagement-Risks.csv"... ok (0s 3ms) (STDOUT, APP/TASK/deploy)#
#2026 09 17 19:19:49.522#Z#DEBUG#6e95f57f-b2cc-11f1-b461-eeee0a8dc34e.RiskManagement-db-deployer#flowable-async-job-executor-thread-15071#
[PollExecuteTaskStatusExecution] 76809f69-5d0f-479d-b97f-483792bc86a1 [2026-09-17T19:19:30.160682] Precompiling "src/gen/data/RiskManagement-Risks.hdbtabledata$0.expand"... ok (0s 1ms) (STDOUT, APP/TASK/deploy)#
#2026 09 17 19:19:49.522#Z#DEBUG#6e95f57f-b2cc-11f1-b461-eeee0a8dc34e.RiskManagement-db-deployer#flowable-async-job-executor-thread-15071#
[PollExecuteTaskStatusExecution] 76809f69-5d0f-479d-b97f-483792bc86a1 [2026-09-17T19:19:30.160691] Precompiling... ok (0s 31ms) (STDOUT, APP/TASK/deploy)#
#2026 09 17 19:19:49.522#Z#DEBUG#6e95f57f-b2cc-11f1-b461-eeee0a8dc34e.RiskManagement-db-deployer#flowable-async-job-executor-thread-15071#
[PollExecuteTaskStatusExecution] 76809f69-5d0f-479d-b97f-483792bc86a1 [2026-09-17T19:19:30.160695] Merging... (STDOUT, APP/TASK/deploy)#
#2026 09 17 19:19:49.522#Z#DEBUG#6e95f57f-b2cc-11f1-b461-eeee0a8dc34e.RiskManagement-db-deployer#flowable-async-job-executor-thread-15071#
[PollExecuteTaskStatusExecution] 76809f69-5d0f-479d-b97f-483792bc86a1 [2026-09-17T19:19:30.160698] Merging... ok (0s 8ms) (STDOUT, APP/TASK/deploy)#
#2026 09 17 19:19:49.522#Z#DEBUG#6e95f57f-b2cc-11f1-b461-eeee0a8dc34e.RiskManagement-db-deployer#flowable-async-job-executor-thread-15071#
[PollExecuteTaskStatusExecution] 76809f69-5d0f-479d-b97f-483792bc86a1 [2026-09-17T19:19:30.160702] Calculating dependencies... ok (0s 80ms) (STDOUT, APP/TASK/deploy)#
#2026 09 17 19:19:49.522#Z#DEBUG#6e95f57f-b2cc-11f1-b461-eeee0a8dc34e.RiskManagement-db-deployer#flowable-async-job-executor-thread-15071#
[PollExecuteTaskStatusExecution] 76809f69-5d0f-479d-b97f-483792bc86a1 [2026-09-17T19:19:30.160719] Processing work list... (STDOUT, APP/TASK/deploy)#
#2026 09 17 19:19:49.522#Z#DEBUG#6e95f57f-b2cc-11f1-b461-eeee0a8dc34e.RiskManagement-db-deployer#flowable-async-job-executor-thread-15071#
[PollExecuteTaskStatusExecution] 76809f69-5d0f-479d-b97f-483792bc86a1 [2026-09-17T19:19:30.160722] Deploying "src/gen/data/RiskManagement-Mitigations.csv"... (STDOUT, APP/TASK/deploy)#
#2026 09 17 19:19:49.522#Z#DEBUG#6e95f57f-b2cc-11f1-b461-eeee0a8dc34e.RiskManagement-db-deployer#flowable-async-job-executor-thread-15071#
[PollExecuteTaskStatusExecution] 76809f69-5d0f-479d-b97f-483792bc86a1 [2026-09-17T19:19:30.160725] Deploying "src/gen/data/RiskManagement-Mitigations.hdbtabledata"... (STDOUT, APP/TASK/deploy)#
#2026 09 17 19:19:49.522#Z#DEBUG#6e95f57f-b2cc-11f1-b461-eeee0a8dc34e.RiskManagement-db-deployer#flowable-async-job-executor-thread-15071#
[PollExecuteTaskStatusExecution] 76809f69-5d0f-479d-b97f-483792bc86a1 [2026-09-17T19:19:30.161008] Deploying "src/gen/data/RiskManagement-Mitigations.hdbtabledata"... ok (0s 0ms) (STDOUT, APP/TASK/deploy)#
#2026 09 17 19:19:49.522#Z#DEBUG#6e95f57f-b2cc-11f1-b461-eeee0a8dc34e.RiskManagement-db-deployer#flowable-async-job-executor-thread-15071#
[PollExecuteTaskStatusExecution] 76809f69-5d0f-479d-b97f-483792bc86a1 [2026-09-17T19:19:30.161034] Deploying "src/gen/data/RiskManagement-Risks.csv"... (STDOUT, APP/TASK/deploy)#
#2026 09 17 19:19:49.522#Z#DEBUG#6e95f57f-b2cc-11f1-b461-eeee0a8dc34e.RiskManagement-db-deployer#flowable-async-job-executor-thread-15071#
[PollExecuteTaskStatusExecution] 76809f69-5d0f-479d-b97f-483792bc86a1 [2026-09-17T19:19:30.161461] Error: com.sap.hana.di.tabledata: A column mapping "TIMELINE" : "timeline" is specified, but the column "timeline" cannot be found in the CSV file "RiskManagement-Mitigations.csv" [8251506] (STDERR, APP/TASK/deploy)#
#2026 09 17 19:19:49.522#Z#DEBUG#6e95f57f-b2cc-11f1-b461-eeee0a8dc34e.RiskManagement-db-deployer#flowable-async-job-executor-thread-15071#
[PollExecuteTaskStatusExecution] 76809f69-5d0f-479d-b97f-483792bc86a1 [2026-09-17T19:19:30.161490] Error: com.sap.hana.di.tabledata: Could not parse the data mappings [8251524] (STDERR, APP/TASK/deploy)#
#2026 09 17 19:19:49.522#Z#DEBUG#6e95f57f-b2cc-11f1-b461-eeee0a8dc34e.RiskManagement-db-deployer#flowable-async-job-executor-thread-15071#
[PollExecuteTaskStatusExecution] 76809f69-5d0f-479d-b97f-483792bc86a1 [2026-09-17T19:19:30.161513] Deploying "src/gen/data/RiskManagement-Risks.hdbtabledata"... (STDOUT, APP/TASK/deploy)#
#2026 09 17 19:19:49.522#Z#DEBUG#6e95f57f-b2cc-11f1-b461-eeee0a8dc34e.RiskManagement-db-deployer#flowable-async-job-executor-thread-15071#
[PollExecuteTaskStatusExecution] 76809f69-5d0f-479d-b97f-483792bc86a1 [2026-09-17T19:19:30.161517] Deploying "src/gen/data/RiskManagement-Risks.hdbtabledata"... ok (0s 1ms) (STDOUT, APP/TASK/deploy)#
#2026 09 17 19:19:49.522#Z#DEBUG#6e95f57f-b2cc-11f1-b461-eeee0a8dc34e.RiskManagement-db-deployer#flowable-async-job-executor-thread-15071#
[PollExecuteTaskStatusExecution] 76809f69-5d0f-479d-b97f-483792bc86a1 [2026-09-17T19:19:30.161519] Deploying "src/gen/data/RiskManagement-Mitigations.csv"... ok (0s 4ms) (STDOUT, APP/TASK/deploy)#
#2026 09 17 19:19:49.522#Z#DEBUG#6e95f57f-b2cc-11f1-b461-eeee0a8dc34e.RiskManagement-db-deployer#flowable-async-job-executor-thread-15071#
[PollExecuteTaskStatusExecution] 76809f69-5d0f-479d-b97f-483792bc86a1 [2026-09-17T19:19:30.161524] Deploying "src/gen/data/RiskManagement-Mitigations.hdbtabledata$0.expand"... (STDOUT, APP/TASK/deploy)#
#2026 09 17 19:19:49.522#Z#DEBUG#6e95f57f-b2cc-11f1-b461-eeee0a8dc34e.RiskManagement-db-deployer#flowable-async-job-executor-thread-15071#
[PollExecuteTaskStatusExecution] 76809f69-5d0f-479d-b97f-483792bc86a1 [2026-09-17T19:19:30.161533] Expanded from "src/gen/data/RiskManagement-Mitigations.hdbtabledata" (STDOUT, APP/TASK/deploy)#
#2026 09 17 19:19:49.522#Z#DEBUG#6e95f57f-b2cc-11f1-b461-eeee0a8dc34e.RiskManagement-db-deployer#flowable-async-job-executor-thread-15071#
[PollExecuteTaskStatusExecution] 76809f69-5d0f-479d-b97f-483792bc86a1 [2026-09-17T19:19:30.161535] Deploying "src/gen/data/RiskManagement-Risks.csv"... ok (0s 5ms) (STDOUT, APP/TASK/deploy)#
#2026 09 17 19:19:49.522#Z#DEBUG#6e95f57f-b2cc-11f1-b461-eeee0a8dc34e.RiskManagement-db-deployer#flowable-async-job-executor-thread-15071#
[PollExecuteTaskStatusExecution] 76809f69-5d0f-479d-b97f-483792bc86a1 [2026-09-17T19:19:30.161538] Deploying "src/gen/data/RiskManagement-Risks.hdbtabledata$0.expand"... (STDOUT, APP/TASK/deploy)#
#2026 09 17 19:19:49.522#Z#DEBUG#6e95f57f-b2cc-11f1-b461-eeee0a8dc34e.RiskManagement-db-deployer#flowable-async-job-executor-thread-15071#
[PollExecuteTaskStatusExecution] 76809f69-5d0f-479d-b97f-483792bc86a1 [2026-09-17T19:19:30.161544] Expanded from "src/gen/data/RiskManagement-Risks.hdbtabledata" (STDOUT, APP/TASK/deploy)#
#2026 09 17 19:19:49.522#Z#DEBUG#6e95f57f-b2cc-11f1-b461-eeee0a8dc34e.RiskManagement-db-deployer#flowable-async-job-executor-thread-15071#
[PollExecuteTaskStatusExecution] 76809f69-5d0f-479d-b97f-483792bc86a1 [2026-09-17T19:19:30.161548] at "src/gen/data/RiskManagement-Mitigations.hdbtabledata" (25:26,/imports[0]/column_mappings) (STDOUT, APP/TASK/deploy)#
#2026 09 17 19:19:49.522#Z#DEBUG#6e95f57f-b2cc-11f1-b461-eeee0a8dc34e.RiskManagement-db-deployer#flowable-async-job-executor-thread-15071#
[PollExecuteTaskStatusExecution] 76809f69-5d0f-479d-b97f-483792bc86a1 [2026-09-17T19:19:30.161553] at "src/gen/data/RiskManagement-Mitigations.hdbtabledata" (0:0) (STDOUT, APP/TASK/deploy)#
#2026 09 17 19:19:49.522#Z#DEBUG#6e95f57f-b2cc-11f1-b461-eeee0a8dc34e.RiskManagement-db-deployer#flowable-async-job-executor-thread-15071#
[PollExecuteTaskStatusExecution] 76809f69-5d0f-479d-b97f-483792bc86a1 [2026-09-17T19:19:30.161775] Error: com.sap.hana.di.tabledata: Deploying "src/gen/data/RiskManagement-Mitigations.hdbtabledata$0.expand"... failed [8212145] (STDERR, APP/TASK/deploy)#
#2026 09 17 19:19:49.522#Z#DEBUG#6e95f57f-b2cc-11f1-b461-eeee0a8dc34e.RiskManagement-db-deployer#flowable-async-job-executor-thread-15071#
[PollExecuteTaskStatusExecution] 76809f69-5d0f-479d-b97f-483792bc86a1 [2026-09-17T19:19:30.162124] at "src/gen/data/RiskManagement-Mitigations.hdbtabledata$0.expand" (0:0) (STDOUT, APP/TASK/deploy)#
#2026 09 17 19:19:49.522#Z#DEBUG#6e95f57f-b2cc-11f1-b461-eeee0a8dc34e.RiskManagement-db-deployer#flowable-async-job-executor-thread-15071#
[PollExecuteTaskStatusExecution] 76809f69-5d0f-479d-b97f-483792bc86a1 [2026-09-17T19:19:30.162168] Inserted 3 records of the data source file "RiskManagement-Risks.csv" into the target table "RISKMANAGEMENT_RISKS" (STDOUT, APP/TASK/deploy)#
#2026 09 17 19:19:49.522#Z#DEBUG#6e95f57f-b2cc-11f1-b461-eeee0a8dc34e.RiskManagement-db-deployer#flowable-async-job-executor-thread-15071#
[PollExecuteTaskStatusExecution] 76809f69-5d0f-479d-b97f-483792bc86a1 [2026-09-17T19:19:30.162173] Deploying "src/gen/data/RiskManagement-Risks.hdbtabledata$0.expand"... ok (0s 55ms) (STDOUT, APP/TASK/deploy)#
#2026 09 17 19:19:49.522#Z#DEBUG#6e95f57f-b2cc-11f1-b461-eeee0a8dc34e.RiskManagement-db-deployer#flowable-async-job-executor-thread-15071#
[PollExecuteTaskStatusExecution] 76809f69-5d0f-479d-b97f-483792bc86a1 [2026-09-17T19:19:30.162188] Make failed (6 errors, 0 warnings): tried to deploy 4 files, undeploy 0 files, redeploy 2 dependent files (STDOUT, APP/TASK/deploy)#
#2026 09 17 19:19:49.522#Z#DEBUG#6e95f57f-b2cc-11f1-b461-eeee0a8dc34e.RiskManagement-db-deployer#flowable-async-job-executor-thread-15071#
[PollExecuteTaskStatusExecution] 76809f69-5d0f-479d-b97f-483792bc86a1 [2026-09-17T19:19:30.162220] Error: Worker 2 has encountered an error; all remaining jobs will be canceled [8214600] (STDERR, APP/TASK/deploy)#
#2026 09 17 19:19:49.522#Z#DEBUG#6e95f57f-b2cc-11f1-b461-eeee0a8dc34e.RiskManagement-db-deployer#flowable-async-job-executor-thread-15071#
[PollExecuteTaskStatusExecution] 76809f69-5d0f-479d-b97f-483792bc86a1 [2026-09-17T19:19:30.162226] Error: Processing work list... failed [8212102] (STDERR, APP/TASK/deploy)#
#2026 09 17 19:19:49.522#Z#DEBUG#6e95f57f-b2cc-11f1-b461-eeee0a8dc34e.RiskManagement-db-deployer#flowable-async-job-executor-thread-15071#
[PollExecuteTaskStatusExecution] 76809f69-5d0f-479d-b97f-483792bc86a1 [2026-09-17T19:19:30.162229] Error: Making... failed [8211605] (STDERR, APP/TASK/deploy)#
#2026 09 17 19:19:49.522#Z#DEBUG#6e95f57f-b2cc-11f1-b461-eeee0a8dc34e.RiskManagement-db-deployer#flowable-async-job-executor-thread-15071#
[PollExecuteTaskStatusExecution] 76809f69-5d0f-479d-b97f-483792bc86a1 [2026-09-17T19:19:30.175770] Error: Starting make in the container "469D6B9E201445348236316C21268313" with 4 files to deploy, 0 files to undeploy... failed [8214168] (STDERR, APP/TASK/deploy)#
#2026 09 17 19:19:49.522#Z#DEBUG#6e95f57f-b2cc-11f1-b461-eeee0a8dc34e.RiskManagement-db-deployer#flowable-async-job-executor-thread-15071#
[PollExecuteTaskStatusExecution] 76809f69-5d0f-479d-b97f-483792bc86a1 [2026-09-17T19:19:30.175803] Deployment to container 469D6B9E201445348236316C21268313 failed - error: HDI make failed [Deployment ID: none]. (STDERR, APP/TASK/deploy)#
#2026 09 17 19:19:49.522#Z#DEBUG#6e95f57f-b2cc-11f1-b461-eeee0a8dc34e.RiskManagement-db-deployer#flowable-async-job-executor-thread-15071#
[PollExecuteTaskStatusExecution] 76809f69-5d0f-479d-b97f-483792bc86a1 [2026-09-17T19:19:30.176247] Deployment ended at 2026-09-17 19:19:30 (STDOUT, APP/TASK/deploy)#
#2026 09 17 19:19:49.522#Z#DEBUG#6e95f57f-b2cc-11f1-b461-eeee0a8dc34e.RiskManagement-db-deployer#flowable-async-job-executor-thread-15071#
[PollExecuteTaskStatusExecution] 76809f69-5d0f-479d-b97f-483792bc86a1 [2026-09-17T19:19:30.176857] (2s 161ms) (STDOUT, APP/TASK/deploy)#
#2026 09 17 19:19:49.522#Z#DEBUG#6e95f57f-b2cc-11f1-b461-eeee0a8dc34e.RiskManagement-db-deployer#flowable-async-job-executor-thread-15071#
[PollExecuteTaskStatusExecution] 76809f69-5d0f-479d-b97f-483792bc86a1 [2026-09-17T19:19:30.177044] Error: HDI make failed (STDERR, APP/TASK/deploy)#
#2026 09 17 19:19:49.522#Z#DEBUG#6e95f57f-b2cc-11f1-b461-eeee0a8dc34e.RiskManagement-db-deployer#flowable-async-job-executor-thread-15071#
[PollExecuteTaskStatusExecution] 76809f69-5d0f-479d-b97f-483792bc86a1 [2026-09-17T19:19:30.195867] npm notice (STDERR, APP/TASK/deploy)#
#2026 09 17 19:19:49.522#Z#DEBUG#6e95f57f-b2cc-11f1-b461-eeee0a8dc34e.RiskManagement-db-deployer#flowable-async-job-executor-thread-15071#
[PollExecuteTaskStatusExecution] 76809f69-5d0f-479d-b97f-483792bc86a1 [2026-09-17T19:19:30.195902] npm notice New major version of npm available! 11.17.0 -> 12.0.2 (STDERR, APP/TASK/deploy)#
#2026 09 17 19:19:49.522#Z#DEBUG#6e95f57f-b2cc-11f1-b461-eeee0a8dc34e.RiskManagement-db-deployer#flowable-async-job-executor-thread-15071#
[PollExecuteTaskStatusExecution] 76809f69-5d0f-479d-b97f-483792bc86a1 [2026-09-17T19:19:30.195907] npm notice Changelog: https://github.com/npm/cli/releases/tag/v12.0.2 (STDERR, APP/TASK/deploy)#
#2026 09 17 19:19:49.522#Z#DEBUG#6e95f57f-b2cc-11f1-b461-eeee0a8dc34e.RiskManagement-db-deployer#flowable-async-job-executor-thread-15071#
[PollExecuteTaskStatusExecution] 76809f69-5d0f-479d-b97f-483792bc86a1 [2026-09-17T19:19:30.195921] npm notice To update run: npm install -g npm@12.0.2 (STDERR, APP/TASK/deploy)#
#2026 09 17 19:19:49.522#Z#DEBUG#6e95f57f-b2cc-11f1-b461-eeee0a8dc34e.RiskManagement-db-deployer#flowable-async-job-executor-thread-15071#
[PollExecuteTaskStatusExecution] 76809f69-5d0f-479d-b97f-483792bc86a1 [2026-09-17T19:19:30.195927] npm notice (STDERR, APP/TASK/deploy)#
#2026 09 17 19:19:49.522#Z#DEBUG#6e95f57f-b2cc-11f1-b461-eeee0a8dc34e.RiskManagement-db-deployer#flowable-async-job-executor-thread-15071#
[PollExecuteTaskStatusExecution] 76809f69-5d0f-479d-b97f-483792bc86a1 [2026-09-17T19:19:30.280805] Exit status 1 (STDOUT, APP/TASK/deploy)#
#2026 09 17 19:19:49.522#Z#DEBUG#6e95f57f-b2cc-11f1-b461-eeee0a8dc34e.RiskManagement-db-deployer#flowable-async-job-executor-thread-15071#
[PollExecuteTaskStatusExecution] 76809f69-5d0f-479d-b97f-483792bc86a1 [2026-09-17T19:19:30.808754] Cell d1cc041a-d5a1-41d6-b9f6-6cda736ce3f0 stopping instance 40ef816b-8f65-4e0d-a94c-88f7361c2c42 (STDOUT, CELL)#
#2026 09 17 19:19:49.522#Z#DEBUG#6e95f57f-b2cc-11f1-b461-eeee0a8dc34e.RiskManagement-db-deployer#flowable-async-job-executor-thread-15071#
[PollExecuteTaskStatusExecution] 76809f69-5d0f-479d-b97f-483792bc86a1 [2026-09-17T19:19:30.808798] Cell d1cc041a-d5a1-41d6-b9f6-6cda736ce3f0 destroying container for instance 40ef816b-8f65-4e0d-a94c-88f7361c2c42 (STDOUT, CELL)#
#2026 09 17 19:19:49.522#Z#DEBUG#6e95f57f-b2cc-11f1-b461-eeee0a8dc34e.RiskManagement-db-deployer#flowable-async-job-executor-thread-15071#
[PollExecuteTaskStatusExecution] 76809f69-5d0f-479d-b97f-483792bc86a1 [2026-09-17T19:19:32.530502] Cell d1cc041a-d5a1-41d6-b9f6-6cda736ce3f0 successfully destroyed container for instance 40ef816b-8f65-4e0d-a94c-88f7361c2c42 (STDOUT, CELL)#
#2026 09 17 19:19:49.522#Z#DEBUG#6e95f57f-b2cc-11f1-b461-eeee0a8dc34e.RiskManagement-db-deployer#flowable-async-job-executor-thread-15071#
[PollExecuteTaskStatusExecution] 76809f69-5d0f-479d-b97f-483792bc86a1 [2026-09-17T19:19:41.345553] Cell 684caff8-89cd-492b-be01-b3d0835f1763 creating container for instance 7f94846e-95ce-42dc-b58f-7082ec3edfd2 (STDOUT, CELL)#
#2026 09 17 19:19:49.522#Z#DEBUG#6e95f57f-b2cc-11f1-b461-eeee0a8dc34e.RiskManagement-db-deployer#flowable-async-job-executor-thread-15071#
[PollExecuteTaskStatusExecution] 76809f69-5d0f-479d-b97f-483792bc86a1 [2026-09-17T19:19:41.995903] Security group rules were updated (STDOUT, CELL)#
#2026 09 17 19:19:49.522#Z#DEBUG#6e95f57f-b2cc-11f1-b461-eeee0a8dc34e.RiskManagement-db-deployer#flowable-async-job-executor-thread-15071#
[PollExecuteTaskStatusExecution] 76809f69-5d0f-479d-b97f-483792bc86a1 [2026-09-17T19:19:42.036715] Cell 684caff8-89cd-492b-be01-b3d0835f1763 successfully created container for instance 7f94846e-95ce-42dc-b58f-7082ec3edfd2 (STDOUT, CELL)#
#2026 09 17 19:19:49.522#Z#DEBUG#6e95f57f-b2cc-11f1-b461-eeee0a8dc34e.RiskManagement-db-deployer#flowable-async-job-executor-thread-15071#
[PollExecuteTaskStatusExecution] 76809f69-5d0f-479d-b97f-483792bc86a1 [2026-09-17T19:19:46.662187] Invoking pre-start scripts. (STDOUT, APP/TASK/deploy)#
#2026 09 17 19:19:49.522#Z#DEBUG#6e95f57f-b2cc-11f1-b461-eeee0a8dc34e.RiskManagement-db-deployer#flowable-async-job-executor-thread-15071#
[PollExecuteTaskStatusExecution] 76809f69-5d0f-479d-b97f-483792bc86a1 [2026-09-17T19:19:46.879692] Invoking start command. (STDOUT, APP/TASK/deploy)#
#2026 09 17 19:19:49.522#Z#DEBUG#6e95f57f-b2cc-11f1-b461-eeee0a8dc34e.RiskManagement-db-deployer#flowable-async-job-executor-thread-15071#
[PollExecuteTaskStatusExecution] 76809f69-5d0f-479d-b97f-483792bc86a1 [2026-09-17T19:19:47.327891] > start (STDOUT, APP/TASK/deploy)#
#2026 09 17 19:19:49.522#Z#DEBUG#6e95f57f-b2cc-11f1-b461-eeee0a8dc34e.RiskManagement-db-deployer#flowable-async-job-executor-thread-15071#
[PollExecuteTaskStatusExecution] 76809f69-5d0f-479d-b97f-483792bc86a1 [2026-09-17T19:19:47.327929] > node node_modules/@sap/hdi-deploy/deploy.js --use-hdb --parameter com.sap.hana.di.table/try_fast_table_migration=true (STDOUT, APP/TASK/deploy)#
#2026 09 17 19:19:49.522#Z#DEBUG#6e95f57f-b2cc-11f1-b461-eeee0a8dc34e.RiskManagement-db-deployer#flowable-async-job-executor-thread-15071#
[PollExecuteTaskStatusExecution] 76809f69-5d0f-479d-b97f-483792bc86a1 [2026-09-17T19:19:47.491826] VCAP_SERVICES: (STDOUT, APP/TASK/deploy)#
#2026 09 17 19:19:49.522#Z#DEBUG#6e95f57f-b2cc-11f1-b461-eeee0a8dc34e.RiskManagement-db-deployer#flowable-async-job-executor-thread-15071#
[PollExecuteTaskStatusExecution] 76809f69-5d0f-479d-b97f-483792bc86a1 [2026-09-17T19:19:47.493019] { (STDOUT, APP/TASK/deploy)#
#2026 09 17 19:19:49.522#Z#DEBUG#6e95f57f-b2cc-11f1-b461-eeee0a8dc34e.RiskManagement-db-deployer#flowable-async-job-executor-thread-15071#
[PollExecuteTaskStatusExecution] 76809f69-5d0f-479d-b97f-483792bc86a1 [2026-09-17T19:19:47.493042] "hana": [ (STDOUT, APP/TASK/deploy)#
#2026 09 17 19:19:49.522#Z#DEBUG#6e95f57f-b2cc-11f1-b461-eeee0a8dc34e.RiskManagement-db-deployer#flowable-async-job-executor-thread-15071#
[PollExecuteTaskStatusExecution] 76809f69-5d0f-479d-b97f-483792bc86a1 [2026-09-17T19:19:47.493045] { (STDOUT, APP/TASK/deploy)#
#2026 09 17 19:19:49.522#Z#DEBUG#6e95f57f-b2cc-11f1-b461-eeee0a8dc34e.RiskManagement-db-deployer#flowable-async-job-executor-thread-15071#
[PollExecuteTaskStatusExecution] 76809f69-5d0f-479d-b97f-483792bc86a1 [2026-09-17T19:19:47.493051] "name": "RiskManagement-db", (STDOUT, APP/TASK/deploy)#
#2026 09 17 19:19:49.522#Z#DEBUG#6e95f57f-b2cc-11f1-b461-eeee0a8dc34e.RiskManagement-db-deployer#flowable-async-job-executor-thread-15071#
[PollExecuteTaskStatusExecution] 76809f69-5d0f-479d-b97f-483792bc86a1 [2026-09-17T19:19:47.493054] "label": "hana", (STDOUT, APP/TASK/deploy)#
#2026 09 17 19:19:49.522#Z#DEBUG#6e95f57f-b2cc-11f1-b461-eeee0a8dc34e.RiskManagement-db-deployer#flowable-async-job-executor-thread-15071#
[PollExecuteTaskStatusExecution] 76809f69-5d0f-479d-b97f-483792bc86a1 [2026-09-17T19:19:47.493058] "plan": "hdi-shared", (STDOUT, APP/TASK/deploy)#
#2026 09 17 19:19:49.522#Z#DEBUG#6e95f57f-b2cc-11f1-b461-eeee0a8dc34e.RiskManagement-db-deployer#flowable-async-job-executor-thread-15071#
[PollExecuteTaskStatusExecution] 76809f69-5d0f-479d-b97f-483792bc86a1 [2026-09-17T19:19:47.493061] "credentials": { (STDOUT, APP/TASK/deploy)#
#2026 09 17 19:19:49.522#Z#DEBUG#6e95f57f-b2cc-11f1-b461-eeee0a8dc34e.RiskManagement-db-deployer#flowable-async-job-executor-thread-15071#
[PollExecuteTaskStatusExecution] 76809f69-5d0f-479d-b97f-483792bc86a1 [2026-09-17T19:19:47.493064] "schema": "469D6B9E201445348236316C21268313", (STDOUT, APP/TASK/deploy)#
#2026 09 17 19:19:49.522#Z#DEBUG#6e95f57f-b2cc-11f1-b461-eeee0a8dc34e.RiskManagement-db-deployer#flowable-async-job-executor-thread-15071#
[PollExecuteTaskStatusExecution] 76809f69-5d0f-479d-b97f-483792bc86a1 [2026-09-17T19:19:47.493070] "database_id": "69bcbe67-03bc-4478-9fd0-d9ad2b0779fc", (STDOUT, APP/TASK/deploy)#
#2026 09 17 19:19:49.522#Z#DEBUG#6e95f57f-b2cc-11f1-b461-eeee0a8dc34e.RiskManagement-db-deployer#flowable-async-job-executor-thread-15071#
[PollExecuteTaskStatusExecution] 76809f69-5d0f-479d-b97f-483792bc86a1 [2026-09-17T19:19:47.493074] "user": "469D6B9E201445348236316C21268313_DA1EK27B9WKWJE4OZPZOBUXWP_RT", (STDOUT, APP/TASK/deploy)#
#2026 09 17 19:19:49.522#Z#DEBUG#6e95f57f-b2cc-11f1-b461-eeee0a8dc34e.RiskManagement-db-deployer#flowable-async-job-executor-thread-15071#
[PollExecuteTaskStatusExecution] 76809f69-5d0f-479d-b97f-483792bc86a1 [2026-09-17T19:19:47.493078] "hdi_user": "469D6B9E201445348236316C21268313_DA1EK27B9WKWJE4OZPZOBUXWP_DT" (STDOUT, APP/TASK/deploy)#
#2026 09 17 19:19:49.522#Z#DEBUG#6e95f57f-b2cc-11f1-b461-eeee0a8dc34e.RiskManagement-db-deployer#flowable-async-job-executor-thread-15071#
[PollExecuteTaskStatusExecution] 76809f69-5d0f-479d-b97f-483792bc86a1 [2026-09-17T19:19:47.493089] }, (STDOUT, APP/TASK/deploy)#
#2026 09 17 19:19:49.522#Z#DEBUG#6e95f57f-b2cc-11f1-b461-eeee0a8dc34e.RiskManagement-db-deployer#flowable-async-job-executor-thread-15071#
[PollExecuteTaskStatusExecution] 76809f69-5d0f-479d-b97f-483792bc86a1 [2026-09-17T19:19:47.493091] "tags": [ (STDOUT, APP/TASK/deploy)#
#2026 09 17 19:19:49.522#Z#DEBUG#6e95f57f-b2cc-11f1-b461-eeee0a8dc34e.RiskManagement-db-deployer#flowable-async-job-executor-thread-15071#
[PollExecuteTaskStatusExecution] 76809f69-5d0f-479d-b97f-483792bc86a1 [2026-09-17T19:19:47.493095] "hana", (STDOUT, APP/TASK/deploy)#
#2026 09 17 19:19:49.522#Z#DEBUG#6e95f57f-b2cc-11f1-b461-eeee0a8dc34e.RiskManagement-db-deployer#flowable-async-job-executor-thread-15071#
[PollExecuteTaskStatusExecution] 76809f69-5d0f-479d-b97f-483792bc86a1 [2026-09-17T19:19:47.493146] "database", (STDOUT, APP/TASK/deploy)#
#2026 09 17 19:19:49.522#Z#DEBUG#6e95f57f-b2cc-11f1-b461-eeee0a8dc34e.RiskManagement-db-deployer#flowable-async-job-executor-thread-15071#
[PollExecuteTaskStatusExecution] 76809f69-5d0f-479d-b97f-483792bc86a1 [2026-09-17T19:19:47.493149] "relational" (STDOUT, APP/TASK/deploy)#
#2026 09 17 19:19:49.522#Z#DEBUG#6e95f57f-b2cc-11f1-b461-eeee0a8dc34e.RiskManagement-db-deployer#flowable-async-job-executor-thread-15071#
[PollExecuteTaskStatusExecution] 76809f69-5d0f-479d-b97f-483792bc86a1 [2026-09-17T19:19:47.493151] ] (STDOUT, APP/TASK/deploy)#
#2026 09 17 19:19:49.522#Z#DEBUG#6e95f57f-b2cc-11f1-b461-eeee0a8dc34e.RiskManagement-db-deployer#flowable-async-job-executor-thread-15071#
[PollExecuteTaskStatusExecution] 76809f69-5d0f-479d-b97f-483792bc86a1 [2026-09-17T19:19:47.493154] } (STDOUT, APP/TASK/deploy)#
#2026 09 17 19:19:49.522#Z#DEBUG#6e95f57f-b2cc-11f1-b461-eeee0a8dc34e.RiskManagement-db-deployer#flowable-async-job-executor-thread-15071#
[PollExecuteTaskStatusExecution] 76809f69-5d0f-479d-b97f-483792bc86a1 [2026-09-17T19:19:47.493155] ] (STDOUT, APP/TASK/deploy)#
#2026 09 17 19:19:49.522#Z#DEBUG#6e95f57f-b2cc-11f1-b461-eeee0a8dc34e.RiskManagement-db-deployer#flowable-async-job-executor-thread-15071#
[PollExecuteTaskStatusExecution] 76809f69-5d0f-479d-b97f-483792bc86a1 [2026-09-17T19:19:47.493159] } (STDOUT, APP/TASK/deploy)#
#2026 09 17 19:19:49.522#Z#DEBUG#6e95f57f-b2cc-11f1-b461-eeee0a8dc34e.RiskManagement-db-deployer#flowable-async-job-executor-thread-15071#
[PollExecuteTaskStatusExecution] 76809f69-5d0f-479d-b97f-483792bc86a1 [2026-09-17T19:19:47.938967] @sap/hdi-deploy, version 5.7.0 (mode default), server version 4.00.000.00.1788856605 (4.0.0.0), cloud version 2026.14.19, node version 24.19.0, HDI version 1016, container API version 1007 (STDOUT, APP/TASK/deploy)#
#2026 09 17 19:19:49.522#Z#DEBUG#6e95f57f-b2cc-11f1-b461-eeee0a8dc34e.RiskManagement-db-deployer#flowable-async-job-executor-thread-15071#
[PollExecuteTaskStatusExecution] 76809f69-5d0f-479d-b97f-483792bc86a1 [2026-09-17T19:19:47.939037] Deployment started at 2026-09-17 19:19:47 (STDOUT, APP/TASK/deploy)#
#2026 09 17 19:19:49.522#Z#DEBUG#6e95f57f-b2cc-11f1-b461-eeee0a8dc34e.RiskManagement-db-deployer#flowable-async-job-executor-thread-15071#
[PollExecuteTaskStatusExecution] 76809f69-5d0f-479d-b97f-483792bc86a1 [2026-09-17T19:19:47.939375] Using hdb@2.29.6 for connection (STDOUT, APP/TASK/deploy)#
#2026 09 17 19:19:49.522#Z#DEBUG#6e95f57f-b2cc-11f1-b461-eeee0a8dc34e.RiskManagement-db-deployer#flowable-async-job-executor-thread-15071#
[PollExecuteTaskStatusExecution] 76809f69-5d0f-479d-b97f-483792bc86a1 [2026-09-17T19:19:47.959047] No ignore file at /home/vcap/app/.hdiignore. (STDOUT, APP/TASK/deploy)#
#2026 09 17 19:19:49.522#Z#DEBUG#6e95f57f-b2cc-11f1-b461-eeee0a8dc34e.RiskManagement-db-deployer#flowable-async-job-executor-thread-15071#
[PollExecuteTaskStatusExecution] 76809f69-5d0f-479d-b97f-483792bc86a1 [2026-09-17T19:19:47.959378] Collecting files... (STDOUT, APP/TASK/deploy)#
#2026 09 17 19:19:49.522#Z#DEBUG#6e95f57f-b2cc-11f1-b461-eeee0a8dc34e.RiskManagement-db-deployer#flowable-async-job-executor-thread-15071#
[PollExecuteTaskStatusExecution] 76809f69-5d0f-479d-b97f-483792bc86a1 [2026-09-17T19:19:47.965178] Collecting files... ok (0s 6ms) (STDOUT, APP/TASK/deploy)#
#2026 09 17 19:19:49.522#Z#DEBUG#6e95f57f-b2cc-11f1-b461-eeee0a8dc34e.RiskManagement-db-deployer#flowable-async-job-executor-thread-15071#
[PollExecuteTaskStatusExecution] 76809f69-5d0f-479d-b97f-483792bc86a1 [2026-09-17T19:19:47.965219] 3 directories collected (STDOUT, APP/TASK/deploy)#
#2026 09 17 19:19:49.522#Z#DEBUG#6e95f57f-b2cc-11f1-b461-eeee0a8dc34e.RiskManagement-db-deployer#flowable-async-job-executor-thread-15071#
[PollExecuteTaskStatusExecution] 76809f69-5d0f-479d-b97f-483792bc86a1 [2026-09-17T19:19:47.965224] 15 files collected (STDOUT, APP/TASK/deploy)#
#2026 09 17 19:19:49.522#Z#DEBUG#6e95f57f-b2cc-11f1-b461-eeee0a8dc34e.RiskManagement-db-deployer#flowable-async-job-executor-thread-15071#
[PollExecuteTaskStatusExecution] 76809f69-5d0f-479d-b97f-483792bc86a1 [2026-09-17T19:19:47.965226] 0 reusable modules collected (STDOUT, APP/TASK/deploy)#
#2026 09 17 19:19:49.522#Z#DEBUG#6e95f57f-b2cc-11f1-b461-eeee0a8dc34e.RiskManagement-db-deployer#flowable-async-job-executor-thread-15071#
[PollExecuteTaskStatusExecution] 76809f69-5d0f-479d-b97f-483792bc86a1 [2026-09-17T19:19:47.965316] Target service: RiskManagement-db (STDOUT, APP/TASK/deploy)#
#2026 09 17 19:19:49.522#Z#DEBUG#6e95f57f-b2cc-11f1-b461-eeee0a8dc34e.RiskManagement-db-deployer#flowable-async-job-executor-thread-15071#
[PollExecuteTaskStatusExecution] 76809f69-5d0f-479d-b97f-483792bc86a1 [2026-09-17T19:19:48.187061] Previous build with request ID 64 finished at 2026-09-17T19:19:30.118 with status Canceled and message: Make failed (6 errors, 0 warnings): tried to deploy 4 files, undeploy 0 files, redeploy 2 dependent files. (STDOUT, APP/TASK/deploy)#
#2026 09 17 19:19:49.522#Z#DEBUG#6e95f57f-b2cc-11f1-b461-eeee0a8dc34e.RiskManagement-db-deployer#flowable-async-job-executor-thread-15071#
[PollExecuteTaskStatusExecution] 76809f69-5d0f-479d-b97f-483792bc86a1 [2026-09-17T19:19:48.187124] Processing revoke files... (STDOUT, APP/TASK/deploy)#
#2026 09 17 19:19:49.522#Z#DEBUG#6e95f57f-b2cc-11f1-b461-eeee0a8dc34e.RiskManagement-db-deployer#flowable-async-job-executor-thread-15071#
[PollExecuteTaskStatusExecution] 76809f69-5d0f-479d-b97f-483792bc86a1 [2026-09-17T19:19:48.187146] Processing revoke files... ok (0s 0ms) (STDOUT, APP/TASK/deploy)#
#2026 09 17 19:19:49.522#Z#DEBUG#6e95f57f-b2cc-11f1-b461-eeee0a8dc34e.RiskManagement-db-deployer#flowable-async-job-executor-thread-15071#
[PollExecuteTaskStatusExecution] 76809f69-5d0f-479d-b97f-483792bc86a1 [2026-09-17T19:19:48.187328] Processing grants files... (STDOUT, APP/TASK/deploy)#
#2026 09 17 19:19:49.522#Z#DEBUG#6e95f57f-b2cc-11f1-b461-eeee0a8dc34e.RiskManagement-db-deployer#flowable-async-job-executor-thread-15071#
[PollExecuteTaskStatusExecution] 76809f69-5d0f-479d-b97f-483792bc86a1 [2026-09-17T19:19:48.188299] Processing grants files... ok (0s 0ms) (STDOUT, APP/TASK/deploy)#
#2026 09 17 19:19:49.522#Z#DEBUG#6e95f57f-b2cc-11f1-b461-eeee0a8dc34e.RiskManagement-db-deployer#flowable-async-job-executor-thread-15071#
[PollExecuteTaskStatusExecution] 76809f69-5d0f-479d-b97f-483792bc86a1 [2026-09-17T19:19:48.189898] Preprocessing files... (STDOUT, APP/TASK/deploy)#
#2026 09 17 19:19:49.522#Z#DEBUG#6e95f57f-b2cc-11f1-b461-eeee0a8dc34e.RiskManagement-db-deployer#flowable-async-job-executor-thread-15071#
[PollExecuteTaskStatusExecution] 76809f69-5d0f-479d-b97f-483792bc86a1 [2026-09-17T19:19:48.190095] Preprocessing files... ok (0s 0ms) (STDOUT, APP/TASK/deploy)#
#2026 09 17 19:19:49.522#Z#DEBUG#6e95f57f-b2cc-11f1-b461-eeee0a8dc34e.RiskManagement-db-deployer#flowable-async-job-executor-thread-15071#
[PollExecuteTaskStatusExecution] 76809f69-5d0f-479d-b97f-483792bc86a1 [2026-09-17T19:19:48.190208] Connecting to the container "469D6B9E201445348236316C21268313"... (STDOUT, APP/TASK/deploy)#
#2026 09 17 19:19:49.522#Z#DEBUG#6e95f57f-b2cc-11f1-b461-eeee0a8dc34e.RiskManagement-db-deployer#flowable-async-job-executor-thread-15071#
[PollExecuteTaskStatusExecution] 76809f69-5d0f-479d-b97f-483792bc86a1 [2026-09-17T19:19:48.264820] Connecting to the container "469D6B9E201445348236316C21268313"... ok (0s 74ms) (STDOUT, APP/TASK/deploy)#
#2026 09 17 19:19:49.522#Z#DEBUG#6e95f57f-b2cc-11f1-b461-eeee0a8dc34e.RiskManagement-db-deployer#flowable-async-job-executor-thread-15071#
[PollExecuteTaskStatusExecution] 76809f69-5d0f-479d-b97f-483792bc86a1 [2026-09-17T19:19:48.264852] Locking the container "469D6B9E201445348236316C21268313"... (STDOUT, APP/TASK/deploy)#
#2026 09 17 19:19:49.522#Z#DEBUG#6e95f57f-b2cc-11f1-b461-eeee0a8dc34e.RiskManagement-db-deployer#flowable-async-job-executor-thread-15071#
[PollExecuteTaskStatusExecution] 76809f69-5d0f-479d-b97f-483792bc86a1 [2026-09-17T19:19:48.496450] Locking the container "469D6B9E201445348236316C21268313"... ok (0s 232ms) (STDOUT, APP/TASK/deploy)#
#2026 09 17 19:19:49.522#Z#DEBUG#6e95f57f-b2cc-11f1-b461-eeee0a8dc34e.RiskManagement-db-deployer#flowable-async-job-executor-thread-15071#
[PollExecuteTaskStatusExecution] 76809f69-5d0f-479d-b97f-483792bc86a1 [2026-09-17T19:19:48.496485] Synchronizing files with the container "469D6B9E201445348236316C21268313"... (STDOUT, APP/TASK/deploy)#
#2026 09 17 19:19:49.522#Z#DEBUG#6e95f57f-b2cc-11f1-b461-eeee0a8dc34e.RiskManagement-db-deployer#flowable-async-job-executor-thread-15071#
[PollExecuteTaskStatusExecution] 76809f69-5d0f-479d-b97f-483792bc86a1 [2026-09-17T19:19:48.826991] Deleting files... (STDOUT, APP/TASK/deploy)#
#2026 09 17 19:19:49.522#Z#DEBUG#6e95f57f-b2cc-11f1-b461-eeee0a8dc34e.RiskManagement-db-deployer#flowable-async-job-executor-thread-15071#
[PollExecuteTaskStatusExecution] 76809f69-5d0f-479d-b97f-483792bc86a1 [2026-09-17T19:19:49.058026] Deleting files... ok (STDOUT, APP/TASK/deploy)#
#2026 09 17 19:19:49.522#Z#DEBUG#6e95f57f-b2cc-11f1-b461-eeee0a8dc34e.RiskManagement-db-deployer#flowable-async-job-executor-thread-15071#
[PollExecuteTaskStatusExecution] 76809f69-5d0f-479d-b97f-483792bc86a1 [2026-09-17T19:19:49.058058] Writing files... (STDOUT, APP/TASK/deploy)#
#2026 09 17 19:19:49.522#Z#DEBUG#6e95f57f-b2cc-11f1-b461-eeee0a8dc34e.RiskManagement-db-deployer#flowable-async-job-executor-thread-15071#
[PollExecuteTaskStatusExecution] 76809f69-5d0f-479d-b97f-483792bc86a1 [2026-09-17T19:19:49.058240] Writing 7 items (STDOUT, APP/TASK/deploy)#
#2026 09 17 19:19:49.522#Z#DEBUG#6e95f57f-b2cc-11f1-b461-eeee0a8dc34e.RiskManagement-db-deployer#flowable-async-job-executor-thread-15071#
[PollExecuteTaskStatusExecution] 76809f69-5d0f-479d-b97f-483792bc86a1 [2026-09-17T19:19:49.264750] Writing files... ok (STDOUT, APP/TASK/deploy)#
#2026 09 17 19:19:49.522#Z#DEBUG#6e95f57f-b2cc-11f1-b461-eeee0a8dc34e.RiskManagement-db-deployer#flowable-async-job-executor-thread-15071#
[PollExecuteTaskStatusExecution] 76809f69-5d0f-479d-b97f-483792bc86a1 [2026-09-17T19:19:49.264781] Synchronizing files with the container "469D6B9E201445348236316C21268313"... ok (0s 768ms) (STDOUT, APP/TASK/deploy)#
#2026 09 17 19:19:49.522#Z#DEBUG#6e95f57f-b2cc-11f1-b461-eeee0a8dc34e.RiskManagement-db-deployer#flowable-async-job-executor-thread-15071#
[PollExecuteTaskStatusExecution] 76809f69-5d0f-479d-b97f-483792bc86a1 [2026-09-17T19:19:49.265203] added files: [ (STDOUT, APP/TASK/deploy)#
#2026 09 17 19:19:49.522#Z#DEBUG#6e95f57f-b2cc-11f1-b461-eeee0a8dc34e.RiskManagement-db-deployer#flowable-async-job-executor-thread-15071#
[PollExecuteTaskStatusExecution] 76809f69-5d0f-479d-b97f-483792bc86a1 [2026-09-17T19:19:49.265224] "src/gen/data/RiskManagement-Mitigations.csv", (STDOUT, APP/TASK/deploy)#
#2026 09 17 19:19:49.522#Z#DEBUG#6e95f57f-b2cc-11f1-b461-eeee0a8dc34e.RiskManagement-db-deployer#flowable-async-job-executor-thread-15071#
[PollExecuteTaskStatusExecution] 76809f69-5d0f-479d-b97f-483792bc86a1 [2026-09-17T19:19:49.265231] "src/gen/data/RiskManagement-Mitigations.hdbtabledata", (STDOUT, APP/TASK/deploy)#
#2026 09 17 19:19:49.522#Z#DEBUG#6e95f57f-b2cc-11f1-b461-eeee0a8dc34e.RiskManagement-db-deployer#flowable-async-job-executor-thread-15071#
[PollExecuteTaskStatusExecution] 76809f69-5d0f-479d-b97f-483792bc86a1 [2026-09-17T19:19:49.265234] "src/gen/data/RiskManagement-Risks.csv", (STDOUT, APP/TASK/deploy)#
#2026 09 17 19:19:49.522#Z#DEBUG#6e95f57f-b2cc-11f1-b461-eeee0a8dc34e.RiskManagement-db-deployer#flowable-async-job-executor-thread-15071#
[PollExecuteTaskStatusExecution] 76809f69-5d0f-479d-b97f-483792bc86a1 [2026-09-17T19:19:49.265237] "src/gen/data/RiskManagement-Risks.hdbtabledata" (STDOUT, APP/TASK/deploy)#
#2026 09 17 19:19:49.522#Z#DEBUG#6e95f57f-b2cc-11f1-b461-eeee0a8dc34e.RiskManagement-db-deployer#flowable-async-job-executor-thread-15071#
[PollExecuteTaskStatusExecution] 76809f69-5d0f-479d-b97f-483792bc86a1 [2026-09-17T19:19:49.265240] ] (STDOUT, APP/TASK/deploy)#
#2026 09 17 19:19:49.522#Z#DEBUG#6e95f57f-b2cc-11f1-b461-eeee0a8dc34e.RiskManagement-db-deployer#flowable-async-job-executor-thread-15071#
[PollExecuteTaskStatusExecution] 76809f69-5d0f-479d-b97f-483792bc86a1 [2026-09-17T19:19:49.265244] modified files: [] (STDOUT, APP/TASK/deploy)#
#2026 09 17 19:19:49.522#Z#DEBUG#6e95f57f-b2cc-11f1-b461-eeee0a8dc34e.RiskManagement-db-deployer#flowable-async-job-executor-thread-15071#
[PollExecuteTaskStatusExecution] 76809f69-5d0f-479d-b97f-483792bc86a1 [2026-09-17T19:19:49.265246] deleted files: [] (STDOUT, APP/TASK/deploy)#
#2026 09 17 19:19:49.522#Z#DEBUG#6e95f57f-b2cc-11f1-b461-eeee0a8dc34e.RiskManagement-db-deployer#flowable-async-job-executor-thread-15071#
[PollExecuteTaskStatusExecution] 76809f69-5d0f-479d-b97f-483792bc86a1 [2026-09-17T19:19:49.265311] 4 modified or added files are scheduled for deploy based on delta detection (STDOUT, APP/TASK/deploy)#
#2026 09 17 19:19:49.522#Z#DEBUG#6e95f57f-b2cc-11f1-b461-eeee0a8dc34e.RiskManagement-db-deployer#flowable-async-job-executor-thread-15071#
[PollExecuteTaskStatusExecution] 76809f69-5d0f-479d-b97f-483792bc86a1 [2026-09-17T19:19:49.265621] 0 deleted files are scheduled for undeploy based on delta detection (filtered by undeploy allowlist) (STDOUT, APP/TASK/deploy)#
#2026 09 17 19:19:49.522#Z#DEBUG#6e95f57f-b2cc-11f1-b461-eeee0a8dc34e.RiskManagement-db-deployer#flowable-async-job-executor-thread-15071#
[PollExecuteTaskStatusExecution] 76809f69-5d0f-479d-b97f-483792bc86a1 [2026-09-17T19:19:49.267917] 0 files are scheduled for deploy based on explicit specification (STDOUT, APP/TASK/deploy)#
#2026 09 17 19:19:49.522#Z#DEBUG#6e95f57f-b2cc-11f1-b461-eeee0a8dc34e.RiskManagement-db-deployer#flowable-async-job-executor-thread-15071#
[PollExecuteTaskStatusExecution] 76809f69-5d0f-479d-b97f-483792bc86a1 [2026-09-17T19:19:49.267950] 0 files are scheduled for undeploy based on explicit specification (STDOUT, APP/TASK/deploy)#
#2026 09 17 19:19:49.522#Z#DEBUG#6e95f57f-b2cc-11f1-b461-eeee0a8dc34e.RiskManagement-db-deployer#flowable-async-job-executor-thread-15071#
[PollExecuteTaskStatusExecution] 76809f69-5d0f-479d-b97f-483792bc86a1 [2026-09-17T19:19:49.267954] Deploying to the container "469D6B9E201445348236316C21268313"... (STDOUT, APP/TASK/deploy)#
#2026 09 17 19:19:59.579#Z#DEBUG#6e95f57f-b2cc-11f1-b461-eeee0a8dc34e.RiskManagement-db-deployer#flowable-async-job-executor-thread-15085#
[PollExecuteTaskStatusExecution] 76809f69-5d0f-479d-b97f-483792bc86a1 [2026-09-17T19:19:49.828413] Starting make in the container "469D6B9E201445348236316C21268313" with 4 files to deploy, 0 files to undeploy... (STDOUT, APP/TASK/deploy)#
#2026 09 17 19:19:59.579#Z#DEBUG#6e95f57f-b2cc-11f1-b461-eeee0a8dc34e.RiskManagement-db-deployer#flowable-async-job-executor-thread-15085#
[PollExecuteTaskStatusExecution] 76809f69-5d0f-479d-b97f-483792bc86a1 [2026-09-17T19:19:49.828444] Disabling table replication for the container schema "469D6B9E201445348236316C21268313"... (STDOUT, APP/TASK/deploy)#
#2026 09 17 19:19:59.579#Z#DEBUG#6e95f57f-b2cc-11f1-b461-eeee0a8dc34e.RiskManagement-db-deployer#flowable-async-job-executor-thread-15085#
[PollExecuteTaskStatusExecution] 76809f69-5d0f-479d-b97f-483792bc86a1 [2026-09-17T19:19:49.828448] Disabling table replication for the container schema "469D6B9E201445348236316C21268313"... ok (0s 15ms) (STDOUT, APP/TASK/deploy)#
#2026 09 17 19:19:59.579#Z#DEBUG#6e95f57f-b2cc-11f1-b461-eeee0a8dc34e.RiskManagement-db-deployer#flowable-async-job-executor-thread-15085#
[PollExecuteTaskStatusExecution] 76809f69-5d0f-479d-b97f-483792bc86a1 [2026-09-17T19:19:49.828451] Migrating libraries... (STDOUT, APP/TASK/deploy)#
#2026 09 17 19:19:59.579#Z#DEBUG#6e95f57f-b2cc-11f1-b461-eeee0a8dc34e.RiskManagement-db-deployer#flowable-async-job-executor-thread-15085#
[PollExecuteTaskStatusExecution] 76809f69-5d0f-479d-b97f-483792bc86a1 [2026-09-17T19:19:49.829176] Migrating libraries... ok (0s 19ms) (STDOUT, APP/TASK/deploy)#
#2026 09 17 19:19:59.579#Z#DEBUG#6e95f57f-b2cc-11f1-b461-eeee0a8dc34e.RiskManagement-db-deployer#flowable-async-job-executor-thread-15085#
[PollExecuteTaskStatusExecution] 76809f69-5d0f-479d-b97f-483792bc86a1 [2026-09-17T19:19:49.829258] Making... (STDOUT, APP/TASK/deploy)#
#2026 09 17 19:19:59.579#Z#DEBUG#6e95f57f-b2cc-11f1-b461-eeee0a8dc34e.RiskManagement-db-deployer#flowable-async-job-executor-thread-15085#
[PollExecuteTaskStatusExecution] 76809f69-5d0f-479d-b97f-483792bc86a1 [2026-09-17T19:19:49.829285] Preparing... (STDOUT, APP/TASK/deploy)#
#2026 09 17 19:19:59.579#Z#DEBUG#6e95f57f-b2cc-11f1-b461-eeee0a8dc34e.RiskManagement-db-deployer#flowable-async-job-executor-thread-15085#
[PollExecuteTaskStatusExecution] 76809f69-5d0f-479d-b97f-483792bc86a1 [2026-09-17T19:19:49.829298] Preparing the make transaction... (STDOUT, APP/TASK/deploy)#
#2026 09 17 19:19:59.579#Z#DEBUG#6e95f57f-b2cc-11f1-b461-eeee0a8dc34e.RiskManagement-db-deployer#flowable-async-job-executor-thread-15085#
[PollExecuteTaskStatusExecution] 76809f69-5d0f-479d-b97f-483792bc86a1 [2026-09-17T19:19:49.829306] Adding "src/gen/data/RiskManagement-Mitigations.csv" for deploy... (STDOUT, APP/TASK/deploy)#
#2026 09 17 19:19:59.579#Z#DEBUG#6e95f57f-b2cc-11f1-b461-eeee0a8dc34e.RiskManagement-db-deployer#flowable-async-job-executor-thread-15085#
[PollExecuteTaskStatusExecution] 76809f69-5d0f-479d-b97f-483792bc86a1 [2026-09-17T19:19:49.829511] Preparing the make transaction... ok (0s 21ms) (STDOUT, APP/TASK/deploy)#
#2026 09 17 19:19:59.579#Z#DEBUG#6e95f57f-b2cc-11f1-b461-eeee0a8dc34e.RiskManagement-db-deployer#flowable-async-job-executor-thread-15085#
[PollExecuteTaskStatusExecution] 76809f69-5d0f-479d-b97f-483792bc86a1 [2026-09-17T19:19:49.829529] Adding "src/gen/data/RiskManagement-Mitigations.csv" for deploy... ok (0s 17ms) (STDOUT, APP/TASK/deploy)#
#2026 09 17 19:19:59.579#Z#DEBUG#6e95f57f-b2cc-11f1-b461-eeee0a8dc34e.RiskManagement-db-deployer#flowable-async-job-executor-thread-15085#
[PollExecuteTaskStatusExecution] 76809f69-5d0f-479d-b97f-483792bc86a1 [2026-09-17T19:19:49.829538] Adding "src/gen/data/RiskManagement-Mitigations.hdbtabledata" for deploy... (STDOUT, APP/TASK/deploy)#
#2026 09 17 19:19:59.579#Z#DEBUG#6e95f57f-b2cc-11f1-b461-eeee0a8dc34e.RiskManagement-db-deployer#flowable-async-job-executor-thread-15085#
[PollExecuteTaskStatusExecution] 76809f69-5d0f-479d-b97f-483792bc86a1 [2026-09-17T19:19:49.829550] Adding "src/gen/data/RiskManagement-Mitigations.hdbtabledata" for deploy... ok (0s 0ms) (STDOUT, APP/TASK/deploy)#
#2026 09 17 19:19:59.579#Z#DEBUG#6e95f57f-b2cc-11f1-b461-eeee0a8dc34e.RiskManagement-db-deployer#flowable-async-job-executor-thread-15085#
[PollExecuteTaskStatusExecution] 76809f69-5d0f-479d-b97f-483792bc86a1 [2026-09-17T19:19:49.829565] Adding "src/gen/data/RiskManagement-Risks.csv" for deploy... (STDOUT, APP/TASK/deploy)#
#2026 09 17 19:19:59.579#Z#DEBUG#6e95f57f-b2cc-11f1-b461-eeee0a8dc34e.RiskManagement-db-deployer#flowable-async-job-executor-thread-15085#
[PollExecuteTaskStatusExecution] 76809f69-5d0f-479d-b97f-483792bc86a1 [2026-09-17T19:19:49.829580] Adding "src/gen/data/RiskManagement-Risks.csv" for deploy... ok (0s 0ms) (STDOUT, APP/TASK/deploy)#
#2026 09 17 19:19:59.579#Z#DEBUG#6e95f57f-b2cc-11f1-b461-eeee0a8dc34e.RiskManagement-db-deployer#flowable-async-job-executor-thread-15085#
[PollExecuteTaskStatusExecution] 76809f69-5d0f-479d-b97f-483792bc86a1 [2026-09-17T19:19:49.829583] Adding "src/gen/data/RiskManagement-Risks.hdbtabledata" for deploy... (STDOUT, APP/TASK/deploy)#
#2026 09 17 19:19:59.579#Z#DEBUG#6e95f57f-b2cc-11f1-b461-eeee0a8dc34e.RiskManagement-db-deployer#flowable-async-job-executor-thread-15085#
[PollExecuteTaskStatusExecution] 76809f69-5d0f-479d-b97f-483792bc86a1 [2026-09-17T19:19:49.829689] Adding "src/gen/data/RiskManagement-Risks.hdbtabledata" for deploy... ok (0s 0ms) (STDOUT, APP/TASK/deploy)#
#2026 09 17 19:19:59.579#Z#DEBUG#6e95f57f-b2cc-11f1-b461-eeee0a8dc34e.RiskManagement-db-deployer#flowable-async-job-executor-thread-15085#
[PollExecuteTaskStatusExecution] 76809f69-5d0f-479d-b97f-483792bc86a1 [2026-09-17T19:19:49.829703] Preparing... ok (0s 70ms) (STDOUT, APP/TASK/deploy)#
#2026 09 17 19:19:59.579#Z#DEBUG#6e95f57f-b2cc-11f1-b461-eeee0a8dc34e.RiskManagement-db-deployer#flowable-async-job-executor-thread-15085#
[PollExecuteTaskStatusExecution] 76809f69-5d0f-479d-b97f-483792bc86a1 [2026-09-17T19:19:49.829718] Calculating dependencies... (STDOUT, APP/TASK/deploy)#
#2026 09 17 19:19:59.579#Z#DEBUG#6e95f57f-b2cc-11f1-b461-eeee0a8dc34e.RiskManagement-db-deployer#flowable-async-job-executor-thread-15085#
[PollExecuteTaskStatusExecution] 76809f69-5d0f-479d-b97f-483792bc86a1 [2026-09-17T19:19:49.829722] Expanding... (STDOUT, APP/TASK/deploy)#
#2026 09 17 19:19:59.579#Z#DEBUG#6e95f57f-b2cc-11f1-b461-eeee0a8dc34e.RiskManagement-db-deployer#flowable-async-job-executor-thread-15085#
[PollExecuteTaskStatusExecution] 76809f69-5d0f-479d-b97f-483792bc86a1 [2026-09-17T19:19:49.829725] Expanding "src/gen/data/RiskManagement-Mitigations.hdbtabledata"... (STDOUT, APP/TASK/deploy)#
#2026 09 17 19:19:59.579#Z#DEBUG#6e95f57f-b2cc-11f1-b461-eeee0a8dc34e.RiskManagement-db-deployer#flowable-async-job-executor-thread-15085#
[PollExecuteTaskStatusExecution] 76809f69-5d0f-479d-b97f-483792bc86a1 [2026-09-17T19:19:49.829739] Expanding "src/gen/data/RiskManagement-Risks.hdbtabledata"... (STDOUT, APP/TASK/deploy)#
#2026 09 17 19:19:59.579#Z#DEBUG#6e95f57f-b2cc-11f1-b461-eeee0a8dc34e.RiskManagement-db-deployer#flowable-async-job-executor-thread-15085#
[PollExecuteTaskStatusExecution] 76809f69-5d0f-479d-b97f-483792bc86a1 [2026-09-17T19:19:49.829742] Expanding "src/gen/data/RiskManagement-Mitigations.hdbtabledata"... ok (0s 3ms) (STDOUT, APP/TASK/deploy)#
#2026 09 17 19:19:59.579#Z#DEBUG#6e95f57f-b2cc-11f1-b461-eeee0a8dc34e.RiskManagement-db-deployer#flowable-async-job-executor-thread-15085#
[PollExecuteTaskStatusExecution] 76809f69-5d0f-479d-b97f-483792bc86a1 [2026-09-17T19:19:49.829744] Expanding "src/gen/data/RiskManagement-Risks.hdbtabledata"... ok (0s 3ms) (STDOUT, APP/TASK/deploy)#
#2026 09 17 19:19:59.579#Z#DEBUG#6e95f57f-b2cc-11f1-b461-eeee0a8dc34e.RiskManagement-db-deployer#flowable-async-job-executor-thread-15085#
[PollExecuteTaskStatusExecution] 76809f69-5d0f-479d-b97f-483792bc86a1 [2026-09-17T19:19:49.829749] Expanding... ok (0s 27ms) (STDOUT, APP/TASK/deploy)#
#2026 09 17 19:19:59.579#Z#DEBUG#6e95f57f-b2cc-11f1-b461-eeee0a8dc34e.RiskManagement-db-deployer#flowable-async-job-executor-thread-15085#
[PollExecuteTaskStatusExecution] 76809f69-5d0f-479d-b97f-483792bc86a1 [2026-09-17T19:19:49.829752] Precompiling... (STDOUT, APP/TASK/deploy)#
#2026 09 17 19:19:59.579#Z#DEBUG#6e95f57f-b2cc-11f1-b461-eeee0a8dc34e.RiskManagement-db-deployer#flowable-async-job-executor-thread-15085#
[PollExecuteTaskStatusExecution] 76809f69-5d0f-479d-b97f-483792bc86a1 [2026-09-17T19:19:49.829754] Precompiling "src/gen/data/RiskManagement-Mitigations.csv"... (STDOUT, APP/TASK/deploy)#
#2026 09 17 19:19:59.579#Z#DEBUG#6e95f57f-b2cc-11f1-b461-eeee0a8dc34e.RiskManagement-db-deployer#flowable-async-job-executor-thread-15085#
[PollExecuteTaskStatusExecution] 76809f69-5d0f-479d-b97f-483792bc86a1 [2026-09-17T19:19:49.829757] Precompiling "src/gen/data/RiskManagement-Mitigations.hdbtabledata"... (STDOUT, APP/TASK/deploy)#
#2026 09 17 19:19:59.579#Z#DEBUG#6e95f57f-b2cc-11f1-b461-eeee0a8dc34e.RiskManagement-db-deployer#flowable-async-job-executor-thread-15085#
[PollExecuteTaskStatusExecution] 76809f69-5d0f-479d-b97f-483792bc86a1 [2026-09-17T19:19:49.829762] Precompiling "src/gen/data/RiskManagement-Mitigations.hdbtabledata"... ok (0s 0ms) (STDOUT, APP/TASK/deploy)#
#2026 09 17 19:19:59.579#Z#DEBUG#6e95f57f-b2cc-11f1-b461-eeee0a8dc34e.RiskManagement-db-deployer#flowable-async-job-executor-thread-15085#
[PollExecuteTaskStatusExecution] 76809f69-5d0f-479d-b97f-483792bc86a1 [2026-09-17T19:19:49.829764] Precompiling "src/gen/data/RiskManagement-Mitigations.hdbtabledata$0.expand"... (STDOUT, APP/TASK/deploy)#
#2026 09 17 19:19:59.579#Z#DEBUG#6e95f57f-b2cc-11f1-b461-eeee0a8dc34e.RiskManagement-db-deployer#flowable-async-job-executor-thread-15085#
[PollExecuteTaskStatusExecution] 76809f69-5d0f-479d-b97f-483792bc86a1 [2026-09-17T19:19:49.829841] Expanded from "src/gen/data/RiskManagement-Mitigations.hdbtabledata" (STDOUT, APP/TASK/deploy)#
#2026 09 17 19:19:59.579#Z#DEBUG#6e95f57f-b2cc-11f1-b461-eeee0a8dc34e.RiskManagement-db-deployer#flowable-async-job-executor-thread-15085#
[PollExecuteTaskStatusExecution] 76809f69-5d0f-479d-b97f-483792bc86a1 [2026-09-17T19:19:49.829852] Precompiling "src/gen/data/RiskManagement-Risks.csv"... (STDOUT, APP/TASK/deploy)#
#2026 09 17 19:19:59.579#Z#DEBUG#6e95f57f-b2cc-11f1-b461-eeee0a8dc34e.RiskManagement-db-deployer#flowable-async-job-executor-thread-15085#
[PollExecuteTaskStatusExecution] 76809f69-5d0f-479d-b97f-483792bc86a1 [2026-09-17T19:19:49.829854] Precompiling "src/gen/data/RiskManagement-Mitigations.hdbtabledata$0.expand"... ok (0s 1ms) (STDOUT, APP/TASK/deploy)#
#2026 09 17 19:19:59.579#Z#DEBUG#6e95f57f-b2cc-11f1-b461-eeee0a8dc34e.RiskManagement-db-deployer#flowable-async-job-executor-thread-15085#
[PollExecuteTaskStatusExecution] 76809f69-5d0f-479d-b97f-483792bc86a1 [2026-09-17T19:19:49.829857] Precompiling "src/gen/data/RiskManagement-Risks.hdbtabledata"... (STDOUT, APP/TASK/deploy)#
#2026 09 17 19:19:59.579#Z#DEBUG#6e95f57f-b2cc-11f1-b461-eeee0a8dc34e.RiskManagement-db-deployer#flowable-async-job-executor-thread-15085#
[PollExecuteTaskStatusExecution] 76809f69-5d0f-479d-b97f-483792bc86a1 [2026-09-17T19:19:49.829859] Precompiling "src/gen/data/RiskManagement-Risks.hdbtabledata"... ok (0s 0ms) (STDOUT, APP/TASK/deploy)#
#2026 09 17 19:19:59.579#Z#DEBUG#6e95f57f-b2cc-11f1-b461-eeee0a8dc34e.RiskManagement-db-deployer#flowable-async-job-executor-thread-15085#
[PollExecuteTaskStatusExecution] 76809f69-5d0f-479d-b97f-483792bc86a1 [2026-09-17T19:19:49.829866] Precompiling "src/gen/data/RiskManagement-Mitigations.csv"... ok (0s 4ms) (STDOUT, APP/TASK/deploy)#
#2026 09 17 19:19:59.579#Z#DEBUG#6e95f57f-b2cc-11f1-b461-eeee0a8dc34e.RiskManagement-db-deployer#flowable-async-job-executor-thread-15085#
[PollExecuteTaskStatusExecution] 76809f69-5d0f-479d-b97f-483792bc86a1 [2026-09-17T19:19:49.829870] Precompiling "src/gen/data/RiskManagement-Risks.hdbtabledata$0.expand"... (STDOUT, APP/TASK/deploy)#
#2026 09 17 19:19:59.579#Z#DEBUG#6e95f57f-b2cc-11f1-b461-eeee0a8dc34e.RiskManagement-db-deployer#flowable-async-job-executor-thread-15085#
[PollExecuteTaskStatusExecution] 76809f69-5d0f-479d-b97f-483792bc86a1 [2026-09-17T19:19:49.829939] Expanded from "src/gen/data/RiskManagement-Risks.hdbtabledata" (STDOUT, APP/TASK/deploy)#
#2026 09 17 19:19:59.579#Z#DEBUG#6e95f57f-b2cc-11f1-b461-eeee0a8dc34e.RiskManagement-db-deployer#flowable-async-job-executor-thread-15085#
[PollExecuteTaskStatusExecution] 76809f69-5d0f-479d-b97f-483792bc86a1 [2026-09-17T19:19:49.829959] Precompiling "src/gen/data/RiskManagement-Risks.hdbtabledata$0.expand"... ok (0s 1ms) (STDOUT, APP/TASK/deploy)#
#2026 09 17 19:19:59.579#Z#DEBUG#6e95f57f-b2cc-11f1-b461-eeee0a8dc34e.RiskManagement-db-deployer#flowable-async-job-executor-thread-15085#
[PollExecuteTaskStatusExecution] 76809f69-5d0f-479d-b97f-483792bc86a1 [2026-09-17T19:19:49.829962] Precompiling "src/gen/data/RiskManagement-Risks.csv"... ok (0s 3ms) (STDOUT, APP/TASK/deploy)#
#2026 09 17 19:19:59.579#Z#DEBUG#6e95f57f-b2cc-11f1-b461-eeee0a8dc34e.RiskManagement-db-deployer#flowable-async-job-executor-thread-15085#
[PollExecuteTaskStatusExecution] 76809f69-5d0f-479d-b97f-483792bc86a1 [2026-09-17T19:19:49.830077] Precompiling... ok (0s 29ms) (STDOUT, APP/TASK/deploy)#
#2026 09 17 19:19:59.579#Z#DEBUG#6e95f57f-b2cc-11f1-b461-eeee0a8dc34e.RiskManagement-db-deployer#flowable-async-job-executor-thread-15085#
[PollExecuteTaskStatusExecution] 76809f69-5d0f-479d-b97f-483792bc86a1 [2026-09-17T19:19:49.830091] Merging... (STDOUT, APP/TASK/deploy)#
#2026 09 17 19:19:59.579#Z#DEBUG#6e95f57f-b2cc-11f1-b461-eeee0a8dc34e.RiskManagement-db-deployer#flowable-async-job-executor-thread-15085#
[PollExecuteTaskStatusExecution] 76809f69-5d0f-479d-b97f-483792bc86a1 [2026-09-17T19:19:49.830094] Merging... ok (0s 7ms) (STDOUT, APP/TASK/deploy)#
#2026 09 17 19:19:59.579#Z#DEBUG#6e95f57f-b2cc-11f1-b461-eeee0a8dc34e.RiskManagement-db-deployer#flowable-async-job-executor-thread-15085#
[PollExecuteTaskStatusExecution] 76809f69-5d0f-479d-b97f-483792bc86a1 [2026-09-17T19:19:49.830117] Calculating dependencies... ok (0s 63ms) (STDOUT, APP/TASK/deploy)#
#2026 09 17 19:19:59.579#Z#DEBUG#6e95f57f-b2cc-11f1-b461-eeee0a8dc34e.RiskManagement-db-deployer#flowable-async-job-executor-thread-15085#
[PollExecuteTaskStatusExecution] 76809f69-5d0f-479d-b97f-483792bc86a1 [2026-09-17T19:19:49.830120] Processing work list... (STDOUT, APP/TASK/deploy)#
#2026 09 17 19:19:59.579#Z#DEBUG#6e95f57f-b2cc-11f1-b461-eeee0a8dc34e.RiskManagement-db-deployer#flowable-async-job-executor-thread-15085#
[PollExecuteTaskStatusExecution] 76809f69-5d0f-479d-b97f-483792bc86a1 [2026-09-17T19:19:49.830122] Deploying "src/gen/data/RiskManagement-Mitigations.csv"... (STDOUT, APP/TASK/deploy)#
#2026 09 17 19:19:59.579#Z#DEBUG#6e95f57f-b2cc-11f1-b461-eeee0a8dc34e.RiskManagement-db-deployer#flowable-async-job-executor-thread-15085#
[PollExecuteTaskStatusExecution] 76809f69-5d0f-479d-b97f-483792bc86a1 [2026-09-17T19:19:49.830126] Deploying "src/gen/data/RiskManagement-Mitigations.hdbtabledata"... (STDOUT, APP/TASK/deploy)#
#2026 09 17 19:19:59.579#Z#DEBUG#6e95f57f-b2cc-11f1-b461-eeee0a8dc34e.RiskManagement-db-deployer#flowable-async-job-executor-thread-15085#
[PollExecuteTaskStatusExecution] 76809f69-5d0f-479d-b97f-483792bc86a1 [2026-09-17T19:19:49.830128] Deploying "src/gen/data/RiskManagement-Mitigations.hdbtabledata"... ok (0s 0ms) (STDOUT, APP/TASK/deploy)#
#2026 09 17 19:19:59.579#Z#DEBUG#6e95f57f-b2cc-11f1-b461-eeee0a8dc34e.RiskManagement-db-deployer#flowable-async-job-executor-thread-15085#
[PollExecuteTaskStatusExecution] 76809f69-5d0f-479d-b97f-483792bc86a1 [2026-09-17T19:19:49.830141] Deploying "src/gen/data/RiskManagement-Risks.csv"... (STDOUT, APP/TASK/deploy)#
#2026 09 17 19:19:59.579#Z#DEBUG#6e95f57f-b2cc-11f1-b461-eeee0a8dc34e.RiskManagement-db-deployer#flowable-async-job-executor-thread-15085#
[PollExecuteTaskStatusExecution] 76809f69-5d0f-479d-b97f-483792bc86a1 [2026-09-17T19:19:49.830143] Deploying "src/gen/data/RiskManagement-Risks.hdbtabledata"... (STDOUT, APP/TASK/deploy)#
#2026 09 17 19:19:59.579#Z#DEBUG#6e95f57f-b2cc-11f1-b461-eeee0a8dc34e.RiskManagement-db-deployer#flowable-async-job-executor-thread-15085#
[PollExecuteTaskStatusExecution] 76809f69-5d0f-479d-b97f-483792bc86a1 [2026-09-17T19:19:49.830145] Deploying "src/gen/data/RiskManagement-Risks.hdbtabledata"... ok (0s 0ms) (STDOUT, APP/TASK/deploy)#
#2026 09 17 19:19:59.579#Z#DEBUG#6e95f57f-b2cc-11f1-b461-eeee0a8dc34e.RiskManagement-db-deployer#flowable-async-job-executor-thread-15085#
[PollExecuteTaskStatusExecution] 76809f69-5d0f-479d-b97f-483792bc86a1 [2026-09-17T19:19:49.830235] Deploying "src/gen/data/RiskManagement-Mitigations.csv"... ok (0s 4ms) (STDOUT, APP/TASK/deploy)#
#2026 09 17 19:19:59.579#Z#DEBUG#6e95f57f-b2cc-11f1-b461-eeee0a8dc34e.RiskManagement-db-deployer#flowable-async-job-executor-thread-15085#
[PollExecuteTaskStatusExecution] 76809f69-5d0f-479d-b97f-483792bc86a1 [2026-09-17T19:19:49.830248] Deploying "src/gen/data/RiskManagement-Mitigations.hdbtabledata$0.expand"... (STDOUT, APP/TASK/deploy)#
#2026 09 17 19:19:59.579#Z#DEBUG#6e95f57f-b2cc-11f1-b461-eeee0a8dc34e.RiskManagement-db-deployer#flowable-async-job-executor-thread-15085#
[PollExecuteTaskStatusExecution] 76809f69-5d0f-479d-b97f-483792bc86a1 [2026-09-17T19:19:49.830260] Expanded from "src/gen/data/RiskManagement-Mitigations.hdbtabledata" (STDOUT, APP/TASK/deploy)#
#2026 09 17 19:19:59.579#Z#DEBUG#6e95f57f-b2cc-11f1-b461-eeee0a8dc34e.RiskManagement-db-deployer#flowable-async-job-executor-thread-15085#
[PollExecuteTaskStatusExecution] 76809f69-5d0f-479d-b97f-483792bc86a1 [2026-09-17T19:19:49.830269] Deploying "src/gen/data/RiskManagement-Risks.csv"... ok (0s 4ms) (STDOUT, APP/TASK/deploy)#
#2026 09 17 19:19:59.579#Z#DEBUG#6e95f57f-b2cc-11f1-b461-eeee0a8dc34e.RiskManagement-db-deployer#flowable-async-job-executor-thread-15085#
[PollExecuteTaskStatusExecution] 76809f69-5d0f-479d-b97f-483792bc86a1 [2026-09-17T19:19:49.830281] Deploying "src/gen/data/RiskManagement-Risks.hdbtabledata$0.expand"... (STDOUT, APP/TASK/deploy)#
#2026 09 17 19:19:59.579#Z#DEBUG#6e95f57f-b2cc-11f1-b461-eeee0a8dc34e.RiskManagement-db-deployer#flowable-async-job-executor-thread-15085#
[PollExecuteTaskStatusExecution] 76809f69-5d0f-479d-b97f-483792bc86a1 [2026-09-17T19:19:49.830302] Expanded from "src/gen/data/RiskManagement-Risks.hdbtabledata" (STDOUT, APP/TASK/deploy)#
#2026 09 17 19:19:59.579#Z#DEBUG#6e95f57f-b2cc-11f1-b461-eeee0a8dc34e.RiskManagement-db-deployer#flowable-async-job-executor-thread-15085#
[PollExecuteTaskStatusExecution] 76809f69-5d0f-479d-b97f-483792bc86a1 [2026-09-17T19:19:49.830606] Error: com.sap.hana.di.tabledata: A column mapping "TIMELINE" : "timeline" is specified, but the column "timeline" cannot be found in the CSV file "RiskManagement-Mitigations.csv" [8251506] (STDERR, APP/TASK/deploy)#
#2026 09 17 19:19:59.579#Z#DEBUG#6e95f57f-b2cc-11f1-b461-eeee0a8dc34e.RiskManagement-db-deployer#flowable-async-job-executor-thread-15085#
[PollExecuteTaskStatusExecution] 76809f69-5d0f-479d-b97f-483792bc86a1 [2026-09-17T19:19:49.830624] Error: com.sap.hana.di.tabledata: Could not parse the data mappings [8251524] (STDERR, APP/TASK/deploy)#
#2026 09 17 19:19:59.579#Z#DEBUG#6e95f57f-b2cc-11f1-b461-eeee0a8dc34e.RiskManagement-db-deployer#flowable-async-job-executor-thread-15085#
[PollExecuteTaskStatusExecution] 76809f69-5d0f-479d-b97f-483792bc86a1 [2026-09-17T19:19:49.830659] at "src/gen/data/RiskManagement-Mitigations.hdbtabledata" (25:26,/imports[0]/column_mappings) (STDOUT, APP/TASK/deploy)#
#2026 09 17 19:19:59.579#Z#DEBUG#6e95f57f-b2cc-11f1-b461-eeee0a8dc34e.RiskManagement-db-deployer#flowable-async-job-executor-thread-15085#
[PollExecuteTaskStatusExecution] 76809f69-5d0f-479d-b97f-483792bc86a1 [2026-09-17T19:19:49.830671] at "src/gen/data/RiskManagement-Mitigations.hdbtabledata" (0:0) (STDOUT, APP/TASK/deploy)#
#2026 09 17 19:19:59.579#Z#DEBUG#6e95f57f-b2cc-11f1-b461-eeee0a8dc34e.RiskManagement-db-deployer#flowable-async-job-executor-thread-15085#
[PollExecuteTaskStatusExecution] 76809f69-5d0f-479d-b97f-483792bc86a1 [2026-09-17T19:19:49.830679] at "src/gen/data/RiskManagement-Mitigations.hdbtabledata$0.expand" (0:0) (STDOUT, APP/TASK/deploy)#
#2026 09 17 19:19:59.579#Z#DEBUG#6e95f57f-b2cc-11f1-b461-eeee0a8dc34e.RiskManagement-db-deployer#flowable-async-job-executor-thread-15085#
[PollExecuteTaskStatusExecution] 76809f69-5d0f-479d-b97f-483792bc86a1 [2026-09-17T19:19:49.830723] Error: com.sap.hana.di.tabledata: Deploying "src/gen/data/RiskManagement-Mitigations.hdbtabledata$0.expand"... failed [8212145] (STDERR, APP/TASK/deploy)#
#2026 09 17 19:19:59.579#Z#DEBUG#6e95f57f-b2cc-11f1-b461-eeee0a8dc34e.RiskManagement-db-deployer#flowable-async-job-executor-thread-15085#
[PollExecuteTaskStatusExecution] 76809f69-5d0f-479d-b97f-483792bc86a1 [2026-09-17T19:19:49.830734] Error: Worker 3 has encountered an error; all remaining jobs will be canceled [8214600] (STDERR, APP/TASK/deploy)#
#2026 09 17 19:19:59.579#Z#DEBUG#6e95f57f-b2cc-11f1-b461-eeee0a8dc34e.RiskManagement-db-deployer#flowable-async-job-executor-thread-15085#
[PollExecuteTaskStatusExecution] 76809f69-5d0f-479d-b97f-483792bc86a1 [2026-09-17T19:19:49.830750] Inserted 3 records of the data source file "RiskManagement-Risks.csv" into the target table "RISKMANAGEMENT_RISKS" (STDOUT, APP/TASK/deploy)#
#2026 09 17 19:19:59.579#Z#DEBUG#6e95f57f-b2cc-11f1-b461-eeee0a8dc34e.RiskManagement-db-deployer#flowable-async-job-executor-thread-15085#
[PollExecuteTaskStatusExecution] 76809f69-5d0f-479d-b97f-483792bc86a1 [2026-09-17T19:19:49.830753] Deploying "src/gen/data/RiskManagement-Risks.hdbtabledata$0.expand"... ok (0s 31ms) (STDOUT, APP/TASK/deploy)#
#2026 09 17 19:19:59.579#Z#DEBUG#6e95f57f-b2cc-11f1-b461-eeee0a8dc34e.RiskManagement-db-deployer#flowable-async-job-executor-thread-15085#
[PollExecuteTaskStatusExecution] 76809f69-5d0f-479d-b97f-483792bc86a1 [2026-09-17T19:19:49.830813] Make failed (6 errors, 0 warnings): tried to deploy 4 files, undeploy 0 files, redeploy 2 dependent files (STDOUT, APP/TASK/deploy)#
#2026 09 17 19:19:59.579#Z#DEBUG#6e95f57f-b2cc-11f1-b461-eeee0a8dc34e.RiskManagement-db-deployer#flowable-async-job-executor-thread-15085#
[PollExecuteTaskStatusExecution] 76809f69-5d0f-479d-b97f-483792bc86a1 [2026-09-17T19:19:49.830845] Error: Processing work list... failed [8212102] (STDERR, APP/TASK/deploy)#
#2026 09 17 19:19:59.579#Z#DEBUG#6e95f57f-b2cc-11f1-b461-eeee0a8dc34e.RiskManagement-db-deployer#flowable-async-job-executor-thread-15085#
[PollExecuteTaskStatusExecution] 76809f69-5d0f-479d-b97f-483792bc86a1 [2026-09-17T19:19:49.830930] Error: Making... failed [8211605] (STDERR, APP/TASK/deploy)#
#2026 09 17 19:19:59.579#Z#DEBUG#6e95f57f-b2cc-11f1-b461-eeee0a8dc34e.RiskManagement-db-deployer#flowable-async-job-executor-thread-15085#
[PollExecuteTaskStatusExecution] 76809f69-5d0f-479d-b97f-483792bc86a1 [2026-09-17T19:19:49.830943] Error: Starting make in the container "469D6B9E201445348236316C21268313" with 4 files to deploy, 0 files to undeploy... failed [8214168] (STDERR, APP/TASK/deploy)#
#2026 09 17 19:19:59.579#Z#DEBUG#6e95f57f-b2cc-11f1-b461-eeee0a8dc34e.RiskManagement-db-deployer#flowable-async-job-executor-thread-15085#
[PollExecuteTaskStatusExecution] 76809f69-5d0f-479d-b97f-483792bc86a1 [2026-09-17T19:19:49.831477] Deployment to container 469D6B9E201445348236316C21268313 failed - error: HDI make failed [Deployment ID: none]. (STDERR, APP/TASK/deploy)#
#2026 09 17 19:19:59.579#Z#DEBUG#6e95f57f-b2cc-11f1-b461-eeee0a8dc34e.RiskManagement-db-deployer#flowable-async-job-executor-thread-15085#
[PollExecuteTaskStatusExecution] 76809f69-5d0f-479d-b97f-483792bc86a1 [2026-09-17T19:19:49.832203] Deployment ended at 2026-09-17 19:19:49 (STDOUT, APP/TASK/deploy)#
#2026 09 17 19:19:59.579#Z#DEBUG#6e95f57f-b2cc-11f1-b461-eeee0a8dc34e.RiskManagement-db-deployer#flowable-async-job-executor-thread-15085#
[PollExecuteTaskStatusExecution] 76809f69-5d0f-479d-b97f-483792bc86a1 [2026-09-17T19:19:49.832232] Error: HDI make failed (STDERR, APP/TASK/deploy)#
#2026 09 17 19:19:59.579#Z#DEBUG#6e95f57f-b2cc-11f1-b461-eeee0a8dc34e.RiskManagement-db-deployer#flowable-async-job-executor-thread-15085#
[PollExecuteTaskStatusExecution] 76809f69-5d0f-479d-b97f-483792bc86a1 [2026-09-17T19:19:49.832818] (2s 455ms) (STDOUT, APP/TASK/deploy)#
#2026 09 17 19:19:59.579#Z#DEBUG#6e95f57f-b2cc-11f1-b461-eeee0a8dc34e.RiskManagement-db-deployer#flowable-async-job-executor-thread-15085#
[PollExecuteTaskStatusExecution] 76809f69-5d0f-479d-b97f-483792bc86a1 [2026-09-17T19:19:49.850090] npm notice (STDERR, APP/TASK/deploy)#
#2026 09 17 19:19:59.579#Z#DEBUG#6e95f57f-b2cc-11f1-b461-eeee0a8dc34e.RiskManagement-db-deployer#flowable-async-job-executor-thread-15085#
[PollExecuteTaskStatusExecution] 76809f69-5d0f-479d-b97f-483792bc86a1 [2026-09-17T19:19:49.850140] npm notice New major version of npm available! 11.17.0 -> 12.0.2 (STDERR, APP/TASK/deploy)#
#2026 09 17 19:19:59.579#Z#DEBUG#6e95f57f-b2cc-11f1-b461-eeee0a8dc34e.RiskManagement-db-deployer#flowable-async-job-executor-thread-15085#
[PollExecuteTaskStatusExecution] 76809f69-5d0f-479d-b97f-483792bc86a1 [2026-09-17T19:19:49.850144] npm notice Changelog: https://github.com/npm/cli/releases/tag/v12.0.2 (STDERR, APP/TASK/deploy)#
#2026 09 17 19:19:59.579#Z#DEBUG#6e95f57f-b2cc-11f1-b461-eeee0a8dc34e.RiskManagement-db-deployer#flowable-async-job-executor-thread-15085#
[PollExecuteTaskStatusExecution] 76809f69-5d0f-479d-b97f-483792bc86a1 [2026-09-17T19:19:49.850152] npm notice To update run: npm install -g npm@12.0.2 (STDERR, APP/TASK/deploy)#
#2026 09 17 19:19:59.579#Z#DEBUG#6e95f57f-b2cc-11f1-b461-eeee0a8dc34e.RiskManagement-db-deployer#flowable-async-job-executor-thread-15085#
[PollExecuteTaskStatusExecution] 76809f69-5d0f-479d-b97f-483792bc86a1 [2026-09-17T19:19:49.850154] npm notice (STDERR, APP/TASK/deploy)#
#2026 09 17 19:19:59.579#Z#DEBUG#6e95f57f-b2cc-11f1-b461-eeee0a8dc34e.RiskManagement-db-deployer#flowable-async-job-executor-thread-15085#
[PollExecuteTaskStatusExecution] 76809f69-5d0f-479d-b97f-483792bc86a1 [2026-09-17T19:19:49.929332] Exit status 1 (STDOUT, APP/TASK/deploy)#
#2026 09 17 19:19:59.579#Z#DEBUG#6e95f57f-b2cc-11f1-b461-eeee0a8dc34e.RiskManagement-db-deployer#flowable-async-job-executor-thread-15085#
[PollExecuteTaskStatusExecution] 76809f69-5d0f-479d-b97f-483792bc86a1 [2026-09-17T19:19:50.348714] Cell 684caff8-89cd-492b-be01-b3d0835f1763 stopping instance 7f94846e-95ce-42dc-b58f-7082ec3edfd2 (STDOUT, CELL)#
#2026 09 17 19:19:59.579#Z#DEBUG#6e95f57f-b2cc-11f1-b461-eeee0a8dc34e.RiskManagement-db-deployer#flowable-async-job-executor-thread-15085#
[PollExecuteTaskStatusExecution] 76809f69-5d0f-479d-b97f-483792bc86a1 [2026-09-17T19:19:50.348753] Cell 684caff8-89cd-492b-be01-b3d0835f1763 destroying container for instance 7f94846e-95ce-42dc-b58f-7082ec3edfd2 (STDOUT, CELL)#
#2026 09 17 19:19:59.579#Z#DEBUG#6e95f57f-b2cc-11f1-b461-eeee0a8dc34e.RiskManagement-db-deployer#flowable-async-job-executor-thread-15085#
[PollExecuteTaskStatusExecution] 76809f69-5d0f-479d-b97f-483792bc86a1 [2026-09-17T19:19:51.890046] Cell 684caff8-89cd-492b-be01-b3d0835f1763 successfully destroyed container for instance 7f94846e-95ce-42dc-b58f-7082ec3edfd2 (STDOUT, CELL)#
