#2026 09 16 11:57:42.315#Z#INFO#d27b103a-b1c5-11f1-bf33-eeee0a8e3dbc.OPERATION#http-nio-0.0.0.0-8080-exec-5#
[XS2StartProcessListener] Operation ID: d27b103a-b1c5-11f1-bf33-eeee0a8e3dbc#
#2026 09 16 11:57:42.338#Z#DEBUG#d27b103a-b1c5-11f1-bf33-eeee0a8e3dbc.OPERATION#http-nio-0.0.0.0-8080-exec-5#
[XS2StartProcessListener] Process environment: {
  "SKIP_SSL_VALIDATION" : "false",
  "FLOWABLE_JOB_EXECUTOR_MAX_THREADS" : "32",
  "VERSION" : "2.54.0",
  "BASIC_AUTH_ENABLED" : "true",
  "FLOWABLE_JOB_EXECUTOR_QUEUE_CAPACITY" : "16",
  "FLOWABLE_JOB_EXECUTOR_CORE_THREADS" : "8"
}#
#2026 09 16 11:57:42.338#Z#DEBUG#d27b103a-b1c5-11f1-bf33-eeee0a8e3dbc.OPERATION#http-nio-0.0.0.0-8080-exec-5#
[XS2StartProcessListener] Current user: oprok@lemongrasscloud.com#
#2026 09 16 11:57:42.338#Z#DEBUG#d27b103a-b1c5-11f1-bf33-eeee0a8e3dbc.OPERATION#http-nio-0.0.0.0-8080-exec-5#
[XS2StartProcessListener] Client space: dev#
#2026 09 16 11:57:42.338#Z#DEBUG#d27b103a-b1c5-11f1-bf33-eeee0a8e3dbc.OPERATION#http-nio-0.0.0.0-8080-exec-5#
[XS2StartProcessListener] Client organization: 47a58eedtrial#
#2026 09 16 11:57:42.338#Z#INFO#d27b103a-b1c5-11f1-bf33-eeee0a8e3dbc.OPERATION#http-nio-0.0.0.0-8080-exec-5#
[XS2StartProcessListener] Process variables: {
  "keepFiles" : false,
  "skipAppDigestCalculation" : false,
  "abortOnError" : false,
  "mtaId" : "RiskManagement",
  "noFailOnMissingPermissions" : false,
  "isSecurityEnabled" : false,
  "apiRequestPath" : "https://deploy-service.cf.us10-001.hana.ondemand.com/api/v1/spaces/b1534f58-8387-42a5-8ece-809300958c1c/operations",
  "deleteServiceBrokers" : false,
  "appArchiveId" : "8cf6f678-b6bc-4688-baa3-295367ab8751",
  "isDisposableUserProvidedServiceEnabled" : false,
  "deleteServiceKeys" : false,
  "noRestartSubscribedApps" : false,
  "noStart" : false,
  "deleteServices" : false
}#
#2026 09 16 11:57:42.720#Z#DEBUG#d27b103a-b1c5-11f1-bf33-eeee0a8e3dbc.OPERATION#flowable-async-job-executor-thread-19878#
[ValidateDeployParametersStep] Executing task "validateParametersTask" of process "d27b1060-b1c5-11f1-bf33-eeee0a8e3dbc"...#
#2026 09 16 11:57:42.721#Z#DEBUG#d27b103a-b1c5-11f1-bf33-eeee0a8e3dbc.OPERATION#flowable-async-job-executor-thread-19878#
[ValidateDeployParametersStep] Validating parameters...#
#2026 09 16 11:57:42.723#Z#INFO#d27b103a-b1c5-11f1-bf33-eeee0a8e3dbc.OPERATION#flowable-async-job-executor-thread-19878#
[ValidateDeployParametersStep] Size of mtars is 8,365,941 and size of extension descriptors is 0#
#2026 09 16 11:57:42.760#Z#INFO#d27b103a-b1c5-11f1-bf33-eeee0a8e3dbc.OPERATION#flowable-async-job-executor-thread-19878#
[ValidateDeployParametersStep] Archive was not split! Total size in bytes: 8,365,941#
#2026 09 16 11:57:42.760#Z#INFO#d27b103a-b1c5-11f1-bf33-eeee0a8e3dbc.OPERATION#flowable-async-job-executor-thread-19878#
[ValidateDeployParametersStep] Deploying in org "47a58eedtrial" and space "dev"#
#2026 09 16 11:57:42.770#Z#DEBUG#d27b103a-b1c5-11f1-bf33-eeee0a8e3dbc.OPERATION#flowable-async-job-executor-thread-19878#
[ValidateDeployParametersStep] Parameters validated#
#2026 09 16 11:57:42.770#Z#DEBUG#d27b103a-b1c5-11f1-bf33-eeee0a8e3dbc.OPERATION#flowable-async-job-executor-thread-19878#
Step "Validate Parameters" finished#
#2026 09 16 11:57:42.805#Z#DEBUG#d27b103a-b1c5-11f1-bf33-eeee0a8e3dbc.OPERATION#flowable-async-job-executor-thread-19878#
[DeleteRemainingFileParts] Executing task "deleteRemainingFileParts" of process "d27b1060-b1c5-11f1-bf33-eeee0a8e3dbc"...#
#2026 09 16 11:57:42.806#Z#DEBUG#d27b103a-b1c5-11f1-bf33-eeee0a8e3dbc.OPERATION#flowable-async-job-executor-thread-19878#
Step "Delete Remaining File Parts" finished#
#2026 09 16 11:57:42.841#Z#DEBUG#d27b103a-b1c5-11f1-bf33-eeee0a8e3dbc.OPERATION#flowable-async-job-executor-thread-19878#
[XS2ProcessMtaArchiveStep] Executing task "processArchiveTask" of process "d27b1060-b1c5-11f1-bf33-eeee0a8e3dbc"...#
#2026 09 16 11:57:42.842#Z#DEBUG#d27b103a-b1c5-11f1-bf33-eeee0a8e3dbc.OPERATION#flowable-async-job-executor-thread-19878#
[XS2ProcessMtaArchiveStep] Processing MTA archive...#
#2026 09 16 11:57:42.842#Z#DEBUG#d27b103a-b1c5-11f1-bf33-eeee0a8e3dbc.OPERATION#flowable-async-job-executor-thread-19878#
[XS2ProcessMtaArchiveStep] MTA Archive ID: 8cf6f678-b6bc-4688-baa3-295367ab8751#
#2026 09 16 11:57:43.210#Z#DEBUG#d27b103a-b1c5-11f1-bf33-eeee0a8e3dbc.OPERATION#flowable-async-job-executor-thread-19878#
[XS2ProcessMtaArchiveStep] MTA Descriptor length: 1,005#
#2026 09 16 11:57:43.210#Z#DEBUG#d27b103a-b1c5-11f1-bf33-eeee0a8e3dbc.OPERATION#flowable-async-job-executor-thread-19878#
[XS2ProcessMtaArchiveStep] MTA Archive Modules: [RiskManagement-srv, RiskManagement-db-deployer]#
#2026 09 16 11:57:43.210#Z#DEBUG#d27b103a-b1c5-11f1-bf33-eeee0a8e3dbc.OPERATION#flowable-async-job-executor-thread-19878#
[XS2ProcessMtaArchiveStep] MTA Archive Requires: []#
#2026 09 16 11:57:43.210#Z#DEBUG#d27b103a-b1c5-11f1-bf33-eeee0a8e3dbc.OPERATION#flowable-async-job-executor-thread-19878#
[XS2ProcessMtaArchiveStep] MTA Archive Resources: []#
#2026 09 16 11:57:43.221#Z#DEBUG#d27b103a-b1c5-11f1-bf33-eeee0a8e3dbc.OPERATION#flowable-async-job-executor-thread-19878#
[XS2ProcessMtaArchiveStep] MTA archive processed#
#2026 09 16 11:57:43.221#Z#DEBUG#d27b103a-b1c5-11f1-bf33-eeee0a8e3dbc.OPERATION#flowable-async-job-executor-thread-19878#
Step "Process Archive" finished#
#2026 09 16 11:57:43.266#Z#DEBUG#d27b103a-b1c5-11f1-bf33-eeee0a8e3dbc.OPERATION#flowable-async-job-executor-thread-19878#
[ProcessMtaExtensionDescriptorsStep] Executing task "processExtensionDescriptorsTask" of process "d27b1060-b1c5-11f1-bf33-eeee0a8e3dbc"...#
#2026 09 16 11:57:43.267#Z#DEBUG#d27b103a-b1c5-11f1-bf33-eeee0a8e3dbc.OPERATION#flowable-async-job-executor-thread-19878#
[ProcessMtaExtensionDescriptorsStep] Processing MTA extension descriptors...#
#2026 09 16 11:57:43.267#Z#DEBUG#d27b103a-b1c5-11f1-bf33-eeee0a8e3dbc.OPERATION#flowable-async-job-executor-thread-19878#
[ProcessMtaExtensionDescriptorsStep] Provided extension descriptors: [ ]#
#2026 09 16 11:57:43.267#Z#DEBUG#d27b103a-b1c5-11f1-bf33-eeee0a8e3dbc.OPERATION#flowable-async-job-executor-thread-19878#
[ProcessMtaExtensionDescriptorsStep] No extension descriptors in use#
#2026 09 16 11:57:43.267#Z#DEBUG#d27b103a-b1c5-11f1-bf33-eeee0a8e3dbc.OPERATION#flowable-async-job-executor-thread-19878#
[ProcessMtaExtensionDescriptorsStep] MTA extension descriptors processed#
#2026 09 16 11:57:43.267#Z#DEBUG#d27b103a-b1c5-11f1-bf33-eeee0a8e3dbc.OPERATION#flowable-async-job-executor-thread-19878#
Step "Process Extension Descriptors" finished#
#2026 09 16 11:57:43.303#Z#DEBUG#d27b103a-b1c5-11f1-bf33-eeee0a8e3dbc.OPERATION#flowable-async-job-executor-thread-19878#
[XS2DetectMtaSchemaVersionStep] Executing task "detectSchemaVersionTask" of process "d27b1060-b1c5-11f1-bf33-eeee0a8e3dbc"...#
#2026 09 16 11:57:43.304#Z#DEBUG#d27b103a-b1c5-11f1-bf33-eeee0a8e3dbc.OPERATION#flowable-async-job-executor-thread-19878#
[XS2DetectMtaSchemaVersionStep] Detecting MTA major schema version...#
#2026 09 16 11:57:43.306#Z#INFO#d27b103a-b1c5-11f1-bf33-eeee0a8e3dbc.OPERATION#flowable-async-job-executor-thread-19878#
[XS2DetectMtaSchemaVersionStep] Detected MTA schema version: "3"#
#2026 09 16 11:57:43.311#Z#DEBUG#d27b103a-b1c5-11f1-bf33-eeee0a8e3dbc.OPERATION#flowable-async-job-executor-thread-19878#
Step "Detect Schema Version" finished#
#2026 09 16 11:57:43.350#Z#DEBUG#d27b103a-b1c5-11f1-bf33-eeee0a8e3dbc.OPERATION#flowable-async-job-executor-thread-19878#
[MergeDescriptorsStep] Executing task "mergeDescriptorsTask" of process "d27b1060-b1c5-11f1-bf33-eeee0a8e3dbc"...#
#2026 09 16 11:57:43.351#Z#DEBUG#d27b103a-b1c5-11f1-bf33-eeee0a8e3dbc.OPERATION#flowable-async-job-executor-thread-19878#
[MergeDescriptorsStep] Validating and merging descriptors...#
#2026 09 16 11:57:43.352#Z#DEBUG#d27b103a-b1c5-11f1-bf33-eeee0a8e3dbc.OPERATION#flowable-async-job-executor-thread-19878#
[MergeDescriptorsStep] Merged deployment descriptor: {
  "majorSchemaVersion" : 3,
  "schemaVersion" : "3.3.0",
  "id" : "RiskManagement",
  "version" : "1.0.0",
  "modules" : [ {
    "majorSchemaVersion" : 3,
    "name" : "RiskManagement-srv",
    "type" : "javascript.nodejs",
    "path" : "RiskManagement-srv",
    "properties" : { },
    "parameters" : {
      "buildpack" : "nodejs_buildpack",
      "instances" : 1
    },
    "requiredDependencies" : [ {
      "majorSchemaVersion" : 3,
      "name" : "RiskManagement-db",
      "properties" : { },
      "parameters" : { },
      "propertiesMetadata" : {
        "metadata" : { }
      },
      "parametersMetadata" : {
        "metadata" : { }
      }
    }, {
      "majorSchemaVersion" : 3,
      "name" : "RiskManagement-destination",
      "properties" : { },
      "parameters" : { },
      "propertiesMetadata" : {
        "metadata" : { }
      },
      "parametersMetadata" : {
        "metadata" : { }
      }
    } ],
    "providedDependencies" : [ {
      "majorSchemaVersion" : 3,
      "name" : "srv-api",
      "isPublic" : false,
      "properties" : {
        "srv-url" : "${default-url}"
      },
      "parameters" : { },
      "propertiesMetadata" : {
        "metadata" : { }
      },
      "parametersMetadata" : {
        "metadata" : { }
      }
    }, {
      "majorSchemaVersion" : 3,
      "name" : "RiskManagement-srv",
      "isPublic" : false,
      "properties" : { },
      "parameters" : { },
      "propertiesMetadata" : {
        "metadata" : { }
      },
      "parametersMetadata" : {
        "metadata" : { }
      }
    } ],
    "propertiesMetadata" : {
      "metadata" : { }
    },
    "parametersMetadata" : {
      "metadata" : { }
    },
    "hooks" : [ ]
  }, {
    "majorSchemaVersion" : 3,
    "name" : "RiskManagement-db-deployer",
    "type" : "com.sap.xs.hdi",
    "path" : "RiskManagement-db-deployer",
    "properties" : {
      "EXIT" : 1
    },
    "parameters" : {
      "memory" : "256M",
      "buildpack" : "nodejs_buildpack",
      "no-route" : true,
      "dependency-type" : "hard",
      "tasks" : [ {
        "name" : "deploy",
        "memory" : "256M",
        "command" : "npm start"
      } ],
      "no-start" : true
    },
    "requiredDependencies" : [ {
      "majorSchemaVersion" : 3,
      "name" : "RiskManagement-db",
      "properties" : { },
      "parameters" : { },
      "propertiesMetadata" : {
        "metadata" : { }
      },
      "parametersMetadata" : {
        "metadata" : { }
      }
    } ],
    "providedDependencies" : [ {
      "majorSchemaVersion" : 3,
      "name" : "RiskManagement-db-deployer",
      "isPublic" : false,
      "properties" : { },
      "parameters" : { },
      "propertiesMetadata" : {
        "metadata" : { }
      },
      "parametersMetadata" : {
        "metadata" : { }
      }
    } ],
    "propertiesMetadata" : {
      "metadata" : { }
    },
    "parametersMetadata" : {
      "metadata" : { }
    },
    "hooks" : [ ]
  } ],
  "resources" : [ {
    "majorSchemaVersion" : 3,
    "name" : "RiskManagement-db",
    "type" : "com.sap.xs.hdi-container",
    "properties" : { },
    "parameters" : {
      "type" : "managed-service",
      "service" : "hana",
      "service-plan" : "hdi-shared"
    },
    "isActive" : true,
    "isOptional" : false,
    "propertiesMetadata" : {
      "metadata" : { }
    },
    "parametersMetadata" : {
      "metadata" : { }
    },
    "requiredDependencies" : [ ],
    "processedAfter" : [ ]
  }, {
    "majorSchemaVersion" : 3,
    "name" : "RiskManagement-destination",
    "type" : "org.cloudfoundry.managed-service",
    "properties" : { },
    "parameters" : {
      "type" : "managed-service",
      "service" : "destination",
      "service-plan" : "lite"
    },
    "isActive" : true,
    "isOptional" : false,
    "propertiesMetadata" : {
      "metadata" : { }
    },
    "parametersMetadata" : {
      "metadata" : { }
    },
    "requiredDependencies" : [ ],
    "processedAfter" : [ ]
  } ],
  "parameters" : {
    "enable-parallel-deployments" : true
  },
  "parametersMetadata" : {
    "metadata" : { }
  }
}#
#2026 09 16 11:57:43.354#Z#DEBUG#d27b103a-b1c5-11f1-bf33-eeee0a8e3dbc.OPERATION#flowable-async-job-executor-thread-19878#
[MergeDescriptorsStep] Descriptors validated and merged#
#2026 09 16 11:57:43.354#Z#DEBUG#d27b103a-b1c5-11f1-bf33-eeee0a8e3dbc.OPERATION#flowable-async-job-executor-thread-19878#
Step "Merge Descriptors" finished#
#2026 09 16 11:57:43.394#Z#DEBUG#d27b103a-b1c5-11f1-bf33-eeee0a8e3dbc.OPERATION#flowable-async-job-executor-thread-19878#
[CollectCloudLoggingServiceParametersStep] Executing task "sid-9C5714DF-CEC8-4019-8873-CBBA99AC459A" of process "d27b1060-b1c5-11f1-bf33-eeee0a8e3dbc"...#
#2026 09 16 11:57:43.397#Z#DEBUG#d27b103a-b1c5-11f1-bf33-eeee0a8e3dbc.OPERATION#flowable-async-job-executor-thread-19878#
Step "Collect Cloud Logging Service Parameters" finished#
#2026 09 16 11:57:43.433#Z#DEBUG#d27b103a-b1c5-11f1-bf33-eeee0a8e3dbc.OPERATION#flowable-async-job-executor-thread-19877#
[DetectDeployedMtaStep] Executing task "detectDeployedMtaTask" of process "d27b1060-b1c5-11f1-bf33-eeee0a8e3dbc"...#
#2026 09 16 11:57:43.434#Z#DEBUG#d27b103a-b1c5-11f1-bf33-eeee0a8e3dbc.OPERATION#flowable-async-job-executor-thread-19877#
[DetectDeployedMtaStep] Detecting deployed MTA...#
#2026 09 16 11:57:43.492#Z#DEBUG#d27b103a-b1c5-11f1-bf33-eeee0a8e3dbc.OPERATION#flowable-async-job-executor-thread-19877#
[DetectDeployedMtaStep] Detecting MTA by id RiskManagement and namespace null#
#2026 09 16 11:57:43.492#Z#DEBUG#d27b103a-b1c5-11f1-bf33-eeee0a8e3dbc.OPERATION#flowable-async-job-executor-thread-19877#
[DetectDeployedMtaStep] Getting applications by metadata label selector "mta_id=71546f9fe9d5bd692c6abf3eba1bbfd7,!mta_namespace"...#
#2026 09 16 11:57:43.538#Z#DEBUG#d27b103a-b1c5-11f1-bf33-eeee0a8e3dbc.OPERATION#flowable-async-job-executor-thread-19877#
[DetectDeployedMtaStep] Getting service instances by metadata label selector "mta_id=71546f9fe9d5bd692c6abf3eba1bbfd7,!mta_namespace"...#
#2026 09 16 11:57:43.568#Z#INFO#d27b103a-b1c5-11f1-bf33-eeee0a8e3dbc.OPERATION#flowable-async-job-executor-thread-19877#
[DetectDeployedMtaStep] No deployed MTA detected - this is initial deployment of MTA with ID "RiskManagement"#
#2026 09 16 11:57:43.575#Z#DEBUG#d27b103a-b1c5-11f1-bf33-eeee0a8e3dbc.OPERATION#flowable-async-job-executor-thread-19877#
[DetectDeployedMtaStep] Detecting backup mta by id "RiskManagement" and namespace "null"#
#2026 09 16 11:57:43.575#Z#DEBUG#d27b103a-b1c5-11f1-bf33-eeee0a8e3dbc.OPERATION#flowable-async-job-executor-thread-19877#
[DetectDeployedMtaStep] Getting applications by metadata label selector "mta_id=71546f9fe9d5bd692c6abf3eba1bbfd7,mta_namespace=b698114a0995e936895b9598a6c19a2c"...#
#2026 09 16 11:57:43.600#Z#DEBUG#d27b103a-b1c5-11f1-bf33-eeee0a8e3dbc.OPERATION#flowable-async-job-executor-thread-19877#
[DetectDeployedMtaStep] Getting service instances by metadata label selector "mta_id=71546f9fe9d5bd692c6abf3eba1bbfd7,mta_namespace=b698114a0995e936895b9598a6c19a2c"...#
#2026 09 16 11:57:43.633#Z#DEBUG#d27b103a-b1c5-11f1-bf33-eeee0a8e3dbc.OPERATION#flowable-async-job-executor-thread-19877#
[DetectDeployedMtaStep] Deployed MTA service keys: [ ]#
#2026 09 16 11:57:43.633#Z#DEBUG#d27b103a-b1c5-11f1-bf33-eeee0a8e3dbc.OPERATION#flowable-async-job-executor-thread-19877#
Step "Detect Deployed MTA" finished#
#2026 09 16 11:57:43.677#Z#DEBUG#d27b103a-b1c5-11f1-bf33-eeee0a8e3dbc.OPERATION#flowable-async-job-executor-thread-19871#
[XS2CollectSystemParametersStep] Executing task "collectSystemParametersTask" of process "d27b1060-b1c5-11f1-bf33-eeee0a8e3dbc"...#
#2026 09 16 11:57:43.678#Z#DEBUG#d27b103a-b1c5-11f1-bf33-eeee0a8e3dbc.OPERATION#flowable-async-job-executor-thread-19871#
[XS2CollectSystemParametersStep] Collecting system parameters...#
#2026 09 16 11:57:43.679#Z#DEBUG#d27b103a-b1c5-11f1-bf33-eeee0a8e3dbc.OPERATION#flowable-async-job-executor-thread-19871#
[XS2CollectSystemParametersStep] Getting default domain...#
#2026 09 16 11:57:43.705#Z#DEBUG#d27b103a-b1c5-11f1-bf33-eeee0a8e3dbc.OPERATION#flowable-async-job-executor-thread-19871#
[XS2CollectSystemParametersStep] Default domain: cfapps.us10-001.hana.ondemand.com#
#2026 09 16 11:57:43.705#Z#DEBUG#d27b103a-b1c5-11f1-bf33-eeee0a8e3dbc.OPERATION#flowable-async-job-executor-thread-19871#
[XS2CollectSystemParametersStep] Checking for overwriting read-only parameters for mta with id: "RiskManagement"#
#2026 09 16 11:57:43.705#Z#DEBUG#d27b103a-b1c5-11f1-bf33-eeee0a8e3dbc.OPERATION#flowable-async-job-executor-thread-19871#
[XS2CollectSystemParametersStep] No read-only parameters are overwritten#
#2026 09 16 11:57:43.716#Z#DEBUG#d27b103a-b1c5-11f1-bf33-eeee0a8e3dbc.OPERATION#flowable-async-job-executor-thread-19871#
[XS2CollectSystemParametersStep] Descriptor with system parameters: {
  "majorSchemaVersion" : 3,
  "schemaVersion" : "3.3.0",
  "id" : "RiskManagement",
  "version" : "1.0.0",
  "modules" : [ {
    "majorSchemaVersion" : 3,
    "name" : "RiskManagement-srv",
    "type" : "javascript.nodejs",
    "path" : "RiskManagement-srv",
    "properties" : { },
    "parameters" : {
      "default-url" : "${protocol}://${default-uri}",
      "default-app-name" : "RiskManagement-srv",
      "generated-password" : "********",
      "default-live-url" : "${protocol}://${default-live-uri}",
      "default-uri" : "${host}.${domain}",
      "default-instances" : 1,
      "default-live-host" : "47a58eedtrial-dev-riskmanagement-srv",
      "instances" : 1,
      "buildpack" : "nodejs_buildpack",
      "default-host" : "47a58eedtrial-dev-riskmanagement-srv",
      "app-name" : "${default-app-name}",
      "default-live-uri" : "47a58eedtrial-dev-riskmanagement-srv.${domain}",
      "protocol" : "https",
      "default-live-app-name" : "RiskManagement-srv",
      "default-live-domain" : "cfapps.us10-001.hana.ondemand.com",
      "domain" : "${default-domain}",
      "host" : "${default-host}",
      "generated-user" : "********"
    },
    "requiredDependencies" : [ {
      "majorSchemaVersion" : 3,
      "name" : "RiskManagement-db",
      "properties" : { },
      "parameters" : { },
      "propertiesMetadata" : {
        "metadata" : { }
      },
      "parametersMetadata" : {
        "metadata" : { }
      }
    }, {
      "majorSchemaVersion" : 3,
      "name" : "RiskManagement-destination",
      "properties" : { },
      "parameters" : { },
      "propertiesMetadata" : {
        "metadata" : { }
      },
      "parametersMetadata" : {
        "metadata" : { }
      }
    } ],
    "providedDependencies" : [ {
      "majorSchemaVersion" : 3,
      "name" : "srv-api",
      "isPublic" : false,
      "properties" : {
        "srv-url" : "${default-url}"
      },
      "parameters" : { },
      "propertiesMetadata" : {
        "metadata" : { }
      },
      "parametersMetadata" : {
        "metadata" : { }
      }
    }, {
      "majorSchemaVersion" : 3,
      "name" : "RiskManagement-srv",
      "isPublic" : false,
      "properties" : { },
      "parameters" : { },
      "propertiesMetadata" : {
        "metadata" : { }
      },
      "parametersMetadata" : {
        "metadata" : { }
      }
    } ],
    "propertiesMetadata" : {
      "metadata" : { }
    },
    "parametersMetadata" : {
      "metadata" : { }
    },
    "hooks" : [ ]
  }, {
    "majorSchemaVersion" : 3,
    "name" : "RiskManagement-db-deployer",
    "type" : "com.sap.xs.hdi",
    "path" : "RiskManagement-db-deployer",
    "properties" : {
      "EXIT" : 1
    },
    "parameters" : {
      "default-url" : "${protocol}://${default-uri}",
      "default-app-name" : "RiskManagement-db-deployer",
      "generated-password" : "********",
      "default-live-url" : "${protocol}://${default-live-uri}",
      "default-uri" : "${host}.${domain}",
      "memory" : "256M",
      "default-instances" : 1,
      "no-route" : true,
      "default-live-host" : "47a58eedtrial-dev-riskmanagement-db-deployer",
      "instances" : "${default-instances}",
      "buildpack" : "nodejs_buildpack",
      "default-host" : "47a58eedtrial-dev-riskmanagement-db-deployer",
      "app-name" : "${default-app-name}",
      "default-live-uri" : "47a58eedtrial-dev-riskmanagement-db-deployer.${domain}",
      "protocol" : "https",
      "default-live-app-name" : "RiskManagement-db-deployer",
      "default-live-domain" : "cfapps.us10-001.hana.ondemand.com",
      "dependency-type" : "hard",
      "domain" : "${default-domain}",
      "host" : "${default-host}",
      "generated-user" : "********",
      "tasks" : [ {
        "name" : "deploy",
        "memory" : "256M",
        "command" : "npm start"
      } ],
      "no-start" : true
    },
    "requiredDependencies" : [ {
      "majorSchemaVersion" : 3,
      "name" : "RiskManagement-db",
      "properties" : { },
      "parameters" : { },
      "propertiesMetadata" : {
        "metadata" : { }
      },
      "parametersMetadata" : {
        "metadata" : { }
      }
    } ],
    "providedDependencies" : [ {
      "majorSchemaVersion" : 3,
      "name" : "RiskManagement-db-deployer",
      "isPublic" : false,
      "properties" : { },
      "parameters" : { },
      "propertiesMetadata" : {
        "metadata" : { }
      },
      "parametersMetadata" : {
        "metadata" : { }
      }
    } ],
    "propertiesMetadata" : {
      "metadata" : { }
    },
    "parametersMetadata" : {
      "metadata" : { }
    },
    "hooks" : [ ]
  } ],
  "resources" : [ {
    "majorSchemaVersion" : 3,
    "name" : "RiskManagement-db",
    "type" : "com.sap.xs.hdi-container",
    "properties" : { },
    "parameters" : {
      "generated-password" : "********",
      "service-name" : "${default-service-name}",
      "service-plan" : "hdi-shared",
      "service" : "hana",
      "generated-user" : "********",
      "default-xsappname" : "RiskManagement-db",
      "type" : "managed-service",
      "default-service-name" : "RiskManagement-db",
      "default-container-name" : "47A58EEDTRIAL_DEV_RISKMANAGEMENT_DB"
    },
    "isActive" : true,
    "isOptional" : false,
    "propertiesMetadata" : {
      "metadata" : { }
    },
    "parametersMetadata" : {
      "metadata" : { }
    },
    "requiredDependencies" : [ ],
    "processedAfter" : [ ]
  }, {
    "majorSchemaVersion" : 3,
    "name" : "RiskManagement-destination",
    "type" : "org.cloudfoundry.managed-service",
    "properties" : { },
    "parameters" : {
      "generated-password" : "********",
      "service-name" : "${default-service-name}",
      "service-plan" : "lite",
      "service" : "destination",
      "generated-user" : "********",
      "default-xsappname" : "RiskManagement-destination",
      "type" : "managed-service",
      "default-service-name" : "RiskManagement-destination",
      "default-container-name" : "47A58EEDTRIAL_DEV_RISKMANAGEMENT_DESTINATION"
    },
    "isActive" : true,
    "isOptional" : false,
    "propertiesMetadata" : {
      "metadata" : { }
    },
    "parametersMetadata" : {
      "metadata" : { }
    },
    "requiredDependencies" : [ ],
    "processedAfter" : [ ]
  } ],
  "parameters" : {
    "mta-id" : "RiskManagement",
    "authorization-url" : "********",
    "org-guid" : "d7a02038-bfb6-4965-9398-981fd602b71e",
    "org" : "47a58eedtrial",
    "deploy-target" : "47a58eedtrial dev",
    "enable-parallel-deployments" : true,
    "space" : "dev",
    "xs-api-url" : "https://api.cf.us10-001.hana.ondemand.com",
    "deploy-url" : "deploy-service.cfapps.us10-001.hana.ondemand.com",
    "xs-type" : "CF",
    "default-domain" : "cfapps.us10-001.hana.ondemand.com",
    "mta-version" : "1.0.0",
    "xs-auth-url" : "********",
    "space-guid" : "b1534f58-8387-42a5-8ece-809300958c1c",
    "user" : "********",
    "controller-url" : "https://api.cf.us10-001.hana.ondemand.com",
    "timestamp" : "20260916115742"
  },
  "parametersMetadata" : {
    "metadata" : { }
  }
}#
#2026 09 16 11:57:43.716#Z#DEBUG#d27b103a-b1c5-11f1-bf33-eeee0a8e3dbc.OPERATION#flowable-async-job-executor-thread-19871#
[XS2CollectSystemParametersStep] Version rule: SAME_HIGHER#
#2026 09 16 11:57:43.716#Z#INFO#d27b103a-b1c5-11f1-bf33-eeee0a8e3dbc.OPERATION#flowable-async-job-executor-thread-19871#
[XS2CollectSystemParametersStep] Detected new MTA version: "1.0.0"#
#2026 09 16 11:57:43.722#Z#DEBUG#d27b103a-b1c5-11f1-bf33-eeee0a8e3dbc.OPERATION#flowable-async-job-executor-thread-19871#
[XS2CollectSystemParametersStep] MTA accepted for deployment#
#2026 09 16 11:57:43.722#Z#DEBUG#d27b103a-b1c5-11f1-bf33-eeee0a8e3dbc.OPERATION#flowable-async-job-executor-thread-19871#
[XS2CollectSystemParametersStep] System parameters collected#
#2026 09 16 11:57:43.722#Z#DEBUG#d27b103a-b1c5-11f1-bf33-eeee0a8e3dbc.OPERATION#flowable-async-job-executor-thread-19871#
Step "Collect System Parameters" finished#
#2026 09 16 11:57:43.761#Z#DEBUG#d27b103a-b1c5-11f1-bf33-eeee0a8e3dbc.OPERATION#flowable-async-job-executor-thread-19871#
[ProcessDescriptorStep] Executing task "processDescriptorTask" of process "d27b1060-b1c5-11f1-bf33-eeee0a8e3dbc"...#
#2026 09 16 11:57:43.763#Z#DEBUG#d27b103a-b1c5-11f1-bf33-eeee0a8e3dbc.OPERATION#flowable-async-job-executor-thread-19871#
[ProcessDescriptorStep] Resolving properties and parameters in merged descriptor...#
#2026 09 16 11:57:43.767#Z#DEBUG#d27b103a-b1c5-11f1-bf33-eeee0a8e3dbc.OPERATION#flowable-async-job-executor-thread-19871#
[ProcessDescriptorStep] Subscriptions: [ ]#
#2026 09 16 11:57:43.767#Z#DEBUG#d27b103a-b1c5-11f1-bf33-eeee0a8e3dbc.OPERATION#flowable-async-job-executor-thread-19871#
[ProcessDescriptorStep] MTA modules: [RiskManagement-srv, RiskManagement-db-deployer]#
#2026 09 16 11:57:43.767#Z#DEBUG#d27b103a-b1c5-11f1-bf33-eeee0a8e3dbc.OPERATION#flowable-async-job-executor-thread-19871#
[ProcessDescriptorStep] Resolved deployment descriptor: {
  "majorSchemaVersion" : 3,
  "schemaVersion" : "3.3.0",
  "id" : "RiskManagement",
  "version" : "1.0.0",
  "modules" : [ {
    "majorSchemaVersion" : 3,
    "name" : "RiskManagement-srv",
    "type" : "javascript.nodejs",
    "path" : "RiskManagement-srv",
    "properties" : { },
    "parameters" : {
      "default-url" : "https://47a58eedtrial-dev-riskmanagement-srv.cfapps.us10-001.hana.ondemand.com",
      "default-app-name" : "RiskManagement-srv",
      "generated-password" : "********",
      "default-live-url" : "https://47a58eedtrial-dev-riskmanagement-srv.cfapps.us10-001.hana.ondemand.com",
      "default-uri" : "47a58eedtrial-dev-riskmanagement-srv.cfapps.us10-001.hana.ondemand.com",
      "default-instances" : 1,
      "default-live-host" : "47a58eedtrial-dev-riskmanagement-srv",
      "instances" : 1,
      "buildpack" : "nodejs_buildpack",
      "default-host" : "47a58eedtrial-dev-riskmanagement-srv",
      "app-name" : "RiskManagement-srv",
      "default-live-uri" : "47a58eedtrial-dev-riskmanagement-srv.cfapps.us10-001.hana.ondemand.com",
      "protocol" : "https",
      "default-live-app-name" : "RiskManagement-srv",
      "default-live-domain" : "cfapps.us10-001.hana.ondemand.com",
      "domain" : "cfapps.us10-001.hana.ondemand.com",
      "host" : "47a58eedtrial-dev-riskmanagement-srv",
      "generated-user" : "********"
    },
    "requiredDependencies" : [ {
      "majorSchemaVersion" : 3,
      "name" : "RiskManagement-db",
      "properties" : { },
      "parameters" : { },
      "propertiesMetadata" : {
        "metadata" : { }
      },
      "parametersMetadata" : {
        "metadata" : { }
      }
    }, {
      "majorSchemaVersion" : 3,
      "name" : "RiskManagement-destination",
      "properties" : { },
      "parameters" : { },
      "propertiesMetadata" : {
        "metadata" : { }
      },
      "parametersMetadata" : {
        "metadata" : { }
      }
    } ],
    "providedDependencies" : [ {
      "majorSchemaVersion" : 3,
      "name" : "srv-api",
      "isPublic" : false,
      "properties" : {
        "srv-url" : "https://47a58eedtrial-dev-riskmanagement-srv.cfapps.us10-001.hana.ondemand.com"
      },
      "parameters" : { },
      "propertiesMetadata" : {
        "metadata" : { }
      },
      "parametersMetadata" : {
        "metadata" : { }
      }
    }, {
      "majorSchemaVersion" : 3,
      "name" : "RiskManagement-srv",
      "isPublic" : false,
      "properties" : { },
      "parameters" : { },
      "propertiesMetadata" : {
        "metadata" : { }
      },
      "parametersMetadata" : {
        "metadata" : { }
      }
    } ],
    "propertiesMetadata" : {
      "metadata" : { }
    },
    "parametersMetadata" : {
      "metadata" : { }
    },
    "hooks" : [ ]
  }, {
    "majorSchemaVersion" : 3,
    "name" : "RiskManagement-db-deployer",
    "type" : "com.sap.xs.hdi",
    "path" : "RiskManagement-db-deployer",
    "properties" : {
      "EXIT" : 1
    },
    "parameters" : {
      "default-url" : "https://47a58eedtrial-dev-riskmanagement-db-deployer.cfapps.us10-001.hana.ondemand.com",
      "default-app-name" : "RiskManagement-db-deployer",
      "generated-password" : "********",
      "default-live-url" : "https://47a58eedtrial-dev-riskmanagement-db-deployer.cfapps.us10-001.hana.ondemand.com",
      "default-uri" : "47a58eedtrial-dev-riskmanagement-db-deployer.cfapps.us10-001.hana.ondemand.com",
      "memory" : "256M",
      "default-instances" : 1,
      "no-route" : true,
      "default-live-host" : "47a58eedtrial-dev-riskmanagement-db-deployer",
      "instances" : 1,
      "buildpack" : "nodejs_buildpack",
      "default-host" : "47a58eedtrial-dev-riskmanagement-db-deployer",
      "app-name" : "RiskManagement-db-deployer",
      "default-live-uri" : "47a58eedtrial-dev-riskmanagement-db-deployer.cfapps.us10-001.hana.ondemand.com",
      "protocol" : "https",
      "default-live-app-name" : "RiskManagement-db-deployer",
      "default-live-domain" : "cfapps.us10-001.hana.ondemand.com",
      "dependency-type" : "hard",
      "domain" : "cfapps.us10-001.hana.ondemand.com",
      "host" : "47a58eedtrial-dev-riskmanagement-db-deployer",
      "generated-user" : "********",
      "tasks" : [ {
        "command" : "npm start",
        "memory" : "256M",
        "name" : "deploy"
      } ],
      "no-start" : true
    },
    "requiredDependencies" : [ {
      "majorSchemaVersion" : 3,
      "name" : "RiskManagement-db",
      "properties" : { },
      "parameters" : { },
      "propertiesMetadata" : {
        "metadata" : { }
      },
      "parametersMetadata" : {
        "metadata" : { }
      }
    } ],
    "providedDependencies" : [ {
      "majorSchemaVersion" : 3,
      "name" : "RiskManagement-db-deployer",
      "isPublic" : false,
      "properties" : { },
      "parameters" : { },
      "propertiesMetadata" : {
        "metadata" : { }
      },
      "parametersMetadata" : {
        "metadata" : { }
      }
    } ],
    "propertiesMetadata" : {
      "metadata" : { }
    },
    "parametersMetadata" : {
      "metadata" : { }
    },
    "hooks" : [ ]
  } ],
  "resources" : [ {
    "majorSchemaVersion" : 3,
    "name" : "RiskManagement-db",
    "type" : "com.sap.xs.hdi-container",
    "properties" : { },
    "parameters" : {
      "generated-password" : "********",
      "service-name" : "RiskManagement-db",
      "service-plan" : "hdi-shared",
      "service" : "hana",
      "generated-user" : "********",
      "default-xsappname" : "RiskManagement-db",
      "type" : "managed-service",
      "default-service-name" : "RiskManagement-db",
      "default-container-name" : "47A58EEDTRIAL_DEV_RISKMANAGEMENT_DB"
    },
    "isActive" : true,
    "isOptional" : false,
    "propertiesMetadata" : {
      "metadata" : { }
    },
    "parametersMetadata" : {
      "metadata" : { }
    },
    "requiredDependencies" : [ ],
    "processedAfter" : [ ]
  }, {
    "majorSchemaVersion" : 3,
    "name" : "RiskManagement-destination",
    "type" : "org.cloudfoundry.managed-service",
    "properties" : { },
    "parameters" : {
      "generated-password" : "********",
      "service-name" : "RiskManagement-destination",
      "service-plan" : "lite",
      "service" : "destination",
      "generated-user" : "********",
      "default-xsappname" : "RiskManagement-destination",
      "type" : "managed-service",
      "default-service-name" : "RiskManagement-destination",
      "default-container-name" : "47A58EEDTRIAL_DEV_RISKMANAGEMENT_DESTINATION"
    },
    "isActive" : true,
    "isOptional" : false,
    "propertiesMetadata" : {
      "metadata" : { }
    },
    "parametersMetadata" : {
      "metadata" : { }
    },
    "requiredDependencies" : [ ],
    "processedAfter" : [ ]
  } ],
  "parameters" : {
    "mta-id" : "RiskManagement",
    "authorization-url" : "********",
    "org-guid" : "d7a02038-bfb6-4965-9398-981fd602b71e",
    "org" : "47a58eedtrial",
    "deploy-target" : "47a58eedtrial dev",
    "enable-parallel-deployments" : true,
    "region-primary-domain" : "us10.hana.ondemand.com",
    "space" : "dev",
    "region-domain" : "us10-001.hana.ondemand.com",
    "xs-api-url" : "https://api.cf.us10-001.hana.ondemand.com",
    "deploy-url" : "deploy-service.cfapps.us10-001.hana.ondemand.com",
    "xs-type" : "CF",
    "default-domain" : "cfapps.us10-001.hana.ondemand.com",
    "mta-version" : "1.0.0",
    "xs-auth-url" : "********",
    "space-guid" : "b1534f58-8387-42a5-8ece-809300958c1c",
    "user" : "********",
    "controller-url" : "https://api.cf.us10-001.hana.ondemand.com",
    "timestamp" : "20260916115742"
  },
  "parametersMetadata" : {
    "metadata" : { }
  }
}#
#2026 09 16 11:57:43.767#Z#DEBUG#d27b103a-b1c5-11f1-bf33-eeee0a8e3dbc.OPERATION#flowable-async-job-executor-thread-19871#
[ProcessDescriptorStep] Merged descriptor properties and parameters resolved#
#2026 09 16 11:57:43.767#Z#DEBUG#d27b103a-b1c5-11f1-bf33-eeee0a8e3dbc.OPERATION#flowable-async-job-executor-thread-19871#
Step "Process Descriptor Step" finished#
#2026 09 16 11:57:43.810#Z#DEBUG#d27b103a-b1c5-11f1-bf33-eeee0a8e3dbc.OPERATION#flowable-async-job-executor-thread-19871#
[XS2BuildCloudDeployModelStep] Executing task "buildDeployModelTask" of process "d27b1060-b1c5-11f1-bf33-eeee0a8e3dbc"...#
#2026 09 16 11:57:43.814#Z#DEBUG#d27b103a-b1c5-11f1-bf33-eeee0a8e3dbc.OPERATION#flowable-async-job-executor-thread-19871#
[XS2BuildCloudDeployModelStep] Service keys defined for content deployment grouped by service name: { }#
#2026 09 16 11:57:43.815#Z#DEBUG#d27b103a-b1c5-11f1-bf33-eeee0a8e3dbc.OPERATION#flowable-async-job-executor-thread-19871#
[XS2BuildCloudDeployModelStep] Building cloud deployment model...#
#2026 09 16 11:57:43.816#Z#DEBUG#d27b103a-b1c5-11f1-bf33-eeee0a8e3dbc.OPERATION#flowable-async-job-executor-thread-19871#
[XS2BuildCloudDeployModelStep] MTA archive modules: [RiskManagement-srv, RiskManagement-db-deployer]#
#2026 09 16 11:57:43.816#Z#DEBUG#d27b103a-b1c5-11f1-bf33-eeee0a8e3dbc.OPERATION#flowable-async-job-executor-thread-19871#
[XS2BuildCloudDeployModelStep] Deployed modules: []#
#2026 09 16 11:57:43.817#Z#DEBUG#d27b103a-b1c5-11f1-bf33-eeee0a8e3dbc.OPERATION#flowable-async-job-executor-thread-19871#
[XS2BuildCloudDeployModelStep] MTA modules: [RiskManagement-srv, RiskManagement-db-deployer]#
#2026 09 16 11:57:43.817#Z#DEBUG#d27b103a-b1c5-11f1-bf33-eeee0a8e3dbc.OPERATION#flowable-async-job-executor-thread-19871#
[XS2BuildCloudDeployModelStep] Service keys to create: {
  "RiskManagement-destination" : [ ],
  "RiskManagement-db" : [ ]
}#
#2026 09 16 11:57:43.817#Z#DEBUG#d27b103a-b1c5-11f1-bf33-eeee0a8e3dbc.OPERATION#flowable-async-job-executor-thread-19871#
[XS2BuildCloudDeployModelStep] Modules to deploy: [{
  "majorSchemaVersion" : 3,
  "name" : "RiskManagement-srv",
  "type" : "javascript.nodejs",
  "path" : "RiskManagement-srv",
  "properties" : { },
  "parameters" : {
    "default-url" : "https://47a58eedtrial-dev-riskmanagement-srv.cfapps.us10-001.hana.ondemand.com",
    "default-app-name" : "RiskManagement-srv",
    "generated-password" : "********",
    "default-live-url" : "https://47a58eedtrial-dev-riskmanagement-srv.cfapps.us10-001.hana.ondemand.com",
    "default-uri" : "47a58eedtrial-dev-riskmanagement-srv.cfapps.us10-001.hana.ondemand.com",
    "default-instances" : 1,
    "default-live-host" : "47a58eedtrial-dev-riskmanagement-srv",
    "instances" : 1,
    "buildpack" : "nodejs_buildpack",
    "default-host" : "47a58eedtrial-dev-riskmanagement-srv",
    "app-name" : "RiskManagement-srv",
    "default-live-uri" : "47a58eedtrial-dev-riskmanagement-srv.cfapps.us10-001.hana.ondemand.com",
    "protocol" : "https",
    "default-live-app-name" : "RiskManagement-srv",
    "default-live-domain" : "cfapps.us10-001.hana.ondemand.com",
    "dependency-type" : "soft",
    "domain" : "cfapps.us10-001.hana.ondemand.com",
    "host" : "47a58eedtrial-dev-riskmanagement-srv",
    "generated-user" : "********"
  },
  "requiredDependencies" : [ {
    "majorSchemaVersion" : 3,
    "name" : "RiskManagement-db",
    "properties" : { },
    "parameters" : { },
    "propertiesMetadata" : {
      "metadata" : { }
    },
    "parametersMetadata" : {
      "metadata" : { }
    }
  }, {
    "majorSchemaVersion" : 3,
    "name" : "RiskManagement-destination",
    "properties" : { },
    "parameters" : { },
    "propertiesMetadata" : {
      "metadata" : { }
    },
    "parametersMetadata" : {
      "metadata" : { }
    }
  } ],
  "providedDependencies" : [ {
    "majorSchemaVersion" : 3,
    "name" : "srv-api",
    "isPublic" : false,
    "properties" : {
      "srv-url" : "https://47a58eedtrial-dev-riskmanagement-srv.cfapps.us10-001.hana.ondemand.com"
    },
    "parameters" : { },
    "propertiesMetadata" : {
      "metadata" : { }
    },
    "parametersMetadata" : {
      "metadata" : { }
    }
  }, {
    "majorSchemaVersion" : 3,
    "name" : "RiskManagement-srv",
    "isPublic" : false,
    "properties" : { },
    "parameters" : { },
    "propertiesMetadata" : {
      "metadata" : { }
    },
    "parametersMetadata" : {
      "metadata" : { }
    }
  } ],
  "propertiesMetadata" : {
    "metadata" : { }
  },
  "parametersMetadata" : {
    "metadata" : { }
  },
  "deployedAfter" : [ ],
  "hooks" : [ ]
}, {
  "majorSchemaVersion" : 3,
  "name" : "RiskManagement-db-deployer",
  "type" : "com.sap.xs.hdi",
  "path" : "RiskManagement-db-deployer",
  "properties" : {
    "EXIT" : 1
  },
  "parameters" : {
    "default-url" : "https://47a58eedtrial-dev-riskmanagement-db-deployer.cfapps.us10-001.hana.ondemand.com",
    "default-app-name" : "RiskManagement-db-deployer",
    "generated-password" : "********",
    "default-live-url" : "https://47a58eedtrial-dev-riskmanagement-db-deployer.cfapps.us10-001.hana.ondemand.com",
    "default-uri" : "47a58eedtrial-dev-riskmanagement-db-deployer.cfapps.us10-001.hana.ondemand.com",
    "memory" : "256M",
    "default-instances" : 1,
    "no-route" : true,
    "default-live-host" : "47a58eedtrial-dev-riskmanagement-db-deployer",
    "instances" : 1,
    "buildpack" : "nodejs_buildpack",
    "default-host" : "47a58eedtrial-dev-riskmanagement-db-deployer",
    "app-name" : "RiskManagement-db-deployer",
    "default-live-uri" : "47a58eedtrial-dev-riskmanagement-db-deployer.cfapps.us10-001.hana.ondemand.com",
    "protocol" : "https",
    "default-live-app-name" : "RiskManagement-db-deployer",
    "default-live-domain" : "cfapps.us10-001.hana.ondemand.com",
    "dependency-type" : "hard",
    "domain" : "cfapps.us10-001.hana.ondemand.com",
    "host" : "47a58eedtrial-dev-riskmanagement-db-deployer",
    "generated-user" : "********",
    "tasks" : [ {
      "command" : "npm start",
      "memory" : "256M",
      "name" : "deploy"
    } ],
    "no-start" : true
  },
  "requiredDependencies" : [ {
    "majorSchemaVersion" : 3,
    "name" : "RiskManagement-db",
    "properties" : { },
    "parameters" : { },
    "propertiesMetadata" : {
      "metadata" : { }
    },
    "parametersMetadata" : {
      "metadata" : { }
    }
  } ],
  "providedDependencies" : [ {
    "majorSchemaVersion" : 3,
    "name" : "RiskManagement-db-deployer",
    "isPublic" : false,
    "properties" : { },
    "parameters" : { },
    "propertiesMetadata" : {
      "metadata" : { }
    },
    "parametersMetadata" : {
      "metadata" : { }
    }
  } ],
  "propertiesMetadata" : {
    "metadata" : { }
  },
  "parametersMetadata" : {
    "metadata" : { }
  },
  "deployedAfter" : [ ],
  "hooks" : [ ]
}]#
#2026 09 16 11:57:43.818#Z#DEBUG#d27b103a-b1c5-11f1-bf33-eeee0a8e3dbc.OPERATION#flowable-async-job-executor-thread-19871#
[XS2BuildCloudDeployModelStep] Custom domains: []#
#2026 09 16 11:57:43.820#Z#DEBUG#d27b103a-b1c5-11f1-bf33-eeee0a8e3dbc.OPERATION#flowable-async-job-executor-thread-19871#
[XS2BuildCloudDeployModelStep] Calculating resource batches...#
#2026 09 16 11:57:43.820#Z#DEBUG#d27b103a-b1c5-11f1-bf33-eeee0a8e3dbc.OPERATION#flowable-async-job-executor-thread-19871#
[XS2BuildCloudDeployModelStep] Calculating resource batches completed.#
#2026 09 16 11:57:43.820#Z#DEBUG#d27b103a-b1c5-11f1-bf33-eeee0a8e3dbc.OPERATION#flowable-async-job-executor-thread-19871#
[XS2BuildCloudDeployModelStep] Cloud deployment model built#
#2026 09 16 11:57:43.820#Z#DEBUG#d27b103a-b1c5-11f1-bf33-eeee0a8e3dbc.OPERATION#flowable-async-job-executor-thread-19871#
Step "Build Deploy Model" finished#
#2026 09 16 11:57:43.863#Z#DEBUG#d27b103a-b1c5-11f1-bf33-eeee0a8e3dbc.OPERATION#flowable-async-job-executor-thread-19871#
[BuildCloudUndeployModelStep] Executing task "buildUndeployModelTask" of process "d27b1060-b1c5-11f1-bf33-eeee0a8e3dbc"...#
#2026 09 16 11:57:43.866#Z#DEBUG#d27b103a-b1c5-11f1-bf33-eeee0a8e3dbc.OPERATION#flowable-async-job-executor-thread-19871#
[BuildCloudUndeployModelStep] Building cloud undeployment model...#
#2026 09 16 11:57:43.867#Z#DEBUG#d27b103a-b1c5-11f1-bf33-eeee0a8e3dbc.OPERATION#flowable-async-job-executor-thread-19871#
[BuildCloudUndeployModelStep] Detecting service keys to delete.#
#2026 09 16 11:57:43.869#Z#DEBUG#d27b103a-b1c5-11f1-bf33-eeee0a8e3dbc.OPERATION#flowable-async-job-executor-thread-19871#
[BuildCloudUndeployModelStep] No deployed service keys detected!#
#2026 09 16 11:57:43.869#Z#DEBUG#d27b103a-b1c5-11f1-bf33-eeee0a8e3dbc.OPERATION#flowable-async-job-executor-thread-19871#
[BuildCloudUndeployModelStep] Detected service keys to delete "[]"#
#2026 09 16 11:57:43.872#Z#DEBUG#d27b103a-b1c5-11f1-bf33-eeee0a8e3dbc.OPERATION#flowable-async-job-executor-thread-19871#
Step "Build Undeploy Model" finished#
#2026 09 16 11:57:43.912#Z#DEBUG#d27b103a-b1c5-11f1-bf33-eeee0a8e3dbc.OPERATION#flowable-async-job-executor-thread-19871#
[AddDomainsStep] Executing task "addDomainsTask" of process "d27b1060-b1c5-11f1-bf33-eeee0a8e3dbc"...#
#2026 09 16 11:57:43.914#Z#DEBUG#d27b103a-b1c5-11f1-bf33-eeee0a8e3dbc.OPERATION#flowable-async-job-executor-thread-19871#
[AddDomainsStep] Custom domains: []#
#2026 09 16 11:57:43.914#Z#DEBUG#d27b103a-b1c5-11f1-bf33-eeee0a8e3dbc.OPERATION#flowable-async-job-executor-thread-19871#
Step "Add Domains" finished#
#2026 09 16 11:57:44.331#Z#DEBUG#d27b103a-b1c5-11f1-bf33-eeee0a8e3dbc.OPERATION#flowable-async-job-executor-thread-19875#
[ExtractBatchedServicesWithResolvedDynamicParametersStep] Executing task "prepareModulesDeploymentTask" of process "d3779882-b1c5-11f1-bf33-eeee0a8e3dbc"...#
#2026 09 16 11:57:44.333#Z#DEBUG#d27b103a-b1c5-11f1-bf33-eeee0a8e3dbc.OPERATION#flowable-async-job-executor-thread-19875#
[ExtractBatchedServicesWithResolvedDynamicParametersStep] Extracting services and resolving dynamic parameters from batch#
#2026 09 16 11:57:44.334#Z#DEBUG#d27b103a-b1c5-11f1-bf33-eeee0a8e3dbc.OPERATION#flowable-async-job-executor-thread-19875#
[ExtractBatchedServicesWithResolvedDynamicParametersStep] Services to create: [ {
  "isOptional" : false,
  "isManaged" : true,
  "name" : "RiskManagement-db",
  "v3Metadata" : {
    "annotations" : {
      "mta_id" : "RiskManagement",
      "mta_version" : "1.0.0",
      "mta_resource" : "{\"name\":\"RiskManagement-db\"}"
    },
    "labels" : {
      "mta_id" : "71546f9fe9d5bd692c6abf3eba1bbfd7"
    }
  },
  "label" : "hana",
  "plan" : "hdi-shared",
  "credentials" : "********",
  "tags" : [ ],
  "type" : "managed",
  "resourceName" : "RiskManagement-db",
  "shouldSkipParametersUpdate" : false,
  "shouldSkipPlanUpdate" : false,
  "shouldSkipTagsUpdate" : false,
  "shouldSkipSyslogUrlUpdate" : false
}, {
  "isOptional" : false,
  "isManaged" : true,
  "name" : "RiskManagement-destination",
  "v3Metadata" : {
    "annotations" : {
      "mta_id" : "RiskManagement",
      "mta_version" : "1.0.0",
      "mta_resource" : "{\"name\":\"RiskManagement-destination\"}"
    },
    "labels" : {
      "mta_id" : "71546f9fe9d5bd692c6abf3eba1bbfd7"
    }
  },
  "label" : "destination",
  "plan" : "lite",
  "credentials" : "********",
  "tags" : [ ],
  "type" : "managed",
  "resourceName" : "RiskManagement-destination",
  "shouldSkipParametersUpdate" : false,
  "shouldSkipPlanUpdate" : false,
  "shouldSkipTagsUpdate" : false,
  "shouldSkipSyslogUrlUpdate" : false
} ]#
#2026 09 16 11:57:44.335#Z#DEBUG#d27b103a-b1c5-11f1-bf33-eeee0a8e3dbc.OPERATION#flowable-async-job-executor-thread-19875#
Step "Extract Services with Resolved Dynamic parameters from batch" finished#
#2026 09 16 11:57:44.439#Z#DEBUG#d27b103a-b1c5-11f1-bf33-eeee0a8e3dbc.OPERATION#flowable-async-job-executor-thread-19875#
[CheckServiceOperationStateStep] Executing task "CheckServiceOperationStateTask" of process "d3b8c0aa-b1c5-11f1-bf33-eeee0a8e3dbc"...#
#2026 09 16 11:57:44.440#Z#DEBUG#d27b103a-b1c5-11f1-bf33-eeee0a8e3dbc.OPERATION#flowable-async-job-executor-thread-19875#
[CheckServiceOperationStateStep] Getting service instance "RiskManagement-destination"...#
#2026 09 16 11:57:44.466#Z#DEBUG#d27b103a-b1c5-11f1-bf33-eeee0a8e3dbc.OPERATION#flowable-async-job-executor-thread-19875#
Step "Check for service operations in Progress" finished#
#2026 09 16 11:57:44.501#Z#DEBUG#d27b103a-b1c5-11f1-bf33-eeee0a8e3dbc.OPERATION#flowable-async-job-executor-thread-19873#
[DetermineServiceCreateUpdateServiceActionsStep] Executing task "DetermineServiceCreateUpdateActionsTask" of process "d3b8c0aa-b1c5-11f1-bf33-eeee0a8e3dbc"...#
#2026 09 16 11:57:44.503#Z#INFO#d27b103a-b1c5-11f1-bf33-eeee0a8e3dbc.OPERATION#flowable-async-job-executor-thread-19873#
[DetermineServiceCreateUpdateServiceActionsStep] Processing service "RiskManagement-destination"...#
#2026 09 16 11:57:44.509#Z#DEBUG#d27b103a-b1c5-11f1-bf33-eeee0a8e3dbc.OPERATION#flowable-async-job-executor-thread-19873#
[DetermineServiceCreateUpdateServiceActionsStep] Getting service instance "RiskManagement-destination"...#
#2026 09 16 11:57:44.538#Z#DEBUG#d27b103a-b1c5-11f1-bf33-eeee0a8e3dbc.OPERATION#flowable-async-job-executor-thread-19873#
[DetermineServiceCreateUpdateServiceActionsStep] Service should be created#
#2026 09 16 11:57:44.542#Z#DEBUG#d27b103a-b1c5-11f1-bf33-eeee0a8e3dbc.OPERATION#flowable-async-job-executor-thread-19873#
Step "Determine update actions" finished#
#2026 09 16 11:57:44.600#Z#DEBUG#d27b103a-b1c5-11f1-bf33-eeee0a8e3dbc.OPERATION#flowable-async-job-executor-thread-19873#
[CreateServiceStep] Executing task "CreateServiceTask" of process "d3b8c0aa-b1c5-11f1-bf33-eeee0a8e3dbc"...#
#2026 09 16 11:57:44.604#Z#INFO#d27b103a-b1c5-11f1-bf33-eeee0a8e3dbc.OPERATION#flowable-async-job-executor-thread-19873#
[CreateServiceStep] Creating service "RiskManagement-destination" from MTA resource "RiskManagement-destination"...#
#2026 09 16 11:57:44.611#Z#DEBUG#d27b103a-b1c5-11f1-bf33-eeee0a8e3dbc.OPERATION#flowable-async-job-executor-thread-19873#
[CreateServiceStep] Creating service instance: {
  "isOptional" : false,
  "isManaged" : true,
  "name" : "RiskManagement-destination",
  "v3Metadata" : {
    "annotations" : {
      "mta_id" : "RiskManagement",
      "mta_version" : "1.0.0",
      "mta_resource" : "{\"name\":\"RiskManagement-destination\"}"
    },
    "labels" : {
      "mta_id" : "71546f9fe9d5bd692c6abf3eba1bbfd7"
    }
  },
  "label" : "destination",
  "plan" : "lite",
  "credentials" : "********",
  "tags" : [ ],
  "type" : "managed",
  "resourceName" : "RiskManagement-destination",
  "shouldSkipParametersUpdate" : false,
  "shouldSkipPlanUpdate" : false,
  "shouldSkipTagsUpdate" : false,
  "shouldSkipSyslogUrlUpdate" : false
}#
#2026 09 16 11:57:44.778#Z#DEBUG#d27b103a-b1c5-11f1-bf33-eeee0a8e3dbc.OPERATION#flowable-async-job-executor-thread-19873#
[CreateServiceStep] Service "RiskManagement-destination" created#
#2026 09 16 11:57:44.778#Z#DEBUG#d27b103a-b1c5-11f1-bf33-eeee0a8e3dbc.OPERATION#flowable-async-job-executor-thread-19873#
[CreateServiceStep] Triggered service operations: {
  "RiskManagement-destination" : "CREATE"
}#
#2026 09 16 11:57:44.780#Z#DEBUG#d27b103a-b1c5-11f1-bf33-eeee0a8e3dbc.OPERATION#flowable-async-job-executor-thread-19873#
Step "Create" finished#
#2026 09 16 11:57:45.489#Z#DEBUG#d27b103a-b1c5-11f1-bf33-eeee0a8e3dbc.OPERATION#flowable-async-job-executor-thread-17891#
[CheckServiceOperationStateStep] Executing task "CheckServiceOperationStateTask" of process "d457bf35-b1c5-11f1-8fe4-eeee0a80bcf5"...#
#2026 09 16 11:57:45.561#Z#DEBUG#d27b103a-b1c5-11f1-bf33-eeee0a8e3dbc.OPERATION#flowable-async-job-executor-thread-17891#
[CheckServiceOperationStateStep] Getting service instance "RiskManagement-db"...#
#2026 09 16 11:57:45.599#Z#DEBUG#d27b103a-b1c5-11f1-bf33-eeee0a8e3dbc.OPERATION#flowable-async-job-executor-thread-17891#
Step "Check for service operations in Progress" finished#
#2026 09 16 11:57:45.636#Z#DEBUG#d27b103a-b1c5-11f1-bf33-eeee0a8e3dbc.OPERATION#flowable-async-job-executor-thread-17893#
[DetermineServiceCreateUpdateServiceActionsStep] Executing task "DetermineServiceCreateUpdateActionsTask" of process "d457bf35-b1c5-11f1-8fe4-eeee0a80bcf5"...#
#2026 09 16 11:57:45.638#Z#INFO#d27b103a-b1c5-11f1-bf33-eeee0a8e3dbc.OPERATION#flowable-async-job-executor-thread-17893#
[DetermineServiceCreateUpdateServiceActionsStep] Processing service "RiskManagement-db"...#
#2026 09 16 11:57:45.644#Z#DEBUG#d27b103a-b1c5-11f1-bf33-eeee0a8e3dbc.OPERATION#flowable-async-job-executor-thread-17893#
[DetermineServiceCreateUpdateServiceActionsStep] Getting service instance "RiskManagement-db"...#
#2026 09 16 11:57:45.671#Z#DEBUG#d27b103a-b1c5-11f1-bf33-eeee0a8e3dbc.OPERATION#flowable-async-job-executor-thread-17893#
[DetermineServiceCreateUpdateServiceActionsStep] Service should be created#
#2026 09 16 11:57:45.675#Z#DEBUG#d27b103a-b1c5-11f1-bf33-eeee0a8e3dbc.OPERATION#flowable-async-job-executor-thread-17893#
Step "Determine update actions" finished#
#2026 09 16 11:57:45.736#Z#DEBUG#d27b103a-b1c5-11f1-bf33-eeee0a8e3dbc.OPERATION#flowable-async-job-executor-thread-17895#
[CreateServiceStep] Executing task "CreateServiceTask" of process "d457bf35-b1c5-11f1-8fe4-eeee0a80bcf5"...#
#2026 09 16 11:57:45.739#Z#INFO#d27b103a-b1c5-11f1-bf33-eeee0a8e3dbc.OPERATION#flowable-async-job-executor-thread-17895#
[CreateServiceStep] Creating service "RiskManagement-db" from MTA resource "RiskManagement-db"...#
#2026 09 16 11:57:45.744#Z#DEBUG#d27b103a-b1c5-11f1-bf33-eeee0a8e3dbc.OPERATION#flowable-async-job-executor-thread-17895#
[CreateServiceStep] Creating service instance: {
  "isOptional" : false,
  "isManaged" : true,
  "name" : "RiskManagement-db",
  "v3Metadata" : {
    "annotations" : {
      "mta_id" : "RiskManagement",
      "mta_version" : "1.0.0",
      "mta_resource" : "{\"name\":\"RiskManagement-db\"}"
    },
    "labels" : {
      "mta_id" : "71546f9fe9d5bd692c6abf3eba1bbfd7"
    }
  },
  "label" : "hana",
  "plan" : "hdi-shared",
  "credentials" : "********",
  "tags" : [ ],
  "type" : "managed",
  "resourceName" : "RiskManagement-db",
  "shouldSkipParametersUpdate" : false,
  "shouldSkipPlanUpdate" : false,
  "shouldSkipTagsUpdate" : false,
  "shouldSkipSyslogUrlUpdate" : false
}#
#2026 09 16 11:57:45.918#Z#DEBUG#d27b103a-b1c5-11f1-bf33-eeee0a8e3dbc.OPERATION#flowable-async-job-executor-thread-17895#
[CreateServiceStep] Service "RiskManagement-db" created#
#2026 09 16 11:57:45.918#Z#DEBUG#d27b103a-b1c5-11f1-bf33-eeee0a8e3dbc.OPERATION#flowable-async-job-executor-thread-17895#
[CreateServiceStep] Triggered service operations: {
  "RiskManagement-db" : "CREATE"
}#
#2026 09 16 11:57:45.919#Z#DEBUG#d27b103a-b1c5-11f1-bf33-eeee0a8e3dbc.OPERATION#flowable-async-job-executor-thread-17895#
Step "Create" finished#
#2026 09 16 11:57:58.361#Z#DEBUG#d27b103a-b1c5-11f1-bf33-eeee0a8e3dbc.OPERATION#flowable-async-job-executor-thread-1460#
[CreateServiceStep] Executing task "CreateServiceTask" of process "d457bf35-b1c5-11f1-8fe4-eeee0a80bcf5"...#
#2026 09 16 11:57:58.362#Z#DEBUG#d27b103a-b1c5-11f1-bf33-eeee0a8e3dbc.OPERATION#flowable-async-job-executor-thread-1460#
[CreateServiceStep] Polling service operations...#
#2026 09 16 11:57:58.394#Z#DEBUG#d27b103a-b1c5-11f1-bf33-eeee0a8e3dbc.OPERATION#flowable-async-job-executor-thread-1457#
[CreateServiceStep] Executing task "CreateServiceTask" of process "d3b8c0aa-b1c5-11f1-bf33-eeee0a8e3dbc"...#
#2026 09 16 11:57:58.395#Z#DEBUG#d27b103a-b1c5-11f1-bf33-eeee0a8e3dbc.OPERATION#flowable-async-job-executor-thread-1457#
[CreateServiceStep] Polling service operations...#
#2026 09 16 11:57:58.434#Z#DEBUG#d27b103a-b1c5-11f1-bf33-eeee0a8e3dbc.OPERATION#flowable-async-job-executor-thread-1460#
[CreateServiceStep] Getting service instance "RiskManagement-db"...#
#2026 09 16 11:57:58.450#Z#DEBUG#d27b103a-b1c5-11f1-bf33-eeee0a8e3dbc.OPERATION#flowable-async-job-executor-thread-1457#
[CreateServiceStep] Getting service instance "RiskManagement-destination"...#
#2026 09 16 11:57:58.536#Z#DEBUG#d27b103a-b1c5-11f1-bf33-eeee0a8e3dbc.OPERATION#flowable-async-job-executor-thread-1460#
[CreateServiceStep] Last operation for service "RiskManagement-db": {
  "type" : "CREATE",
  "state" : "SUCCEEDED"
}#
#2026 09 16 11:57:58.536#Z#DEBUG#d27b103a-b1c5-11f1-bf33-eeee0a8e3dbc.OPERATION#flowable-async-job-executor-thread-1460#
[CreateServiceStep] Service "RiskManagement-db" created#
#2026 09 16 11:57:58.536#Z#INFO#d27b103a-b1c5-11f1-bf33-eeee0a8e3dbc.OPERATION#flowable-async-job-executor-thread-1460#
[CreateServiceStep] 1 of 1 done#
#2026 09 16 11:57:58.540#Z#DEBUG#d27b103a-b1c5-11f1-bf33-eeee0a8e3dbc.OPERATION#flowable-async-job-executor-thread-1460#
[CreateServiceStep] Remaining services to poll: [ ]#
#2026 09 16 11:57:58.541#Z#DEBUG#d27b103a-b1c5-11f1-bf33-eeee0a8e3dbc.OPERATION#flowable-async-job-executor-thread-1460#
Step "Create" finished#
#2026 09 16 11:57:58.557#Z#DEBUG#d27b103a-b1c5-11f1-bf33-eeee0a8e3dbc.OPERATION#flowable-async-job-executor-thread-1457#
[CreateServiceStep] Last operation for service "RiskManagement-destination": {
  "type" : "CREATE",
  "description" : "",
  "state" : "SUCCEEDED"
}#
#2026 09 16 11:57:58.557#Z#DEBUG#d27b103a-b1c5-11f1-bf33-eeee0a8e3dbc.OPERATION#flowable-async-job-executor-thread-1457#
[CreateServiceStep] Service "RiskManagement-destination" created#
#2026 09 16 11:57:58.557#Z#INFO#d27b103a-b1c5-11f1-bf33-eeee0a8e3dbc.OPERATION#flowable-async-job-executor-thread-1457#
[CreateServiceStep] 1 of 1 done#
#2026 09 16 11:57:58.561#Z#DEBUG#d27b103a-b1c5-11f1-bf33-eeee0a8e3dbc.OPERATION#flowable-async-job-executor-thread-1457#
[CreateServiceStep] Remaining services to poll: [ ]#
#2026 09 16 11:57:58.562#Z#DEBUG#d27b103a-b1c5-11f1-bf33-eeee0a8e3dbc.OPERATION#flowable-async-job-executor-thread-1457#
Step "Create" finished#
#2026 09 16 11:57:59.440#Z#DEBUG#d27b103a-b1c5-11f1-bf33-eeee0a8e3dbc.OPERATION#flowable-async-job-executor-thread-19889#
[PrepareModulesDeploymentStep] Executing task "prepareModulesDeploymentTask" of process "dca6f9ac-b1c5-11f1-bf33-eeee0a8e3dbc"...#
#2026 09 16 11:57:59.441#Z#DEBUG#d27b103a-b1c5-11f1-bf33-eeee0a8e3dbc.OPERATION#flowable-async-job-executor-thread-19889#
[PrepareModulesDeploymentStep] Preparing modules deployment...#
#2026 09 16 11:57:59.448#Z#DEBUG#d27b103a-b1c5-11f1-bf33-eeee0a8e3dbc.OPERATION#flowable-async-job-executor-thread-19889#
Step "Prepare Modules Deployment" finished#
#2026 09 16 11:57:59.491#Z#DEBUG#d27b103a-b1c5-11f1-bf33-eeee0a8e3dbc.OPERATION#flowable-async-job-executor-thread-19889#
[ComputeNextModulesStep] Executing task "computeNextModulesToDeployInParallel" of process "dca6f9ac-b1c5-11f1-bf33-eeee0a8e3dbc"...#
#2026 09 16 11:57:59.493#Z#DEBUG#d27b103a-b1c5-11f1-bf33-eeee0a8e3dbc.OPERATION#flowable-async-job-executor-thread-19889#
[ComputeNextModulesStep] Computing modules for next parallel iteration...#
#2026 09 16 11:57:59.495#Z#DEBUG#d27b103a-b1c5-11f1-bf33-eeee0a8e3dbc.OPERATION#flowable-async-job-executor-thread-19889#
[ComputeNextModulesStep] Completed modules detected: []#
#2026 09 16 11:57:59.495#Z#DEBUG#d27b103a-b1c5-11f1-bf33-eeee0a8e3dbc.OPERATION#flowable-async-job-executor-thread-19889#
[ComputeNextModulesStep] All modules for deploy detected: [RiskManagement-srv, RiskManagement-db-deployer]#
#2026 09 16 11:57:59.495#Z#DEBUG#d27b103a-b1c5-11f1-bf33-eeee0a8e3dbc.OPERATION#flowable-async-job-executor-thread-19889#
[ComputeNextModulesStep] Modules not for deploy detected: []#
#2026 09 16 11:57:59.496#Z#DEBUG#d27b103a-b1c5-11f1-bf33-eeee0a8e3dbc.OPERATION#flowable-async-job-executor-thread-19889#
[ComputeNextModulesStep] Computed modules for next parallel iteration: [ {
  "majorSchemaVersion" : 3,
  "name" : "RiskManagement-srv",
  "type" : "javascript.nodejs",
  "path" : "RiskManagement-srv",
  "properties" : { },
  "parameters" : {
    "app-name" : "RiskManagement-srv",
    "buildpack" : "nodejs_buildpack",
    "default-app-name" : "RiskManagement-srv",
    "default-host" : "47a58eedtrial-dev-riskmanagement-srv",
    "default-instances" : 1,
    "default-live-app-name" : "RiskManagement-srv",
    "default-live-domain" : "cfapps.us10-001.hana.ondemand.com",
    "default-live-host" : "47a58eedtrial-dev-riskmanagement-srv",
    "default-live-uri" : "47a58eedtrial-dev-riskmanagement-srv.cfapps.us10-001.hana.ondemand.com",
    "default-live-url" : "https://47a58eedtrial-dev-riskmanagement-srv.cfapps.us10-001.hana.ondemand.com",
    "default-uri" : "47a58eedtrial-dev-riskmanagement-srv.cfapps.us10-001.hana.ondemand.com",
    "default-url" : "https://47a58eedtrial-dev-riskmanagement-srv.cfapps.us10-001.hana.ondemand.com",
    "dependency-type" : "soft",
    "domain" : "cfapps.us10-001.hana.ondemand.com",
    "generated-password" : "********",
    "generated-user" : "********",
    "host" : "47a58eedtrial-dev-riskmanagement-srv",
    "instances" : 1,
    "protocol" : "https"
  },
  "requiredDependencies" : [ {
    "majorSchemaVersion" : 3,
    "name" : "RiskManagement-db",
    "properties" : { },
    "parameters" : { },
    "propertiesMetadata" : {
      "metadata" : { }
    },
    "parametersMetadata" : {
      "metadata" : { }
    }
  }, {
    "majorSchemaVersion" : 3,
    "name" : "RiskManagement-destination",
    "properties" : { },
    "parameters" : { },
    "propertiesMetadata" : {
      "metadata" : { }
    },
    "parametersMetadata" : {
      "metadata" : { }
    }
  } ],
  "providedDependencies" : [ {
    "majorSchemaVersion" : 3,
    "name" : "srv-api",
    "isPublic" : false,
    "properties" : {
      "srv-url" : "https://47a58eedtrial-dev-riskmanagement-srv.cfapps.us10-001.hana.ondemand.com"
    },
    "parameters" : { },
    "propertiesMetadata" : {
      "metadata" : { }
    },
    "parametersMetadata" : {
      "metadata" : { }
    }
  }, {
    "majorSchemaVersion" : 3,
    "name" : "RiskManagement-srv",
    "isPublic" : false,
    "properties" : { },
    "parameters" : { },
    "propertiesMetadata" : {
      "metadata" : { }
    },
    "parametersMetadata" : {
      "metadata" : { }
    }
  } ],
  "propertiesMetadata" : {
    "metadata" : { }
  },
  "parametersMetadata" : {
    "metadata" : { }
  },
  "deployedAfter" : [ ],
  "hooks" : [ ]
}, {
  "majorSchemaVersion" : 3,
  "name" : "RiskManagement-db-deployer",
  "type" : "com.sap.xs.hdi",
  "path" : "RiskManagement-db-deployer",
  "properties" : {
    "EXIT" : 1
  },
  "parameters" : {
    "app-name" : "RiskManagement-db-deployer",
    "buildpack" : "nodejs_buildpack",
    "default-app-name" : "RiskManagement-db-deployer",
    "default-host" : "47a58eedtrial-dev-riskmanagement-db-deployer",
    "default-instances" : 1,
    "default-live-app-name" : "RiskManagement-db-deployer",
    "default-live-domain" : "cfapps.us10-001.hana.ondemand.com",
    "default-live-host" : "47a58eedtrial-dev-riskmanagement-db-deployer",
    "default-live-uri" : "47a58eedtrial-dev-riskmanagement-db-deployer.cfapps.us10-001.hana.ondemand.com",
    "default-live-url" : "https://47a58eedtrial-dev-riskmanagement-db-deployer.cfapps.us10-001.hana.ondemand.com",
    "default-uri" : "47a58eedtrial-dev-riskmanagement-db-deployer.cfapps.us10-001.hana.ondemand.com",
    "default-url" : "https://47a58eedtrial-dev-riskmanagement-db-deployer.cfapps.us10-001.hana.ondemand.com",
    "dependency-type" : "hard",
    "domain" : "cfapps.us10-001.hana.ondemand.com",
    "generated-password" : "********",
    "generated-user" : "********",
    "host" : "47a58eedtrial-dev-riskmanagement-db-deployer",
    "instances" : 1,
    "memory" : "256M",
    "no-route" : true,
    "no-start" : true,
    "protocol" : "https",
    "tasks" : [ {
      "command" : "npm start",
      "memory" : "256M",
      "name" : "deploy"
    } ]
  },
  "requiredDependencies" : [ {
    "majorSchemaVersion" : 3,
    "name" : "RiskManagement-db",
    "properties" : { },
    "parameters" : { },
    "propertiesMetadata" : {
      "metadata" : { }
    },
    "parametersMetadata" : {
      "metadata" : { }
    }
  } ],
  "providedDependencies" : [ {
    "majorSchemaVersion" : 3,
    "name" : "RiskManagement-db-deployer",
    "isPublic" : false,
    "properties" : { },
    "parameters" : { },
    "propertiesMetadata" : {
      "metadata" : { }
    },
    "parametersMetadata" : {
      "metadata" : { }
    }
  } ],
  "propertiesMetadata" : {
    "metadata" : { }
  },
  "parametersMetadata" : {
    "metadata" : { }
  },
  "deployedAfter" : [ ],
  "hooks" : [ ]
} ]#
#2026 09 16 11:57:59.496#Z#DEBUG#d27b103a-b1c5-11f1-bf33-eeee0a8e3dbc.OPERATION#flowable-async-job-executor-thread-19889#
Step "Compute Next Modules To Deploy" finished#
#2026 09 16 11:57:59.650#Z#DEBUG#d27b103a-b1c5-11f1-bf33-eeee0a8e3dbc.OPERATION#flowable-async-job-executor-thread-19889#
[ProcessDescriptorStep] Executing task "reprocessDescriptorTask" of process "dcc57eff-b1c5-11f1-bf33-eeee0a8e3dbc"...#
#2026 09 16 11:57:59.651#Z#DEBUG#d27b103a-b1c5-11f1-bf33-eeee0a8e3dbc.OPERATION#flowable-async-job-executor-thread-19889#
[ProcessDescriptorStep] Resolving properties and parameters in merged descriptor...#
#2026 09 16 11:57:59.654#Z#DEBUG#d27b103a-b1c5-11f1-bf33-eeee0a8e3dbc.OPERATION#flowable-async-job-executor-thread-19889#
[ProcessDescriptorStep] Subscriptions: [ ]#
#2026 09 16 11:57:59.663#Z#DEBUG#d27b103a-b1c5-11f1-bf33-eeee0a8e3dbc.OPERATION#flowable-async-job-executor-thread-19889#
[ProcessDescriptorStep] MTA modules: [RiskManagement-srv, RiskManagement-db-deployer]#
#2026 09 16 11:57:59.669#Z#DEBUG#d27b103a-b1c5-11f1-bf33-eeee0a8e3dbc.OPERATION#flowable-async-job-executor-thread-19889#
[ProcessDescriptorStep] Resolved deployment descriptor: {
  "majorSchemaVersion" : 3,
  "schemaVersion" : "3.3.0",
  "id" : "RiskManagement",
  "version" : "1.0.0",
  "modules" : [ {
    "majorSchemaVersion" : 3,
    "name" : "RiskManagement-srv",
    "type" : "javascript.nodejs",
    "path" : "RiskManagement-srv",
    "properties" : { },
    "parameters" : {
      "default-url" : "https://47a58eedtrial-dev-riskmanagement-srv.cfapps.us10-001.hana.ondemand.com",
      "default-app-name" : "RiskManagement-srv",
      "generated-password" : "********",
      "default-live-url" : "https://47a58eedtrial-dev-riskmanagement-srv.cfapps.us10-001.hana.ondemand.com",
      "default-uri" : "47a58eedtrial-dev-riskmanagement-srv.cfapps.us10-001.hana.ondemand.com",
      "default-instances" : 1,
      "default-live-host" : "47a58eedtrial-dev-riskmanagement-srv",
      "instances" : 1,
      "buildpack" : "nodejs_buildpack",
      "default-host" : "47a58eedtrial-dev-riskmanagement-srv",
      "app-name" : "RiskManagement-srv",
      "default-live-uri" : "47a58eedtrial-dev-riskmanagement-srv.cfapps.us10-001.hana.ondemand.com",
      "protocol" : "https",
      "default-live-app-name" : "RiskManagement-srv",
      "default-live-domain" : "cfapps.us10-001.hana.ondemand.com",
      "domain" : "cfapps.us10-001.hana.ondemand.com",
      "host" : "47a58eedtrial-dev-riskmanagement-srv",
      "generated-user" : "********"
    },
    "requiredDependencies" : [ {
      "majorSchemaVersion" : 3,
      "name" : "RiskManagement-db",
      "properties" : { },
      "parameters" : { },
      "propertiesMetadata" : {
        "metadata" : { }
      },
      "parametersMetadata" : {
        "metadata" : { }
      }
    }, {
      "majorSchemaVersion" : 3,
      "name" : "RiskManagement-destination",
      "properties" : { },
      "parameters" : { },
      "propertiesMetadata" : {
        "metadata" : { }
      },
      "parametersMetadata" : {
        "metadata" : { }
      }
    } ],
    "providedDependencies" : [ {
      "majorSchemaVersion" : 3,
      "name" : "srv-api",
      "isPublic" : false,
      "properties" : {
        "srv-url" : "https://47a58eedtrial-dev-riskmanagement-srv.cfapps.us10-001.hana.ondemand.com"
      },
      "parameters" : { },
      "propertiesMetadata" : {
        "metadata" : { }
      },
      "parametersMetadata" : {
        "metadata" : { }
      }
    }, {
      "majorSchemaVersion" : 3,
      "name" : "RiskManagement-srv",
      "isPublic" : false,
      "properties" : { },
      "parameters" : { },
      "propertiesMetadata" : {
        "metadata" : { }
      },
      "parametersMetadata" : {
        "metadata" : { }
      }
    } ],
    "propertiesMetadata" : {
      "metadata" : { }
    },
    "parametersMetadata" : {
      "metadata" : { }
    },
    "hooks" : [ ]
  }, {
    "majorSchemaVersion" : 3,
    "name" : "RiskManagement-db-deployer",
    "type" : "com.sap.xs.hdi",
    "path" : "RiskManagement-db-deployer",
    "properties" : {
      "EXIT" : 1
    },
    "parameters" : {
      "default-url" : "https://47a58eedtrial-dev-riskmanagement-db-deployer.cfapps.us10-001.hana.ondemand.com",
      "default-app-name" : "RiskManagement-db-deployer",
      "generated-password" : "********",
      "default-live-url" : "https://47a58eedtrial-dev-riskmanagement-db-deployer.cfapps.us10-001.hana.ondemand.com",
      "default-uri" : "47a58eedtrial-dev-riskmanagement-db-deployer.cfapps.us10-001.hana.ondemand.com",
      "memory" : "256M",
      "default-instances" : 1,
      "no-route" : true,
      "default-live-host" : "47a58eedtrial-dev-riskmanagement-db-deployer",
      "instances" : 1,
      "buildpack" : "nodejs_buildpack",
      "default-host" : "47a58eedtrial-dev-riskmanagement-db-deployer",
      "app-name" : "RiskManagement-db-deployer",
      "default-live-uri" : "47a58eedtrial-dev-riskmanagement-db-deployer.cfapps.us10-001.hana.ondemand.com",
      "protocol" : "https",
      "default-live-app-name" : "RiskManagement-db-deployer",
      "default-live-domain" : "cfapps.us10-001.hana.ondemand.com",
      "dependency-type" : "hard",
      "domain" : "cfapps.us10-001.hana.ondemand.com",
      "host" : "47a58eedtrial-dev-riskmanagement-db-deployer",
      "generated-user" : "********",
      "tasks" : [ {
        "command" : "npm start",
        "memory" : "256M",
        "name" : "deploy"
      } ],
      "no-start" : true
    },
    "requiredDependencies" : [ {
      "majorSchemaVersion" : 3,
      "name" : "RiskManagement-db",
      "properties" : { },
      "parameters" : { },
      "propertiesMetadata" : {
        "metadata" : { }
      },
      "parametersMetadata" : {
        "metadata" : { }
      }
    } ],
    "providedDependencies" : [ {
      "majorSchemaVersion" : 3,
      "name" : "RiskManagement-db-deployer",
      "isPublic" : false,
      "properties" : { },
      "parameters" : { },
      "propertiesMetadata" : {
        "metadata" : { }
      },
      "parametersMetadata" : {
        "metadata" : { }
      }
    } ],
    "propertiesMetadata" : {
      "metadata" : { }
    },
    "parametersMetadata" : {
      "metadata" : { }
    },
    "hooks" : [ ]
  } ],
  "resources" : [ {
    "majorSchemaVersion" : 3,
    "name" : "RiskManagement-db",
    "type" : "com.sap.xs.hdi-container",
    "properties" : { },
    "parameters" : {
      "generated-password" : "********",
      "service-name" : "RiskManagement-db",
      "service-plan" : "hdi-shared",
      "service" : "hana",
      "generated-user" : "********",
      "default-xsappname" : "RiskManagement-db",
      "type" : "managed-service",
      "default-service-name" : "RiskManagement-db",
      "default-container-name" : "47A58EEDTRIAL_DEV_RISKMANAGEMENT_DB"
    },
    "isActive" : true,
    "isOptional" : false,
    "propertiesMetadata" : {
      "metadata" : { }
    },
    "parametersMetadata" : {
      "metadata" : { }
    },
    "requiredDependencies" : [ ],
    "processedAfter" : [ ]
  }, {
    "majorSchemaVersion" : 3,
    "name" : "RiskManagement-destination",
    "type" : "org.cloudfoundry.managed-service",
    "properties" : { },
    "parameters" : {
      "generated-password" : "********",
      "service-name" : "RiskManagement-destination",
      "service-plan" : "lite",
      "service" : "destination",
      "generated-user" : "********",
      "default-xsappname" : "RiskManagement-destination",
      "type" : "managed-service",
      "default-service-name" : "RiskManagement-destination",
      "default-container-name" : "47A58EEDTRIAL_DEV_RISKMANAGEMENT_DESTINATION"
    },
    "isActive" : true,
    "isOptional" : false,
    "propertiesMetadata" : {
      "metadata" : { }
    },
    "parametersMetadata" : {
      "metadata" : { }
    },
    "requiredDependencies" : [ ],
    "processedAfter" : [ ]
  } ],
  "parameters" : {
    "mta-id" : "RiskManagement",
    "authorization-url" : "********",
    "org-guid" : "d7a02038-bfb6-4965-9398-981fd602b71e",
    "org" : "47a58eedtrial",
    "deploy-target" : "47a58eedtrial dev",
    "enable-parallel-deployments" : true,
    "region-primary-domain" : "us10.hana.ondemand.com",
    "space" : "dev",
    "region-domain" : "us10-001.hana.ondemand.com",
    "xs-api-url" : "https://api.cf.us10-001.hana.ondemand.com",
    "deploy-url" : "deploy-service.cfapps.us10-001.hana.ondemand.com",
    "xs-type" : "CF",
    "default-domain" : "cfapps.us10-001.hana.ondemand.com",
    "mta-version" : "1.0.0",
    "xs-auth-url" : "********",
    "space-guid" : "b1534f58-8387-42a5-8ece-809300958c1c",
    "user" : "********",
    "controller-url" : "https://api.cf.us10-001.hana.ondemand.com",
    "timestamp" : "20260916115742"
  },
  "parametersMetadata" : {
    "metadata" : { }
  }
}#
#2026 09 16 11:57:59.669#Z#DEBUG#d27b103a-b1c5-11f1-bf33-eeee0a8e3dbc.OPERATION#flowable-async-job-executor-thread-19889#
[ProcessDescriptorStep] Merged descriptor properties and parameters resolved#
#2026 09 16 11:57:59.669#Z#DEBUG#d27b103a-b1c5-11f1-bf33-eeee0a8e3dbc.OPERATION#flowable-async-job-executor-thread-19889#
Step "Re-Process Descriptor Step" finished#
#2026 09 16 11:57:59.706#Z#DEBUG#d27b103a-b1c5-11f1-bf33-eeee0a8e3dbc.OPERATION#flowable-async-job-executor-thread-19889#
[BuildApplicationDeployModelStep] Executing task "buildApplicationDeployModelTask" of process "dcc57eff-b1c5-11f1-bf33-eeee0a8e3dbc"...#
#2026 09 16 11:57:59.709#Z#DEBUG#d27b103a-b1c5-11f1-bf33-eeee0a8e3dbc.OPERATION#flowable-async-job-executor-thread-19889#
[BuildApplicationDeployModelStep] Building cloud deployment model for application "RiskManagement-srv"...#
#2026 09 16 11:57:59.713#Z#DEBUG#d27b103a-b1c5-11f1-bf33-eeee0a8e3dbc.OPERATION#flowable-async-job-executor-thread-19889#
[BuildApplicationDeployModelStep] No health-check-type is specified. Setting default type: port#
#2026 09 16 11:57:59.713#Z#INFO#d27b103a-b1c5-11f1-bf33-eeee0a8e3dbc.OPERATION#flowable-async-job-executor-thread-19889#
[BuildApplicationDeployModelStep] Building configuration entries for org 47a58eedtrial, space dev, spaceId b1534f58-8387-42a5-8ece-809300958c1c and namespace null!#
#2026 09 16 11:57:59.714#Z#DEBUG#d27b103a-b1c5-11f1-bf33-eeee0a8e3dbc.OPERATION#flowable-async-job-executor-thread-19889#
[BuildApplicationDeployModelStep] Configuration entries to publish: [ ]#
#2026 09 16 11:57:59.714#Z#DEBUG#d27b103a-b1c5-11f1-bf33-eeee0a8e3dbc.OPERATION#flowable-async-job-executor-thread-19889#
[BuildApplicationDeployModelStep] Cloud deployment model for application built#
#2026 09 16 11:57:59.714#Z#DEBUG#d27b103a-b1c5-11f1-bf33-eeee0a8e3dbc.OPERATION#flowable-async-job-executor-thread-19889#
Step "Build Application Deploy Model" finished#
#2026 09 16 11:57:59.759#Z#DEBUG#d27b103a-b1c5-11f1-bf33-eeee0a8e3dbc.OPERATION#flowable-async-job-executor-thread-19889#
[CreateOrUpdateAppStep] Executing task "createAppTask" of process "dcc57eff-b1c5-11f1-bf33-eeee0a8e3dbc"...#
#2026 09 16 11:57:59.762#Z#DEBUG#d27b103a-b1c5-11f1-bf33-eeee0a8e3dbc.OPERATION#flowable-async-job-executor-thread-19889#
[CreateOrUpdateAppStep] Getting application "RiskManagement-srv"...#
#2026 09 16 11:57:59.786#Z#INFO#d27b103a-b1c5-11f1-bf33-eeee0a8e3dbc.OPERATION#flowable-async-job-executor-thread-19889#
[CreateOrUpdateAppStep] Creating application "RiskManagement-srv" from MTA module "RiskManagement-srv"...#
#2026 09 16 11:57:59.794#Z#DEBUG#d27b103a-b1c5-11f1-bf33-eeee0a8e3dbc.OPERATION#flowable-async-job-executor-thread-19889#
[CreateOrUpdateAppStep] Creating application "RiskManagement-srv" with disk "null" memory "null", URIs "47a58eedtrial-dev-riskmanagement-srv.cfapps.us10-001.hana.ondemand.com" and staging: "{
  "buildpacks" : [ "nodejs_buildpack" ],
  "healthCheckType" : "port",
  "appFeatures" : { }
}"#
#2026 09 16 11:58:00.289#Z#DEBUG#d27b103a-b1c5-11f1-bf33-eeee0a8e3dbc.OPERATION#flowable-async-job-executor-thread-19889#
[CreateOrUpdateAppStep] Application "RiskManagement-srv" created#
#2026 09 16 11:58:00.289#Z#DEBUG#d27b103a-b1c5-11f1-bf33-eeee0a8e3dbc.OPERATION#flowable-async-job-executor-thread-19889#
Step "Create App" finished#
#2026 09 16 11:58:00.405#Z#DEBUG#d27b103a-b1c5-11f1-bf33-eeee0a8e3dbc.OPERATION#flowable-async-job-executor-thread-19889#
[CheckServiceBindingOperationStep] Executing task "checkForServiceBindingOperationInProgress" of process "dd3cd178-b1c5-11f1-bf33-eeee0a8e3dbc"...#
#2026 09 16 11:58:00.405#Z#DEBUG#d27b103a-b1c5-11f1-bf33-eeee0a8e3dbc.OPERATION#flowable-async-job-executor-thread-19889#
[CheckServiceBindingOperationStep] Checking for service binding operation in progress between app "RiskManagement-srv" and service instance "RiskManagement-db"#
#2026 09 16 11:58:00.406#Z#DEBUG#d27b103a-b1c5-11f1-bf33-eeee0a8e3dbc.OPERATION#flowable-async-job-executor-thread-19889#
[CheckServiceBindingOperationStep] Getting application guid "RiskManagement-srv"...#
#2026 09 16 11:58:00.435#Z#DEBUG#d27b103a-b1c5-11f1-bf33-eeee0a8e3dbc.OPERATION#flowable-async-job-executor-thread-19889#
[CheckServiceBindingOperationStep] Getting GUID of required service instance "RiskManagement-db"...#
#2026 09 16 11:58:00.485#Z#DEBUG#d27b103a-b1c5-11f1-bf33-eeee0a8e3dbc.OPERATION#flowable-async-job-executor-thread-19889#
[CheckServiceBindingOperationStep] Getting binding of service instance "6cc427ea-00b6-4908-b67a-372e48649e58" with application "43ad4e59-2e0c-4995-adf4-ca00afbfb842"...#
#2026 09 16 11:58:00.515#Z#DEBUG#d27b103a-b1c5-11f1-bf33-eeee0a8e3dbc.OPERATION#flowable-async-job-executor-thread-19889#
Step "Check For Service Binding Operation In Progress" finished#
#2026 09 16 11:58:00.554#Z#DEBUG#d27b103a-b1c5-11f1-bf33-eeee0a8e3dbc.OPERATION#flowable-async-job-executor-thread-19889#
[DetermineApplicationServiceBindingActionsStep] Executing task "determineApplicationServiceBindingActionsTask" of process "dd3cd178-b1c5-11f1-bf33-eeee0a8e3dbc"...#
#2026 09 16 11:58:00.557#Z#DEBUG#d27b103a-b1c5-11f1-bf33-eeee0a8e3dbc.OPERATION#flowable-async-job-executor-thread-19889#
[DetermineApplicationServiceBindingActionsStep] Determine bind/unbind operations of application "RiskManagement-srv" to service instance "RiskManagement-db"#
#2026 09 16 11:58:00.557#Z#DEBUG#d27b103a-b1c5-11f1-bf33-eeee0a8e3dbc.OPERATION#flowable-async-job-executor-thread-19889#
[DetermineApplicationServiceBindingActionsStep] Getting application "RiskManagement-srv"...#
#2026 09 16 11:58:00.589#Z#DEBUG#d27b103a-b1c5-11f1-bf33-eeee0a8e3dbc.OPERATION#flowable-async-job-executor-thread-19889#
[DetermineApplicationServiceBindingActionsStep] Binding parameters for application "RiskManagement-srv": { }#
#2026 09 16 11:58:00.610#Z#DEBUG#d27b103a-b1c5-11f1-bf33-eeee0a8e3dbc.OPERATION#flowable-async-job-executor-thread-19889#
[DetermineApplicationServiceBindingActionsStep] Calculated binding operations between application "RiskManagement-srv" and service instance "RiskManagement-db": unbind - false bind - true#
#2026 09 16 11:58:00.610#Z#DEBUG#d27b103a-b1c5-11f1-bf33-eeee0a8e3dbc.OPERATION#flowable-async-job-executor-thread-19889#
Step "Determine Application Service Binding Actions" finished#
#2026 09 16 11:58:00.655#Z#DEBUG#d27b103a-b1c5-11f1-bf33-eeee0a8e3dbc.OPERATION#flowable-async-job-executor-thread-19884#
[BindServiceToApplicationStep] Executing task "bindServiceToApplicationTask" of process "dd3cd178-b1c5-11f1-bf33-eeee0a8e3dbc"...#
#2026 09 16 11:58:00.657#Z#INFO#d27b103a-b1c5-11f1-bf33-eeee0a8e3dbc.OPERATION#flowable-async-job-executor-thread-19884#
[BindServiceToApplicationStep] Binding service instance "RiskManagement-db" to application "RiskManagement-srv"...#
#2026 09 16 11:58:00.665#Z#DEBUG#d27b103a-b1c5-11f1-bf33-eeee0a8e3dbc.OPERATION#flowable-async-job-executor-thread-19884#
[BindServiceToApplicationStep] Binding service instance "RiskManagement-db" to application "RiskManagement-srv" with parameters: { }#
#2026 09 16 11:58:00.786#Z#DEBUG#d27b103a-b1c5-11f1-bf33-eeee0a8e3dbc.OPERATION#flowable-async-job-executor-thread-19884#
Step "Bind Service to Application" finished#
#2026 09 16 11:58:00.898#Z#DEBUG#d27b103a-b1c5-11f1-bf33-eeee0a8e3dbc.OPERATION#flowable-async-job-executor-thread-17905#
[CheckServiceBindingOperationStep] Executing task "checkForServiceBindingOperationInProgress" of process "dd865d6f-b1c5-11f1-8fe4-eeee0a80bcf5"...#
#2026 09 16 11:58:00.898#Z#DEBUG#d27b103a-b1c5-11f1-bf33-eeee0a8e3dbc.OPERATION#flowable-async-job-executor-thread-17905#
[CheckServiceBindingOperationStep] Checking for service binding operation in progress between app "RiskManagement-srv" and service instance "RiskManagement-destination"#
#2026 09 16 11:58:00.899#Z#DEBUG#d27b103a-b1c5-11f1-bf33-eeee0a8e3dbc.OPERATION#flowable-async-job-executor-thread-17905#
[CheckServiceBindingOperationStep] Getting application guid "RiskManagement-srv"...#
#2026 09 16 11:58:00.926#Z#DEBUG#d27b103a-b1c5-11f1-bf33-eeee0a8e3dbc.OPERATION#flowable-async-job-executor-thread-17905#
[CheckServiceBindingOperationStep] Getting GUID of required service instance "RiskManagement-destination"...#
#2026 09 16 11:58:00.965#Z#DEBUG#d27b103a-b1c5-11f1-bf33-eeee0a8e3dbc.OPERATION#flowable-async-job-executor-thread-17905#
[CheckServiceBindingOperationStep] Getting binding of service instance "ca5c5ea3-67e2-4ceb-afe8-6baeaa851f21" with application "43ad4e59-2e0c-4995-adf4-ca00afbfb842"...#
#2026 09 16 11:58:00.990#Z#DEBUG#d27b103a-b1c5-11f1-bf33-eeee0a8e3dbc.OPERATION#flowable-async-job-executor-thread-17905#
Step "Check For Service Binding Operation In Progress" finished#
#2026 09 16 11:58:00.982#Z#DEBUG#d27b103a-b1c5-11f1-bf33-eeee0a8e3dbc.OPERATION#flowable-async-job-executor-thread-17906#
[ProcessDescriptorStep] Executing task "reprocessDescriptorTask" of process "dd8e4d6d-b1c5-11f1-8fe4-eeee0a80bcf5"...#
#2026 09 16 11:58:00.984#Z#DEBUG#d27b103a-b1c5-11f1-bf33-eeee0a8e3dbc.OPERATION#flowable-async-job-executor-thread-17906#
[ProcessDescriptorStep] Resolving properties and parameters in merged descriptor...#
#2026 09 16 11:58:00.987#Z#DEBUG#d27b103a-b1c5-11f1-bf33-eeee0a8e3dbc.OPERATION#flowable-async-job-executor-thread-17906#
[ProcessDescriptorStep] Subscriptions: [ ]#
#2026 09 16 11:58:00.998#Z#DEBUG#d27b103a-b1c5-11f1-bf33-eeee0a8e3dbc.OPERATION#flowable-async-job-executor-thread-17906#
[ProcessDescriptorStep] MTA modules: [RiskManagement-srv, RiskManagement-db-deployer]#
#2026 09 16 11:58:01.002#Z#DEBUG#d27b103a-b1c5-11f1-bf33-eeee0a8e3dbc.OPERATION#flowable-async-job-executor-thread-17906#
[ProcessDescriptorStep] Resolved deployment descriptor: {
  "majorSchemaVersion" : 3,
  "schemaVersion" : "3.3.0",
  "id" : "RiskManagement",
  "version" : "1.0.0",
  "modules" : [ {
    "majorSchemaVersion" : 3,
    "name" : "RiskManagement-srv",
    "type" : "javascript.nodejs",
    "path" : "RiskManagement-srv",
    "properties" : { },
    "parameters" : {
      "default-url" : "https://47a58eedtrial-dev-riskmanagement-srv.cfapps.us10-001.hana.ondemand.com",
      "default-app-name" : "RiskManagement-srv",
      "generated-password" : "********",
      "default-live-url" : "https://47a58eedtrial-dev-riskmanagement-srv.cfapps.us10-001.hana.ondemand.com",
      "default-uri" : "47a58eedtrial-dev-riskmanagement-srv.cfapps.us10-001.hana.ondemand.com",
      "default-instances" : 1,
      "default-live-host" : "47a58eedtrial-dev-riskmanagement-srv",
      "instances" : 1,
      "buildpack" : "nodejs_buildpack",
      "default-host" : "47a58eedtrial-dev-riskmanagement-srv",
      "app-name" : "RiskManagement-srv",
      "default-live-uri" : "47a58eedtrial-dev-riskmanagement-srv.cfapps.us10-001.hana.ondemand.com",
      "protocol" : "https",
      "default-live-app-name" : "RiskManagement-srv",
      "default-live-domain" : "cfapps.us10-001.hana.ondemand.com",
      "domain" : "cfapps.us10-001.hana.ondemand.com",
      "host" : "47a58eedtrial-dev-riskmanagement-srv",
      "generated-user" : "********"
    },
    "requiredDependencies" : [ {
      "majorSchemaVersion" : 3,
      "name" : "RiskManagement-db",
      "properties" : { },
      "parameters" : { },
      "propertiesMetadata" : {
        "metadata" : { }
      },
      "parametersMetadata" : {
        "metadata" : { }
      }
    }, {
      "majorSchemaVersion" : 3,
      "name" : "RiskManagement-destination",
      "properties" : { },
      "parameters" : { },
      "propertiesMetadata" : {
        "metadata" : { }
      },
      "parametersMetadata" : {
        "metadata" : { }
      }
    } ],
    "providedDependencies" : [ {
      "majorSchemaVersion" : 3,
      "name" : "srv-api",
      "isPublic" : false,
      "properties" : {
        "srv-url" : "https://47a58eedtrial-dev-riskmanagement-srv.cfapps.us10-001.hana.ondemand.com"
      },
      "parameters" : { },
      "propertiesMetadata" : {
        "metadata" : { }
      },
      "parametersMetadata" : {
        "metadata" : { }
      }
    }, {
      "majorSchemaVersion" : 3,
      "name" : "RiskManagement-srv",
      "isPublic" : false,
      "properties" : { },
      "parameters" : { },
      "propertiesMetadata" : {
        "metadata" : { }
      },
      "parametersMetadata" : {
        "metadata" : { }
      }
    } ],
    "propertiesMetadata" : {
      "metadata" : { }
    },
    "parametersMetadata" : {
      "metadata" : { }
    },
    "hooks" : [ ]
  }, {
    "majorSchemaVersion" : 3,
    "name" : "RiskManagement-db-deployer",
    "type" : "com.sap.xs.hdi",
    "path" : "RiskManagement-db-deployer",
    "properties" : {
      "EXIT" : 1
    },
    "parameters" : {
      "default-url" : "https://47a58eedtrial-dev-riskmanagement-db-deployer.cfapps.us10-001.hana.ondemand.com",
      "default-app-name" : "RiskManagement-db-deployer",
      "generated-password" : "********",
      "default-live-url" : "https://47a58eedtrial-dev-riskmanagement-db-deployer.cfapps.us10-001.hana.ondemand.com",
      "default-uri" : "47a58eedtrial-dev-riskmanagement-db-deployer.cfapps.us10-001.hana.ondemand.com",
      "memory" : "256M",
      "default-instances" : 1,
      "no-route" : true,
      "default-live-host" : "47a58eedtrial-dev-riskmanagement-db-deployer",
      "instances" : 1,
      "buildpack" : "nodejs_buildpack",
      "default-host" : "47a58eedtrial-dev-riskmanagement-db-deployer",
      "app-name" : "RiskManagement-db-deployer",
      "default-live-uri" : "47a58eedtrial-dev-riskmanagement-db-deployer.cfapps.us10-001.hana.ondemand.com",
      "protocol" : "https",
      "default-live-app-name" : "RiskManagement-db-deployer",
      "default-live-domain" : "cfapps.us10-001.hana.ondemand.com",
      "dependency-type" : "hard",
      "domain" : "cfapps.us10-001.hana.ondemand.com",
      "host" : "47a58eedtrial-dev-riskmanagement-db-deployer",
      "generated-user" : "********",
      "tasks" : [ {
        "command" : "npm start",
        "memory" : "256M",
        "name" : "deploy"
      } ],
      "no-start" : true
    },
    "requiredDependencies" : [ {
      "majorSchemaVersion" : 3,
      "name" : "RiskManagement-db",
      "properties" : { },
      "parameters" : { },
      "propertiesMetadata" : {
        "metadata" : { }
      },
      "parametersMetadata" : {
        "metadata" : { }
      }
    } ],
    "providedDependencies" : [ {
      "majorSchemaVersion" : 3,
      "name" : "RiskManagement-db-deployer",
      "isPublic" : false,
      "properties" : { },
      "parameters" : { },
      "propertiesMetadata" : {
        "metadata" : { }
      },
      "parametersMetadata" : {
        "metadata" : { }
      }
    } ],
    "propertiesMetadata" : {
      "metadata" : { }
    },
    "parametersMetadata" : {
      "metadata" : { }
    },
    "hooks" : [ ]
  } ],
  "resources" : [ {
    "majorSchemaVersion" : 3,
    "name" : "RiskManagement-db",
    "type" : "com.sap.xs.hdi-container",
    "properties" : { },
    "parameters" : {
      "generated-password" : "********",
      "service-name" : "RiskManagement-db",
      "service-plan" : "hdi-shared",
      "service" : "hana",
      "generated-user" : "********",
      "default-xsappname" : "RiskManagement-db",
      "type" : "managed-service",
      "default-service-name" : "RiskManagement-db",
      "default-container-name" : "47A58EEDTRIAL_DEV_RISKMANAGEMENT_DB"
    },
    "isActive" : true,
    "isOptional" : false,
    "propertiesMetadata" : {
      "metadata" : { }
    },
    "parametersMetadata" : {
      "metadata" : { }
    },
    "requiredDependencies" : [ ],
    "processedAfter" : [ ]
  }, {
    "majorSchemaVersion" : 3,
    "name" : "RiskManagement-destination",
    "type" : "org.cloudfoundry.managed-service",
    "properties" : { },
    "parameters" : {
      "generated-password" : "********",
      "service-name" : "RiskManagement-destination",
      "service-plan" : "lite",
      "service" : "destination",
      "generated-user" : "********",
      "default-xsappname" : "RiskManagement-destination",
      "type" : "managed-service",
      "default-service-name" : "RiskManagement-destination",
      "default-container-name" : "47A58EEDTRIAL_DEV_RISKMANAGEMENT_DESTINATION"
    },
    "isActive" : true,
    "isOptional" : false,
    "propertiesMetadata" : {
      "metadata" : { }
    },
    "parametersMetadata" : {
      "metadata" : { }
    },
    "requiredDependencies" : [ ],
    "processedAfter" : [ ]
  } ],
  "parameters" : {
    "mta-id" : "RiskManagement",
    "authorization-url" : "********",
    "org-guid" : "d7a02038-bfb6-4965-9398-981fd602b71e",
    "org" : "47a58eedtrial",
    "deploy-target" : "47a58eedtrial dev",
    "enable-parallel-deployments" : true,
    "region-primary-domain" : "us10.hana.ondemand.com",
    "space" : "dev",
    "region-domain" : "us10-001.hana.ondemand.com",
    "xs-api-url" : "https://api.cf.us10-001.hana.ondemand.com",
    "deploy-url" : "deploy-service.cfapps.us10-001.hana.ondemand.com",
    "xs-type" : "CF",
    "default-domain" : "cfapps.us10-001.hana.ondemand.com",
    "mta-version" : "1.0.0",
    "xs-auth-url" : "********",
    "space-guid" : "b1534f58-8387-42a5-8ece-809300958c1c",
    "user" : "********",
    "controller-url" : "https://api.cf.us10-001.hana.ondemand.com",
    "timestamp" : "20260916115742"
  },
  "parametersMetadata" : {
    "metadata" : { }
  }
}#
#2026 09 16 11:58:01.002#Z#DEBUG#d27b103a-b1c5-11f1-bf33-eeee0a8e3dbc.OPERATION#flowable-async-job-executor-thread-17906#
[ProcessDescriptorStep] Merged descriptor properties and parameters resolved#
#2026 09 16 11:58:01.002#Z#DEBUG#d27b103a-b1c5-11f1-bf33-eeee0a8e3dbc.OPERATION#flowable-async-job-executor-thread-17906#
Step "Re-Process Descriptor Step" finished#
#2026 09 16 11:58:01.049#Z#DEBUG#d27b103a-b1c5-11f1-bf33-eeee0a8e3dbc.OPERATION#flowable-async-job-executor-thread-17906#
[BuildApplicationDeployModelStep] Executing task "buildApplicationDeployModelTask" of process "dd8e4d6d-b1c5-11f1-8fe4-eeee0a80bcf5"...#
#2026 09 16 11:58:01.053#Z#DEBUG#d27b103a-b1c5-11f1-bf33-eeee0a8e3dbc.OPERATION#flowable-async-job-executor-thread-17906#
[BuildApplicationDeployModelStep] Building cloud deployment model for application "RiskManagement-db-deployer"...#
#2026 09 16 11:58:01.057#Z#DEBUG#d27b103a-b1c5-11f1-bf33-eeee0a8e3dbc.OPERATION#flowable-async-job-executor-thread-17906#
[BuildApplicationDeployModelStep] No health-check-type is specified. Setting default type: port#
#2026 09 16 11:58:01.057#Z#INFO#d27b103a-b1c5-11f1-bf33-eeee0a8e3dbc.OPERATION#flowable-async-job-executor-thread-17906#
[BuildApplicationDeployModelStep] Building configuration entries for org 47a58eedtrial, space dev, spaceId b1534f58-8387-42a5-8ece-809300958c1c and namespace null!#
#2026 09 16 11:58:01.058#Z#DEBUG#d27b103a-b1c5-11f1-bf33-eeee0a8e3dbc.OPERATION#flowable-async-job-executor-thread-17906#
[BuildApplicationDeployModelStep] Configuration entries to publish: [ ]#
#2026 09 16 11:58:01.058#Z#DEBUG#d27b103a-b1c5-11f1-bf33-eeee0a8e3dbc.OPERATION#flowable-async-job-executor-thread-17906#
[BuildApplicationDeployModelStep] Cloud deployment model for application built#
#2026 09 16 11:58:01.058#Z#DEBUG#d27b103a-b1c5-11f1-bf33-eeee0a8e3dbc.OPERATION#flowable-async-job-executor-thread-17906#
Step "Build Application Deploy Model" finished#
#2026 09 16 11:58:01.031#Z#DEBUG#d27b103a-b1c5-11f1-bf33-eeee0a8e3dbc.OPERATION#flowable-async-job-executor-thread-17905#
[DetermineApplicationServiceBindingActionsStep] Executing task "determineApplicationServiceBindingActionsTask" of process "dd865d6f-b1c5-11f1-8fe4-eeee0a80bcf5"...#
#2026 09 16 11:58:01.034#Z#DEBUG#d27b103a-b1c5-11f1-bf33-eeee0a8e3dbc.OPERATION#flowable-async-job-executor-thread-17905#
[DetermineApplicationServiceBindingActionsStep] Determine bind/unbind operations of application "RiskManagement-srv" to service instance "RiskManagement-destination"#
#2026 09 16 11:58:01.034#Z#DEBUG#d27b103a-b1c5-11f1-bf33-eeee0a8e3dbc.OPERATION#flowable-async-job-executor-thread-17905#
[DetermineApplicationServiceBindingActionsStep] Getting application "RiskManagement-srv"...#
#2026 09 16 11:58:01.068#Z#DEBUG#d27b103a-b1c5-11f1-bf33-eeee0a8e3dbc.OPERATION#flowable-async-job-executor-thread-17905#
[DetermineApplicationServiceBindingActionsStep] Binding parameters for application "RiskManagement-srv": { }#
#2026 09 16 11:58:01.105#Z#DEBUG#d27b103a-b1c5-11f1-bf33-eeee0a8e3dbc.OPERATION#flowable-async-job-executor-thread-17905#
[DetermineApplicationServiceBindingActionsStep] Calculated binding operations between application "RiskManagement-srv" and service instance "RiskManagement-destination": unbind - false bind - true#
#2026 09 16 11:58:01.105#Z#DEBUG#d27b103a-b1c5-11f1-bf33-eeee0a8e3dbc.OPERATION#flowable-async-job-executor-thread-17905#
Step "Determine Application Service Binding Actions" finished#
#2026 09 16 11:58:01.156#Z#DEBUG#d27b103a-b1c5-11f1-bf33-eeee0a8e3dbc.OPERATION#flowable-async-job-executor-thread-17905#
[BindServiceToApplicationStep] Executing task "bindServiceToApplicationTask" of process "dd865d6f-b1c5-11f1-8fe4-eeee0a80bcf5"...#
#2026 09 16 11:58:01.161#Z#INFO#d27b103a-b1c5-11f1-bf33-eeee0a8e3dbc.OPERATION#flowable-async-job-executor-thread-17905#
[BindServiceToApplicationStep] Binding service instance "RiskManagement-destination" to application "RiskManagement-srv"...#
#2026 09 16 11:58:01.169#Z#DEBUG#d27b103a-b1c5-11f1-bf33-eeee0a8e3dbc.OPERATION#flowable-async-job-executor-thread-17905#
[BindServiceToApplicationStep] Binding service instance "RiskManagement-destination" to application "RiskManagement-srv" with parameters: { }#
#2026 09 16 11:58:01.317#Z#DEBUG#d27b103a-b1c5-11f1-bf33-eeee0a8e3dbc.OPERATION#flowable-async-job-executor-thread-17905#
Step "Bind Service to Application" finished#
#2026 09 16 11:58:01.115#Z#DEBUG#d27b103a-b1c5-11f1-bf33-eeee0a8e3dbc.OPERATION#flowable-async-job-executor-thread-17906#
[CreateOrUpdateAppStep] Executing task "createAppTask" of process "dd8e4d6d-b1c5-11f1-8fe4-eeee0a80bcf5"...#
#2026 09 16 11:58:01.117#Z#DEBUG#d27b103a-b1c5-11f1-bf33-eeee0a8e3dbc.OPERATION#flowable-async-job-executor-thread-17906#
[CreateOrUpdateAppStep] Getting application "RiskManagement-db-deployer"...#
#2026 09 16 11:58:01.144#Z#INFO#d27b103a-b1c5-11f1-bf33-eeee0a8e3dbc.OPERATION#flowable-async-job-executor-thread-17906#
[CreateOrUpdateAppStep] Creating application "RiskManagement-db-deployer" from MTA module "RiskManagement-db-deployer"...#
#2026 09 16 11:58:01.153#Z#DEBUG#d27b103a-b1c5-11f1-bf33-eeee0a8e3dbc.OPERATION#flowable-async-job-executor-thread-17906#
[CreateOrUpdateAppStep] Creating application "RiskManagement-db-deployer" with disk "null" memory "256", URIs "" and staging: "{
  "buildpacks" : [ "nodejs_buildpack" ],
  "healthCheckType" : "port",
  "appFeatures" : { }
}"#
#2026 09 16 11:58:01.432#Z#DEBUG#d27b103a-b1c5-11f1-bf33-eeee0a8e3dbc.OPERATION#flowable-async-job-executor-thread-17906#
[CreateOrUpdateAppStep] Application "RiskManagement-db-deployer" created#
#2026 09 16 11:58:01.432#Z#DEBUG#d27b103a-b1c5-11f1-bf33-eeee0a8e3dbc.OPERATION#flowable-async-job-executor-thread-17906#
Step "Create App" finished#
#2026 09 16 11:58:01.551#Z#DEBUG#d27b103a-b1c5-11f1-bf33-eeee0a8e3dbc.OPERATION#flowable-async-job-executor-thread-17906#
[CheckServiceBindingOperationStep] Executing task "checkForServiceBindingOperationInProgress" of process "ddeb8823-b1c5-11f1-8fe4-eeee0a80bcf5"...#
#2026 09 16 11:58:01.551#Z#DEBUG#d27b103a-b1c5-11f1-bf33-eeee0a8e3dbc.OPERATION#flowable-async-job-executor-thread-17906#
[CheckServiceBindingOperationStep] Checking for service binding operation in progress between app "RiskManagement-db-deployer" and service instance "RiskManagement-db"#
#2026 09 16 11:58:01.552#Z#DEBUG#d27b103a-b1c5-11f1-bf33-eeee0a8e3dbc.OPERATION#flowable-async-job-executor-thread-17906#
[CheckServiceBindingOperationStep] Getting application guid "RiskManagement-db-deployer"...#
#2026 09 16 11:58:01.581#Z#DEBUG#d27b103a-b1c5-11f1-bf33-eeee0a8e3dbc.OPERATION#flowable-async-job-executor-thread-17906#
[CheckServiceBindingOperationStep] Getting GUID of required service instance "RiskManagement-db"...#
#2026 09 16 11:58:01.613#Z#DEBUG#d27b103a-b1c5-11f1-bf33-eeee0a8e3dbc.OPERATION#flowable-async-job-executor-thread-17906#
[CheckServiceBindingOperationStep] Getting binding of service instance "6cc427ea-00b6-4908-b67a-372e48649e58" with application "c681784e-0734-4edd-bfea-9fddfbacadbf"...#
#2026 09 16 11:58:01.647#Z#DEBUG#d27b103a-b1c5-11f1-bf33-eeee0a8e3dbc.OPERATION#flowable-async-job-executor-thread-17906#
Step "Check For Service Binding Operation In Progress" finished#
#2026 09 16 11:58:01.681#Z#DEBUG#d27b103a-b1c5-11f1-bf33-eeee0a8e3dbc.OPERATION#flowable-async-job-executor-thread-17906#
[DetermineApplicationServiceBindingActionsStep] Executing task "determineApplicationServiceBindingActionsTask" of process "ddeb8823-b1c5-11f1-8fe4-eeee0a80bcf5"...#
#2026 09 16 11:58:01.683#Z#DEBUG#d27b103a-b1c5-11f1-bf33-eeee0a8e3dbc.OPERATION#flowable-async-job-executor-thread-17906#
[DetermineApplicationServiceBindingActionsStep] Determine bind/unbind operations of application "RiskManagement-db-deployer" to service instance "RiskManagement-db"#
#2026 09 16 11:58:01.683#Z#DEBUG#d27b103a-b1c5-11f1-bf33-eeee0a8e3dbc.OPERATION#flowable-async-job-executor-thread-17906#
[DetermineApplicationServiceBindingActionsStep] Getting application "RiskManagement-db-deployer"...#
#2026 09 16 11:58:01.712#Z#DEBUG#d27b103a-b1c5-11f1-bf33-eeee0a8e3dbc.OPERATION#flowable-async-job-executor-thread-17906#
[DetermineApplicationServiceBindingActionsStep] Binding parameters for application "RiskManagement-db-deployer": { }#
#2026 09 16 11:58:01.731#Z#DEBUG#d27b103a-b1c5-11f1-bf33-eeee0a8e3dbc.OPERATION#flowable-async-job-executor-thread-17906#
[DetermineApplicationServiceBindingActionsStep] Calculated binding operations between application "RiskManagement-db-deployer" and service instance "RiskManagement-db": unbind - false bind - true#
#2026 09 16 11:58:01.731#Z#DEBUG#d27b103a-b1c5-11f1-bf33-eeee0a8e3dbc.OPERATION#flowable-async-job-executor-thread-17906#
Step "Determine Application Service Binding Actions" finished#
#2026 09 16 11:58:01.777#Z#DEBUG#d27b103a-b1c5-11f1-bf33-eeee0a8e3dbc.OPERATION#flowable-async-job-executor-thread-17906#
[BindServiceToApplicationStep] Executing task "bindServiceToApplicationTask" of process "ddeb8823-b1c5-11f1-8fe4-eeee0a80bcf5"...#
#2026 09 16 11:58:01.779#Z#INFO#d27b103a-b1c5-11f1-bf33-eeee0a8e3dbc.OPERATION#flowable-async-job-executor-thread-17906#
[BindServiceToApplicationStep] Binding service instance "RiskManagement-db" to application "RiskManagement-db-deployer"...#
#2026 09 16 11:58:01.786#Z#DEBUG#d27b103a-b1c5-11f1-bf33-eeee0a8e3dbc.OPERATION#flowable-async-job-executor-thread-17906#
[BindServiceToApplicationStep] Binding service instance "RiskManagement-db" to application "RiskManagement-db-deployer" with parameters: { }#
#2026 09 16 11:58:01.913#Z#DEBUG#d27b103a-b1c5-11f1-bf33-eeee0a8e3dbc.OPERATION#flowable-async-job-executor-thread-17906#
Step "Bind Service to Application" finished#
#2026 09 16 11:58:08.447#Z#DEBUG#d27b103a-b1c5-11f1-bf33-eeee0a8e3dbc.OPERATION#flowable-async-job-executor-thread-1469#
[BindServiceToApplicationStep] Executing task "bindServiceToApplicationTask" of process "dd3cd178-b1c5-11f1-bf33-eeee0a8e3dbc"...#
#2026 09 16 11:58:08.448#Z#DEBUG#d27b103a-b1c5-11f1-bf33-eeee0a8e3dbc.OPERATION#flowable-async-job-executor-thread-1469#
[BindServiceToApplicationStep] Getting async job "ff42adef-b7a9-4213-8956-26cea4028cae"#
#2026 09 16 11:58:08.470#Z#DEBUG#d27b103a-b1c5-11f1-bf33-eeee0a8e3dbc.OPERATION#flowable-async-job-executor-thread-1469#
[BindServiceToApplicationStep] Getting service instance "RiskManagement-db"...#
#2026 09 16 11:58:08.560#Z#DEBUG#d27b103a-b1c5-11f1-bf33-eeee0a8e3dbc.OPERATION#flowable-async-job-executor-thread-1469#
[BindServiceToApplicationStep] Async service binding operation with id "ff42adef-b7a9-4213-8956-26cea4028cae" finished#
#2026 09 16 11:58:08.563#Z#DEBUG#d27b103a-b1c5-11f1-bf33-eeee0a8e3dbc.OPERATION#flowable-async-job-executor-thread-1469#
Step "Bind Service to Application" finished#
#2026 09 16 11:58:08.595#Z#DEBUG#d27b103a-b1c5-11f1-bf33-eeee0a8e3dbc.OPERATION#flowable-async-job-executor-thread-1469#
[BindServiceToApplicationStep] Executing task "bindServiceToApplicationTask" of process "dd865d6f-b1c5-11f1-8fe4-eeee0a80bcf5"...#
#2026 09 16 11:58:08.597#Z#DEBUG#d27b103a-b1c5-11f1-bf33-eeee0a8e3dbc.OPERATION#flowable-async-job-executor-thread-1469#
[BindServiceToApplicationStep] Getting async job "0bcc32d8-8f8f-4e83-ab42-b49032098c97"#
#2026 09 16 11:58:08.628#Z#DEBUG#d27b103a-b1c5-11f1-bf33-eeee0a8e3dbc.OPERATION#flowable-async-job-executor-thread-1469#
[BindServiceToApplicationStep] Getting service instance "RiskManagement-destination"...#
#2026 09 16 11:58:08.717#Z#DEBUG#d27b103a-b1c5-11f1-bf33-eeee0a8e3dbc.OPERATION#flowable-async-job-executor-thread-1467#
[BindServiceToApplicationStep] Executing task "bindServiceToApplicationTask" of process "ddeb8823-b1c5-11f1-8fe4-eeee0a80bcf5"...#
#2026 09 16 11:58:08.719#Z#DEBUG#d27b103a-b1c5-11f1-bf33-eeee0a8e3dbc.OPERATION#flowable-async-job-executor-thread-1469#
[BindServiceToApplicationStep] Async service binding operation with id "0bcc32d8-8f8f-4e83-ab42-b49032098c97" finished#
#2026 09 16 11:58:08.719#Z#DEBUG#d27b103a-b1c5-11f1-bf33-eeee0a8e3dbc.OPERATION#flowable-async-job-executor-thread-1469#
Step "Bind Service to Application" finished#
#2026 09 16 11:58:08.720#Z#DEBUG#d27b103a-b1c5-11f1-bf33-eeee0a8e3dbc.OPERATION#flowable-async-job-executor-thread-1467#
[BindServiceToApplicationStep] Getting async job "091900b1-1077-4814-a854-7f55a75b9a65"#
#2026 09 16 11:58:08.744#Z#DEBUG#d27b103a-b1c5-11f1-bf33-eeee0a8e3dbc.OPERATION#flowable-async-job-executor-thread-1467#
[BindServiceToApplicationStep] Getting service instance "RiskManagement-db"...#
#2026 09 16 11:58:08.839#Z#DEBUG#d27b103a-b1c5-11f1-bf33-eeee0a8e3dbc.OPERATION#flowable-async-job-executor-thread-1467#
[BindServiceToApplicationStep] Async service binding operation with id "091900b1-1077-4814-a854-7f55a75b9a65" finished#
#2026 09 16 11:58:08.840#Z#DEBUG#d27b103a-b1c5-11f1-bf33-eeee0a8e3dbc.OPERATION#flowable-async-job-executor-thread-1467#
Step "Bind Service to Application" finished#
#2026 09 16 11:58:08.886#Z#DEBUG#d27b103a-b1c5-11f1-bf33-eeee0a8e3dbc.OPERATION#flowable-async-job-executor-thread-1468#
[DetermineVcapServicesPropertiesChangedStep] Executing task "determineVcapServicesPropertiesChangedTask" of process "e24ae9cb-b1c5-11f1-8e4f-eeee0a9e667e"...#
#2026 09 16 11:58:08.887#Z#DEBUG#d27b103a-b1c5-11f1-bf33-eeee0a8e3dbc.OPERATION#flowable-async-job-executor-thread-1468#
[DetermineVcapServicesPropertiesChangedStep] VCAP_SERVICES properties for application "RiskManagement-srv" changed: true#
#2026 09 16 11:58:08.887#Z#DEBUG#d27b103a-b1c5-11f1-bf33-eeee0a8e3dbc.OPERATION#flowable-async-job-executor-thread-1468#
Step "Determine vcap services properties changed" finished#
#2026 09 16 11:58:08.972#Z#DEBUG#d27b103a-b1c5-11f1-bf33-eeee0a8e3dbc.OPERATION#flowable-async-job-executor-thread-1467#
[DetermineVcapServicesPropertiesChangedStep] Executing task "determineVcapServicesPropertiesChangedTask" of process "e2571f53-b1c5-11f1-8e4f-eeee0a9e667e"...#
#2026 09 16 11:58:08.973#Z#DEBUG#d27b103a-b1c5-11f1-bf33-eeee0a8e3dbc.OPERATION#flowable-async-job-executor-thread-1467#
[DetermineVcapServicesPropertiesChangedStep] VCAP_SERVICES properties for application "RiskManagement-db-deployer" changed: true#
#2026 09 16 11:58:08.973#Z#DEBUG#d27b103a-b1c5-11f1-bf33-eeee0a8e3dbc.OPERATION#flowable-async-job-executor-thread-1467#
Step "Determine vcap services properties changed" finished#
#2026 09 16 11:58:08.917#Z#DEBUG#d27b103a-b1c5-11f1-bf33-eeee0a8e3dbc.OPERATION#flowable-async-job-executor-thread-1470#
[UploadAppStep] Executing task "uploadAppTask" of process "e24ae9cb-b1c5-11f1-8e4f-eeee0a9e667e"...#
#2026 09 16 11:58:08.918#Z#DEBUG#d27b103a-b1c5-11f1-bf33-eeee0a8e3dbc.OPERATION#flowable-async-job-executor-thread-1470#
[UploadAppStep] Application upload timeout is default one: 3,600 seconds#
#2026 09 16 11:58:08.918#Z#INFO#d27b103a-b1c5-11f1-bf33-eeee0a8e3dbc.OPERATION#flowable-async-job-executor-thread-1470#
[UploadAppStep] Uploading application "RiskManagement-srv"...#
#2026 09 16 11:58:08.922#Z#DEBUG#d27b103a-b1c5-11f1-bf33-eeee0a8e3dbc.OPERATION#flowable-async-job-executor-thread-1470#
[UploadAppStep] Getting application "RiskManagement-srv"...#
#2026 09 16 11:58:08.948#Z#DEBUG#d27b103a-b1c5-11f1-bf33-eeee0a8e3dbc.OPERATION#flowable-async-job-executor-thread-1470#
[UploadAppStep] Getting environment of application "43ad4e59-2e0c-4995-adf4-ca00afbfb842"...#
#2026 09 16 11:58:08.980#Z#INFO#d27b103a-b1c5-11f1-bf33-eeee0a8e3dbc.OPERATION#flowable-async-job-executor-thread-1470#
[UploadAppStep] Calculating application digest: "RiskManagement-srv"#
#2026 09 16 11:58:09.024#Z#DEBUG#d27b103a-b1c5-11f1-bf33-eeee0a8e3dbc.OPERATION#flowable-async-job-executor-thread-1467#
[UploadAppStep] Executing task "uploadAppTask" of process "e2571f53-b1c5-11f1-8e4f-eeee0a9e667e"...#
#2026 09 16 11:58:09.025#Z#DEBUG#d27b103a-b1c5-11f1-bf33-eeee0a8e3dbc.OPERATION#flowable-async-job-executor-thread-1467#
[UploadAppStep] Application upload timeout is default one: 3,600 seconds#
#2026 09 16 11:58:09.025#Z#INFO#d27b103a-b1c5-11f1-bf33-eeee0a8e3dbc.OPERATION#flowable-async-job-executor-thread-1467#
[UploadAppStep] Uploading application "RiskManagement-db-deployer"...#
#2026 09 16 11:58:09.029#Z#DEBUG#d27b103a-b1c5-11f1-bf33-eeee0a8e3dbc.OPERATION#flowable-async-job-executor-thread-1467#
[UploadAppStep] Getting application "RiskManagement-db-deployer"...#
#2026 09 16 11:58:09.058#Z#DEBUG#d27b103a-b1c5-11f1-bf33-eeee0a8e3dbc.OPERATION#flowable-async-job-executor-thread-1467#
[UploadAppStep] Getting environment of application "c681784e-0734-4edd-bfea-9fddfbacadbf"...#
#2026 09 16 11:58:09.063#Z#DEBUG#d27b103a-b1c5-11f1-bf33-eeee0a8e3dbc.OPERATION#flowable-async-job-executor-thread-1470#
Step "Upload App" finished#
#2026 09 16 11:58:09.090#Z#INFO#d27b103a-b1c5-11f1-bf33-eeee0a8e3dbc.OPERATION#flowable-async-job-executor-thread-1467#
[UploadAppStep] Calculating application digest: "RiskManagement-db-deployer"#
#2026 09 16 11:58:09.139#Z#DEBUG#d27b103a-b1c5-11f1-bf33-eeee0a8e3dbc.OPERATION#flowable-async-job-executor-thread-1467#
Step "Upload App" finished#
#2026 09 16 11:58:18.502#Z#DEBUG#d27b103a-b1c5-11f1-bf33-eeee0a8e3dbc.OPERATION#flowable-async-job-executor-thread-1476#
[UploadAppStep] Executing task "uploadAppTask" of process "e24ae9cb-b1c5-11f1-8e4f-eeee0a9e667e"...#
#2026 09 16 11:58:18.503#Z#DEBUG#d27b103a-b1c5-11f1-bf33-eeee0a8e3dbc.OPERATION#flowable-async-job-executor-thread-1476#
[UploadAppStep] Application upload timeout is default one: 3,600 seconds#
#2026 09 16 11:58:18.505#Z#DEBUG#d27b103a-b1c5-11f1-bf33-eeee0a8e3dbc.OPERATION#pool-14-thread-1#
[UploadAppStep] Upload of application: RiskManagement-srv started on instance: 2#
#2026 09 16 11:58:18.505#Z#DEBUG#d27b103a-b1c5-11f1-bf33-eeee0a8e3dbc.OPERATION#pool-14-thread-1#
[UploadAppStep] Uploading file "RiskManagement-srv/data.zip" for application "RiskManagement-srv"#
#2026 09 16 11:58:18.594#Z#DEBUG#d27b103a-b1c5-11f1-bf33-eeee0a8e3dbc.OPERATION#flowable-async-job-executor-thread-1483#
[UploadAppStep] Executing task "uploadAppTask" of process "e2571f53-b1c5-11f1-8e4f-eeee0a9e667e"...#
#2026 09 16 11:58:18.595#Z#DEBUG#d27b103a-b1c5-11f1-bf33-eeee0a8e3dbc.OPERATION#flowable-async-job-executor-thread-1483#
[UploadAppStep] Application upload timeout is default one: 3,600 seconds#
#2026 09 16 11:58:18.597#Z#DEBUG#d27b103a-b1c5-11f1-bf33-eeee0a8e3dbc.OPERATION#pool-14-thread-3#
[UploadAppStep] Upload of application: RiskManagement-db-deployer started on instance: 2#
#2026 09 16 11:58:18.597#Z#DEBUG#d27b103a-b1c5-11f1-bf33-eeee0a8e3dbc.OPERATION#pool-14-thread-3#
[UploadAppStep] Uploading file "RiskManagement-db-deployer/data.zip" for application "RiskManagement-db-deployer"#
#2026 09 16 11:58:18.614#Z#INFO#d27b103a-b1c5-11f1-bf33-eeee0a8e3dbc.OPERATION#pool-14-thread-1#
[UploadAppStep] Time elapsed for app binary download: 109 in millis#
#2026 09 16 11:58:18.614#Z#INFO#d27b103a-b1c5-11f1-bf33-eeee0a8e3dbc.OPERATION#pool-14-thread-1#
[UploadAppStep] Size of app RiskManagement-srv is 6,711,478 bytes#
#2026 09 16 11:58:18.614#Z#DEBUG#d27b103a-b1c5-11f1-bf33-eeee0a8e3dbc.OPERATION#pool-14-thread-1#
[UploadAppStep] Asynchronously uploading binaries for application "RiskManagement-srv"...#
#2026 09 16 11:58:18.691#Z#INFO#d27b103a-b1c5-11f1-bf33-eeee0a8e3dbc.OPERATION#pool-14-thread-3#
[UploadAppStep] Time elapsed for app binary download: 92 in millis#
#2026 09 16 11:58:18.691#Z#INFO#d27b103a-b1c5-11f1-bf33-eeee0a8e3dbc.OPERATION#pool-14-thread-3#
[UploadAppStep] Size of app RiskManagement-db-deployer is 2,448,401 bytes#
#2026 09 16 11:58:18.691#Z#DEBUG#d27b103a-b1c5-11f1-bf33-eeee0a8e3dbc.OPERATION#pool-14-thread-3#
[UploadAppStep] Asynchronously uploading binaries for application "RiskManagement-db-deployer"...#
#2026 09 16 11:58:18.838#Z#INFO#d27b103a-b1c5-11f1-bf33-eeee0a8e3dbc.OPERATION#pool-14-thread-1#
[UploadAppStep] Started async upload of application "RiskManagement-srv"#
#2026 09 16 11:58:18.844#Z#INFO#d27b103a-b1c5-11f1-bf33-eeee0a8e3dbc.OPERATION#flowable-async-job-executor-thread-1476#
[UploadAppStep] Time elapsed for upload: 340 in millis#
#2026 09 16 11:58:18.844#Z#DEBUG#d27b103a-b1c5-11f1-bf33-eeee0a8e3dbc.OPERATION#flowable-async-job-executor-thread-1476#
[UploadAppStep] Getting application "RiskManagement-srv"...#
#2026 09 16 11:58:18.863#Z#DEBUG#d27b103a-b1c5-11f1-bf33-eeee0a8e3dbc.OPERATION#App upload monitor: 88003dba-345b-4f68-b0a9-a742d04291e1#
[UploadAppStep] Upload status: PROCESSING_UPLOAD#
#2026 09 16 11:58:18.877#Z#DEBUG#d27b103a-b1c5-11f1-bf33-eeee0a8e3dbc.OPERATION#flowable-async-job-executor-thread-1476#
[UploadAppStep] Getting environment of application "43ad4e59-2e0c-4995-adf4-ca00afbfb842"...#
#2026 09 16 11:58:18.898#Z#INFO#d27b103a-b1c5-11f1-bf33-eeee0a8e3dbc.OPERATION#pool-14-thread-3#
[UploadAppStep] Started async upload of application "RiskManagement-db-deployer"#
#2026 09 16 11:58:18.905#Z#INFO#d27b103a-b1c5-11f1-bf33-eeee0a8e3dbc.OPERATION#flowable-async-job-executor-thread-1483#
[UploadAppStep] Time elapsed for upload: 309 in millis#
#2026 09 16 11:58:18.905#Z#DEBUG#d27b103a-b1c5-11f1-bf33-eeee0a8e3dbc.OPERATION#flowable-async-job-executor-thread-1483#
[UploadAppStep] Getting application "RiskManagement-db-deployer"...#
#2026 09 16 11:58:18.920#Z#DEBUG#d27b103a-b1c5-11f1-bf33-eeee0a8e3dbc.OPERATION#App upload monitor: cd65d1ce-788b-4475-8ced-7fbc59f788dd#
[UploadAppStep] Upload status: PROCESSING_UPLOAD#
#2026 09 16 11:58:18.922#Z#DEBUG#d27b103a-b1c5-11f1-bf33-eeee0a8e3dbc.OPERATION#flowable-async-job-executor-thread-1476#
[UploadAppStep] Updating environment of application "RiskManagement-srv"#
#2026 09 16 11:58:18.925#Z#DEBUG#d27b103a-b1c5-11f1-bf33-eeee0a8e3dbc.OPERATION#flowable-async-job-executor-thread-1483#
[UploadAppStep] Getting environment of application "c681784e-0734-4edd-bfea-9fddfbacadbf"...#
#2026 09 16 11:58:18.971#Z#DEBUG#d27b103a-b1c5-11f1-bf33-eeee0a8e3dbc.OPERATION#flowable-async-job-executor-thread-1483#
[UploadAppStep] Updating environment of application "RiskManagement-db-deployer"#
#2026 09 16 11:58:18.993#Z#DEBUG#d27b103a-b1c5-11f1-bf33-eeee0a8e3dbc.OPERATION#flowable-async-job-executor-thread-1476#
Step "Upload App" finished#
#2026 09 16 11:58:19.069#Z#DEBUG#d27b103a-b1c5-11f1-bf33-eeee0a8e3dbc.OPERATION#flowable-async-job-executor-thread-1483#
Step "Upload App" finished#
#2026 09 16 11:58:28.553#Z#DEBUG#d27b103a-b1c5-11f1-bf33-eeee0a8e3dbc.OPERATION#flowable-async-job-executor-thread-1492#
[UploadAppStep] Executing task "uploadAppTask" of process "e24ae9cb-b1c5-11f1-8e4f-eeee0a9e667e"...#
#2026 09 16 11:58:28.554#Z#DEBUG#d27b103a-b1c5-11f1-bf33-eeee0a8e3dbc.OPERATION#flowable-async-job-executor-thread-1492#
[UploadAppStep] Application upload timeout is default one: 3,600 seconds#
#2026 09 16 11:58:28.554#Z#DEBUG#d27b103a-b1c5-11f1-bf33-eeee0a8e3dbc.OPERATION#flowable-async-job-executor-thread-1492#
[UploadAppStep] Checking upload status of application "RiskManagement-srv"...#
#2026 09 16 11:58:28.555#Z#DEBUG#d27b103a-b1c5-11f1-bf33-eeee0a8e3dbc.OPERATION#flowable-async-job-executor-thread-1492#
[UploadAppStep] Getting package "88003dba-345b-4f68-b0a9-a742d04291e1"...#
#2026 09 16 11:58:28.571#Z#DEBUG#d27b103a-b1c5-11f1-bf33-eeee0a8e3dbc.OPERATION#flowable-async-job-executor-thread-1495#
[UploadAppStep] Executing task "uploadAppTask" of process "e2571f53-b1c5-11f1-8e4f-eeee0a9e667e"...#
#2026 09 16 11:58:28.574#Z#DEBUG#d27b103a-b1c5-11f1-bf33-eeee0a8e3dbc.OPERATION#flowable-async-job-executor-thread-1495#
[UploadAppStep] Application upload timeout is default one: 3,600 seconds#
#2026 09 16 11:58:28.574#Z#DEBUG#d27b103a-b1c5-11f1-bf33-eeee0a8e3dbc.OPERATION#flowable-async-job-executor-thread-1495#
[UploadAppStep] Checking upload status of application "RiskManagement-db-deployer"...#
#2026 09 16 11:58:28.575#Z#DEBUG#d27b103a-b1c5-11f1-bf33-eeee0a8e3dbc.OPERATION#flowable-async-job-executor-thread-1495#
[UploadAppStep] Getting package "cd65d1ce-788b-4475-8ced-7fbc59f788dd"...#
#2026 09 16 11:58:28.582#Z#DEBUG#d27b103a-b1c5-11f1-bf33-eeee0a8e3dbc.OPERATION#flowable-async-job-executor-thread-1492#
[UploadAppStep] Application "RiskManagement-srv" uploaded#
#2026 09 16 11:58:28.583#Z#DEBUG#d27b103a-b1c5-11f1-bf33-eeee0a8e3dbc.OPERATION#flowable-async-job-executor-thread-1492#
Step "Upload App" finished#
#2026 09 16 11:58:28.603#Z#DEBUG#d27b103a-b1c5-11f1-bf33-eeee0a8e3dbc.OPERATION#flowable-async-job-executor-thread-1495#
[UploadAppStep] Application "RiskManagement-db-deployer" uploaded#
#2026 09 16 11:58:28.604#Z#DEBUG#d27b103a-b1c5-11f1-bf33-eeee0a8e3dbc.OPERATION#flowable-async-job-executor-thread-1495#
Step "Upload App" finished#
#2026 09 16 11:58:28.708#Z#DEBUG#d27b103a-b1c5-11f1-bf33-eeee0a8e3dbc.OPERATION#flowable-async-job-executor-thread-1487#
[ScaleAppStep] Executing task "scaleAppTask" of process "e24ae9cb-b1c5-11f1-8e4f-eeee0a9e667e"...#
#2026 09 16 11:58:28.712#Z#DEBUG#d27b103a-b1c5-11f1-bf33-eeee0a8e3dbc.OPERATION#flowable-async-job-executor-thread-1487#
[ScaleAppStep] Scaling application "RiskManagement-srv"...#
#2026 09 16 11:58:28.712#Z#DEBUG#d27b103a-b1c5-11f1-bf33-eeee0a8e3dbc.OPERATION#flowable-async-job-executor-thread-1487#
[ScaleAppStep] Application "RiskManagement-srv" scaled#
#2026 09 16 11:58:28.712#Z#DEBUG#d27b103a-b1c5-11f1-bf33-eeee0a8e3dbc.OPERATION#flowable-async-job-executor-thread-1487#
Step "Scale App" finished#
#2026 09 16 11:58:28.813#Z#DEBUG#d27b103a-b1c5-11f1-bf33-eeee0a8e3dbc.OPERATION#flowable-async-job-executor-thread-1485#
[ScaleAppStep] Executing task "scaleAppTask" of process "e2571f53-b1c5-11f1-8e4f-eeee0a9e667e"...#
#2026 09 16 11:58:28.815#Z#DEBUG#d27b103a-b1c5-11f1-bf33-eeee0a8e3dbc.OPERATION#flowable-async-job-executor-thread-1485#
[ScaleAppStep] Scaling application "RiskManagement-db-deployer"...#
#2026 09 16 11:58:28.815#Z#DEBUG#d27b103a-b1c5-11f1-bf33-eeee0a8e3dbc.OPERATION#flowable-async-job-executor-thread-1485#
[ScaleAppStep] Application "RiskManagement-db-deployer" scaled#
#2026 09 16 11:58:28.815#Z#DEBUG#d27b103a-b1c5-11f1-bf33-eeee0a8e3dbc.OPERATION#flowable-async-job-executor-thread-1485#
Step "Scale App" finished#
#2026 09 16 11:58:28.831#Z#DEBUG#d27b103a-b1c5-11f1-bf33-eeee0a8e3dbc.OPERATION#flowable-async-job-executor-thread-1475#
[DetermineDesiredStateAchievingActionsStep] Executing task "determineDesiredStateAchievingActionsTask" of process "e24ae9cb-b1c5-11f1-8e4f-eeee0a9e667e"...#
#2026 09 16 11:58:28.844#Z#DEBUG#d27b103a-b1c5-11f1-bf33-eeee0a8e3dbc.OPERATION#flowable-async-job-executor-thread-1475#
[DetermineDesiredStateAchievingActionsStep] Getting application "RiskManagement-srv"...#
#2026 09 16 11:58:28.874#Z#DEBUG#d27b103a-b1c5-11f1-bf33-eeee0a8e3dbc.OPERATION#flowable-async-job-executor-thread-1475#
[DetermineDesiredStateAchievingActionsStep] Getting instances for application "RiskManagement-srv"...#
#2026 09 16 11:58:28.874#Z#DEBUG#d27b103a-b1c5-11f1-bf33-eeee0a8e3dbc.OPERATION#flowable-async-job-executor-thread-1475#
[DetermineDesiredStateAchievingActionsStep] Getting environment of application "43ad4e59-2e0c-4995-adf4-ca00afbfb842"...#
#2026 09 16 11:58:28.904#Z#DEBUG#d27b103a-b1c5-11f1-bf33-eeee0a8e3dbc.OPERATION#flowable-async-job-executor-thread-1475#
[DetermineDesiredStateAchievingActionsStep] Current state of application RiskManagement-srv: STOPPED#
#2026 09 16 11:58:28.904#Z#DEBUG#d27b103a-b1c5-11f1-bf33-eeee0a8e3dbc.OPERATION#flowable-async-job-executor-thread-1475#
[DetermineDesiredStateAchievingActionsStep] Desired state of application RiskManagement-srv: STARTED#
#2026 09 16 11:58:28.904#Z#DEBUG#d27b103a-b1c5-11f1-bf33-eeee0a8e3dbc.OPERATION#flowable-async-job-executor-thread-1475#
[DetermineDesiredStateAchievingActionsStep] Actions that should be executed on application RiskManagement-srv: [STAGE, START]#
#2026 09 16 11:58:28.904#Z#DEBUG#d27b103a-b1c5-11f1-bf33-eeee0a8e3dbc.OPERATION#flowable-async-job-executor-thread-1475#
Step "Determine Desired State Achieving Actions" finished#
#2026 09 16 11:58:28.931#Z#DEBUG#d27b103a-b1c5-11f1-bf33-eeee0a8e3dbc.OPERATION#flowable-async-job-executor-thread-1497#
[DetermineDesiredStateAchievingActionsStep] Executing task "determineDesiredStateAchievingActionsTask" of process "e2571f53-b1c5-11f1-8e4f-eeee0a9e667e"...#
#2026 09 16 11:58:28.932#Z#DEBUG#d27b103a-b1c5-11f1-bf33-eeee0a8e3dbc.OPERATION#flowable-async-job-executor-thread-1497#
[DetermineDesiredStateAchievingActionsStep] Getting application "RiskManagement-db-deployer"...#
#2026 09 16 11:58:28.960#Z#DEBUG#d27b103a-b1c5-11f1-bf33-eeee0a8e3dbc.OPERATION#flowable-async-job-executor-thread-1497#
[DetermineDesiredStateAchievingActionsStep] Getting instances for application "RiskManagement-db-deployer"...#
#2026 09 16 11:58:28.960#Z#DEBUG#d27b103a-b1c5-11f1-bf33-eeee0a8e3dbc.OPERATION#flowable-async-job-executor-thread-1497#
[DetermineDesiredStateAchievingActionsStep] Getting environment of application "c681784e-0734-4edd-bfea-9fddfbacadbf"...#
#2026 09 16 11:58:28.991#Z#DEBUG#d27b103a-b1c5-11f1-bf33-eeee0a8e3dbc.OPERATION#flowable-async-job-executor-thread-1497#
[DetermineDesiredStateAchievingActionsStep] Current state of application RiskManagement-db-deployer: STOPPED#
#2026 09 16 11:58:28.991#Z#DEBUG#d27b103a-b1c5-11f1-bf33-eeee0a8e3dbc.OPERATION#flowable-async-job-executor-thread-1497#
[DetermineDesiredStateAchievingActionsStep] Desired state of application RiskManagement-db-deployer: STOPPED#
#2026 09 16 11:58:28.991#Z#DEBUG#d27b103a-b1c5-11f1-bf33-eeee0a8e3dbc.OPERATION#flowable-async-job-executor-thread-1497#
[DetermineDesiredStateAchievingActionsStep] Actions that should be executed on application RiskManagement-db-deployer: [STAGE]#
#2026 09 16 11:58:28.991#Z#DEBUG#d27b103a-b1c5-11f1-bf33-eeee0a8e3dbc.OPERATION#flowable-async-job-executor-thread-1497#
Step "Determine Desired State Achieving Actions" finished#
#2026 09 16 11:58:28.947#Z#DEBUG#d27b103a-b1c5-11f1-bf33-eeee0a8e3dbc.OPERATION#flowable-async-job-executor-thread-1494#
[StageAppStep] Executing task "stageAppTask" of process "e24ae9cb-b1c5-11f1-8e4f-eeee0a9e667e"...#
#2026 09 16 11:58:28.948#Z#DEBUG#d27b103a-b1c5-11f1-bf33-eeee0a8e3dbc.OPERATION#flowable-async-job-executor-thread-1494#
[StageAppStep] Application stage timeout is default one: 3,600 seconds#
#2026 09 16 11:58:28.951#Z#INFO#d27b103a-b1c5-11f1-bf33-eeee0a8e3dbc.OPERATION#flowable-async-job-executor-thread-1494#
[StageAppStep] Staging application "RiskManagement-srv"...#
#2026 09 16 11:58:28.955#Z#DEBUG#d27b103a-b1c5-11f1-bf33-eeee0a8e3dbc.OPERATION#flowable-async-job-executor-thread-1494#
[StageAppStep] Creating build for package "88003dba-345b-4f68-b0a9-a742d04291e1"...#
#2026 09 16 11:58:29.034#Z#DEBUG#d27b103a-b1c5-11f1-bf33-eeee0a8e3dbc.OPERATION#flowable-async-job-executor-thread-1497#
[StageAppStep] Executing task "stageAppTask" of process "e2571f53-b1c5-11f1-8e4f-eeee0a9e667e"...#
#2026 09 16 11:58:29.035#Z#DEBUG#d27b103a-b1c5-11f1-bf33-eeee0a8e3dbc.OPERATION#flowable-async-job-executor-thread-1497#
[StageAppStep] Application stage timeout is default one: 3,600 seconds#
#2026 09 16 11:58:29.036#Z#INFO#d27b103a-b1c5-11f1-bf33-eeee0a8e3dbc.OPERATION#flowable-async-job-executor-thread-1497#
[StageAppStep] Staging application "RiskManagement-db-deployer"...#
#2026 09 16 11:58:29.041#Z#DEBUG#d27b103a-b1c5-11f1-bf33-eeee0a8e3dbc.OPERATION#flowable-async-job-executor-thread-1497#
[StageAppStep] Creating build for package "cd65d1ce-788b-4475-8ced-7fbc59f788dd"...#
#2026 09 16 11:58:29.423#Z#DEBUG#d27b103a-b1c5-11f1-bf33-eeee0a8e3dbc.OPERATION#flowable-async-job-executor-thread-1494#
Step "Stage App" finished#
#2026 09 16 11:58:29.434#Z#DEBUG#d27b103a-b1c5-11f1-bf33-eeee0a8e3dbc.OPERATION#flowable-async-job-executor-thread-1497#
Step "Stage App" finished#
#2026 09 16 11:58:38.591#Z#DEBUG#d27b103a-b1c5-11f1-bf33-eeee0a8e3dbc.OPERATION#flowable-async-job-executor-thread-1496#
[StageAppStep] Executing task "stageAppTask" of process "e24ae9cb-b1c5-11f1-8e4f-eeee0a9e667e"...#
#2026 09 16 11:58:38.592#Z#DEBUG#d27b103a-b1c5-11f1-bf33-eeee0a8e3dbc.OPERATION#flowable-async-job-executor-thread-1496#
[StageAppStep] Application stage timeout is default one: 3,600 seconds#
#2026 09 16 11:58:38.592#Z#DEBUG#d27b103a-b1c5-11f1-bf33-eeee0a8e3dbc.OPERATION#flowable-async-job-executor-thread-1496#
[StageAppStep] Checking status of application "RiskManagement-srv"...#
#2026 09 16 11:58:38.592#Z#DEBUG#d27b103a-b1c5-11f1-bf33-eeee0a8e3dbc.OPERATION#flowable-async-job-executor-thread-1496#
[StageAppStep] Getting build "149a00ac-4140-4fce-becd-1d28c53fda60"...#
#2026 09 16 11:58:38.629#Z#DEBUG#d27b103a-b1c5-11f1-bf33-eeee0a8e3dbc.OPERATION#flowable-async-job-executor-thread-1496#
[StageAppStep] Staging status of application "RiskManagement-srv": PENDING#
#2026 09 16 11:58:38.631#Z#DEBUG#d27b103a-b1c5-11f1-bf33-eeee0a8e3dbc.OPERATION#flowable-async-job-executor-thread-1496#
[StageAppStep] Getting application guid "RiskManagement-srv"...#
#2026 09 16 11:58:38.728#Z#DEBUG#d27b103a-b1c5-11f1-bf33-eeee0a8e3dbc.OPERATION#flowable-async-job-executor-thread-1496#
Step "Stage App" finished#
#2026 09 16 11:58:39.186#Z#DEBUG#d27b103a-b1c5-11f1-bf33-eeee0a8e3dbc.OPERATION#flowable-async-job-executor-thread-1497#
[StageAppStep] Executing task "stageAppTask" of process "e2571f53-b1c5-11f1-8e4f-eeee0a9e667e"...#
#2026 09 16 11:58:39.187#Z#DEBUG#d27b103a-b1c5-11f1-bf33-eeee0a8e3dbc.OPERATION#flowable-async-job-executor-thread-1497#
[StageAppStep] Application stage timeout is default one: 3,600 seconds#
#2026 09 16 11:58:39.189#Z#DEBUG#d27b103a-b1c5-11f1-bf33-eeee0a8e3dbc.OPERATION#flowable-async-job-executor-thread-1497#
[StageAppStep] Checking status of application "RiskManagement-db-deployer"...#
#2026 09 16 11:58:39.189#Z#DEBUG#d27b103a-b1c5-11f1-bf33-eeee0a8e3dbc.OPERATION#flowable-async-job-executor-thread-1497#
[StageAppStep] Getting build "5848dbef-15ba-4088-9c6b-69dc8f584439"...#
#2026 09 16 11:58:39.220#Z#DEBUG#d27b103a-b1c5-11f1-bf33-eeee0a8e3dbc.OPERATION#flowable-async-job-executor-thread-1497#
[StageAppStep] Staging status of application "RiskManagement-db-deployer": PENDING#
#2026 09 16 11:58:39.221#Z#DEBUG#d27b103a-b1c5-11f1-bf33-eeee0a8e3dbc.OPERATION#flowable-async-job-executor-thread-1497#
[StageAppStep] Getting application guid "RiskManagement-db-deployer"...#
#2026 09 16 11:58:39.314#Z#DEBUG#d27b103a-b1c5-11f1-bf33-eeee0a8e3dbc.OPERATION#flowable-async-job-executor-thread-1497#
Step "Stage App" finished#
#2026 09 16 11:58:49.287#Z#DEBUG#d27b103a-b1c5-11f1-bf33-eeee0a8e3dbc.OPERATION#flowable-async-job-executor-thread-1517#
[StageAppStep] Executing task "stageAppTask" of process "e2571f53-b1c5-11f1-8e4f-eeee0a9e667e"...#
#2026 09 16 11:58:49.288#Z#DEBUG#d27b103a-b1c5-11f1-bf33-eeee0a8e3dbc.OPERATION#flowable-async-job-executor-thread-1517#
[StageAppStep] Application stage timeout is default one: 3,600 seconds#
#2026 09 16 11:58:49.289#Z#DEBUG#d27b103a-b1c5-11f1-bf33-eeee0a8e3dbc.OPERATION#flowable-async-job-executor-thread-1517#
[StageAppStep] Checking status of application "RiskManagement-db-deployer"...#
#2026 09 16 11:58:49.289#Z#DEBUG#d27b103a-b1c5-11f1-bf33-eeee0a8e3dbc.OPERATION#flowable-async-job-executor-thread-1517#
[StageAppStep] Getting build "5848dbef-15ba-4088-9c6b-69dc8f584439"...#
#2026 09 16 11:58:49.329#Z#DEBUG#d27b103a-b1c5-11f1-bf33-eeee0a8e3dbc.OPERATION#flowable-async-job-executor-thread-1517#
[StageAppStep] Staging status of application "RiskManagement-db-deployer": PENDING#
#2026 09 16 11:58:49.331#Z#DEBUG#d27b103a-b1c5-11f1-bf33-eeee0a8e3dbc.OPERATION#flowable-async-job-executor-thread-1517#
[StageAppStep] Getting application guid "RiskManagement-db-deployer"...#
#2026 09 16 11:58:49.421#Z#DEBUG#d27b103a-b1c5-11f1-bf33-eeee0a8e3dbc.OPERATION#flowable-async-job-executor-thread-1505#
[StageAppStep] Executing task "stageAppTask" of process "e24ae9cb-b1c5-11f1-8e4f-eeee0a9e667e"...#
#2026 09 16 11:58:49.422#Z#DEBUG#d27b103a-b1c5-11f1-bf33-eeee0a8e3dbc.OPERATION#flowable-async-job-executor-thread-1505#
[StageAppStep] Application stage timeout is default one: 3,600 seconds#
#2026 09 16 11:58:49.422#Z#DEBUG#d27b103a-b1c5-11f1-bf33-eeee0a8e3dbc.OPERATION#flowable-async-job-executor-thread-1505#
[StageAppStep] Checking status of application "RiskManagement-srv"...#
#2026 09 16 11:58:49.422#Z#DEBUG#d27b103a-b1c5-11f1-bf33-eeee0a8e3dbc.OPERATION#flowable-async-job-executor-thread-1505#
[StageAppStep] Getting build "149a00ac-4140-4fce-becd-1d28c53fda60"...#
#2026 09 16 11:58:49.425#Z#DEBUG#d27b103a-b1c5-11f1-bf33-eeee0a8e3dbc.OPERATION#flowable-async-job-executor-thread-1517#
Step "Stage App" finished#
#2026 09 16 11:58:49.454#Z#DEBUG#d27b103a-b1c5-11f1-bf33-eeee0a8e3dbc.OPERATION#flowable-async-job-executor-thread-1505#
[StageAppStep] Staging status of application "RiskManagement-srv": PENDING#
#2026 09 16 11:58:49.455#Z#DEBUG#d27b103a-b1c5-11f1-bf33-eeee0a8e3dbc.OPERATION#flowable-async-job-executor-thread-1505#
[StageAppStep] Getting application guid "RiskManagement-srv"...#
#2026 09 16 11:58:49.564#Z#DEBUG#d27b103a-b1c5-11f1-bf33-eeee0a8e3dbc.OPERATION#flowable-async-job-executor-thread-1505#
Step "Stage App" finished#
#2026 09 16 11:58:59.260#Z#DEBUG#d27b103a-b1c5-11f1-bf33-eeee0a8e3dbc.OPERATION#flowable-async-job-executor-thread-1521#
[StageAppStep] Executing task "stageAppTask" of process "e2571f53-b1c5-11f1-8e4f-eeee0a9e667e"...#
#2026 09 16 11:58:59.261#Z#DEBUG#d27b103a-b1c5-11f1-bf33-eeee0a8e3dbc.OPERATION#flowable-async-job-executor-thread-1521#
[StageAppStep] Application stage timeout is default one: 3,600 seconds#
#2026 09 16 11:58:59.262#Z#DEBUG#d27b103a-b1c5-11f1-bf33-eeee0a8e3dbc.OPERATION#flowable-async-job-executor-thread-1521#
[StageAppStep] Checking status of application "RiskManagement-db-deployer"...#
#2026 09 16 11:58:59.262#Z#DEBUG#d27b103a-b1c5-11f1-bf33-eeee0a8e3dbc.OPERATION#flowable-async-job-executor-thread-1521#
[StageAppStep] Getting build "5848dbef-15ba-4088-9c6b-69dc8f584439"...#
#2026 09 16 11:58:59.292#Z#DEBUG#d27b103a-b1c5-11f1-bf33-eeee0a8e3dbc.OPERATION#flowable-async-job-executor-thread-1521#
[StageAppStep] Staging status of application "RiskManagement-db-deployer": PENDING#
#2026 09 16 11:58:59.293#Z#DEBUG#d27b103a-b1c5-11f1-bf33-eeee0a8e3dbc.OPERATION#flowable-async-job-executor-thread-1521#
[StageAppStep] Getting application guid "RiskManagement-db-deployer"...#
#2026 09 16 11:58:59.403#Z#DEBUG#d27b103a-b1c5-11f1-bf33-eeee0a8e3dbc.OPERATION#flowable-async-job-executor-thread-1521#
Step "Stage App" finished#
#2026 09 16 11:58:59.490#Z#DEBUG#d27b103a-b1c5-11f1-bf33-eeee0a8e3dbc.OPERATION#flowable-async-job-executor-thread-1525#
[StageAppStep] Executing task "stageAppTask" of process "e24ae9cb-b1c5-11f1-8e4f-eeee0a9e667e"...#
#2026 09 16 11:58:59.491#Z#DEBUG#d27b103a-b1c5-11f1-bf33-eeee0a8e3dbc.OPERATION#flowable-async-job-executor-thread-1525#
[StageAppStep] Application stage timeout is default one: 3,600 seconds#
#2026 09 16 11:58:59.492#Z#DEBUG#d27b103a-b1c5-11f1-bf33-eeee0a8e3dbc.OPERATION#flowable-async-job-executor-thread-1525#
[StageAppStep] Checking status of application "RiskManagement-srv"...#
#2026 09 16 11:58:59.492#Z#DEBUG#d27b103a-b1c5-11f1-bf33-eeee0a8e3dbc.OPERATION#flowable-async-job-executor-thread-1525#
[StageAppStep] Getting build "149a00ac-4140-4fce-becd-1d28c53fda60"...#
#2026 09 16 11:58:59.522#Z#DEBUG#d27b103a-b1c5-11f1-bf33-eeee0a8e3dbc.OPERATION#flowable-async-job-executor-thread-1525#
[StageAppStep] Staging status of application "RiskManagement-srv": STAGED#
#2026 09 16 11:58:59.524#Z#DEBUG#d27b103a-b1c5-11f1-bf33-eeee0a8e3dbc.OPERATION#flowable-async-job-executor-thread-1525#
[StageAppStep] Getting application guid "RiskManagement-srv"...#
#2026 09 16 11:58:59.602#Z#DEBUG#d27b103a-b1c5-11f1-bf33-eeee0a8e3dbc.OPERATION#flowable-async-job-executor-thread-1525#
[StageAppStep] Getting build "149a00ac-4140-4fce-becd-1d28c53fda60"...#
#2026 09 16 11:58:59.646#Z#DEBUG#d27b103a-b1c5-11f1-bf33-eeee0a8e3dbc.OPERATION#flowable-async-job-executor-thread-1525#
[StageAppStep] Binding droplet "7ab51ed8-a94d-4133-85dc-d17e6b0d3e10" to application "43ad4e59-2e0c-4995-adf4-ca00afbfb842"...#
#2026 09 16 11:58:59.699#Z#INFO#d27b103a-b1c5-11f1-bf33-eeee0a8e3dbc.OPERATION#flowable-async-job-executor-thread-1525#
[StageAppStep] Application "RiskManagement-srv" staged#
#2026 09 16 11:58:59.705#Z#DEBUG#d27b103a-b1c5-11f1-bf33-eeee0a8e3dbc.OPERATION#flowable-async-job-executor-thread-1525#
Step "Stage App" finished#
#2026 09 16 11:58:59.738#Z#DEBUG#d27b103a-b1c5-11f1-bf33-eeee0a8e3dbc.OPERATION#flowable-async-job-executor-thread-1525#
[RestartAppStep] Executing task "startAppTask" of process "e24ae9cb-b1c5-11f1-8e4f-eeee0a9e667e"...#
#2026 09 16 11:58:59.740#Z#DEBUG#d27b103a-b1c5-11f1-bf33-eeee0a8e3dbc.OPERATION#flowable-async-job-executor-thread-1525#
[RestartAppStep] Application start timeout is default one: 3,600 seconds#
#2026 09 16 11:58:59.741#Z#DEBUG#d27b103a-b1c5-11f1-bf33-eeee0a8e3dbc.OPERATION#flowable-async-job-executor-thread-1525#
[RestartAppStep] Getting application "RiskManagement-srv"...#
#2026 09 16 11:58:59.774#Z#INFO#d27b103a-b1c5-11f1-bf33-eeee0a8e3dbc.OPERATION#flowable-async-job-executor-thread-1525#
[RestartAppStep] Starting application "RiskManagement-srv"...#
#2026 09 16 11:58:59.778#Z#DEBUG#d27b103a-b1c5-11f1-bf33-eeee0a8e3dbc.OPERATION#flowable-async-job-executor-thread-1525#
[RestartAppStep] Starting application "RiskManagement-srv"...#
#2026 09 16 11:59:00.096#Z#DEBUG#d27b103a-b1c5-11f1-bf33-eeee0a8e3dbc.OPERATION#flowable-async-job-executor-thread-1525#
Step "Start App" finished#
#2026 09 16 11:59:09.395#Z#DEBUG#d27b103a-b1c5-11f1-bf33-eeee0a8e3dbc.OPERATION#flowable-async-job-executor-thread-1533#
[StageAppStep] Executing task "stageAppTask" of process "e2571f53-b1c5-11f1-8e4f-eeee0a9e667e"...#
#2026 09 16 11:59:09.396#Z#DEBUG#d27b103a-b1c5-11f1-bf33-eeee0a8e3dbc.OPERATION#flowable-async-job-executor-thread-1533#
[StageAppStep] Application stage timeout is default one: 3,600 seconds#
#2026 09 16 11:59:09.398#Z#DEBUG#d27b103a-b1c5-11f1-bf33-eeee0a8e3dbc.OPERATION#flowable-async-job-executor-thread-1533#
[StageAppStep] Checking status of application "RiskManagement-db-deployer"...#
#2026 09 16 11:59:09.398#Z#DEBUG#d27b103a-b1c5-11f1-bf33-eeee0a8e3dbc.OPERATION#flowable-async-job-executor-thread-1533#
[StageAppStep] Getting build "5848dbef-15ba-4088-9c6b-69dc8f584439"...#
#2026 09 16 11:59:09.432#Z#DEBUG#d27b103a-b1c5-11f1-bf33-eeee0a8e3dbc.OPERATION#flowable-async-job-executor-thread-1533#
[StageAppStep] Staging status of application "RiskManagement-db-deployer": STAGED#
#2026 09 16 11:59:09.433#Z#DEBUG#d27b103a-b1c5-11f1-bf33-eeee0a8e3dbc.OPERATION#flowable-async-job-executor-thread-1533#
[StageAppStep] Getting application guid "RiskManagement-db-deployer"...#
#2026 09 16 11:59:09.496#Z#DEBUG#d27b103a-b1c5-11f1-bf33-eeee0a8e3dbc.OPERATION#flowable-async-job-executor-thread-1533#
[StageAppStep] Getting build "5848dbef-15ba-4088-9c6b-69dc8f584439"...#
#2026 09 16 11:59:09.528#Z#DEBUG#d27b103a-b1c5-11f1-bf33-eeee0a8e3dbc.OPERATION#flowable-async-job-executor-thread-1533#
[StageAppStep] Binding droplet "d00780e0-c982-46dd-b9b5-cb9557cece74" to application "c681784e-0734-4edd-bfea-9fddfbacadbf"...#
#2026 09 16 11:59:09.575#Z#INFO#d27b103a-b1c5-11f1-bf33-eeee0a8e3dbc.OPERATION#flowable-async-job-executor-thread-1533#
[StageAppStep] Application "RiskManagement-db-deployer" staged#
#2026 09 16 11:59:09.582#Z#DEBUG#d27b103a-b1c5-11f1-bf33-eeee0a8e3dbc.OPERATION#flowable-async-job-executor-thread-1533#
Step "Stage App" finished#
#2026 09 16 11:59:09.653#Z#DEBUG#d27b103a-b1c5-11f1-bf33-eeee0a8e3dbc.OPERATION#flowable-async-job-executor-thread-1533#
[PrepareToExecuteTasksStep] Executing task "prepareToExecuteTasksTask" of process "0684e69a-b1c6-11f1-8e4f-eeee0a9e667e"...#
#2026 09 16 11:59:09.655#Z#DEBUG#d27b103a-b1c5-11f1-bf33-eeee0a8e3dbc.OPERATION#flowable-async-job-executor-thread-1533#
Step "Prepare To Execute Tasks" finished#
#2026 09 16 11:59:09.569#Z#DEBUG#d27b103a-b1c5-11f1-bf33-eeee0a8e3dbc.OPERATION#flowable-async-job-executor-thread-1531#
[RestartAppStep] Executing task "startAppTask" of process "00d81d13-b1c6-11f1-8e4f-eeee0a9e667e"...#
#2026 09 16 11:59:09.573#Z#DEBUG#d27b103a-b1c5-11f1-bf33-eeee0a8e3dbc.OPERATION#flowable-async-job-executor-thread-1531#
[RestartAppStep] Application start timeout is default one: 3,600 seconds#
#2026 09 16 11:59:09.575#Z#DEBUG#d27b103a-b1c5-11f1-bf33-eeee0a8e3dbc.OPERATION#flowable-async-job-executor-thread-1531#
[RestartAppStep] Checking status of application "RiskManagement-srv"...#
#2026 09 16 11:59:09.575#Z#DEBUG#d27b103a-b1c5-11f1-bf33-eeee0a8e3dbc.OPERATION#flowable-async-job-executor-thread-1531#
[RestartAppStep] Getting application "RiskManagement-srv"...#
#2026 09 16 11:59:09.604#Z#DEBUG#d27b103a-b1c5-11f1-bf33-eeee0a8e3dbc.OPERATION#flowable-async-job-executor-thread-1531#
[RestartAppStep] Getting instances for application "RiskManagement-srv"...#
#2026 09 16 11:59:09.655#Z#DEBUG#d27b103a-b1c5-11f1-bf33-eeee0a8e3dbc.OPERATION#flowable-async-job-executor-thread-1531#
[RestartAppStep] Application "RiskManagement-srv": 0 of 1 instances running (1 starting)#
#2026 09 16 11:59:09.689#Z#DEBUG#d27b103a-b1c5-11f1-bf33-eeee0a8e3dbc.OPERATION#flowable-async-job-executor-thread-1531#
Step "Start App" finished#
#2026 09 16 11:59:09.682#Z#DEBUG#d27b103a-b1c5-11f1-bf33-eeee0a8e3dbc.OPERATION#flowable-async-job-executor-thread-1533#
[ExecuteTaskStep] Executing task "executeTaskTask" of process "0684e69a-b1c6-11f1-8e4f-eeee0a9e667e"...#
#2026 09 16 11:59:09.683#Z#DEBUG#d27b103a-b1c5-11f1-bf33-eeee0a8e3dbc.OPERATION#flowable-async-job-executor-thread-1533#
[ExecuteTaskStep] Application task execution timeout is default one: 43,200 seconds#
#2026 09 16 11:59:09.685#Z#INFO#d27b103a-b1c5-11f1-bf33-eeee0a8e3dbc.OPERATION#flowable-async-job-executor-thread-1533#
[ExecuteTaskStep] Executing task "deploy" on application "RiskManagement-db-deployer"...#
#2026 09 16 11:59:09.690#Z#DEBUG#d27b103a-b1c5-11f1-bf33-eeee0a8e3dbc.OPERATION#flowable-async-job-executor-thread-1533#
[ExecuteTaskStep] Running task on application "RiskManagement-db-deployer": {
  "name" : "deploy",
  "command" : "npm start",
  "limits" : {
    "memory" : 256
  }
}#
#2026 09 16 11:59:09.975#Z#DEBUG#d27b103a-b1c5-11f1-bf33-eeee0a8e3dbc.OPERATION#flowable-async-job-executor-thread-1533#
Step "Execute Task" finished#
#2026 09 16 11:59:19.649#Z#DEBUG#d27b103a-b1c5-11f1-bf33-eeee0a8e3dbc.OPERATION#flowable-async-job-executor-thread-1546#
[RestartAppStep] Executing task "startAppTask" of process "068fbc36-b1c6-11f1-8e4f-eeee0a9e667e"...#
#2026 09 16 11:59:19.650#Z#DEBUG#d27b103a-b1c5-11f1-bf33-eeee0a8e3dbc.OPERATION#flowable-async-job-executor-thread-1546#
[RestartAppStep] Application start timeout is default one: 3,600 seconds#
#2026 09 16 11:59:19.651#Z#DEBUG#d27b103a-b1c5-11f1-bf33-eeee0a8e3dbc.OPERATION#flowable-async-job-executor-thread-1546#
[RestartAppStep] Checking status of application "RiskManagement-srv"...#
#2026 09 16 11:59:19.652#Z#DEBUG#d27b103a-b1c5-11f1-bf33-eeee0a8e3dbc.OPERATION#flowable-async-job-executor-thread-1546#
[RestartAppStep] Getting instances for application "RiskManagement-srv"...#
#2026 09 16 11:59:19.690#Z#DEBUG#d27b103a-b1c5-11f1-bf33-eeee0a8e3dbc.OPERATION#flowable-async-job-executor-thread-1546#
[RestartAppStep] Application "RiskManagement-srv": 0 of 1 instances running (1 starting)#
#2026 09 16 11:59:19.730#Z#DEBUG#d27b103a-b1c5-11f1-bf33-eeee0a8e3dbc.OPERATION#flowable-async-job-executor-thread-1546#
Step "Start App" finished#
#2026 09 16 11:59:19.645#Z#DEBUG#d27b103a-b1c5-11f1-bf33-eeee0a8e3dbc.OPERATION#flowable-async-job-executor-thread-1547#
[ExecuteTaskStep] Executing task "executeTaskTask" of process "0684e69a-b1c6-11f1-8e4f-eeee0a9e667e"...#
#2026 09 16 11:59:19.646#Z#DEBUG#d27b103a-b1c5-11f1-bf33-eeee0a8e3dbc.OPERATION#flowable-async-job-executor-thread-1547#
[ExecuteTaskStep] Application task execution timeout is default one: 43,200 seconds#
#2026 09 16 11:59:19.648#Z#DEBUG#d27b103a-b1c5-11f1-bf33-eeee0a8e3dbc.OPERATION#flowable-async-job-executor-thread-1547#
[ExecuteTaskStep] Getting task "3ab8fe5f-21b6-42b8-b0a8-eb311ea835da"...#
#2026 09 16 11:59:19.676#Z#DEBUG#d27b103a-b1c5-11f1-bf33-eeee0a8e3dbc.OPERATION#flowable-async-job-executor-thread-1547#
[ExecuteTaskStep] Task execution status: running#
#2026 09 16 11:59:19.677#Z#DEBUG#d27b103a-b1c5-11f1-bf33-eeee0a8e3dbc.OPERATION#flowable-async-job-executor-thread-1547#
[ExecuteTaskStep] Getting application guid "RiskManagement-db-deployer"...#
#2026 09 16 11:59:19.761#Z#DEBUG#d27b103a-b1c5-11f1-bf33-eeee0a8e3dbc.OPERATION#flowable-async-job-executor-thread-1547#
Step "Execute Task" finished#
#2026 09 16 11:59:29.559#Z#DEBUG#d27b103a-b1c5-11f1-bf33-eeee0a8e3dbc.OPERATION#flowable-async-job-executor-thread-1558#
[ExecuteTaskStep] Executing task "executeTaskTask" of process "0684e69a-b1c6-11f1-8e4f-eeee0a9e667e"...#
#2026 09 16 11:59:29.560#Z#DEBUG#d27b103a-b1c5-11f1-bf33-eeee0a8e3dbc.OPERATION#flowable-async-job-executor-thread-1558#
[ExecuteTaskStep] Application task execution timeout is default one: 43,200 seconds#
#2026 09 16 11:59:29.562#Z#DEBUG#d27b103a-b1c5-11f1-bf33-eeee0a8e3dbc.OPERATION#flowable-async-job-executor-thread-1558#
[ExecuteTaskStep] Getting task "3ab8fe5f-21b6-42b8-b0a8-eb311ea835da"...#
#2026 09 16 11:59:29.596#Z#DEBUG#d27b103a-b1c5-11f1-bf33-eeee0a8e3dbc.OPERATION#flowable-async-job-executor-thread-1558#
[ExecuteTaskStep] Task execution status: succeeded#
#2026 09 16 11:59:29.597#Z#DEBUG#d27b103a-b1c5-11f1-bf33-eeee0a8e3dbc.OPERATION#flowable-async-job-executor-thread-1558#
[ExecuteTaskStep] Getting application guid "RiskManagement-db-deployer"...#
#2026 09 16 11:59:29.671#Z#DEBUG#d27b103a-b1c5-11f1-bf33-eeee0a8e3dbc.OPERATION#flowable-async-job-executor-thread-1558#
Step "Execute Task" finished#
#2026 09 16 11:59:29.594#Z#DEBUG#d27b103a-b1c5-11f1-bf33-eeee0a8e3dbc.OPERATION#flowable-async-job-executor-thread-1554#
[RestartAppStep] Executing task "startAppTask" of process "0c8c05d1-b1c6-11f1-8e4f-eeee0a9e667e"...#
#2026 09 16 11:59:29.596#Z#DEBUG#d27b103a-b1c5-11f1-bf33-eeee0a8e3dbc.OPERATION#flowable-async-job-executor-thread-1554#
[RestartAppStep] Application start timeout is default one: 3,600 seconds#
#2026 09 16 11:59:29.597#Z#DEBUG#d27b103a-b1c5-11f1-bf33-eeee0a8e3dbc.OPERATION#flowable-async-job-executor-thread-1554#
[RestartAppStep] Checking status of application "RiskManagement-srv"...#
#2026 09 16 11:59:29.597#Z#DEBUG#d27b103a-b1c5-11f1-bf33-eeee0a8e3dbc.OPERATION#flowable-async-job-executor-thread-1554#
[RestartAppStep] Getting instances for application "RiskManagement-srv"...#
#2026 09 16 11:59:29.639#Z#DEBUG#d27b103a-b1c5-11f1-bf33-eeee0a8e3dbc.OPERATION#flowable-async-job-executor-thread-1554#
[RestartAppStep] Application "RiskManagement-srv": 0 of 1 instances running (1 starting)#
#2026 09 16 11:59:29.697#Z#DEBUG#d27b103a-b1c5-11f1-bf33-eeee0a8e3dbc.OPERATION#flowable-async-job-executor-thread-1554#
Step "Start App" finished#
#2026 09 16 11:59:29.744#Z#DEBUG#d27b103a-b1c5-11f1-bf33-eeee0a8e3dbc.OPERATION#flowable-async-job-executor-thread-1557#
[IncrementIndexStep] Executing task "incrementTaskIndexTask" of process "0684e69a-b1c6-11f1-8e4f-eeee0a9e667e"...#
#2026 09 16 11:59:29.745#Z#DEBUG#d27b103a-b1c5-11f1-bf33-eeee0a8e3dbc.OPERATION#flowable-async-job-executor-thread-1557#
Step "Increment Task Index" finished#
#2026 09 16 11:59:29.796#Z#DEBUG#d27b103a-b1c5-11f1-bf33-eeee0a8e3dbc.OPERATION#flowable-async-job-executor-thread-1557#
[PublishConfigurationEntriesStep] Executing task "publishProvidedDependenciesTask" of process "e2571f53-b1c5-11f1-8e4f-eeee0a9e667e"...#
#2026 09 16 11:59:29.797#Z#DEBUG#d27b103a-b1c5-11f1-bf33-eeee0a8e3dbc.OPERATION#flowable-async-job-executor-thread-1557#
[PublishConfigurationEntriesStep] Publishing public provided dependencies for application "RiskManagement-db-deployer"...#
#2026 09 16 11:59:29.798#Z#DEBUG#d27b103a-b1c5-11f1-bf33-eeee0a8e3dbc.OPERATION#flowable-async-job-executor-thread-1557#
[PublishConfigurationEntriesStep] No public provided dependencies for publishing#
#2026 09 16 11:59:29.798#Z#DEBUG#d27b103a-b1c5-11f1-bf33-eeee0a8e3dbc.OPERATION#flowable-async-job-executor-thread-1557#
Step "Publish Provided Dependencies" finished#
#2026 09 16 11:59:29.830#Z#DEBUG#d27b103a-b1c5-11f1-bf33-eeee0a8e3dbc.OPERATION#flowable-async-job-executor-thread-1557#
[CreateOrUpdateServiceBrokerStep] Executing task "createOrUpdateServiceBrokerTask" of process "e2571f53-b1c5-11f1-8e4f-eeee0a9e667e"...#
#2026 09 16 11:59:29.831#Z#DEBUG#d27b103a-b1c5-11f1-bf33-eeee0a8e3dbc.OPERATION#flowable-async-job-executor-thread-1557#
[CreateOrUpdateServiceBrokerStep] Creating service brokers...#
#2026 09 16 11:59:29.832#Z#DEBUG#d27b103a-b1c5-11f1-bf33-eeee0a8e3dbc.OPERATION#flowable-async-job-executor-thread-1557#
Step "Create Or Update Service Broker " finished#
#2026 09 16 11:59:39.651#Z#DEBUG#d27b103a-b1c5-11f1-bf33-eeee0a8e3dbc.OPERATION#flowable-async-job-executor-thread-1567#
[RestartAppStep] Executing task "startAppTask" of process "127cb67f-b1c6-11f1-8e4f-eeee0a9e667e"...#
#2026 09 16 11:59:39.654#Z#DEBUG#d27b103a-b1c5-11f1-bf33-eeee0a8e3dbc.OPERATION#flowable-async-job-executor-thread-1567#
[RestartAppStep] Application start timeout is default one: 3,600 seconds#
#2026 09 16 11:59:39.655#Z#DEBUG#d27b103a-b1c5-11f1-bf33-eeee0a8e3dbc.OPERATION#flowable-async-job-executor-thread-1567#
[RestartAppStep] Checking status of application "RiskManagement-srv"...#
#2026 09 16 11:59:39.655#Z#DEBUG#d27b103a-b1c5-11f1-bf33-eeee0a8e3dbc.OPERATION#flowable-async-job-executor-thread-1567#
[RestartAppStep] Getting instances for application "RiskManagement-srv"...#
#2026 09 16 11:59:39.693#Z#DEBUG#d27b103a-b1c5-11f1-bf33-eeee0a8e3dbc.OPERATION#flowable-async-job-executor-thread-1567#
[RestartAppStep] Application "RiskManagement-srv": 0 of 1 instances running (1 starting)#
#2026 09 16 11:59:39.732#Z#DEBUG#d27b103a-b1c5-11f1-bf33-eeee0a8e3dbc.OPERATION#flowable-async-job-executor-thread-1567#
Step "Start App" finished#
#2026 09 16 11:59:49.682#Z#DEBUG#d27b103a-b1c5-11f1-bf33-eeee0a8e3dbc.OPERATION#flowable-async-job-executor-thread-1572#
[RestartAppStep] Executing task "startAppTask" of process "187815ad-b1c6-11f1-8e4f-eeee0a9e667e"...#
#2026 09 16 11:59:49.684#Z#DEBUG#d27b103a-b1c5-11f1-bf33-eeee0a8e3dbc.OPERATION#flowable-async-job-executor-thread-1572#
[RestartAppStep] Application start timeout is default one: 3,600 seconds#
#2026 09 16 11:59:49.684#Z#DEBUG#d27b103a-b1c5-11f1-bf33-eeee0a8e3dbc.OPERATION#flowable-async-job-executor-thread-1572#
[RestartAppStep] Checking status of application "RiskManagement-srv"...#
#2026 09 16 11:59:49.685#Z#DEBUG#d27b103a-b1c5-11f1-bf33-eeee0a8e3dbc.OPERATION#flowable-async-job-executor-thread-1572#
[RestartAppStep] Getting instances for application "RiskManagement-srv"...#
#2026 09 16 11:59:49.720#Z#DEBUG#d27b103a-b1c5-11f1-bf33-eeee0a8e3dbc.OPERATION#flowable-async-job-executor-thread-1572#
[RestartAppStep] Application "RiskManagement-srv": 0 of 1 instances running (1 crashed)#
#2026 09 16 11:59:49.748#Z#ERROR#d27b103a-b1c5-11f1-bf33-eeee0a8e3dbc.OPERATION#flowable-async-job-executor-thread-1572#
[RestartAppStep] Error starting application "RiskManagement-srv": Some instances have crashed. Check the application logs of your application for details.#
#2026 09 16 11:59:49.752#Z#INFO#d27b103a-b1c5-11f1-bf33-eeee0a8e3dbc.OPERATION#flowable-async-job-executor-thread-1572#
[RestartAppStep] Download the MTA operation logs for more details.#
#2026 09 16 11:59:49.755#Z#DEBUG#d27b103a-b1c5-11f1-bf33-eeee0a8e3dbc.OPERATION#flowable-async-job-executor-thread-1572#
Step "Start App" finished#
#2026 09 16 11:59:50.455#Z#DEBUG#d27b103a-b1c5-11f1-bf33-eeee0a8e3dbc.OPERATION#flowable-async-job-executor-thread-19955#
[RestartAppStep] Executing task "startAppTask" of process "187815ad-b1c6-11f1-8e4f-eeee0a9e667e"...#
#2026 09 16 11:59:50.460#Z#DEBUG#d27b103a-b1c5-11f1-bf33-eeee0a8e3dbc.OPERATION#flowable-async-job-executor-thread-19955#
[RestartAppStep] Application start timeout is default one: 3,600 seconds#
#2026 09 16 11:59:50.474#Z#DEBUG#d27b103a-b1c5-11f1-bf33-eeee0a8e3dbc.OPERATION#flowable-async-job-executor-thread-19955#
[RestartAppStep] Getting application "RiskManagement-srv"...#
#2026 09 16 11:59:50.509#Z#INFO#d27b103a-b1c5-11f1-bf33-eeee0a8e3dbc.OPERATION#flowable-async-job-executor-thread-19955#
[RestartAppStep] Stopping application "RiskManagement-srv"...#
#2026 09 16 11:59:50.515#Z#DEBUG#d27b103a-b1c5-11f1-bf33-eeee0a8e3dbc.OPERATION#flowable-async-job-executor-thread-19955#
[RestartAppStep] Stopping application "RiskManagement-srv"...#
#2026 09 16 11:59:50.647#Z#INFO#d27b103a-b1c5-11f1-bf33-eeee0a8e3dbc.OPERATION#flowable-async-job-executor-thread-19955#
[RestartAppStep] Starting application "RiskManagement-srv"...#
#2026 09 16 11:59:50.654#Z#DEBUG#d27b103a-b1c5-11f1-bf33-eeee0a8e3dbc.OPERATION#flowable-async-job-executor-thread-19955#
[RestartAppStep] Starting application "RiskManagement-srv"...#
#2026 09 16 11:59:50.975#Z#DEBUG#d27b103a-b1c5-11f1-bf33-eeee0a8e3dbc.OPERATION#flowable-async-job-executor-thread-19955#
Step "Start App" finished#
#2026 09 16 11:59:59.745#Z#DEBUG#d27b103a-b1c5-11f1-bf33-eeee0a8e3dbc.OPERATION#flowable-async-job-executor-thread-1583#
[RestartAppStep] Executing task "startAppTask" of process "1f2c169f-b1c6-11f1-bf33-eeee0a8e3dbc"...#
#2026 09 16 11:59:59.747#Z#DEBUG#d27b103a-b1c5-11f1-bf33-eeee0a8e3dbc.OPERATION#flowable-async-job-executor-thread-1583#
[RestartAppStep] Application start timeout is default one: 3,600 seconds#
#2026 09 16 11:59:59.806#Z#DEBUG#d27b103a-b1c5-11f1-bf33-eeee0a8e3dbc.OPERATION#flowable-async-job-executor-thread-1583#
[RestartAppStep] Checking status of application "RiskManagement-srv"...#
#2026 09 16 11:59:59.807#Z#DEBUG#d27b103a-b1c5-11f1-bf33-eeee0a8e3dbc.OPERATION#flowable-async-job-executor-thread-1583#
[RestartAppStep] Getting instances for application "RiskManagement-srv"...#
#2026 09 16 11:59:59.867#Z#DEBUG#d27b103a-b1c5-11f1-bf33-eeee0a8e3dbc.OPERATION#flowable-async-job-executor-thread-1583#
[RestartAppStep] Application "RiskManagement-srv": 0 of 1 instances running (1 starting)#
#2026 09 16 11:59:59.909#Z#DEBUG#d27b103a-b1c5-11f1-bf33-eeee0a8e3dbc.OPERATION#flowable-async-job-executor-thread-1583#
Step "Start App" finished#
#2026 09 16 12:00:09.833#Z#DEBUG#d27b103a-b1c5-11f1-bf33-eeee0a8e3dbc.OPERATION#flowable-async-job-executor-thread-1590#
[RestartAppStep] Executing task "startAppTask" of process "247eb339-b1c6-11f1-8e4f-eeee0a9e667e"...#
#2026 09 16 12:00:09.834#Z#DEBUG#d27b103a-b1c5-11f1-bf33-eeee0a8e3dbc.OPERATION#flowable-async-job-executor-thread-1590#
[RestartAppStep] Application start timeout is default one: 3,600 seconds#
#2026 09 16 12:00:09.834#Z#DEBUG#d27b103a-b1c5-11f1-bf33-eeee0a8e3dbc.OPERATION#flowable-async-job-executor-thread-1590#
[RestartAppStep] Checking status of application "RiskManagement-srv"...#
#2026 09 16 12:00:09.835#Z#DEBUG#d27b103a-b1c5-11f1-bf33-eeee0a8e3dbc.OPERATION#flowable-async-job-executor-thread-1590#
[RestartAppStep] Getting instances for application "RiskManagement-srv"...#
#2026 09 16 12:00:09.880#Z#DEBUG#d27b103a-b1c5-11f1-bf33-eeee0a8e3dbc.OPERATION#flowable-async-job-executor-thread-1590#
[RestartAppStep] Application "RiskManagement-srv": 0 of 1 instances running (1 starting)#
#2026 09 16 12:00:09.974#Z#DEBUG#d27b103a-b1c5-11f1-bf33-eeee0a8e3dbc.OPERATION#flowable-async-job-executor-thread-1590#
Step "Start App" finished#
#2026 09 16 12:00:20.061#Z#DEBUG#d27b103a-b1c5-11f1-bf33-eeee0a8e3dbc.OPERATION#flowable-async-job-executor-thread-1598#
[RestartAppStep] Executing task "startAppTask" of process "2a7e7f63-b1c6-11f1-8e4f-eeee0a9e667e"...#
#2026 09 16 12:00:20.062#Z#DEBUG#d27b103a-b1c5-11f1-bf33-eeee0a8e3dbc.OPERATION#flowable-async-job-executor-thread-1598#
[RestartAppStep] Application start timeout is default one: 3,600 seconds#
#2026 09 16 12:00:20.063#Z#DEBUG#d27b103a-b1c5-11f1-bf33-eeee0a8e3dbc.OPERATION#flowable-async-job-executor-thread-1598#
[RestartAppStep] Checking status of application "RiskManagement-srv"...#
#2026 09 16 12:00:20.064#Z#DEBUG#d27b103a-b1c5-11f1-bf33-eeee0a8e3dbc.OPERATION#flowable-async-job-executor-thread-1598#
[RestartAppStep] Getting instances for application "RiskManagement-srv"...#
#2026 09 16 12:00:20.100#Z#DEBUG#d27b103a-b1c5-11f1-bf33-eeee0a8e3dbc.OPERATION#flowable-async-job-executor-thread-1598#
[RestartAppStep] Application "RiskManagement-srv": 0 of 1 instances running (1 starting)#
#2026 09 16 12:00:20.136#Z#DEBUG#d27b103a-b1c5-11f1-bf33-eeee0a8e3dbc.OPERATION#flowable-async-job-executor-thread-1598#
Step "Start App" finished#
#2026 09 16 12:00:30.382#Z#DEBUG#d27b103a-b1c5-11f1-bf33-eeee0a8e3dbc.OPERATION#flowable-async-job-executor-thread-1599#
[RestartAppStep] Executing task "startAppTask" of process "308d8dce-b1c6-11f1-8e4f-eeee0a9e667e"...#
#2026 09 16 12:00:30.388#Z#DEBUG#d27b103a-b1c5-11f1-bf33-eeee0a8e3dbc.OPERATION#flowable-async-job-executor-thread-1599#
[RestartAppStep] Application start timeout is default one: 3,600 seconds#
#2026 09 16 12:00:30.390#Z#DEBUG#d27b103a-b1c5-11f1-bf33-eeee0a8e3dbc.OPERATION#flowable-async-job-executor-thread-1599#
[RestartAppStep] Checking status of application "RiskManagement-srv"...#
#2026 09 16 12:00:30.391#Z#DEBUG#d27b103a-b1c5-11f1-bf33-eeee0a8e3dbc.OPERATION#flowable-async-job-executor-thread-1599#
[RestartAppStep] Getting instances for application "RiskManagement-srv"...#
#2026 09 16 12:00:30.423#Z#DEBUG#d27b103a-b1c5-11f1-bf33-eeee0a8e3dbc.OPERATION#flowable-async-job-executor-thread-1599#
[RestartAppStep] Application "RiskManagement-srv": 0 of 1 instances running (1 starting)#
#2026 09 16 12:00:30.475#Z#DEBUG#d27b103a-b1c5-11f1-bf33-eeee0a8e3dbc.OPERATION#flowable-async-job-executor-thread-1599#
Step "Start App" finished#
#2026 09 16 12:00:40.664#Z#DEBUG#d27b103a-b1c5-11f1-bf33-eeee0a8e3dbc.OPERATION#flowable-async-job-executor-thread-1604#
[RestartAppStep] Executing task "startAppTask" of process "36b6b2ee-b1c6-11f1-8e4f-eeee0a9e667e"...#
#2026 09 16 12:00:40.666#Z#DEBUG#d27b103a-b1c5-11f1-bf33-eeee0a8e3dbc.OPERATION#flowable-async-job-executor-thread-1604#
[RestartAppStep] Application start timeout is default one: 3,600 seconds#
#2026 09 16 12:00:40.667#Z#DEBUG#d27b103a-b1c5-11f1-bf33-eeee0a8e3dbc.OPERATION#flowable-async-job-executor-thread-1604#
[RestartAppStep] Checking status of application "RiskManagement-srv"...#
#2026 09 16 12:00:40.669#Z#DEBUG#d27b103a-b1c5-11f1-bf33-eeee0a8e3dbc.OPERATION#flowable-async-job-executor-thread-1604#
[RestartAppStep] Getting instances for application "RiskManagement-srv"...#
#2026 09 16 12:00:40.703#Z#DEBUG#d27b103a-b1c5-11f1-bf33-eeee0a8e3dbc.OPERATION#flowable-async-job-executor-thread-1604#
[RestartAppStep] Application "RiskManagement-srv": 0 of 1 instances running (1 crashed)#
#2026 09 16 12:00:40.726#Z#ERROR#d27b103a-b1c5-11f1-bf33-eeee0a8e3dbc.OPERATION#flowable-async-job-executor-thread-1604#
[RestartAppStep] Error starting application "RiskManagement-srv": Some instances have crashed. Check the application logs of your application for details.#
#2026 09 16 12:00:40.742#Z#INFO#d27b103a-b1c5-11f1-bf33-eeee0a8e3dbc.OPERATION#flowable-async-job-executor-thread-1604#
[RestartAppStep] Download the MTA operation logs for more details.#
#2026 09 16 12:00:40.748#Z#DEBUG#d27b103a-b1c5-11f1-bf33-eeee0a8e3dbc.OPERATION#flowable-async-job-executor-thread-1604#
Step "Start App" finished#
#2026 09 16 12:00:42.437#Z#DEBUG#d27b103a-b1c5-11f1-bf33-eeee0a8e3dbc.OPERATION#flowable-async-job-executor-thread-19986#
[RestartAppStep] Executing task "startAppTask" of process "36b6b2ee-b1c6-11f1-8e4f-eeee0a9e667e"...#
#2026 09 16 12:00:42.441#Z#DEBUG#d27b103a-b1c5-11f1-bf33-eeee0a8e3dbc.OPERATION#flowable-async-job-executor-thread-19986#
[RestartAppStep] Application start timeout is default one: 3,600 seconds#
#2026 09 16 12:00:42.454#Z#DEBUG#d27b103a-b1c5-11f1-bf33-eeee0a8e3dbc.OPERATION#flowable-async-job-executor-thread-19986#
[RestartAppStep] Getting application "RiskManagement-srv"...#
#2026 09 16 12:00:42.483#Z#INFO#d27b103a-b1c5-11f1-bf33-eeee0a8e3dbc.OPERATION#flowable-async-job-executor-thread-19986#
[RestartAppStep] Stopping application "RiskManagement-srv"...#
#2026 09 16 12:00:42.489#Z#DEBUG#d27b103a-b1c5-11f1-bf33-eeee0a8e3dbc.OPERATION#flowable-async-job-executor-thread-19986#
[RestartAppStep] Stopping application "RiskManagement-srv"...#
#2026 09 16 12:00:42.613#Z#INFO#d27b103a-b1c5-11f1-bf33-eeee0a8e3dbc.OPERATION#flowable-async-job-executor-thread-19986#
[RestartAppStep] Starting application "RiskManagement-srv"...#
#2026 09 16 12:00:42.621#Z#DEBUG#d27b103a-b1c5-11f1-bf33-eeee0a8e3dbc.OPERATION#flowable-async-job-executor-thread-19986#
[RestartAppStep] Starting application "RiskManagement-srv"...#
#2026 09 16 12:00:42.846#Z#DEBUG#d27b103a-b1c5-11f1-bf33-eeee0a8e3dbc.OPERATION#flowable-async-job-executor-thread-19986#
Step "Start App" finished#
#2026 09 16 12:00:50.553#Z#DEBUG#d27b103a-b1c5-11f1-bf33-eeee0a8e3dbc.OPERATION#flowable-async-job-executor-thread-1609#
[RestartAppStep] Executing task "startAppTask" of process "3e16f9f0-b1c6-11f1-bf33-eeee0a8e3dbc"...#
#2026 09 16 12:00:50.555#Z#DEBUG#d27b103a-b1c5-11f1-bf33-eeee0a8e3dbc.OPERATION#flowable-async-job-executor-thread-1609#
[RestartAppStep] Application start timeout is default one: 3,600 seconds#
#2026 09 16 12:00:50.613#Z#DEBUG#d27b103a-b1c5-11f1-bf33-eeee0a8e3dbc.OPERATION#flowable-async-job-executor-thread-1609#
[RestartAppStep] Checking status of application "RiskManagement-srv"...#
#2026 09 16 12:00:50.614#Z#DEBUG#d27b103a-b1c5-11f1-bf33-eeee0a8e3dbc.OPERATION#flowable-async-job-executor-thread-1609#
[RestartAppStep] Getting instances for application "RiskManagement-srv"...#
#2026 09 16 12:00:50.677#Z#DEBUG#d27b103a-b1c5-11f1-bf33-eeee0a8e3dbc.OPERATION#flowable-async-job-executor-thread-1609#
[RestartAppStep] Application "RiskManagement-srv": 0 of 1 instances running (1 starting)#
#2026 09 16 12:00:50.720#Z#DEBUG#d27b103a-b1c5-11f1-bf33-eeee0a8e3dbc.OPERATION#flowable-async-job-executor-thread-1609#
Step "Start App" finished#
#2026 09 16 12:01:01.049#Z#DEBUG#d27b103a-b1c5-11f1-bf33-eeee0a8e3dbc.OPERATION#flowable-async-job-executor-thread-1608#
[RestartAppStep] Executing task "startAppTask" of process "42c825eb-b1c6-11f1-8e4f-eeee0a9e667e"...#
#2026 09 16 12:01:01.050#Z#DEBUG#d27b103a-b1c5-11f1-bf33-eeee0a8e3dbc.OPERATION#flowable-async-job-executor-thread-1608#
[RestartAppStep] Application start timeout is default one: 3,600 seconds#
#2026 09 16 12:01:01.051#Z#DEBUG#d27b103a-b1c5-11f1-bf33-eeee0a8e3dbc.OPERATION#flowable-async-job-executor-thread-1608#
[RestartAppStep] Checking status of application "RiskManagement-srv"...#
#2026 09 16 12:01:01.052#Z#DEBUG#d27b103a-b1c5-11f1-bf33-eeee0a8e3dbc.OPERATION#flowable-async-job-executor-thread-1608#
[RestartAppStep] Getting instances for application "RiskManagement-srv"...#
#2026 09 16 12:01:01.087#Z#DEBUG#d27b103a-b1c5-11f1-bf33-eeee0a8e3dbc.OPERATION#flowable-async-job-executor-thread-1608#
[RestartAppStep] Application "RiskManagement-srv": 0 of 1 instances running (1 starting)#
#2026 09 16 12:01:01.114#Z#DEBUG#d27b103a-b1c5-11f1-bf33-eeee0a8e3dbc.OPERATION#flowable-async-job-executor-thread-1608#
Step "Start App" finished#
#2026 09 16 12:01:10.850#Z#DEBUG#d27b103a-b1c5-11f1-bf33-eeee0a8e3dbc.OPERATION#flowable-async-job-executor-thread-1618#
[RestartAppStep] Executing task "startAppTask" of process "48fbabe4-b1c6-11f1-8e4f-eeee0a9e667e"...#
#2026 09 16 12:01:10.852#Z#DEBUG#d27b103a-b1c5-11f1-bf33-eeee0a8e3dbc.OPERATION#flowable-async-job-executor-thread-1618#
[RestartAppStep] Application start timeout is default one: 3,600 seconds#
#2026 09 16 12:01:10.853#Z#DEBUG#d27b103a-b1c5-11f1-bf33-eeee0a8e3dbc.OPERATION#flowable-async-job-executor-thread-1618#
[RestartAppStep] Checking status of application "RiskManagement-srv"...#
#2026 09 16 12:01:10.853#Z#DEBUG#d27b103a-b1c5-11f1-bf33-eeee0a8e3dbc.OPERATION#flowable-async-job-executor-thread-1618#
[RestartAppStep] Getting instances for application "RiskManagement-srv"...#
#2026 09 16 12:01:10.897#Z#DEBUG#d27b103a-b1c5-11f1-bf33-eeee0a8e3dbc.OPERATION#flowable-async-job-executor-thread-1618#
[RestartAppStep] Application "RiskManagement-srv": 0 of 1 instances running (1 starting)#
#2026 09 16 12:01:10.940#Z#DEBUG#d27b103a-b1c5-11f1-bf33-eeee0a8e3dbc.OPERATION#flowable-async-job-executor-thread-1618#
Step "Start App" finished#
#2026 09 16 12:01:20.712#Z#DEBUG#d27b103a-b1c5-11f1-bf33-eeee0a8e3dbc.OPERATION#flowable-async-job-executor-thread-18006#
[RestartAppStep] Executing task "startAppTask" of process "4ed55294-b1c6-11f1-8e4f-eeee0a9e667e"...#
#2026 09 16 12:01:20.715#Z#DEBUG#d27b103a-b1c5-11f1-bf33-eeee0a8e3dbc.OPERATION#flowable-async-job-executor-thread-18006#
[RestartAppStep] Application start timeout is default one: 3,600 seconds#
#2026 09 16 12:01:20.717#Z#DEBUG#d27b103a-b1c5-11f1-bf33-eeee0a8e3dbc.OPERATION#flowable-async-job-executor-thread-18006#
[RestartAppStep] Checking status of application "RiskManagement-srv"...#
#2026 09 16 12:01:20.719#Z#DEBUG#d27b103a-b1c5-11f1-bf33-eeee0a8e3dbc.OPERATION#flowable-async-job-executor-thread-18006#
[RestartAppStep] Getting instances for application "RiskManagement-srv"...#
#2026 09 16 12:01:20.784#Z#DEBUG#d27b103a-b1c5-11f1-bf33-eeee0a8e3dbc.OPERATION#flowable-async-job-executor-thread-18006#
[RestartAppStep] Application "RiskManagement-srv": 0 of 1 instances running (1 starting)#
#2026 09 16 12:01:20.851#Z#DEBUG#d27b103a-b1c5-11f1-bf33-eeee0a8e3dbc.OPERATION#flowable-async-job-executor-thread-18006#
Step "Start App" finished#
#2026 09 16 12:01:30.757#Z#DEBUG#d27b103a-b1c5-11f1-bf33-eeee0a8e3dbc.OPERATION#flowable-async-job-executor-thread-1632#
[RestartAppStep] Executing task "startAppTask" of process "54be1457-b1c6-11f1-8fe4-eeee0a80bcf5"...#
#2026 09 16 12:01:30.759#Z#DEBUG#d27b103a-b1c5-11f1-bf33-eeee0a8e3dbc.OPERATION#flowable-async-job-executor-thread-1632#
[RestartAppStep] Application start timeout is default one: 3,600 seconds#
#2026 09 16 12:01:30.759#Z#DEBUG#d27b103a-b1c5-11f1-bf33-eeee0a8e3dbc.OPERATION#flowable-async-job-executor-thread-1632#
[RestartAppStep] Checking status of application "RiskManagement-srv"...#
#2026 09 16 12:01:30.760#Z#DEBUG#d27b103a-b1c5-11f1-bf33-eeee0a8e3dbc.OPERATION#flowable-async-job-executor-thread-1632#
[RestartAppStep] Getting instances for application "RiskManagement-srv"...#
#2026 09 16 12:01:30.816#Z#DEBUG#d27b103a-b1c5-11f1-bf33-eeee0a8e3dbc.OPERATION#flowable-async-job-executor-thread-1632#
[RestartAppStep] Application "RiskManagement-srv": 0 of 1 instances running (1 crashed)#
#2026 09 16 12:01:30.876#Z#ERROR#d27b103a-b1c5-11f1-bf33-eeee0a8e3dbc.OPERATION#flowable-async-job-executor-thread-1632#
[RestartAppStep] Error starting application "RiskManagement-srv": Some instances have crashed. Check the application logs of your application for details.#
#2026 09 16 12:01:30.880#Z#INFO#d27b103a-b1c5-11f1-bf33-eeee0a8e3dbc.OPERATION#flowable-async-job-executor-thread-1632#
[RestartAppStep] Download the MTA operation logs for more details.#
#2026 09 16 12:01:30.883#Z#DEBUG#d27b103a-b1c5-11f1-bf33-eeee0a8e3dbc.OPERATION#flowable-async-job-executor-thread-1632#
Step "Start App" finished#
#2026 09 16 12:01:31.345#Z#DEBUG#d27b103a-b1c5-11f1-bf33-eeee0a8e3dbc.OPERATION#flowable-async-job-executor-thread-1630#
[RestartAppStep] Executing task "startAppTask" of process "54be1457-b1c6-11f1-8fe4-eeee0a80bcf5"...#
#2026 09 16 12:01:31.347#Z#DEBUG#d27b103a-b1c5-11f1-bf33-eeee0a8e3dbc.OPERATION#flowable-async-job-executor-thread-1630#
[RestartAppStep] Application start timeout is default one: 3,600 seconds#
#2026 09 16 12:01:31.428#Z#DEBUG#d27b103a-b1c5-11f1-bf33-eeee0a8e3dbc.OPERATION#flowable-async-job-executor-thread-1630#
[RestartAppStep] Getting application "RiskManagement-srv"...#
#2026 09 16 12:01:31.467#Z#INFO#d27b103a-b1c5-11f1-bf33-eeee0a8e3dbc.OPERATION#flowable-async-job-executor-thread-1630#
[RestartAppStep] Stopping application "RiskManagement-srv"...#
#2026 09 16 12:01:31.471#Z#DEBUG#d27b103a-b1c5-11f1-bf33-eeee0a8e3dbc.OPERATION#flowable-async-job-executor-thread-1630#
[RestartAppStep] Stopping application "RiskManagement-srv"...#
#2026 09 16 12:01:31.606#Z#INFO#d27b103a-b1c5-11f1-bf33-eeee0a8e3dbc.OPERATION#flowable-async-job-executor-thread-1630#
[RestartAppStep] Starting application "RiskManagement-srv"...#
#2026 09 16 12:01:31.611#Z#DEBUG#d27b103a-b1c5-11f1-bf33-eeee0a8e3dbc.OPERATION#flowable-async-job-executor-thread-1630#
[RestartAppStep] Starting application "RiskManagement-srv"...#
#2026 09 16 12:01:31.829#Z#DEBUG#d27b103a-b1c5-11f1-bf33-eeee0a8e3dbc.OPERATION#flowable-async-job-executor-thread-1630#
Step "Start App" finished#
#2026 09 16 12:01:41.020#Z#DEBUG#d27b103a-b1c5-11f1-bf33-eeee0a8e3dbc.OPERATION#flowable-async-job-executor-thread-1639#
[RestartAppStep] Executing task "startAppTask" of process "5b48943a-b1c6-11f1-8e4f-eeee0a9e667e"...#
#2026 09 16 12:01:41.022#Z#DEBUG#d27b103a-b1c5-11f1-bf33-eeee0a8e3dbc.OPERATION#flowable-async-job-executor-thread-1639#
[RestartAppStep] Application start timeout is default one: 3,600 seconds#
#2026 09 16 12:01:41.022#Z#DEBUG#d27b103a-b1c5-11f1-bf33-eeee0a8e3dbc.OPERATION#flowable-async-job-executor-thread-1639#
[RestartAppStep] Checking status of application "RiskManagement-srv"...#
#2026 09 16 12:01:41.023#Z#DEBUG#d27b103a-b1c5-11f1-bf33-eeee0a8e3dbc.OPERATION#flowable-async-job-executor-thread-1639#
[RestartAppStep] Getting instances for application "RiskManagement-srv"...#
#2026 09 16 12:01:41.079#Z#DEBUG#d27b103a-b1c5-11f1-bf33-eeee0a8e3dbc.OPERATION#flowable-async-job-executor-thread-1639#
[RestartAppStep] Application "RiskManagement-srv": 0 of 1 instances running (1 starting)#
#2026 09 16 12:01:41.099#Z#DEBUG#d27b103a-b1c5-11f1-bf33-eeee0a8e3dbc.OPERATION#flowable-async-job-executor-thread-1639#
Step "Start App" finished#
#2026 09 16 12:01:50.958#Z#DEBUG#d27b103a-b1c5-11f1-bf33-eeee0a8e3dbc.OPERATION#flowable-async-job-executor-thread-1646#
[RestartAppStep] Executing task "startAppTask" of process "60cf1118-b1c6-11f1-8e4f-eeee0a9e667e"...#
#2026 09 16 12:01:50.959#Z#DEBUG#d27b103a-b1c5-11f1-bf33-eeee0a8e3dbc.OPERATION#flowable-async-job-executor-thread-1646#
[RestartAppStep] Application start timeout is default one: 3,600 seconds#
#2026 09 16 12:01:50.960#Z#DEBUG#d27b103a-b1c5-11f1-bf33-eeee0a8e3dbc.OPERATION#flowable-async-job-executor-thread-1646#
[RestartAppStep] Checking status of application "RiskManagement-srv"...#
#2026 09 16 12:01:50.960#Z#DEBUG#d27b103a-b1c5-11f1-bf33-eeee0a8e3dbc.OPERATION#flowable-async-job-executor-thread-1646#
[RestartAppStep] Getting instances for application "RiskManagement-srv"...#
#2026 09 16 12:01:51.007#Z#DEBUG#d27b103a-b1c5-11f1-bf33-eeee0a8e3dbc.OPERATION#flowable-async-job-executor-thread-1646#
[RestartAppStep] Application "RiskManagement-srv": 0 of 1 instances running (1 starting)#
#2026 09 16 12:01:51.058#Z#DEBUG#d27b103a-b1c5-11f1-bf33-eeee0a8e3dbc.OPERATION#flowable-async-job-executor-thread-1646#
Step "Start App" finished#
#2026 09 16 12:02:01.084#Z#DEBUG#d27b103a-b1c5-11f1-bf33-eeee0a8e3dbc.OPERATION#flowable-async-job-executor-thread-1650#
[RestartAppStep] Executing task "startAppTask" of process "66beb060-b1c6-11f1-8e4f-eeee0a9e667e"...#
#2026 09 16 12:02:01.086#Z#DEBUG#d27b103a-b1c5-11f1-bf33-eeee0a8e3dbc.OPERATION#flowable-async-job-executor-thread-1650#
[RestartAppStep] Application start timeout is default one: 3,600 seconds#
#2026 09 16 12:02:01.087#Z#DEBUG#d27b103a-b1c5-11f1-bf33-eeee0a8e3dbc.OPERATION#flowable-async-job-executor-thread-1650#
[RestartAppStep] Checking status of application "RiskManagement-srv"...#
#2026 09 16 12:02:01.088#Z#DEBUG#d27b103a-b1c5-11f1-bf33-eeee0a8e3dbc.OPERATION#flowable-async-job-executor-thread-1650#
[RestartAppStep] Getting instances for application "RiskManagement-srv"...#
#2026 09 16 12:02:01.132#Z#DEBUG#d27b103a-b1c5-11f1-bf33-eeee0a8e3dbc.OPERATION#flowable-async-job-executor-thread-1650#
[RestartAppStep] Application "RiskManagement-srv": 0 of 1 instances running (1 starting)#
#2026 09 16 12:02:01.231#Z#DEBUG#d27b103a-b1c5-11f1-bf33-eeee0a8e3dbc.OPERATION#flowable-async-job-executor-thread-1650#
Step "Start App" finished#
#2026 09 16 12:02:11.129#Z#DEBUG#d27b103a-b1c5-11f1-bf33-eeee0a8e3dbc.OPERATION#flowable-async-job-executor-thread-1656#
[RestartAppStep] Executing task "startAppTask" of process "6ccf1ef5-b1c6-11f1-8e4f-eeee0a9e667e"...#
#2026 09 16 12:02:11.131#Z#DEBUG#d27b103a-b1c5-11f1-bf33-eeee0a8e3dbc.OPERATION#flowable-async-job-executor-thread-1656#
[RestartAppStep] Application start timeout is default one: 3,600 seconds#
#2026 09 16 12:02:11.131#Z#DEBUG#d27b103a-b1c5-11f1-bf33-eeee0a8e3dbc.OPERATION#flowable-async-job-executor-thread-1656#
[RestartAppStep] Checking status of application "RiskManagement-srv"...#
#2026 09 16 12:02:11.132#Z#DEBUG#d27b103a-b1c5-11f1-bf33-eeee0a8e3dbc.OPERATION#flowable-async-job-executor-thread-1656#
[RestartAppStep] Getting instances for application "RiskManagement-srv"...#
#2026 09 16 12:02:11.178#Z#DEBUG#d27b103a-b1c5-11f1-bf33-eeee0a8e3dbc.OPERATION#flowable-async-job-executor-thread-1656#
[RestartAppStep] Application "RiskManagement-srv": 0 of 1 instances running (1 starting)#
#2026 09 16 12:02:11.237#Z#DEBUG#d27b103a-b1c5-11f1-bf33-eeee0a8e3dbc.OPERATION#flowable-async-job-executor-thread-1656#
Step "Start App" finished#
#2026 09 16 12:02:21.165#Z#DEBUG#d27b103a-b1c5-11f1-bf33-eeee0a8e3dbc.OPERATION#flowable-async-job-executor-thread-1667#
[RestartAppStep] Executing task "startAppTask" of process "72c5e9bd-b1c6-11f1-8e4f-eeee0a9e667e"...#
#2026 09 16 12:02:21.167#Z#DEBUG#d27b103a-b1c5-11f1-bf33-eeee0a8e3dbc.OPERATION#flowable-async-job-executor-thread-1667#
[RestartAppStep] Application start timeout is default one: 3,600 seconds#
#2026 09 16 12:02:21.168#Z#DEBUG#d27b103a-b1c5-11f1-bf33-eeee0a8e3dbc.OPERATION#flowable-async-job-executor-thread-1667#
[RestartAppStep] Checking status of application "RiskManagement-srv"...#
#2026 09 16 12:02:21.169#Z#DEBUG#d27b103a-b1c5-11f1-bf33-eeee0a8e3dbc.OPERATION#flowable-async-job-executor-thread-1667#
[RestartAppStep] Getting instances for application "RiskManagement-srv"...#
#2026 09 16 12:02:21.203#Z#DEBUG#d27b103a-b1c5-11f1-bf33-eeee0a8e3dbc.OPERATION#flowable-async-job-executor-thread-1667#
[RestartAppStep] Application "RiskManagement-srv": 0 of 1 instances running (1 crashed)#
#2026 09 16 12:02:21.259#Z#ERROR#d27b103a-b1c5-11f1-bf33-eeee0a8e3dbc.OPERATION#flowable-async-job-executor-thread-1667#
[RestartAppStep] Error starting application "RiskManagement-srv": Some instances have crashed. Check the application logs of your application for details.#
#2026 09 16 12:02:21.263#Z#INFO#d27b103a-b1c5-11f1-bf33-eeee0a8e3dbc.OPERATION#flowable-async-job-executor-thread-1667#
[RestartAppStep] Download the MTA operation logs for more details.#
#2026 09 16 12:02:21.266#Z#DEBUG#d27b103a-b1c5-11f1-bf33-eeee0a8e3dbc.OPERATION#flowable-async-job-executor-thread-1667#
Step "Start App" finished#
#2026 09 16 12:27:56.120#Z#DEBUG#d27b103a-b1c5-11f1-bf33-eeee0a8e3dbc.OPERATION#flowable-async-job-executor-thread-752#
[RestartAppStep] Executing task "startAppTask" of process "72c5e9bd-b1c6-11f1-8e4f-eeee0a9e667e"...#
#2026 09 16 12:27:56.123#Z#DEBUG#d27b103a-b1c5-11f1-bf33-eeee0a8e3dbc.OPERATION#flowable-async-job-executor-thread-752#
[RestartAppStep] Application start timeout is default one: 3,600 seconds#
#2026 09 16 12:27:56.770#Z#DEBUG#d27b103a-b1c5-11f1-bf33-eeee0a8e3dbc.OPERATION#flowable-async-job-executor-thread-752#
[RestartAppStep] Getting application "RiskManagement-srv"...#
#2026 09 16 12:27:56.823#Z#INFO#d27b103a-b1c5-11f1-bf33-eeee0a8e3dbc.OPERATION#flowable-async-job-executor-thread-752#
[RestartAppStep] Stopping application "RiskManagement-srv"...#
#2026 09 16 12:27:56.850#Z#DEBUG#d27b103a-b1c5-11f1-bf33-eeee0a8e3dbc.OPERATION#flowable-async-job-executor-thread-752#
[RestartAppStep] Stopping application "RiskManagement-srv"...#
#2026 09 16 12:27:56.986#Z#INFO#d27b103a-b1c5-11f1-bf33-eeee0a8e3dbc.OPERATION#flowable-async-job-executor-thread-752#
[RestartAppStep] Starting application "RiskManagement-srv"...#
#2026 09 16 12:27:56.994#Z#DEBUG#d27b103a-b1c5-11f1-bf33-eeee0a8e3dbc.OPERATION#flowable-async-job-executor-thread-752#
[RestartAppStep] Starting application "RiskManagement-srv"...#
#2026 09 16 12:27:57.213#Z#DEBUG#d27b103a-b1c5-11f1-bf33-eeee0a8e3dbc.OPERATION#flowable-async-job-executor-thread-752#
Step "Start App" finished#
#2026 09 16 12:28:03.926#Z#DEBUG#d27b103a-b1c5-11f1-bf33-eeee0a8e3dbc.OPERATION#flowable-async-job-executor-thread-803#
[RestartAppStep] Executing task "startAppTask" of process "0c3efa56-b1ca-11f1-a00b-eeee0a8732c7"...#
#2026 09 16 12:28:03.928#Z#DEBUG#d27b103a-b1c5-11f1-bf33-eeee0a8e3dbc.OPERATION#flowable-async-job-executor-thread-803#
[RestartAppStep] Application start timeout is default one: 3,600 seconds#
#2026 09 16 12:28:04.288#Z#DEBUG#d27b103a-b1c5-11f1-bf33-eeee0a8e3dbc.OPERATION#flowable-async-job-executor-thread-803#
[RestartAppStep] Checking status of application "RiskManagement-srv"...#
#2026 09 16 12:28:04.289#Z#DEBUG#d27b103a-b1c5-11f1-bf33-eeee0a8e3dbc.OPERATION#flowable-async-job-executor-thread-803#
[RestartAppStep] Getting instances for application "RiskManagement-srv"...#
#2026 09 16 12:28:04.343#Z#DEBUG#d27b103a-b1c5-11f1-bf33-eeee0a8e3dbc.OPERATION#flowable-async-job-executor-thread-803#
[RestartAppStep] Application "RiskManagement-srv": 0 of 1 instances running (1 starting)#
#2026 09 16 12:28:04.392#Z#DEBUG#d27b103a-b1c5-11f1-bf33-eeee0a8e3dbc.OPERATION#flowable-async-job-executor-thread-803#
Step "Start App" finished#
#2026 09 16 12:28:14.184#Z#DEBUG#d27b103a-b1c5-11f1-bf33-eeee0a8e3dbc.OPERATION#flowable-async-job-executor-thread-813#
[RestartAppStep] Executing task "startAppTask" of process "10866889-b1ca-11f1-a500-eeee0a95de73"...#
#2026 09 16 12:28:14.186#Z#DEBUG#d27b103a-b1c5-11f1-bf33-eeee0a8e3dbc.OPERATION#flowable-async-job-executor-thread-813#
[RestartAppStep] Application start timeout is default one: 3,600 seconds#
#2026 09 16 12:28:14.186#Z#DEBUG#d27b103a-b1c5-11f1-bf33-eeee0a8e3dbc.OPERATION#flowable-async-job-executor-thread-813#
[RestartAppStep] Checking status of application "RiskManagement-srv"...#
#2026 09 16 12:28:14.187#Z#DEBUG#d27b103a-b1c5-11f1-bf33-eeee0a8e3dbc.OPERATION#flowable-async-job-executor-thread-813#
[RestartAppStep] Getting instances for application "RiskManagement-srv"...#
#2026 09 16 12:28:14.226#Z#DEBUG#d27b103a-b1c5-11f1-bf33-eeee0a8e3dbc.OPERATION#flowable-async-job-executor-thread-813#
[RestartAppStep] Application "RiskManagement-srv": 0 of 1 instances running (1 starting)#
#2026 09 16 12:28:14.283#Z#DEBUG#d27b103a-b1c5-11f1-bf33-eeee0a8e3dbc.OPERATION#flowable-async-job-executor-thread-813#
Step "Start App" finished#
#2026 09 16 12:28:24.269#Z#DEBUG#d27b103a-b1c5-11f1-bf33-eeee0a8e3dbc.OPERATION#flowable-async-job-executor-thread-2631#
[RestartAppStep] Executing task "startAppTask" of process "166ba764-b1ca-11f1-a500-eeee0a95de73"...#
#2026 09 16 12:28:24.271#Z#DEBUG#d27b103a-b1c5-11f1-bf33-eeee0a8e3dbc.OPERATION#flowable-async-job-executor-thread-2631#
[RestartAppStep] Application start timeout is default one: 3,600 seconds#
#2026 09 16 12:28:24.340#Z#DEBUG#d27b103a-b1c5-11f1-bf33-eeee0a8e3dbc.OPERATION#flowable-async-job-executor-thread-2631#
[RestartAppStep] Checking status of application "RiskManagement-srv"...#
#2026 09 16 12:28:24.341#Z#DEBUG#d27b103a-b1c5-11f1-bf33-eeee0a8e3dbc.OPERATION#flowable-async-job-executor-thread-2631#
[RestartAppStep] Getting instances for application "RiskManagement-srv"...#
#2026 09 16 12:28:24.397#Z#DEBUG#d27b103a-b1c5-11f1-bf33-eeee0a8e3dbc.OPERATION#flowable-async-job-executor-thread-2631#
[RestartAppStep] Application "RiskManagement-srv": 0 of 1 instances running (1 starting)#
#2026 09 16 12:28:24.451#Z#DEBUG#d27b103a-b1c5-11f1-bf33-eeee0a8e3dbc.OPERATION#flowable-async-job-executor-thread-2631#
Step "Start App" finished#
#2026 09 16 12:28:34.642#Z#DEBUG#d27b103a-b1c5-11f1-bf33-eeee0a8e3dbc.OPERATION#flowable-async-job-executor-thread-773#
[RestartAppStep] Executing task "startAppTask" of process "1c7b5190-b1ca-11f1-8e4f-eeee0a9e667e"...#
#2026 09 16 12:28:34.644#Z#DEBUG#d27b103a-b1c5-11f1-bf33-eeee0a8e3dbc.OPERATION#flowable-async-job-executor-thread-773#
[RestartAppStep] Application start timeout is default one: 3,600 seconds#
#2026 09 16 12:28:34.646#Z#DEBUG#d27b103a-b1c5-11f1-bf33-eeee0a8e3dbc.OPERATION#flowable-async-job-executor-thread-773#
[RestartAppStep] Checking status of application "RiskManagement-srv"...#
#2026 09 16 12:28:34.647#Z#DEBUG#d27b103a-b1c5-11f1-bf33-eeee0a8e3dbc.OPERATION#flowable-async-job-executor-thread-773#
[RestartAppStep] Getting instances for application "RiskManagement-srv"...#
#2026 09 16 12:28:34.697#Z#DEBUG#d27b103a-b1c5-11f1-bf33-eeee0a8e3dbc.OPERATION#flowable-async-job-executor-thread-773#
[RestartAppStep] Application "RiskManagement-srv": 0 of 1 instances running (1 starting)#
#2026 09 16 12:28:34.757#Z#DEBUG#d27b103a-b1c5-11f1-bf33-eeee0a8e3dbc.OPERATION#flowable-async-job-executor-thread-773#
Step "Start App" finished#
#2026 09 16 12:28:44.579#Z#DEBUG#d27b103a-b1c5-11f1-bf33-eeee0a8e3dbc.OPERATION#flowable-async-job-executor-thread-2653#
[RestartAppStep] Executing task "startAppTask" of process "229fe3e3-b1ca-11f1-a00b-eeee0a8732c7"...#
#2026 09 16 12:28:44.581#Z#DEBUG#d27b103a-b1c5-11f1-bf33-eeee0a8e3dbc.OPERATION#flowable-async-job-executor-thread-2653#
[RestartAppStep] Application start timeout is default one: 3,600 seconds#
#2026 09 16 12:28:44.581#Z#DEBUG#d27b103a-b1c5-11f1-bf33-eeee0a8e3dbc.OPERATION#flowable-async-job-executor-thread-2653#
[RestartAppStep] Checking status of application "RiskManagement-srv"...#
#2026 09 16 12:28:44.582#Z#DEBUG#d27b103a-b1c5-11f1-bf33-eeee0a8e3dbc.OPERATION#flowable-async-job-executor-thread-2653#
[RestartAppStep] Getting instances for application "RiskManagement-srv"...#
#2026 09 16 12:28:44.635#Z#DEBUG#d27b103a-b1c5-11f1-bf33-eeee0a8e3dbc.OPERATION#flowable-async-job-executor-thread-2653#
[RestartAppStep] Application "RiskManagement-srv": 0 of 1 instances running (1 crashed)#
#2026 09 16 12:28:44.665#Z#ERROR#d27b103a-b1c5-11f1-bf33-eeee0a8e3dbc.OPERATION#flowable-async-job-executor-thread-2653#
[RestartAppStep] Error starting application "RiskManagement-srv": Some instances have crashed. Check the application logs of your application for details.#
#2026 09 16 12:28:44.669#Z#INFO#d27b103a-b1c5-11f1-bf33-eeee0a8e3dbc.OPERATION#flowable-async-job-executor-thread-2653#
[RestartAppStep] Download the MTA operation logs for more details.#
#2026 09 16 12:28:44.673#Z#DEBUG#d27b103a-b1c5-11f1-bf33-eeee0a8e3dbc.OPERATION#flowable-async-job-executor-thread-2653#
Step "Start App" finished#
#2026 09 16 12:28:47.815#Z#DEBUG#d27b103a-b1c5-11f1-bf33-eeee0a8e3dbc.OPERATION#flowable-async-job-executor-thread-776#
[RestartAppStep] Executing task "startAppTask" of process "229fe3e3-b1ca-11f1-a00b-eeee0a8732c7"...#
#2026 09 16 12:28:47.817#Z#DEBUG#d27b103a-b1c5-11f1-bf33-eeee0a8e3dbc.OPERATION#flowable-async-job-executor-thread-776#
[RestartAppStep] Application start timeout is default one: 3,600 seconds#
#2026 09 16 12:28:47.824#Z#DEBUG#d27b103a-b1c5-11f1-bf33-eeee0a8e3dbc.OPERATION#flowable-async-job-executor-thread-776#
[RestartAppStep] Getting application "RiskManagement-srv"...#
#2026 09 16 12:28:47.850#Z#INFO#d27b103a-b1c5-11f1-bf33-eeee0a8e3dbc.OPERATION#flowable-async-job-executor-thread-776#
[RestartAppStep] Stopping application "RiskManagement-srv"...#
#2026 09 16 12:28:47.853#Z#DEBUG#d27b103a-b1c5-11f1-bf33-eeee0a8e3dbc.OPERATION#flowable-async-job-executor-thread-776#
[RestartAppStep] Stopping application "RiskManagement-srv"...#
#2026 09 16 12:28:47.974#Z#INFO#d27b103a-b1c5-11f1-bf33-eeee0a8e3dbc.OPERATION#flowable-async-job-executor-thread-776#
[RestartAppStep] Starting application "RiskManagement-srv"...#
#2026 09 16 12:28:47.979#Z#DEBUG#d27b103a-b1c5-11f1-bf33-eeee0a8e3dbc.OPERATION#flowable-async-job-executor-thread-776#
[RestartAppStep] Starting application "RiskManagement-srv"...#
#2026 09 16 12:28:48.209#Z#DEBUG#d27b103a-b1c5-11f1-bf33-eeee0a8e3dbc.OPERATION#flowable-async-job-executor-thread-776#
Step "Start App" finished#
#2026 09 16 12:28:54.801#Z#DEBUG#d27b103a-b1c5-11f1-bf33-eeee0a8e3dbc.OPERATION#flowable-async-job-executor-thread-2661#
[RestartAppStep] Executing task "startAppTask" of process "2aa43294-b1ca-11f1-a00b-eeee0a8732c7"...#
#2026 09 16 12:28:54.803#Z#DEBUG#d27b103a-b1c5-11f1-bf33-eeee0a8e3dbc.OPERATION#flowable-async-job-executor-thread-2661#
[RestartAppStep] Application start timeout is default one: 3,600 seconds#
#2026 09 16 12:28:54.861#Z#DEBUG#d27b103a-b1c5-11f1-bf33-eeee0a8e3dbc.OPERATION#flowable-async-job-executor-thread-2661#
[RestartAppStep] Checking status of application "RiskManagement-srv"...#
#2026 09 16 12:28:54.862#Z#DEBUG#d27b103a-b1c5-11f1-bf33-eeee0a8e3dbc.OPERATION#flowable-async-job-executor-thread-2661#
[RestartAppStep] Getting instances for application "RiskManagement-srv"...#
#2026 09 16 12:28:54.913#Z#DEBUG#d27b103a-b1c5-11f1-bf33-eeee0a8e3dbc.OPERATION#flowable-async-job-executor-thread-2661#
[RestartAppStep] Application "RiskManagement-srv": 0 of 1 instances running (1 starting)#
#2026 09 16 12:28:54.976#Z#DEBUG#d27b103a-b1c5-11f1-bf33-eeee0a8e3dbc.OPERATION#flowable-async-job-executor-thread-2661#
Step "Start App" finished#
#2026 09 16 12:29:04.850#Z#DEBUG#d27b103a-b1c5-11f1-bf33-eeee0a8e3dbc.OPERATION#flowable-async-job-executor-thread-2668#
[RestartAppStep] Executing task "startAppTask" of process "2ead1079-b1ca-11f1-8e4f-eeee0a9e667e"...#
#2026 09 16 12:29:04.853#Z#DEBUG#d27b103a-b1c5-11f1-bf33-eeee0a8e3dbc.OPERATION#flowable-async-job-executor-thread-2668#
[RestartAppStep] Application start timeout is default one: 3,600 seconds#
#2026 09 16 12:29:04.853#Z#DEBUG#d27b103a-b1c5-11f1-bf33-eeee0a8e3dbc.OPERATION#flowable-async-job-executor-thread-2668#
[RestartAppStep] Checking status of application "RiskManagement-srv"...#
#2026 09 16 12:29:04.854#Z#DEBUG#d27b103a-b1c5-11f1-bf33-eeee0a8e3dbc.OPERATION#flowable-async-job-executor-thread-2668#
[RestartAppStep] Getting instances for application "RiskManagement-srv"...#
#2026 09 16 12:29:04.896#Z#DEBUG#d27b103a-b1c5-11f1-bf33-eeee0a8e3dbc.OPERATION#flowable-async-job-executor-thread-2668#
[RestartAppStep] Application "RiskManagement-srv": 0 of 1 instances running (1 starting)#
#2026 09 16 12:29:04.933#Z#DEBUG#d27b103a-b1c5-11f1-bf33-eeee0a8e3dbc.OPERATION#flowable-async-job-executor-thread-2668#
Step "Start App" finished#
#2026 09 16 12:29:14.880#Z#DEBUG#d27b103a-b1c5-11f1-bf33-eeee0a8e3dbc.OPERATION#flowable-async-job-executor-thread-843#
[RestartAppStep] Executing task "startAppTask" of process "349c890f-b1ca-11f1-8e4f-eeee0a9e667e"...#
#2026 09 16 12:29:14.883#Z#DEBUG#d27b103a-b1c5-11f1-bf33-eeee0a8e3dbc.OPERATION#flowable-async-job-executor-thread-843#
[RestartAppStep] Application start timeout is default one: 3,600 seconds#
#2026 09 16 12:29:14.885#Z#DEBUG#d27b103a-b1c5-11f1-bf33-eeee0a8e3dbc.OPERATION#flowable-async-job-executor-thread-843#
[RestartAppStep] Checking status of application "RiskManagement-srv"...#
#2026 09 16 12:29:14.886#Z#DEBUG#d27b103a-b1c5-11f1-bf33-eeee0a8e3dbc.OPERATION#flowable-async-job-executor-thread-843#
[RestartAppStep] Getting instances for application "RiskManagement-srv"...#
#2026 09 16 12:29:14.975#Z#DEBUG#d27b103a-b1c5-11f1-bf33-eeee0a8e3dbc.OPERATION#flowable-async-job-executor-thread-843#
[RestartAppStep] Application "RiskManagement-srv": 0 of 1 instances running (1 starting)#
#2026 09 16 12:29:15.013#Z#DEBUG#d27b103a-b1c5-11f1-bf33-eeee0a8e3dbc.OPERATION#flowable-async-job-executor-thread-843#
Step "Start App" finished#
#2026 09 16 12:29:25.095#Z#DEBUG#d27b103a-b1c5-11f1-bf33-eeee0a8e3dbc.OPERATION#flowable-async-job-executor-thread-851#
[RestartAppStep] Executing task "startAppTask" of process "3a9e77cd-b1ca-11f1-a500-eeee0a95de73"...#
#2026 09 16 12:29:25.097#Z#DEBUG#d27b103a-b1c5-11f1-bf33-eeee0a8e3dbc.OPERATION#flowable-async-job-executor-thread-851#
[RestartAppStep] Application start timeout is default one: 3,600 seconds#
#2026 09 16 12:29:25.098#Z#DEBUG#d27b103a-b1c5-11f1-bf33-eeee0a8e3dbc.OPERATION#flowable-async-job-executor-thread-851#
[RestartAppStep] Checking status of application "RiskManagement-srv"...#
#2026 09 16 12:29:25.099#Z#DEBUG#d27b103a-b1c5-11f1-bf33-eeee0a8e3dbc.OPERATION#flowable-async-job-executor-thread-851#
[RestartAppStep] Getting instances for application "RiskManagement-srv"...#
#2026 09 16 12:29:25.138#Z#DEBUG#d27b103a-b1c5-11f1-bf33-eeee0a8e3dbc.OPERATION#flowable-async-job-executor-thread-851#
[RestartAppStep] Application "RiskManagement-srv": 0 of 1 instances running (1 starting)#
#2026 09 16 12:29:25.193#Z#DEBUG#d27b103a-b1c5-11f1-bf33-eeee0a8e3dbc.OPERATION#flowable-async-job-executor-thread-851#
Step "Start App" finished#
#2026 09 16 12:29:35.175#Z#DEBUG#d27b103a-b1c5-11f1-bf33-eeee0a8e3dbc.OPERATION#flowable-async-job-executor-thread-2685#
[RestartAppStep] Executing task "startAppTask" of process "40b156eb-b1ca-11f1-a500-eeee0a95de73"...#
#2026 09 16 12:29:35.177#Z#DEBUG#d27b103a-b1c5-11f1-bf33-eeee0a8e3dbc.OPERATION#flowable-async-job-executor-thread-2685#
[RestartAppStep] Application start timeout is default one: 3,600 seconds#
#2026 09 16 12:29:35.178#Z#DEBUG#d27b103a-b1c5-11f1-bf33-eeee0a8e3dbc.OPERATION#flowable-async-job-executor-thread-2685#
[RestartAppStep] Checking status of application "RiskManagement-srv"...#
#2026 09 16 12:29:35.180#Z#DEBUG#d27b103a-b1c5-11f1-bf33-eeee0a8e3dbc.OPERATION#flowable-async-job-executor-thread-2685#
[RestartAppStep] Getting instances for application "RiskManagement-srv"...#
#2026 09 16 12:29:35.220#Z#DEBUG#d27b103a-b1c5-11f1-bf33-eeee0a8e3dbc.OPERATION#flowable-async-job-executor-thread-2685#
[RestartAppStep] Application "RiskManagement-srv": 0 of 1 instances running (1 crashed)#
#2026 09 16 12:29:35.257#Z#ERROR#d27b103a-b1c5-11f1-bf33-eeee0a8e3dbc.OPERATION#flowable-async-job-executor-thread-2685#
[RestartAppStep] Error starting application "RiskManagement-srv": Some instances have crashed. Check the application logs of your application for details.#
#2026 09 16 12:29:35.261#Z#INFO#d27b103a-b1c5-11f1-bf33-eeee0a8e3dbc.OPERATION#flowable-async-job-executor-thread-2685#
[RestartAppStep] Download the MTA operation logs for more details.#
#2026 09 16 12:29:35.265#Z#DEBUG#d27b103a-b1c5-11f1-bf33-eeee0a8e3dbc.OPERATION#flowable-async-job-executor-thread-2685#
Step "Start App" finished#
#2026 09 16 12:29:36.595#Z#DEBUG#d27b103a-b1c5-11f1-bf33-eeee0a8e3dbc.OPERATION#flowable-async-job-executor-thread-858#
[RestartAppStep] Executing task "startAppTask" of process "40b156eb-b1ca-11f1-a500-eeee0a95de73"...#
#2026 09 16 12:29:36.597#Z#DEBUG#d27b103a-b1c5-11f1-bf33-eeee0a8e3dbc.OPERATION#flowable-async-job-executor-thread-858#
[RestartAppStep] Application start timeout is default one: 3,600 seconds#
#2026 09 16 12:29:36.610#Z#DEBUG#d27b103a-b1c5-11f1-bf33-eeee0a8e3dbc.OPERATION#flowable-async-job-executor-thread-858#
[RestartAppStep] Getting application "RiskManagement-srv"...#
#2026 09 16 12:29:36.663#Z#INFO#d27b103a-b1c5-11f1-bf33-eeee0a8e3dbc.OPERATION#flowable-async-job-executor-thread-858#
[RestartAppStep] Stopping application "RiskManagement-srv"...#
#2026 09 16 12:29:36.666#Z#DEBUG#d27b103a-b1c5-11f1-bf33-eeee0a8e3dbc.OPERATION#flowable-async-job-executor-thread-858#
[RestartAppStep] Stopping application "RiskManagement-srv"...#
#2026 09 16 12:29:36.789#Z#INFO#d27b103a-b1c5-11f1-bf33-eeee0a8e3dbc.OPERATION#flowable-async-job-executor-thread-858#
[RestartAppStep] Starting application "RiskManagement-srv"...#
#2026 09 16 12:29:36.792#Z#DEBUG#d27b103a-b1c5-11f1-bf33-eeee0a8e3dbc.OPERATION#flowable-async-job-executor-thread-858#
[RestartAppStep] Starting application "RiskManagement-srv"...#
#2026 09 16 12:29:37.011#Z#DEBUG#d27b103a-b1c5-11f1-bf33-eeee0a8e3dbc.OPERATION#flowable-async-job-executor-thread-858#
Step "Start App" finished#
#2026 09 16 12:29:45.428#Z#DEBUG#d27b103a-b1c5-11f1-bf33-eeee0a8e3dbc.OPERATION#flowable-async-job-executor-thread-820#
[RestartAppStep] Executing task "startAppTask" of process "47baf182-b1ca-11f1-a500-eeee0a95de73"...#
#2026 09 16 12:29:45.430#Z#DEBUG#d27b103a-b1c5-11f1-bf33-eeee0a8e3dbc.OPERATION#flowable-async-job-executor-thread-820#
[RestartAppStep] Application start timeout is default one: 3,600 seconds#
#2026 09 16 12:29:45.431#Z#DEBUG#d27b103a-b1c5-11f1-bf33-eeee0a8e3dbc.OPERATION#flowable-async-job-executor-thread-820#
[RestartAppStep] Checking status of application "RiskManagement-srv"...#
#2026 09 16 12:29:45.431#Z#DEBUG#d27b103a-b1c5-11f1-bf33-eeee0a8e3dbc.OPERATION#flowable-async-job-executor-thread-820#
[RestartAppStep] Getting instances for application "RiskManagement-srv"...#
#2026 09 16 12:29:45.468#Z#DEBUG#d27b103a-b1c5-11f1-bf33-eeee0a8e3dbc.OPERATION#flowable-async-job-executor-thread-820#
[RestartAppStep] Application "RiskManagement-srv": 0 of 1 instances running (1 starting)#
#2026 09 16 12:29:45.512#Z#DEBUG#d27b103a-b1c5-11f1-bf33-eeee0a8e3dbc.OPERATION#flowable-async-job-executor-thread-820#
Step "Start App" finished#
#2026 09 16 12:29:55.333#Z#DEBUG#d27b103a-b1c5-11f1-bf33-eeee0a8e3dbc.OPERATION#flowable-async-job-executor-thread-867#
[RestartAppStep] Executing task "startAppTask" of process "4ccc668b-b1ca-11f1-a00b-eeee0a8732c7"...#
#2026 09 16 12:29:55.335#Z#DEBUG#d27b103a-b1c5-11f1-bf33-eeee0a8e3dbc.OPERATION#flowable-async-job-executor-thread-867#
[RestartAppStep] Application start timeout is default one: 3,600 seconds#
#2026 09 16 12:29:55.336#Z#DEBUG#d27b103a-b1c5-11f1-bf33-eeee0a8e3dbc.OPERATION#flowable-async-job-executor-thread-867#
[RestartAppStep] Checking status of application "RiskManagement-srv"...#
#2026 09 16 12:29:55.337#Z#DEBUG#d27b103a-b1c5-11f1-bf33-eeee0a8e3dbc.OPERATION#flowable-async-job-executor-thread-867#
[RestartAppStep] Getting instances for application "RiskManagement-srv"...#
#2026 09 16 12:29:55.372#Z#DEBUG#d27b103a-b1c5-11f1-bf33-eeee0a8e3dbc.OPERATION#flowable-async-job-executor-thread-867#
[RestartAppStep] Application "RiskManagement-srv": 0 of 1 instances running (1 starting)#
#2026 09 16 12:29:55.399#Z#DEBUG#d27b103a-b1c5-11f1-bf33-eeee0a8e3dbc.OPERATION#flowable-async-job-executor-thread-867#
Step "Start App" finished#
#2026 09 16 12:30:05.385#Z#DEBUG#d27b103a-b1c5-11f1-bf33-eeee0a8e3dbc.OPERATION#flowable-async-job-executor-thread-870#
[RestartAppStep] Executing task "startAppTask" of process "52b0e202-b1ca-11f1-a500-eeee0a95de73"...#
#2026 09 16 12:30:05.387#Z#DEBUG#d27b103a-b1c5-11f1-bf33-eeee0a8e3dbc.OPERATION#flowable-async-job-executor-thread-870#
[RestartAppStep] Application start timeout is default one: 3,600 seconds#
#2026 09 16 12:30:05.388#Z#DEBUG#d27b103a-b1c5-11f1-bf33-eeee0a8e3dbc.OPERATION#flowable-async-job-executor-thread-870#
[RestartAppStep] Checking status of application "RiskManagement-srv"...#
#2026 09 16 12:30:05.389#Z#DEBUG#d27b103a-b1c5-11f1-bf33-eeee0a8e3dbc.OPERATION#flowable-async-job-executor-thread-870#
[RestartAppStep] Getting instances for application "RiskManagement-srv"...#
#2026 09 16 12:30:05.513#Z#DEBUG#d27b103a-b1c5-11f1-bf33-eeee0a8e3dbc.OPERATION#flowable-async-job-executor-thread-870#
[RestartAppStep] Application "RiskManagement-srv": 0 of 1 instances running (1 starting)#
#2026 09 16 12:30:05.572#Z#DEBUG#d27b103a-b1c5-11f1-bf33-eeee0a8e3dbc.OPERATION#flowable-async-job-executor-thread-870#
Step "Start App" finished#
#2026 09 16 12:30:15.477#Z#DEBUG#d27b103a-b1c5-11f1-bf33-eeee0a8e3dbc.OPERATION#flowable-async-job-executor-thread-843#
[RestartAppStep] Executing task "startAppTask" of process "58c45d4f-b1ca-11f1-a500-eeee0a95de73"...#
#2026 09 16 12:30:15.480#Z#DEBUG#d27b103a-b1c5-11f1-bf33-eeee0a8e3dbc.OPERATION#flowable-async-job-executor-thread-843#
[RestartAppStep] Application start timeout is default one: 3,600 seconds#
#2026 09 16 12:30:15.481#Z#DEBUG#d27b103a-b1c5-11f1-bf33-eeee0a8e3dbc.OPERATION#flowable-async-job-executor-thread-843#
[RestartAppStep] Checking status of application "RiskManagement-srv"...#
#2026 09 16 12:30:15.482#Z#DEBUG#d27b103a-b1c5-11f1-bf33-eeee0a8e3dbc.OPERATION#flowable-async-job-executor-thread-843#
[RestartAppStep] Getting instances for application "RiskManagement-srv"...#
#2026 09 16 12:30:15.522#Z#DEBUG#d27b103a-b1c5-11f1-bf33-eeee0a8e3dbc.OPERATION#flowable-async-job-executor-thread-843#
[RestartAppStep] Application "RiskManagement-srv": 0 of 1 instances running (1 starting)#
#2026 09 16 12:30:15.583#Z#DEBUG#d27b103a-b1c5-11f1-bf33-eeee0a8e3dbc.OPERATION#flowable-async-job-executor-thread-843#
Step "Start App" finished#
#2026 09 16 12:30:25.485#Z#DEBUG#d27b103a-b1c5-11f1-bf33-eeee0a8e3dbc.OPERATION#flowable-async-job-executor-thread-852#
[RestartAppStep] Executing task "startAppTask" of process "5eb8b798-b1ca-11f1-a00b-eeee0a8732c7"...#
#2026 09 16 12:30:25.487#Z#DEBUG#d27b103a-b1c5-11f1-bf33-eeee0a8e3dbc.OPERATION#flowable-async-job-executor-thread-852#
[RestartAppStep] Application start timeout is default one: 3,600 seconds#
#2026 09 16 12:30:25.488#Z#DEBUG#d27b103a-b1c5-11f1-bf33-eeee0a8e3dbc.OPERATION#flowable-async-job-executor-thread-852#
[RestartAppStep] Checking status of application "RiskManagement-srv"...#
#2026 09 16 12:30:25.489#Z#DEBUG#d27b103a-b1c5-11f1-bf33-eeee0a8e3dbc.OPERATION#flowable-async-job-executor-thread-852#
[RestartAppStep] Getting instances for application "RiskManagement-srv"...#
#2026 09 16 12:30:25.521#Z#DEBUG#d27b103a-b1c5-11f1-bf33-eeee0a8e3dbc.OPERATION#flowable-async-job-executor-thread-852#
[RestartAppStep] Application "RiskManagement-srv": 0 of 1 instances running (1 crashed)#
#2026 09 16 12:30:25.544#Z#ERROR#d27b103a-b1c5-11f1-bf33-eeee0a8e3dbc.OPERATION#flowable-async-job-executor-thread-852#
[RestartAppStep] Error starting application "RiskManagement-srv": Some instances have crashed. Check the application logs of your application for details.#
#2026 09 16 12:30:25.549#Z#INFO#d27b103a-b1c5-11f1-bf33-eeee0a8e3dbc.OPERATION#flowable-async-job-executor-thread-852#
[RestartAppStep] Download the MTA operation logs for more details.#
#2026 09 16 12:30:25.553#Z#DEBUG#d27b103a-b1c5-11f1-bf33-eeee0a8e3dbc.OPERATION#flowable-async-job-executor-thread-852#
Step "Start App" finished#
#2026 09 16 12:30:28.309#Z#DEBUG#d27b103a-b1c5-11f1-bf33-eeee0a8e3dbc.OPERATION#flowable-async-job-executor-thread-892#
[RestartAppStep] Executing task "startAppTask" of process "5eb8b798-b1ca-11f1-a00b-eeee0a8732c7"...#
#2026 09 16 12:30:28.315#Z#DEBUG#d27b103a-b1c5-11f1-bf33-eeee0a8e3dbc.OPERATION#flowable-async-job-executor-thread-892#
[RestartAppStep] Application start timeout is default one: 3,600 seconds#
#2026 09 16 12:30:28.325#Z#DEBUG#d27b103a-b1c5-11f1-bf33-eeee0a8e3dbc.OPERATION#flowable-async-job-executor-thread-892#
[RestartAppStep] Getting application "RiskManagement-srv"...#
#2026 09 16 12:30:28.356#Z#INFO#d27b103a-b1c5-11f1-bf33-eeee0a8e3dbc.OPERATION#flowable-async-job-executor-thread-892#
[RestartAppStep] Stopping application "RiskManagement-srv"...#
#2026 09 16 12:30:28.362#Z#DEBUG#d27b103a-b1c5-11f1-bf33-eeee0a8e3dbc.OPERATION#flowable-async-job-executor-thread-892#
[RestartAppStep] Stopping application "RiskManagement-srv"...#
#2026 09 16 12:30:28.494#Z#INFO#d27b103a-b1c5-11f1-bf33-eeee0a8e3dbc.OPERATION#flowable-async-job-executor-thread-892#
[RestartAppStep] Starting application "RiskManagement-srv"...#
#2026 09 16 12:30:28.498#Z#DEBUG#d27b103a-b1c5-11f1-bf33-eeee0a8e3dbc.OPERATION#flowable-async-job-executor-thread-892#
[RestartAppStep] Starting application "RiskManagement-srv"...#
#2026 09 16 12:30:28.734#Z#DEBUG#d27b103a-b1c5-11f1-bf33-eeee0a8e3dbc.OPERATION#flowable-async-job-executor-thread-892#
Step "Start App" finished#
#2026 09 16 12:30:35.545#Z#DEBUG#d27b103a-b1c5-11f1-bf33-eeee0a8e3dbc.OPERATION#flowable-async-job-executor-thread-2714#
[RestartAppStep] Executing task "startAppTask" of process "668f3f1e-b1ca-11f1-a500-eeee0a95de73"...#
#2026 09 16 12:30:35.547#Z#DEBUG#d27b103a-b1c5-11f1-bf33-eeee0a8e3dbc.OPERATION#flowable-async-job-executor-thread-2714#
[RestartAppStep] Application start timeout is default one: 3,600 seconds#
#2026 09 16 12:30:35.630#Z#DEBUG#d27b103a-b1c5-11f1-bf33-eeee0a8e3dbc.OPERATION#flowable-async-job-executor-thread-2714#
[RestartAppStep] Checking status of application "RiskManagement-srv"...#
#2026 09 16 12:30:35.631#Z#DEBUG#d27b103a-b1c5-11f1-bf33-eeee0a8e3dbc.OPERATION#flowable-async-job-executor-thread-2714#
[RestartAppStep] Getting instances for application "RiskManagement-srv"...#
#2026 09 16 12:30:35.683#Z#DEBUG#d27b103a-b1c5-11f1-bf33-eeee0a8e3dbc.OPERATION#flowable-async-job-executor-thread-2714#
[RestartAppStep] Application "RiskManagement-srv": 0 of 1 instances running (1 starting)#
#2026 09 16 12:30:35.747#Z#DEBUG#d27b103a-b1c5-11f1-bf33-eeee0a8e3dbc.OPERATION#flowable-async-job-executor-thread-2714#
Step "Start App" finished#
#2026 09 16 12:30:45.663#Z#DEBUG#d27b103a-b1c5-11f1-bf33-eeee0a8e3dbc.OPERATION#flowable-async-job-executor-thread-906#
[RestartAppStep] Executing task "startAppTask" of process "6abda77d-b1ca-11f1-8e4f-eeee0a9e667e"...#
#2026 09 16 12:30:45.665#Z#DEBUG#d27b103a-b1c5-11f1-bf33-eeee0a8e3dbc.OPERATION#flowable-async-job-executor-thread-906#
[RestartAppStep] Application start timeout is default one: 3,600 seconds#
#2026 09 16 12:30:45.667#Z#DEBUG#d27b103a-b1c5-11f1-bf33-eeee0a8e3dbc.OPERATION#flowable-async-job-executor-thread-906#
[RestartAppStep] Checking status of application "RiskManagement-srv"...#
#2026 09 16 12:30:45.667#Z#DEBUG#d27b103a-b1c5-11f1-bf33-eeee0a8e3dbc.OPERATION#flowable-async-job-executor-thread-906#
[RestartAppStep] Getting instances for application "RiskManagement-srv"...#
#2026 09 16 12:30:45.707#Z#DEBUG#d27b103a-b1c5-11f1-bf33-eeee0a8e3dbc.OPERATION#flowable-async-job-executor-thread-906#
[RestartAppStep] Application "RiskManagement-srv": 0 of 1 instances running (1 starting)#
#2026 09 16 12:30:45.771#Z#DEBUG#d27b103a-b1c5-11f1-bf33-eeee0a8e3dbc.OPERATION#flowable-async-job-executor-thread-906#
Step "Start App" finished#
#2026 09 16 12:30:55.656#Z#DEBUG#d27b103a-b1c5-11f1-bf33-eeee0a8e3dbc.OPERATION#flowable-async-job-executor-thread-2732#
[RestartAppStep] Executing task "startAppTask" of process "70b6e2ed-b1ca-11f1-a500-eeee0a95de73"...#
#2026 09 16 12:30:55.658#Z#DEBUG#d27b103a-b1c5-11f1-bf33-eeee0a8e3dbc.OPERATION#flowable-async-job-executor-thread-2732#
[RestartAppStep] Application start timeout is default one: 3,600 seconds#
#2026 09 16 12:30:55.659#Z#DEBUG#d27b103a-b1c5-11f1-bf33-eeee0a8e3dbc.OPERATION#flowable-async-job-executor-thread-2732#
[RestartAppStep] Checking status of application "RiskManagement-srv"...#
#2026 09 16 12:30:55.660#Z#DEBUG#d27b103a-b1c5-11f1-bf33-eeee0a8e3dbc.OPERATION#flowable-async-job-executor-thread-2732#
[RestartAppStep] Getting instances for application "RiskManagement-srv"...#
#2026 09 16 12:30:55.697#Z#DEBUG#d27b103a-b1c5-11f1-bf33-eeee0a8e3dbc.OPERATION#flowable-async-job-executor-thread-2732#
[RestartAppStep] Application "RiskManagement-srv": 0 of 1 instances running (1 starting)#
#2026 09 16 12:30:55.729#Z#DEBUG#d27b103a-b1c5-11f1-bf33-eeee0a8e3dbc.OPERATION#flowable-async-job-executor-thread-2732#
Step "Start App" finished#
#2026 09 16 12:31:05.768#Z#DEBUG#d27b103a-b1c5-11f1-bf33-eeee0a8e3dbc.OPERATION#flowable-async-job-executor-thread-873#
[RestartAppStep] Executing task "startAppTask" of process "76a63491-b1ca-11f1-8e4f-eeee0a9e667e"...#
#2026 09 16 12:31:05.772#Z#DEBUG#d27b103a-b1c5-11f1-bf33-eeee0a8e3dbc.OPERATION#flowable-async-job-executor-thread-873#
[RestartAppStep] Application start timeout is default one: 3,600 seconds#
#2026 09 16 12:31:05.833#Z#DEBUG#d27b103a-b1c5-11f1-bf33-eeee0a8e3dbc.OPERATION#flowable-async-job-executor-thread-873#
[RestartAppStep] Checking status of application "RiskManagement-srv"...#
#2026 09 16 12:31:05.834#Z#DEBUG#d27b103a-b1c5-11f1-bf33-eeee0a8e3dbc.OPERATION#flowable-async-job-executor-thread-873#
[RestartAppStep] Getting instances for application "RiskManagement-srv"...#
#2026 09 16 12:31:05.888#Z#DEBUG#d27b103a-b1c5-11f1-bf33-eeee0a8e3dbc.OPERATION#flowable-async-job-executor-thread-873#
[RestartAppStep] Application "RiskManagement-srv": 0 of 1 instances running (1 starting)#
#2026 09 16 12:31:05.918#Z#DEBUG#d27b103a-b1c5-11f1-bf33-eeee0a8e3dbc.OPERATION#flowable-async-job-executor-thread-873#
Step "Start App" finished#
#2026 09 16 12:31:15.805#Z#DEBUG#d27b103a-b1c5-11f1-bf33-eeee0a8e3dbc.OPERATION#flowable-async-job-executor-thread-877#
[RestartAppStep] Executing task "startAppTask" of process "7cb93add-b1ca-11f1-a00b-eeee0a8732c7"...#
#2026 09 16 12:31:15.807#Z#DEBUG#d27b103a-b1c5-11f1-bf33-eeee0a8e3dbc.OPERATION#flowable-async-job-executor-thread-877#
[RestartAppStep] Application start timeout is default one: 3,600 seconds#
#2026 09 16 12:31:15.808#Z#DEBUG#d27b103a-b1c5-11f1-bf33-eeee0a8e3dbc.OPERATION#flowable-async-job-executor-thread-877#
[RestartAppStep] Checking status of application "RiskManagement-srv"...#
#2026 09 16 12:31:15.809#Z#DEBUG#d27b103a-b1c5-11f1-bf33-eeee0a8e3dbc.OPERATION#flowable-async-job-executor-thread-877#
[RestartAppStep] Getting instances for application "RiskManagement-srv"...#
#2026 09 16 12:31:15.864#Z#DEBUG#d27b103a-b1c5-11f1-bf33-eeee0a8e3dbc.OPERATION#flowable-async-job-executor-thread-877#
[RestartAppStep] Application "RiskManagement-srv": 0 of 1 instances running (1 crashed)#
#2026 09 16 12:31:15.900#Z#ERROR#d27b103a-b1c5-11f1-bf33-eeee0a8e3dbc.OPERATION#flowable-async-job-executor-thread-877#
[RestartAppStep] Error starting application "RiskManagement-srv": Some instances have crashed. Check the application logs of your application for details.#
#2026 09 16 12:31:15.903#Z#INFO#d27b103a-b1c5-11f1-bf33-eeee0a8e3dbc.OPERATION#flowable-async-job-executor-thread-877#
[RestartAppStep] Download the MTA operation logs for more details.#
#2026 09 16 12:31:15.907#Z#DEBUG#d27b103a-b1c5-11f1-bf33-eeee0a8e3dbc.OPERATION#flowable-async-job-executor-thread-877#
Step "Start App" finished#
