#2026 09 16 11:58:38.728#Z#DEBUG#d27b103a-b1c5-11f1-bf33-eeee0a8e3dbc.RiskManagement-srv#flowable-async-job-executor-thread-1496#
[PollStageAppStatusExecution] 43ad4e59-2e0c-4995-adf4-ca00afbfb842 [2026-09-16T11:57:59.867251] Added process: "web" (STDOUT, API)#
#2026 09 16 11:58:38.728#Z#DEBUG#d27b103a-b1c5-11f1-bf33-eeee0a8e3dbc.RiskManagement-srv#flowable-async-job-executor-thread-1496#
[PollStageAppStatusExecution] 43ad4e59-2e0c-4995-adf4-ca00afbfb842 [2026-09-16T11:57:59.873445] Created app with guid 43ad4e59-2e0c-4995-adf4-ca00afbfb842 (STDOUT, API)#
#2026 09 16 11:58:38.728#Z#DEBUG#d27b103a-b1c5-11f1-bf33-eeee0a8e3dbc.RiskManagement-srv#flowable-async-job-executor-thread-1496#
[PollStageAppStatusExecution] 43ad4e59-2e0c-4995-adf4-ca00afbfb842 [2026-09-16T11:57:59.964615] Updating process: "web" (STDOUT, API)#
#2026 09 16 11:58:38.728#Z#DEBUG#d27b103a-b1c5-11f1-bf33-eeee0a8e3dbc.RiskManagement-srv#flowable-async-job-executor-thread-1496#
[PollStageAppStatusExecution] 43ad4e59-2e0c-4995-adf4-ca00afbfb842 [2026-09-16T11:58:00.042614] Scaling process: "web" (STDOUT, API)#
#2026 09 16 11:58:38.728#Z#DEBUG#d27b103a-b1c5-11f1-bf33-eeee0a8e3dbc.RiskManagement-srv#flowable-async-job-executor-thread-1496#
[PollStageAppStatusExecution] 43ad4e59-2e0c-4995-adf4-ca00afbfb842 [2026-09-16T11:58:18.784692] Uploading app package for app with guid 43ad4e59-2e0c-4995-adf4-ca00afbfb842 (STDOUT, API)#
#2026 09 16 11:58:38.728#Z#DEBUG#d27b103a-b1c5-11f1-bf33-eeee0a8e3dbc.RiskManagement-srv#flowable-async-job-executor-thread-1496#
[PollStageAppStatusExecution] 43ad4e59-2e0c-4995-adf4-ca00afbfb842 [2026-09-16T11:58:18.983520] Updated app with guid 43ad4e59-2e0c-4995-adf4-ca00afbfb842 ({"environment_variables"=>"[PRIVATE DATA HIDDEN]"}) (STDOUT, API)#
#2026 09 16 11:58:38.728#Z#DEBUG#d27b103a-b1c5-11f1-bf33-eeee0a8e3dbc.RiskManagement-srv#flowable-async-job-executor-thread-1496#
[PollStageAppStatusExecution] 43ad4e59-2e0c-4995-adf4-ca00afbfb842 [2026-09-16T11:58:29.040938] Creating build for app with guid 43ad4e59-2e0c-4995-adf4-ca00afbfb842 (STDOUT, API)#
#2026 09 16 11:58:38.728#Z#DEBUG#d27b103a-b1c5-11f1-bf33-eeee0a8e3dbc.RiskManagement-srv#flowable-async-job-executor-thread-1496#
[PollStageAppStatusExecution] 43ad4e59-2e0c-4995-adf4-ca00afbfb842 [2026-09-16T11:58:29.432479] Downloading nodejs_buildpack... (STDOUT, STG)#
#2026 09 16 11:58:38.728#Z#DEBUG#d27b103a-b1c5-11f1-bf33-eeee0a8e3dbc.RiskManagement-srv#flowable-async-job-executor-thread-1496#
[PollStageAppStatusExecution] 43ad4e59-2e0c-4995-adf4-ca00afbfb842 [2026-09-16T11:58:29.469447] Downloaded nodejs_buildpack (STDOUT, STG)#
#2026 09 16 11:58:38.728#Z#DEBUG#d27b103a-b1c5-11f1-bf33-eeee0a8e3dbc.RiskManagement-srv#flowable-async-job-executor-thread-1496#
[PollStageAppStatusExecution] 43ad4e59-2e0c-4995-adf4-ca00afbfb842 [2026-09-16T11:58:29.469546] Cell c839c7b1-088e-41af-b9b7-66256aacd457 creating container for instance 149a00ac-4140-4fce-becd-1d28c53fda60 (STDOUT, STG)#
#2026 09 16 11:58:38.728#Z#DEBUG#d27b103a-b1c5-11f1-bf33-eeee0a8e3dbc.RiskManagement-srv#flowable-async-job-executor-thread-1496#
[PollStageAppStatusExecution] 43ad4e59-2e0c-4995-adf4-ca00afbfb842 [2026-09-16T11:58:30.245992] Security group rules were updated (STDOUT, STG)#
#2026 09 16 11:58:38.728#Z#DEBUG#d27b103a-b1c5-11f1-bf33-eeee0a8e3dbc.RiskManagement-srv#flowable-async-job-executor-thread-1496#
[PollStageAppStatusExecution] 43ad4e59-2e0c-4995-adf4-ca00afbfb842 [2026-09-16T11:58:30.345819] Cell c839c7b1-088e-41af-b9b7-66256aacd457 successfully created container for instance 149a00ac-4140-4fce-becd-1d28c53fda60 (STDOUT, STG)#
#2026 09 16 11:58:38.728#Z#DEBUG#d27b103a-b1c5-11f1-bf33-eeee0a8e3dbc.RiskManagement-srv#flowable-async-job-executor-thread-1496#
[PollStageAppStatusExecution] 43ad4e59-2e0c-4995-adf4-ca00afbfb842 [2026-09-16T11:58:30.712034] Downloading app package... (STDOUT, STG)#
#2026 09 16 11:58:38.728#Z#DEBUG#d27b103a-b1c5-11f1-bf33-eeee0a8e3dbc.RiskManagement-srv#flowable-async-job-executor-thread-1496#
[PollStageAppStatusExecution] 43ad4e59-2e0c-4995-adf4-ca00afbfb842 [2026-09-16T11:58:31.521207] Downloaded app package (6.3M) (STDOUT, STG)#
#2026 09 16 11:58:38.728#Z#DEBUG#d27b103a-b1c5-11f1-bf33-eeee0a8e3dbc.RiskManagement-srv#flowable-async-job-executor-thread-1496#
[PollStageAppStatusExecution] 43ad4e59-2e0c-4995-adf4-ca00afbfb842 [2026-09-16T11:58:31.638732] -----> Nodejs Buildpack version 1.9.3 (STDOUT, STG)#
#2026 09 16 11:58:38.728#Z#DEBUG#d27b103a-b1c5-11f1-bf33-eeee0a8e3dbc.RiskManagement-srv#flowable-async-job-executor-thread-1496#
[PollStageAppStatusExecution] 43ad4e59-2e0c-4995-adf4-ca00afbfb842 [2026-09-16T11:58:31.984977] -----> Bootstrapping python (STDOUT, STG)#
#2026 09 16 11:58:38.728#Z#DEBUG#d27b103a-b1c5-11f1-bf33-eeee0a8e3dbc.RiskManagement-srv#flowable-async-job-executor-thread-1496#
[PollStageAppStatusExecution] 43ad4e59-2e0c-4995-adf4-ca00afbfb842 [2026-09-16T11:58:31.985019] -----> Installing python 3.13.14 (STDOUT, STG)#
#2026 09 16 11:58:38.728#Z#DEBUG#d27b103a-b1c5-11f1-bf33-eeee0a8e3dbc.RiskManagement-srv#flowable-async-job-executor-thread-1496#
[PollStageAppStatusExecution] 43ad4e59-2e0c-4995-adf4-ca00afbfb842 [2026-09-16T11:58:31.985368] Copy [/tmp/buildpacks/336fb825d4d72bff/dependencies/4b4266a2ff36730aef37b88b668ca327/python_3.13.14_linux_x64_cflinuxfs4_b80d4954.tgz] (STDOUT, STG)#
#2026 09 16 11:58:38.728#Z#DEBUG#d27b103a-b1c5-11f1-bf33-eeee0a8e3dbc.RiskManagement-srv#flowable-async-job-executor-thread-1496#
[PollStageAppStatusExecution] 43ad4e59-2e0c-4995-adf4-ca00afbfb842 [2026-09-16T11:58:36.606013] -----> Installing binaries (STDOUT, STG)#
#2026 09 16 11:58:38.728#Z#DEBUG#d27b103a-b1c5-11f1-bf33-eeee0a8e3dbc.RiskManagement-srv#flowable-async-job-executor-thread-1496#
[PollStageAppStatusExecution] 43ad4e59-2e0c-4995-adf4-ca00afbfb842 [2026-09-16T11:58:36.606387] engines.node (package.json): ^24 (STDOUT, STG)#
#2026 09 16 11:58:38.728#Z#DEBUG#d27b103a-b1c5-11f1-bf33-eeee0a8e3dbc.RiskManagement-srv#flowable-async-job-executor-thread-1496#
[PollStageAppStatusExecution] 43ad4e59-2e0c-4995-adf4-ca00afbfb842 [2026-09-16T11:58:36.606404] engines.npm (package.json): unspecified (use default) (STDOUT, STG)#
#2026 09 16 11:58:38.728#Z#DEBUG#d27b103a-b1c5-11f1-bf33-eeee0a8e3dbc.RiskManagement-srv#flowable-async-job-executor-thread-1496#
[PollStageAppStatusExecution] 43ad4e59-2e0c-4995-adf4-ca00afbfb842 [2026-09-16T11:58:36.606509] -----> Installing node 24.18.0 (STDOUT, STG)#
#2026 09 16 11:58:38.728#Z#DEBUG#d27b103a-b1c5-11f1-bf33-eeee0a8e3dbc.RiskManagement-srv#flowable-async-job-executor-thread-1496#
[PollStageAppStatusExecution] 43ad4e59-2e0c-4995-adf4-ca00afbfb842 [2026-09-16T11:58:36.606868] Copy [/tmp/buildpacks/336fb825d4d72bff/dependencies/dffbbb835fcd073c4544f78eb6247fac/node_24.18.0_linux_x64_cflinuxfs4_cdfed650.tgz] (STDOUT, STG)#
#2026 09 16 11:58:49.563#Z#DEBUG#d27b103a-b1c5-11f1-bf33-eeee0a8e3dbc.RiskManagement-srv#flowable-async-job-executor-thread-1505#
[PollStageAppStatusExecution] 43ad4e59-2e0c-4995-adf4-ca00afbfb842 [2026-09-16T11:58:39.274624] Using default npm version: 11.16.0 (STDOUT, STG)#
#2026 09 16 11:58:49.563#Z#DEBUG#d27b103a-b1c5-11f1-bf33-eeee0a8e3dbc.RiskManagement-srv#flowable-async-job-executor-thread-1505#
[PollStageAppStatusExecution] 43ad4e59-2e0c-4995-adf4-ca00afbfb842 [2026-09-16T11:58:39.274661] -----> Installing yarn 1.22.22 (STDOUT, STG)#
#2026 09 16 11:58:49.563#Z#DEBUG#d27b103a-b1c5-11f1-bf33-eeee0a8e3dbc.RiskManagement-srv#flowable-async-job-executor-thread-1505#
[PollStageAppStatusExecution] 43ad4e59-2e0c-4995-adf4-ca00afbfb842 [2026-09-16T11:58:39.275172] Copy [/tmp/buildpacks/336fb825d4d72bff/dependencies/e4fe26756e9984a665478d350474fa2e/yarn_1.22.22_linux_noarch_any-stack_b6132b86.tgz] (STDOUT, STG)#
#2026 09 16 11:58:49.563#Z#DEBUG#d27b103a-b1c5-11f1-bf33-eeee0a8e3dbc.RiskManagement-srv#flowable-async-job-executor-thread-1505#
[PollStageAppStatusExecution] 43ad4e59-2e0c-4995-adf4-ca00afbfb842 [2026-09-16T11:58:39.667818] Installed yarn 1.22.22 (STDOUT, STG)#
#2026 09 16 11:58:49.563#Z#DEBUG#d27b103a-b1c5-11f1-bf33-eeee0a8e3dbc.RiskManagement-srv#flowable-async-job-executor-thread-1505#
[PollStageAppStatusExecution] 43ad4e59-2e0c-4995-adf4-ca00afbfb842 [2026-09-16T11:58:39.668115] -----> Creating runtime environment (STDOUT, STG)#
#2026 09 16 11:58:49.563#Z#DEBUG#d27b103a-b1c5-11f1-bf33-eeee0a8e3dbc.RiskManagement-srv#flowable-async-job-executor-thread-1505#
[PollStageAppStatusExecution] 43ad4e59-2e0c-4995-adf4-ca00afbfb842 [2026-09-16T11:58:39.670384] NODE_ENV=production (STDOUT, STG)#
#2026 09 16 11:58:49.563#Z#DEBUG#d27b103a-b1c5-11f1-bf33-eeee0a8e3dbc.RiskManagement-srv#flowable-async-job-executor-thread-1505#
[PollStageAppStatusExecution] 43ad4e59-2e0c-4995-adf4-ca00afbfb842 [2026-09-16T11:58:39.670415] NODE_HOME=/tmp/contents741619238/deps/0/node (STDOUT, STG)#
#2026 09 16 11:58:49.563#Z#DEBUG#d27b103a-b1c5-11f1-bf33-eeee0a8e3dbc.RiskManagement-srv#flowable-async-job-executor-thread-1505#
[PollStageAppStatusExecution] 43ad4e59-2e0c-4995-adf4-ca00afbfb842 [2026-09-16T11:58:39.670418] NODE_MODULES_CACHE=true (STDOUT, STG)#
#2026 09 16 11:58:49.563#Z#DEBUG#d27b103a-b1c5-11f1-bf33-eeee0a8e3dbc.RiskManagement-srv#flowable-async-job-executor-thread-1505#
[PollStageAppStatusExecution] 43ad4e59-2e0c-4995-adf4-ca00afbfb842 [2026-09-16T11:58:39.670421] NODE_VERBOSE=false (STDOUT, STG)#
#2026 09 16 11:58:49.563#Z#DEBUG#d27b103a-b1c5-11f1-bf33-eeee0a8e3dbc.RiskManagement-srv#flowable-async-job-executor-thread-1505#
[PollStageAppStatusExecution] 43ad4e59-2e0c-4995-adf4-ca00afbfb842 [2026-09-16T11:58:39.670428] NPM_CONFIG_LOGLEVEL=error (STDOUT, STG)#
#2026 09 16 11:58:49.563#Z#DEBUG#d27b103a-b1c5-11f1-bf33-eeee0a8e3dbc.RiskManagement-srv#flowable-async-job-executor-thread-1505#
[PollStageAppStatusExecution] 43ad4e59-2e0c-4995-adf4-ca00afbfb842 [2026-09-16T11:58:39.670443] NPM_CONFIG_PRODUCTION=true (STDOUT, STG)#
#2026 09 16 11:58:49.563#Z#DEBUG#d27b103a-b1c5-11f1-bf33-eeee0a8e3dbc.RiskManagement-srv#flowable-async-job-executor-thread-1505#
[PollStageAppStatusExecution] 43ad4e59-2e0c-4995-adf4-ca00afbfb842 [2026-09-16T11:58:39.670445] -----> Building dependencies (STDOUT, STG)#
#2026 09 16 11:58:49.563#Z#DEBUG#d27b103a-b1c5-11f1-bf33-eeee0a8e3dbc.RiskManagement-srv#flowable-async-job-executor-thread-1505#
[PollStageAppStatusExecution] 43ad4e59-2e0c-4995-adf4-ca00afbfb842 [2026-09-16T11:58:39.670448] Prebuild detected (node_modules already exists) (STDOUT, STG)#
#2026 09 16 11:58:49.563#Z#DEBUG#d27b103a-b1c5-11f1-bf33-eeee0a8e3dbc.RiskManagement-srv#flowable-async-job-executor-thread-1505#
[PollStageAppStatusExecution] 43ad4e59-2e0c-4995-adf4-ca00afbfb842 [2026-09-16T11:58:39.670586] Rebuilding any native modules (STDOUT, STG)#
#2026 09 16 11:58:49.563#Z#DEBUG#d27b103a-b1c5-11f1-bf33-eeee0a8e3dbc.RiskManagement-srv#flowable-async-job-executor-thread-1505#
[PollStageAppStatusExecution] 43ad4e59-2e0c-4995-adf4-ca00afbfb842 [2026-09-16T11:58:40.498216] rebuilt dependencies successfully (STDOUT, STG)#
#2026 09 16 11:58:49.563#Z#DEBUG#d27b103a-b1c5-11f1-bf33-eeee0a8e3dbc.RiskManagement-srv#flowable-async-job-executor-thread-1505#
[PollStageAppStatusExecution] 43ad4e59-2e0c-4995-adf4-ca00afbfb842 [2026-09-16T11:58:40.499993] npm notice (STDOUT, STG)#
#2026 09 16 11:58:49.563#Z#DEBUG#d27b103a-b1c5-11f1-bf33-eeee0a8e3dbc.RiskManagement-srv#flowable-async-job-executor-thread-1505#
[PollStageAppStatusExecution] 43ad4e59-2e0c-4995-adf4-ca00afbfb842 [2026-09-16T11:58:40.500025] npm notice New major version of npm available! 11.16.0 -> 12.0.2 (STDOUT, STG)#
#2026 09 16 11:58:49.563#Z#DEBUG#d27b103a-b1c5-11f1-bf33-eeee0a8e3dbc.RiskManagement-srv#flowable-async-job-executor-thread-1505#
[PollStageAppStatusExecution] 43ad4e59-2e0c-4995-adf4-ca00afbfb842 [2026-09-16T11:58:40.500032] npm notice Changelog: https://github.com/npm/cli/releases/tag/v12.0.2 (STDOUT, STG)#
#2026 09 16 11:58:49.563#Z#DEBUG#d27b103a-b1c5-11f1-bf33-eeee0a8e3dbc.RiskManagement-srv#flowable-async-job-executor-thread-1505#
[PollStageAppStatusExecution] 43ad4e59-2e0c-4995-adf4-ca00afbfb842 [2026-09-16T11:58:40.500035] npm notice To update run: npm install -g npm@12.0.2 (STDOUT, STG)#
#2026 09 16 11:58:49.563#Z#DEBUG#d27b103a-b1c5-11f1-bf33-eeee0a8e3dbc.RiskManagement-srv#flowable-async-job-executor-thread-1505#
[PollStageAppStatusExecution] 43ad4e59-2e0c-4995-adf4-ca00afbfb842 [2026-09-16T11:58:40.500038] npm notice (STDOUT, STG)#
#2026 09 16 11:58:49.563#Z#DEBUG#d27b103a-b1c5-11f1-bf33-eeee0a8e3dbc.RiskManagement-srv#flowable-async-job-executor-thread-1505#
[PollStageAppStatusExecution] 43ad4e59-2e0c-4995-adf4-ca00afbfb842 [2026-09-16T11:58:40.577001] Installing any new modules (package.json + package-lock.json) (STDOUT, STG)#
#2026 09 16 11:58:49.563#Z#DEBUG#d27b103a-b1c5-11f1-bf33-eeee0a8e3dbc.RiskManagement-srv#flowable-async-job-executor-thread-1505#
[PollStageAppStatusExecution] 43ad4e59-2e0c-4995-adf4-ca00afbfb842 [2026-09-16T11:58:41.432258] up to date in 757ms (STDOUT, STG)#
#2026 09 16 11:58:49.563#Z#DEBUG#d27b103a-b1c5-11f1-bf33-eeee0a8e3dbc.RiskManagement-srv#flowable-async-job-executor-thread-1505#
[PollStageAppStatusExecution] 43ad4e59-2e0c-4995-adf4-ca00afbfb842 [2026-09-16T11:58:41.432338] 35 packages are looking for funding (STDOUT, STG)#
#2026 09 16 11:58:49.563#Z#DEBUG#d27b103a-b1c5-11f1-bf33-eeee0a8e3dbc.RiskManagement-srv#flowable-async-job-executor-thread-1505#
[PollStageAppStatusExecution] 43ad4e59-2e0c-4995-adf4-ca00afbfb842 [2026-09-16T11:58:41.432358] run `npm fund` for details (STDOUT, STG)#
#2026 09 16 11:58:49.563#Z#DEBUG#d27b103a-b1c5-11f1-bf33-eeee0a8e3dbc.RiskManagement-srv#flowable-async-job-executor-thread-1505#
[PollStageAppStatusExecution] 43ad4e59-2e0c-4995-adf4-ca00afbfb842 [2026-09-16T11:58:42.547002] Contrast Security no credentials found. Will not write environment files. (STDOUT, STG)#
#2026 09 16 11:58:59.600#Z#DEBUG#d27b103a-b1c5-11f1-bf33-eeee0a8e3dbc.RiskManagement-srv#flowable-async-job-executor-thread-1525#
[PollStageAppStatusExecution] 43ad4e59-2e0c-4995-adf4-ca00afbfb842 [2026-09-16T11:58:52.668794] Exit status 0 (STDOUT, STG)#
#2026 09 16 11:58:59.600#Z#DEBUG#d27b103a-b1c5-11f1-bf33-eeee0a8e3dbc.RiskManagement-srv#flowable-async-job-executor-thread-1525#
[PollStageAppStatusExecution] 43ad4e59-2e0c-4995-adf4-ca00afbfb842 [2026-09-16T11:58:52.668882] Uploading droplet, build artifacts cache... (STDOUT, STG)#
#2026 09 16 11:58:59.600#Z#DEBUG#d27b103a-b1c5-11f1-bf33-eeee0a8e3dbc.RiskManagement-srv#flowable-async-job-executor-thread-1525#
[PollStageAppStatusExecution] 43ad4e59-2e0c-4995-adf4-ca00afbfb842 [2026-09-16T11:58:52.668941] Uploading droplet... (STDOUT, STG)#
#2026 09 16 11:58:59.600#Z#DEBUG#d27b103a-b1c5-11f1-bf33-eeee0a8e3dbc.RiskManagement-srv#flowable-async-job-executor-thread-1525#
[PollStageAppStatusExecution] 43ad4e59-2e0c-4995-adf4-ca00afbfb842 [2026-09-16T11:58:52.669038] Uploading build artifacts cache... (STDOUT, STG)#
#2026 09 16 11:58:59.600#Z#DEBUG#d27b103a-b1c5-11f1-bf33-eeee0a8e3dbc.RiskManagement-srv#flowable-async-job-executor-thread-1525#
[PollStageAppStatusExecution] 43ad4e59-2e0c-4995-adf4-ca00afbfb842 [2026-09-16T11:58:52.704057] Uploaded build artifacts cache (216B) (STDOUT, STG)#
#2026 09 16 11:58:59.600#Z#DEBUG#d27b103a-b1c5-11f1-bf33-eeee0a8e3dbc.RiskManagement-srv#flowable-async-job-executor-thread-1525#
[PollStageAppStatusExecution] 43ad4e59-2e0c-4995-adf4-ca00afbfb842 [2026-09-16T11:58:53.422126] Creating droplet for app with guid 43ad4e59-2e0c-4995-adf4-ca00afbfb842 (STDOUT, API)#
#2026 09 16 11:58:59.600#Z#DEBUG#d27b103a-b1c5-11f1-bf33-eeee0a8e3dbc.RiskManagement-srv#flowable-async-job-executor-thread-1525#
[PollStageAppStatusExecution] 43ad4e59-2e0c-4995-adf4-ca00afbfb842 [2026-09-16T11:58:55.492739] Uploaded droplet (62.1M) (STDOUT, STG)#
#2026 09 16 11:58:59.600#Z#DEBUG#d27b103a-b1c5-11f1-bf33-eeee0a8e3dbc.RiskManagement-srv#flowable-async-job-executor-thread-1525#
[PollStageAppStatusExecution] 43ad4e59-2e0c-4995-adf4-ca00afbfb842 [2026-09-16T11:58:55.515603] Uploading complete (STDOUT, STG)#
#2026 09 16 11:58:59.600#Z#DEBUG#d27b103a-b1c5-11f1-bf33-eeee0a8e3dbc.RiskManagement-srv#flowable-async-job-executor-thread-1525#
[PollStageAppStatusExecution] 43ad4e59-2e0c-4995-adf4-ca00afbfb842 [2026-09-16T11:58:56.769860] Cell c839c7b1-088e-41af-b9b7-66256aacd457 stopping instance 149a00ac-4140-4fce-becd-1d28c53fda60 (STDOUT, STG)#
#2026 09 16 11:58:59.600#Z#DEBUG#d27b103a-b1c5-11f1-bf33-eeee0a8e3dbc.RiskManagement-srv#flowable-async-job-executor-thread-1525#
[PollStageAppStatusExecution] 43ad4e59-2e0c-4995-adf4-ca00afbfb842 [2026-09-16T11:58:56.769914] Cell c839c7b1-088e-41af-b9b7-66256aacd457 destroying container for instance 149a00ac-4140-4fce-becd-1d28c53fda60 (STDOUT, STG)#
#2026 09 16 11:58:59.600#Z#DEBUG#d27b103a-b1c5-11f1-bf33-eeee0a8e3dbc.RiskManagement-srv#flowable-async-job-executor-thread-1525#
[PollStageAppStatusExecution] 43ad4e59-2e0c-4995-adf4-ca00afbfb842 [2026-09-16T11:58:56.825683] Staging complete for build 149a00ac-4140-4fce-becd-1d28c53fda60 (STDOUT, API)#
#2026 09 16 11:58:59.600#Z#DEBUG#d27b103a-b1c5-11f1-bf33-eeee0a8e3dbc.RiskManagement-srv#flowable-async-job-executor-thread-1525#
[PollStageAppStatusExecution] 43ad4e59-2e0c-4995-adf4-ca00afbfb842 [2026-09-16T11:58:59.320435] Cell c839c7b1-088e-41af-b9b7-66256aacd457 successfully destroyed container for instance 149a00ac-4140-4fce-becd-1d28c53fda60 (STDOUT, STG)#
#2026 09 16 11:59:09.687#Z#DEBUG#d27b103a-b1c5-11f1-bf33-eeee0a8e3dbc.RiskManagement-srv#flowable-async-job-executor-thread-1531#
[PollStartAppStatusExecution] 43ad4e59-2e0c-4995-adf4-ca00afbfb842 [2026-09-16T11:58:59.686143] Updated app with guid 43ad4e59-2e0c-4995-adf4-ca00afbfb842 ({:droplet_guid=>"7ab51ed8-a94d-4133-85dc-d17e6b0d3e10"}) (STDOUT, API)#
#2026 09 16 11:59:09.687#Z#DEBUG#d27b103a-b1c5-11f1-bf33-eeee0a8e3dbc.RiskManagement-srv#flowable-async-job-executor-thread-1531#
[PollStartAppStatusExecution] 43ad4e59-2e0c-4995-adf4-ca00afbfb842 [2026-09-16T11:58:59.845050] Creating revision for app with guid 43ad4e59-2e0c-4995-adf4-ca00afbfb842 (STDOUT, API)#
#2026 09 16 11:59:09.687#Z#DEBUG#d27b103a-b1c5-11f1-bf33-eeee0a8e3dbc.RiskManagement-srv#flowable-async-job-executor-thread-1531#
[PollStartAppStatusExecution] 43ad4e59-2e0c-4995-adf4-ca00afbfb842 [2026-09-16T11:58:59.878834] Starting app with guid 43ad4e59-2e0c-4995-adf4-ca00afbfb842 (STDOUT, API)#
#2026 09 16 11:59:09.687#Z#DEBUG#d27b103a-b1c5-11f1-bf33-eeee0a8e3dbc.RiskManagement-srv#flowable-async-job-executor-thread-1531#
[PollStartAppStatusExecution] 43ad4e59-2e0c-4995-adf4-ca00afbfb842 [2026-09-16T11:59:00.132915] Cell 77283d80-dfa7-40ba-ba4e-265aef112085 creating container for instance 2b53a2dd-4afe-47c4-6b12-31c0 (STDOUT, CELL)#
#2026 09 16 11:59:09.687#Z#DEBUG#d27b103a-b1c5-11f1-bf33-eeee0a8e3dbc.RiskManagement-srv#flowable-async-job-executor-thread-1531#
[PollStartAppStatusExecution] 43ad4e59-2e0c-4995-adf4-ca00afbfb842 [2026-09-16T11:59:01.080005] Security group rules were updated (STDOUT, CELL)#
#2026 09 16 11:59:09.687#Z#DEBUG#d27b103a-b1c5-11f1-bf33-eeee0a8e3dbc.RiskManagement-srv#flowable-async-job-executor-thread-1531#
[PollStartAppStatusExecution] 43ad4e59-2e0c-4995-adf4-ca00afbfb842 [2026-09-16T11:59:01.181635] Cell 77283d80-dfa7-40ba-ba4e-265aef112085 successfully created container for instance 2b53a2dd-4afe-47c4-6b12-31c0 (STDOUT, CELL)#
#2026 09 16 11:59:09.687#Z#DEBUG#d27b103a-b1c5-11f1-bf33-eeee0a8e3dbc.RiskManagement-srv#flowable-async-job-executor-thread-1531#
[PollStartAppStatusExecution] 43ad4e59-2e0c-4995-adf4-ca00afbfb842 [2026-09-16T11:59:01.934216] Downloading droplet... (STDOUT, CELL)#
#2026 09 16 11:59:09.687#Z#DEBUG#d27b103a-b1c5-11f1-bf33-eeee0a8e3dbc.RiskManagement-srv#flowable-async-job-executor-thread-1531#
[PollStartAppStatusExecution] 43ad4e59-2e0c-4995-adf4-ca00afbfb842 [2026-09-16T11:59:06.265073] Downloaded droplet (62.1M) (STDOUT, CELL)#
#2026 09 16 11:59:09.687#Z#DEBUG#d27b103a-b1c5-11f1-bf33-eeee0a8e3dbc.RiskManagement-srv#flowable-async-job-executor-thread-1531#
[PollStartAppStatusExecution] 43ad4e59-2e0c-4995-adf4-ca00afbfb842 [2026-09-16T11:59:06.265891] Starting health monitoring of container (STDOUT, CELL)#
#2026 09 16 11:59:09.687#Z#DEBUG#d27b103a-b1c5-11f1-bf33-eeee0a8e3dbc.RiskManagement-srv#flowable-async-job-executor-thread-1531#
[PollStartAppStatusExecution] 43ad4e59-2e0c-4995-adf4-ca00afbfb842 [2026-09-16T11:59:06.407414] Invoking pre-start scripts. (STDOUT, APP/PROC/WEB)#
#2026 09 16 11:59:09.687#Z#DEBUG#d27b103a-b1c5-11f1-bf33-eeee0a8e3dbc.RiskManagement-srv#flowable-async-job-executor-thread-1531#
[PollStartAppStatusExecution] 43ad4e59-2e0c-4995-adf4-ca00afbfb842 [2026-09-16T11:59:06.671535] Invoking start command. (STDOUT, APP/PROC/WEB)#
#2026 09 16 11:59:09.687#Z#DEBUG#d27b103a-b1c5-11f1-bf33-eeee0a8e3dbc.RiskManagement-srv#flowable-async-job-executor-thread-1531#
[PollStartAppStatusExecution] 43ad4e59-2e0c-4995-adf4-ca00afbfb842 [2026-09-16T11:59:07.212918] > RiskManagement@1.0.0 start (STDOUT, APP/PROC/WEB)#
#2026 09 16 11:59:09.687#Z#DEBUG#d27b103a-b1c5-11f1-bf33-eeee0a8e3dbc.RiskManagement-srv#flowable-async-job-executor-thread-1531#
[PollStartAppStatusExecution] 43ad4e59-2e0c-4995-adf4-ca00afbfb842 [2026-09-16T11:59:07.212958] > cds-serve (STDOUT, APP/PROC/WEB)#
#2026 09 16 11:59:09.687#Z#DEBUG#d27b103a-b1c5-11f1-bf33-eeee0a8e3dbc.RiskManagement-srv#flowable-async-job-executor-thread-1531#
[PollStartAppStatusExecution] 43ad4e59-2e0c-4995-adf4-ca00afbfb842 [2026-09-16T11:59:07.773687] {"level":"info","logger":"cds","timestamp":"2026-09-16T11:59:07.771Z","layer":"cds","component_type":"application","container_id":"10.32.3.6","component_id":"43ad4e59-2e0c-4995-adf4-ca00afbfb842","component_name":"RiskManagement-srv","component_instance":0,"source_instance":0,"organization_name":"47a58eedtrial","organization_id":"d7a02038-bfb6-4965-9398-981fd602b71e","space_name":"dev","space_id":"b1534f58-8387-42a5-8ece-809300958c1c","msg":"loaded model from 1 file(s):\n ","type":"log"} (STDOUT, APP/PROC/WEB)#
#2026 09 16 11:59:09.687#Z#DEBUG#d27b103a-b1c5-11f1-bf33-eeee0a8e3dbc.RiskManagement-srv#flowable-async-job-executor-thread-1531#
[PollStartAppStatusExecution] 43ad4e59-2e0c-4995-adf4-ca00afbfb842 [2026-09-16T11:59:07.775134] srv/csn.json (STDOUT, APP/PROC/WEB)#
#2026 09 16 11:59:09.687#Z#DEBUG#d27b103a-b1c5-11f1-bf33-eeee0a8e3dbc.RiskManagement-srv#flowable-async-job-executor-thread-1531#
[PollStartAppStatusExecution] 43ad4e59-2e0c-4995-adf4-ca00afbfb842 [2026-09-16T11:59:08.217873] {"level":"info","logger":"cds","timestamp":"2026-09-16T11:59:08.217Z","layer":"cds","component_type":"application","container_id":"10.32.3.6","component_id":"43ad4e59-2e0c-4995-adf4-ca00afbfb842","component_name":"RiskManagement-srv","component_instance":0,"source_instance":0,"organization_name":"47a58eedtrial","organization_id":"d7a02038-bfb6-4965-9398-981fd602b71e","space_name":"dev","space_id":"b1534f58-8387-42a5-8ece-809300958c1c","msg":"connect to db > hana {\n  database_id: '69bcbe67-03bc-4478-9fd0-d9ad2b0779fc',\n  host: '69bcbe67-03bc-4478-9fd0-d9ad2b0779fc.hna0.prod-us10.hanacloud.ondemand.com',\n  port: '443',\n  driver: 'com.sap.db.jdbc.Driver',\n  url: 'jdbc:sap://69bcbe67-03bc-4478-9fd0-d9ad2b0779fc.hna0.prod-us10.hanacloud.ondemand.com:443?encrypt=true&validateCertificate=true&currentschema=1D2FD6BD9AE248389E2C5DD7F64681C6',\n  schema: '1D2FD6BD9AE248389E2C5DD7F64681C6',\n  certificate: '...',\n  hdi_user: '1D2FD6BD9AE248389E2C5DD7F64681C6_BGLOAL9S8VB716N7PWHIMKK1K_DT',\n  hdi_password: '...',\n  user: '1D2FD6BD9AE248389E2C5DD7F64681C6_BGLOAL9S8VB716N7PWHIMKK1K_RT',\n  password: '...'\n}","type":"log"} (STDOUT, APP/PROC/WEB)#
#2026 09 16 11:59:09.687#Z#DEBUG#d27b103a-b1c5-11f1-bf33-eeee0a8e3dbc.RiskManagement-srv#flowable-async-job-executor-thread-1531#
[PollStartAppStatusExecution] 43ad4e59-2e0c-4995-adf4-ca00afbfb842 [2026-09-16T11:59:08.280685] {"level":"info","logger":"cds","timestamp":"2026-09-16T11:59:08.279Z","layer":"cds","component_type":"application","container_id":"10.32.3.6","component_id":"43ad4e59-2e0c-4995-adf4-ca00afbfb842","component_name":"RiskManagement-srv","component_instance":0,"source_instance":0,"organization_name":"47a58eedtrial","organization_id":"d7a02038-bfb6-4965-9398-981fd602b71e","space_name":"dev","space_id":"b1534f58-8387-42a5-8ece-809300958c1c","msg":"using auth strategy { kind: 'jwt' }","type":"log"} (STDOUT, APP/PROC/WEB)#
#2026 09 16 11:59:09.687#Z#DEBUG#d27b103a-b1c5-11f1-bf33-eeee0a8e3dbc.RiskManagement-srv#flowable-async-job-executor-thread-1531#
[PollStartAppStatusExecution] 43ad4e59-2e0c-4995-adf4-ca00afbfb842 [2026-09-16T11:59:08.310731] /home/vcap/app/node_modules/@sap/cds/lib/srv/middlewares/auth/jwt-auth.js:16 (STDERR, APP/PROC/WEB)#
#2026 09 16 11:59:09.687#Z#DEBUG#d27b103a-b1c5-11f1-bf33-eeee0a8e3dbc.RiskManagement-srv#flowable-async-job-executor-thread-1531#
[PollStartAppStatusExecution] 43ad4e59-2e0c-4995-adf4-ca00afbfb842 [2026-09-16T11:59:08.310768] throw new Error( (STDERR, APP/PROC/WEB)#
#2026 09 16 11:59:09.687#Z#DEBUG#d27b103a-b1c5-11f1-bf33-eeee0a8e3dbc.RiskManagement-srv#flowable-async-job-executor-thread-1531#
[PollStartAppStatusExecution] 43ad4e59-2e0c-4995-adf4-ca00afbfb842 [2026-09-16T11:59:08.310773] ^ (STDERR, APP/PROC/WEB)#
#2026 09 16 11:59:09.687#Z#DEBUG#d27b103a-b1c5-11f1-bf33-eeee0a8e3dbc.RiskManagement-srv#flowable-async-job-executor-thread-1531#
[PollStartAppStatusExecution] 43ad4e59-2e0c-4995-adf4-ca00afbfb842 [2026-09-16T11:59:08.310778] Error: Authentication kind "jwt" configured, but no XSUAA instance bound to application. Either bind an XSUAA instance, or switch to an authentication kind that does not require a binding. (STDERR, APP/PROC/WEB)#
#2026 09 16 11:59:09.687#Z#DEBUG#d27b103a-b1c5-11f1-bf33-eeee0a8e3dbc.RiskManagement-srv#flowable-async-job-executor-thread-1531#
[PollStartAppStatusExecution] 43ad4e59-2e0c-4995-adf4-ca00afbfb842 [2026-09-16T11:59:08.310781] at jwt_auth (/home/vcap/app/node_modules/@sap/cds/lib/srv/middlewares/auth/jwt-auth.js:16:11) (STDERR, APP/PROC/WEB)#
#2026 09 16 11:59:09.687#Z#DEBUG#d27b103a-b1c5-11f1-bf33-eeee0a8e3dbc.RiskManagement-srv#flowable-async-job-executor-thread-1531#
[PollStartAppStatusExecution] 43ad4e59-2e0c-4995-adf4-ca00afbfb842 [2026-09-16T11:59:08.310785] at auth_factory (/home/vcap/app/node_modules/@sap/cds/lib/srv/middlewares/auth/index.js:49:61) (STDERR, APP/PROC/WEB)#
#2026 09 16 11:59:09.687#Z#DEBUG#d27b103a-b1c5-11f1-bf33-eeee0a8e3dbc.RiskManagement-srv#flowable-async-job-executor-thread-1531#
[PollStartAppStatusExecution] 43ad4e59-2e0c-4995-adf4-ca00afbfb842 [2026-09-16T11:59:08.310789] at _instantiate (/home/vcap/app/node_modules/@sap/cds/lib/srv/middlewares/index.js:49:12) (STDERR, APP/PROC/WEB)#
#2026 09 16 11:59:09.687#Z#DEBUG#d27b103a-b1c5-11f1-bf33-eeee0a8e3dbc.RiskManagement-srv#flowable-async-job-executor-thread-1531#
[PollStartAppStatusExecution] 43ad4e59-2e0c-4995-adf4-ca00afbfb842 [2026-09-16T11:59:08.310792] at /home/vcap/app/node_modules/@sap/cds/lib/srv/middlewares/index.js:13:13 (STDERR, APP/PROC/WEB)#
#2026 09 16 11:59:09.687#Z#DEBUG#d27b103a-b1c5-11f1-bf33-eeee0a8e3dbc.RiskManagement-srv#flowable-async-job-executor-thread-1531#
[PollStartAppStatusExecution] 43ad4e59-2e0c-4995-adf4-ca00afbfb842 [2026-09-16T11:59:08.310801] at Array.map (<anonymous>) (STDERR, APP/PROC/WEB)#
#2026 09 16 11:59:09.687#Z#DEBUG#d27b103a-b1c5-11f1-bf33-eeee0a8e3dbc.RiskManagement-srv#flowable-async-job-executor-thread-1531#
[PollStartAppStatusExecution] 43ad4e59-2e0c-4995-adf4-ca00afbfb842 [2026-09-16T11:59:08.310804] at Object.<anonymous> (/home/vcap/app/node_modules/@sap/cds/lib/srv/middlewares/index.js:13:3) (STDERR, APP/PROC/WEB)#
#2026 09 16 11:59:09.687#Z#DEBUG#d27b103a-b1c5-11f1-bf33-eeee0a8e3dbc.RiskManagement-srv#flowable-async-job-executor-thread-1531#
[PollStartAppStatusExecution] 43ad4e59-2e0c-4995-adf4-ca00afbfb842 [2026-09-16T11:59:08.310807] at Module._compile (node:internal/modules/cjs/loader:1871:14) (STDERR, APP/PROC/WEB)#
#2026 09 16 11:59:09.687#Z#DEBUG#d27b103a-b1c5-11f1-bf33-eeee0a8e3dbc.RiskManagement-srv#flowable-async-job-executor-thread-1531#
[PollStartAppStatusExecution] 43ad4e59-2e0c-4995-adf4-ca00afbfb842 [2026-09-16T11:59:08.310811] at Object..js (node:internal/modules/cjs/loader:2002:10) (STDERR, APP/PROC/WEB)#
#2026 09 16 11:59:09.687#Z#DEBUG#d27b103a-b1c5-11f1-bf33-eeee0a8e3dbc.RiskManagement-srv#flowable-async-job-executor-thread-1531#
[PollStartAppStatusExecution] 43ad4e59-2e0c-4995-adf4-ca00afbfb842 [2026-09-16T11:59:08.310814] at Module.load (node:internal/modules/cjs/loader:1594:32) (STDERR, APP/PROC/WEB)#
#2026 09 16 11:59:09.687#Z#DEBUG#d27b103a-b1c5-11f1-bf33-eeee0a8e3dbc.RiskManagement-srv#flowable-async-job-executor-thread-1531#
[PollStartAppStatusExecution] 43ad4e59-2e0c-4995-adf4-ca00afbfb842 [2026-09-16T11:59:08.310817] at Module._load (node:internal/modules/cjs/loader:1396:12) (STDERR, APP/PROC/WEB)#
#2026 09 16 11:59:09.687#Z#DEBUG#d27b103a-b1c5-11f1-bf33-eeee0a8e3dbc.RiskManagement-srv#flowable-async-job-executor-thread-1531#
[PollStartAppStatusExecution] 43ad4e59-2e0c-4995-adf4-ca00afbfb842 [2026-09-16T11:59:08.310819] Node.js v24.18.0 (STDERR, APP/PROC/WEB)#
#2026 09 16 11:59:09.687#Z#DEBUG#d27b103a-b1c5-11f1-bf33-eeee0a8e3dbc.RiskManagement-srv#flowable-async-job-executor-thread-1531#
[PollStartAppStatusExecution] 43ad4e59-2e0c-4995-adf4-ca00afbfb842 [2026-09-16T11:59:08.339796] npm notice (STDERR, APP/PROC/WEB)#
#2026 09 16 11:59:09.687#Z#DEBUG#d27b103a-b1c5-11f1-bf33-eeee0a8e3dbc.RiskManagement-srv#flowable-async-job-executor-thread-1531#
[PollStartAppStatusExecution] 43ad4e59-2e0c-4995-adf4-ca00afbfb842 [2026-09-16T11:59:08.339831] npm notice New major version of npm available! 11.16.0 -> 12.0.2 (STDERR, APP/PROC/WEB)#
#2026 09 16 11:59:09.687#Z#DEBUG#d27b103a-b1c5-11f1-bf33-eeee0a8e3dbc.RiskManagement-srv#flowable-async-job-executor-thread-1531#
[PollStartAppStatusExecution] 43ad4e59-2e0c-4995-adf4-ca00afbfb842 [2026-09-16T11:59:08.339837] npm notice Changelog: https://github.com/npm/cli/releases/tag/v12.0.2 (STDERR, APP/PROC/WEB)#
#2026 09 16 11:59:09.687#Z#DEBUG#d27b103a-b1c5-11f1-bf33-eeee0a8e3dbc.RiskManagement-srv#flowable-async-job-executor-thread-1531#
[PollStartAppStatusExecution] 43ad4e59-2e0c-4995-adf4-ca00afbfb842 [2026-09-16T11:59:08.339840] npm notice To update run: npm install -g npm@12.0.2 (STDERR, APP/PROC/WEB)#
#2026 09 16 11:59:09.687#Z#DEBUG#d27b103a-b1c5-11f1-bf33-eeee0a8e3dbc.RiskManagement-srv#flowable-async-job-executor-thread-1531#
[PollStartAppStatusExecution] 43ad4e59-2e0c-4995-adf4-ca00afbfb842 [2026-09-16T11:59:08.339847] npm notice (STDERR, APP/PROC/WEB)#
#2026 09 16 11:59:09.687#Z#DEBUG#d27b103a-b1c5-11f1-bf33-eeee0a8e3dbc.RiskManagement-srv#flowable-async-job-executor-thread-1531#
[PollStartAppStatusExecution] 43ad4e59-2e0c-4995-adf4-ca00afbfb842 [2026-09-16T11:59:08.429207] Exit status 1 (STDOUT, APP/PROC/WEB)#
#2026 09 16 11:59:19.729#Z#DEBUG#d27b103a-b1c5-11f1-bf33-eeee0a8e3dbc.RiskManagement-srv#flowable-async-job-executor-thread-1546#
[PollStartAppStatusExecution] 43ad4e59-2e0c-4995-adf4-ca00afbfb842 [2026-09-16T11:59:15.678011] Cell 77283d80-dfa7-40ba-ba4e-265aef112085 stopping instance 2b53a2dd-4afe-47c4-6b12-31c0 (STDOUT, CELL)#
#2026 09 16 11:59:19.729#Z#DEBUG#d27b103a-b1c5-11f1-bf33-eeee0a8e3dbc.RiskManagement-srv#flowable-async-job-executor-thread-1546#
[PollStartAppStatusExecution] 43ad4e59-2e0c-4995-adf4-ca00afbfb842 [2026-09-16T11:59:15.678057] Cell 77283d80-dfa7-40ba-ba4e-265aef112085 destroying container for instance 2b53a2dd-4afe-47c4-6b12-31c0 (STDOUT, CELL)#
#2026 09 16 11:59:19.729#Z#DEBUG#d27b103a-b1c5-11f1-bf33-eeee0a8e3dbc.RiskManagement-srv#flowable-async-job-executor-thread-1546#
[PollStartAppStatusExecution] 43ad4e59-2e0c-4995-adf4-ca00afbfb842 [2026-09-16T11:59:15.685029] Process has crashed with type: "web" (STDOUT, API)#
#2026 09 16 11:59:19.729#Z#DEBUG#d27b103a-b1c5-11f1-bf33-eeee0a8e3dbc.RiskManagement-srv#flowable-async-job-executor-thread-1546#
[PollStartAppStatusExecution] 43ad4e59-2e0c-4995-adf4-ca00afbfb842 [2026-09-16T11:59:15.699955] App instance exited with guid 43ad4e59-2e0c-4995-adf4-ca00afbfb842 payload: {"instance"=>"2b53a2dd-4afe-47c4-6b12-31c0", "index"=>0, "cell_id"=>"77283d80-dfa7-40ba-ba4e-265aef112085", "reason"=>"CRASHED", "exit_description"=>"APP/PROC/WEB: Exited with status 1", "crash_count"=>1, "crash_timestamp"=>1789559955660591640, "version"=>"ad683cd8-e764-4d2d-a8a4-26f2cdea7424"} (STDOUT, API)#
#2026 09 16 11:59:19.729#Z#DEBUG#d27b103a-b1c5-11f1-bf33-eeee0a8e3dbc.RiskManagement-srv#flowable-async-job-executor-thread-1546#
[PollStartAppStatusExecution] 43ad4e59-2e0c-4995-adf4-ca00afbfb842 [2026-09-16T11:59:15.814781] Cell 684caff8-89cd-492b-be01-b3d0835f1763 creating container for instance cf93cc60-b5e0-4866-7451-afeb (STDOUT, CELL)#
#2026 09 16 11:59:19.729#Z#DEBUG#d27b103a-b1c5-11f1-bf33-eeee0a8e3dbc.RiskManagement-srv#flowable-async-job-executor-thread-1546#
[PollStartAppStatusExecution] 43ad4e59-2e0c-4995-adf4-ca00afbfb842 [2026-09-16T11:59:15.918138] Exit status 137 (STDOUT, PROXY)#
#2026 09 16 11:59:19.729#Z#DEBUG#d27b103a-b1c5-11f1-bf33-eeee0a8e3dbc.RiskManagement-srv#flowable-async-job-executor-thread-1546#
[PollStartAppStatusExecution] 43ad4e59-2e0c-4995-adf4-ca00afbfb842 [2026-09-16T11:59:16.664473] Security group rules were updated (STDOUT, CELL)#
#2026 09 16 11:59:19.729#Z#DEBUG#d27b103a-b1c5-11f1-bf33-eeee0a8e3dbc.RiskManagement-srv#flowable-async-job-executor-thread-1546#
[PollStartAppStatusExecution] 43ad4e59-2e0c-4995-adf4-ca00afbfb842 [2026-09-16T11:59:16.770250] Cell 684caff8-89cd-492b-be01-b3d0835f1763 successfully created container for instance cf93cc60-b5e0-4866-7451-afeb (STDOUT, CELL)#
#2026 09 16 11:59:19.729#Z#DEBUG#d27b103a-b1c5-11f1-bf33-eeee0a8e3dbc.RiskManagement-srv#flowable-async-job-executor-thread-1546#
[PollStartAppStatusExecution] 43ad4e59-2e0c-4995-adf4-ca00afbfb842 [2026-09-16T11:59:17.699509] Downloading droplet... (STDOUT, CELL)#
#2026 09 16 11:59:29.696#Z#DEBUG#d27b103a-b1c5-11f1-bf33-eeee0a8e3dbc.RiskManagement-srv#flowable-async-job-executor-thread-1554#
[PollStartAppStatusExecution] 43ad4e59-2e0c-4995-adf4-ca00afbfb842 [2026-09-16T11:59:20.218768] Cell 77283d80-dfa7-40ba-ba4e-265aef112085 successfully destroyed container for instance 2b53a2dd-4afe-47c4-6b12-31c0 (STDOUT, CELL)#
#2026 09 16 11:59:29.696#Z#DEBUG#d27b103a-b1c5-11f1-bf33-eeee0a8e3dbc.RiskManagement-srv#flowable-async-job-executor-thread-1554#
[PollStartAppStatusExecution] 43ad4e59-2e0c-4995-adf4-ca00afbfb842 [2026-09-16T11:59:21.857411] Downloaded droplet (62.1M) (STDOUT, CELL)#
#2026 09 16 11:59:29.696#Z#DEBUG#d27b103a-b1c5-11f1-bf33-eeee0a8e3dbc.RiskManagement-srv#flowable-async-job-executor-thread-1554#
[PollStartAppStatusExecution] 43ad4e59-2e0c-4995-adf4-ca00afbfb842 [2026-09-16T11:59:21.857887] Starting health monitoring of container (STDOUT, CELL)#
#2026 09 16 11:59:29.696#Z#DEBUG#d27b103a-b1c5-11f1-bf33-eeee0a8e3dbc.RiskManagement-srv#flowable-async-job-executor-thread-1554#
[PollStartAppStatusExecution] 43ad4e59-2e0c-4995-adf4-ca00afbfb842 [2026-09-16T11:59:22.012693] Invoking pre-start scripts. (STDOUT, APP/PROC/WEB)#
#2026 09 16 11:59:29.696#Z#DEBUG#d27b103a-b1c5-11f1-bf33-eeee0a8e3dbc.RiskManagement-srv#flowable-async-job-executor-thread-1554#
[PollStartAppStatusExecution] 43ad4e59-2e0c-4995-adf4-ca00afbfb842 [2026-09-16T11:59:22.271373] Invoking start command. (STDOUT, APP/PROC/WEB)#
#2026 09 16 11:59:29.696#Z#DEBUG#d27b103a-b1c5-11f1-bf33-eeee0a8e3dbc.RiskManagement-srv#flowable-async-job-executor-thread-1554#
[PollStartAppStatusExecution] 43ad4e59-2e0c-4995-adf4-ca00afbfb842 [2026-09-16T11:59:22.767317] > RiskManagement@1.0.0 start (STDOUT, APP/PROC/WEB)#
#2026 09 16 11:59:29.696#Z#DEBUG#d27b103a-b1c5-11f1-bf33-eeee0a8e3dbc.RiskManagement-srv#flowable-async-job-executor-thread-1554#
[PollStartAppStatusExecution] 43ad4e59-2e0c-4995-adf4-ca00afbfb842 [2026-09-16T11:59:22.767356] > cds-serve (STDOUT, APP/PROC/WEB)#
#2026 09 16 11:59:29.696#Z#DEBUG#d27b103a-b1c5-11f1-bf33-eeee0a8e3dbc.RiskManagement-srv#flowable-async-job-executor-thread-1554#
[PollStartAppStatusExecution] 43ad4e59-2e0c-4995-adf4-ca00afbfb842 [2026-09-16T11:59:23.277528] {"level":"info","logger":"cds","timestamp":"2026-09-16T11:59:23.275Z","layer":"cds","component_type":"application","container_id":"10.32.1.6","component_id":"43ad4e59-2e0c-4995-adf4-ca00afbfb842","component_name":"RiskManagement-srv","component_instance":0,"source_instance":0,"organization_name":"47a58eedtrial","organization_id":"d7a02038-bfb6-4965-9398-981fd602b71e","space_name":"dev","space_id":"b1534f58-8387-42a5-8ece-809300958c1c","msg":"loaded model from 1 file(s):\n ","type":"log"} (STDOUT, APP/PROC/WEB)#
#2026 09 16 11:59:29.696#Z#DEBUG#d27b103a-b1c5-11f1-bf33-eeee0a8e3dbc.RiskManagement-srv#flowable-async-job-executor-thread-1554#
[PollStartAppStatusExecution] 43ad4e59-2e0c-4995-adf4-ca00afbfb842 [2026-09-16T11:59:23.278100] srv/csn.json (STDOUT, APP/PROC/WEB)#
#2026 09 16 11:59:29.696#Z#DEBUG#d27b103a-b1c5-11f1-bf33-eeee0a8e3dbc.RiskManagement-srv#flowable-async-job-executor-thread-1554#
[PollStartAppStatusExecution] 43ad4e59-2e0c-4995-adf4-ca00afbfb842 [2026-09-16T11:59:23.624204] {"level":"info","logger":"cds","timestamp":"2026-09-16T11:59:23.623Z","layer":"cds","component_type":"application","container_id":"10.32.1.6","component_id":"43ad4e59-2e0c-4995-adf4-ca00afbfb842","component_name":"RiskManagement-srv","component_instance":0,"source_instance":0,"organization_name":"47a58eedtrial","organization_id":"d7a02038-bfb6-4965-9398-981fd602b71e","space_name":"dev","space_id":"b1534f58-8387-42a5-8ece-809300958c1c","msg":"connect to db > hana {\n  database_id: '69bcbe67-03bc-4478-9fd0-d9ad2b0779fc',\n  host: '69bcbe67-03bc-4478-9fd0-d9ad2b0779fc.hna0.prod-us10.hanacloud.ondemand.com',\n  port: '443',\n  driver: 'com.sap.db.jdbc.Driver',\n  url: 'jdbc:sap://69bcbe67-03bc-4478-9fd0-d9ad2b0779fc.hna0.prod-us10.hanacloud.ondemand.com:443?encrypt=true&validateCertificate=true&currentschema=1D2FD6BD9AE248389E2C5DD7F64681C6',\n  schema: '1D2FD6BD9AE248389E2C5DD7F64681C6',\n  certificate: '...',\n  hdi_user: '1D2FD6BD9AE248389E2C5DD7F64681C6_BGLOAL9S8VB716N7PWHIMKK1K_DT',\n  hdi_password: '...',\n  user: '1D2FD6BD9AE248389E2C5DD7F64681C6_BGLOAL9S8VB716N7PWHIMKK1K_RT',\n  password: '...'\n}","type":"log"} (STDOUT, APP/PROC/WEB)#
#2026 09 16 11:59:29.696#Z#DEBUG#d27b103a-b1c5-11f1-bf33-eeee0a8e3dbc.RiskManagement-srv#flowable-async-job-executor-thread-1554#
[PollStartAppStatusExecution] 43ad4e59-2e0c-4995-adf4-ca00afbfb842 [2026-09-16T11:59:23.689879] {"level":"info","logger":"cds","timestamp":"2026-09-16T11:59:23.689Z","layer":"cds","component_type":"application","container_id":"10.32.1.6","component_id":"43ad4e59-2e0c-4995-adf4-ca00afbfb842","component_name":"RiskManagement-srv","component_instance":0,"source_instance":0,"organization_name":"47a58eedtrial","organization_id":"d7a02038-bfb6-4965-9398-981fd602b71e","space_name":"dev","space_id":"b1534f58-8387-42a5-8ece-809300958c1c","msg":"using auth strategy { kind: 'jwt' }","type":"log"} (STDOUT, APP/PROC/WEB)#
#2026 09 16 11:59:29.696#Z#DEBUG#d27b103a-b1c5-11f1-bf33-eeee0a8e3dbc.RiskManagement-srv#flowable-async-job-executor-thread-1554#
[PollStartAppStatusExecution] 43ad4e59-2e0c-4995-adf4-ca00afbfb842 [2026-09-16T11:59:23.718094] /home/vcap/app/node_modules/@sap/cds/lib/srv/middlewares/auth/jwt-auth.js:16 (STDERR, APP/PROC/WEB)#
#2026 09 16 11:59:29.696#Z#DEBUG#d27b103a-b1c5-11f1-bf33-eeee0a8e3dbc.RiskManagement-srv#flowable-async-job-executor-thread-1554#
[PollStartAppStatusExecution] 43ad4e59-2e0c-4995-adf4-ca00afbfb842 [2026-09-16T11:59:23.718129] throw new Error( (STDERR, APP/PROC/WEB)#
#2026 09 16 11:59:29.696#Z#DEBUG#d27b103a-b1c5-11f1-bf33-eeee0a8e3dbc.RiskManagement-srv#flowable-async-job-executor-thread-1554#
[PollStartAppStatusExecution] 43ad4e59-2e0c-4995-adf4-ca00afbfb842 [2026-09-16T11:59:23.718135] ^ (STDERR, APP/PROC/WEB)#
#2026 09 16 11:59:29.696#Z#DEBUG#d27b103a-b1c5-11f1-bf33-eeee0a8e3dbc.RiskManagement-srv#flowable-async-job-executor-thread-1554#
[PollStartAppStatusExecution] 43ad4e59-2e0c-4995-adf4-ca00afbfb842 [2026-09-16T11:59:23.718143] Error: Authentication kind "jwt" configured, but no XSUAA instance bound to application. Either bind an XSUAA instance, or switch to an authentication kind that does not require a binding. (STDERR, APP/PROC/WEB)#
#2026 09 16 11:59:29.696#Z#DEBUG#d27b103a-b1c5-11f1-bf33-eeee0a8e3dbc.RiskManagement-srv#flowable-async-job-executor-thread-1554#
[PollStartAppStatusExecution] 43ad4e59-2e0c-4995-adf4-ca00afbfb842 [2026-09-16T11:59:23.718155] at jwt_auth (/home/vcap/app/node_modules/@sap/cds/lib/srv/middlewares/auth/jwt-auth.js:16:11) (STDERR, APP/PROC/WEB)#
#2026 09 16 11:59:29.696#Z#DEBUG#d27b103a-b1c5-11f1-bf33-eeee0a8e3dbc.RiskManagement-srv#flowable-async-job-executor-thread-1554#
[PollStartAppStatusExecution] 43ad4e59-2e0c-4995-adf4-ca00afbfb842 [2026-09-16T11:59:23.718159] at auth_factory (/home/vcap/app/node_modules/@sap/cds/lib/srv/middlewares/auth/index.js:49:61) (STDERR, APP/PROC/WEB)#
#2026 09 16 11:59:29.697#Z#DEBUG#d27b103a-b1c5-11f1-bf33-eeee0a8e3dbc.RiskManagement-srv#flowable-async-job-executor-thread-1554#
[PollStartAppStatusExecution] 43ad4e59-2e0c-4995-adf4-ca00afbfb842 [2026-09-16T11:59:23.718164] at _instantiate (/home/vcap/app/node_modules/@sap/cds/lib/srv/middlewares/index.js:49:12) (STDERR, APP/PROC/WEB)#
#2026 09 16 11:59:29.697#Z#DEBUG#d27b103a-b1c5-11f1-bf33-eeee0a8e3dbc.RiskManagement-srv#flowable-async-job-executor-thread-1554#
[PollStartAppStatusExecution] 43ad4e59-2e0c-4995-adf4-ca00afbfb842 [2026-09-16T11:59:23.718172] at /home/vcap/app/node_modules/@sap/cds/lib/srv/middlewares/index.js:13:13 (STDERR, APP/PROC/WEB)#
#2026 09 16 11:59:29.697#Z#DEBUG#d27b103a-b1c5-11f1-bf33-eeee0a8e3dbc.RiskManagement-srv#flowable-async-job-executor-thread-1554#
[PollStartAppStatusExecution] 43ad4e59-2e0c-4995-adf4-ca00afbfb842 [2026-09-16T11:59:23.718176] at Array.map (<anonymous>) (STDERR, APP/PROC/WEB)#
#2026 09 16 11:59:29.697#Z#DEBUG#d27b103a-b1c5-11f1-bf33-eeee0a8e3dbc.RiskManagement-srv#flowable-async-job-executor-thread-1554#
[PollStartAppStatusExecution] 43ad4e59-2e0c-4995-adf4-ca00afbfb842 [2026-09-16T11:59:23.718180] at Object.<anonymous> (/home/vcap/app/node_modules/@sap/cds/lib/srv/middlewares/index.js:13:3) (STDERR, APP/PROC/WEB)#
#2026 09 16 11:59:29.697#Z#DEBUG#d27b103a-b1c5-11f1-bf33-eeee0a8e3dbc.RiskManagement-srv#flowable-async-job-executor-thread-1554#
[PollStartAppStatusExecution] 43ad4e59-2e0c-4995-adf4-ca00afbfb842 [2026-09-16T11:59:23.718183] at Module._compile (node:internal/modules/cjs/loader:1871:14) (STDERR, APP/PROC/WEB)#
#2026 09 16 11:59:29.697#Z#DEBUG#d27b103a-b1c5-11f1-bf33-eeee0a8e3dbc.RiskManagement-srv#flowable-async-job-executor-thread-1554#
[PollStartAppStatusExecution] 43ad4e59-2e0c-4995-adf4-ca00afbfb842 [2026-09-16T11:59:23.718187] at Object..js (node:internal/modules/cjs/loader:2002:10) (STDERR, APP/PROC/WEB)#
#2026 09 16 11:59:29.697#Z#DEBUG#d27b103a-b1c5-11f1-bf33-eeee0a8e3dbc.RiskManagement-srv#flowable-async-job-executor-thread-1554#
[PollStartAppStatusExecution] 43ad4e59-2e0c-4995-adf4-ca00afbfb842 [2026-09-16T11:59:23.718190] at Module.load (node:internal/modules/cjs/loader:1594:32) (STDERR, APP/PROC/WEB)#
#2026 09 16 11:59:29.697#Z#DEBUG#d27b103a-b1c5-11f1-bf33-eeee0a8e3dbc.RiskManagement-srv#flowable-async-job-executor-thread-1554#
[PollStartAppStatusExecution] 43ad4e59-2e0c-4995-adf4-ca00afbfb842 [2026-09-16T11:59:23.718193] at Module._load (node:internal/modules/cjs/loader:1396:12) (STDERR, APP/PROC/WEB)#
#2026 09 16 11:59:29.697#Z#DEBUG#d27b103a-b1c5-11f1-bf33-eeee0a8e3dbc.RiskManagement-srv#flowable-async-job-executor-thread-1554#
[PollStartAppStatusExecution] 43ad4e59-2e0c-4995-adf4-ca00afbfb842 [2026-09-16T11:59:23.718195] Node.js v24.18.0 (STDERR, APP/PROC/WEB)#
#2026 09 16 11:59:29.697#Z#DEBUG#d27b103a-b1c5-11f1-bf33-eeee0a8e3dbc.RiskManagement-srv#flowable-async-job-executor-thread-1554#
[PollStartAppStatusExecution] 43ad4e59-2e0c-4995-adf4-ca00afbfb842 [2026-09-16T11:59:23.749782] npm notice (STDERR, APP/PROC/WEB)#
#2026 09 16 11:59:29.697#Z#DEBUG#d27b103a-b1c5-11f1-bf33-eeee0a8e3dbc.RiskManagement-srv#flowable-async-job-executor-thread-1554#
[PollStartAppStatusExecution] 43ad4e59-2e0c-4995-adf4-ca00afbfb842 [2026-09-16T11:59:23.749834] npm notice New major version of npm available! 11.16.0 -> 12.0.2 (STDERR, APP/PROC/WEB)#
#2026 09 16 11:59:29.697#Z#DEBUG#d27b103a-b1c5-11f1-bf33-eeee0a8e3dbc.RiskManagement-srv#flowable-async-job-executor-thread-1554#
[PollStartAppStatusExecution] 43ad4e59-2e0c-4995-adf4-ca00afbfb842 [2026-09-16T11:59:23.749839] npm notice Changelog: https://github.com/npm/cli/releases/tag/v12.0.2 (STDERR, APP/PROC/WEB)#
#2026 09 16 11:59:29.697#Z#DEBUG#d27b103a-b1c5-11f1-bf33-eeee0a8e3dbc.RiskManagement-srv#flowable-async-job-executor-thread-1554#
[PollStartAppStatusExecution] 43ad4e59-2e0c-4995-adf4-ca00afbfb842 [2026-09-16T11:59:23.749843] npm notice To update run: npm install -g npm@12.0.2 (STDERR, APP/PROC/WEB)#
#2026 09 16 11:59:29.697#Z#DEBUG#d27b103a-b1c5-11f1-bf33-eeee0a8e3dbc.RiskManagement-srv#flowable-async-job-executor-thread-1554#
[PollStartAppStatusExecution] 43ad4e59-2e0c-4995-adf4-ca00afbfb842 [2026-09-16T11:59:23.749846] npm notice (STDERR, APP/PROC/WEB)#
#2026 09 16 11:59:29.697#Z#DEBUG#d27b103a-b1c5-11f1-bf33-eeee0a8e3dbc.RiskManagement-srv#flowable-async-job-executor-thread-1554#
[PollStartAppStatusExecution] 43ad4e59-2e0c-4995-adf4-ca00afbfb842 [2026-09-16T11:59:23.830544] Exit status 1 (STDOUT, APP/PROC/WEB)#
#2026 09 16 11:59:39.728#Z#DEBUG#d27b103a-b1c5-11f1-bf33-eeee0a8e3dbc.RiskManagement-srv#flowable-async-job-executor-thread-1567#
[PollStartAppStatusExecution] 43ad4e59-2e0c-4995-adf4-ca00afbfb842 [2026-09-16T11:59:29.838379] Cell 684caff8-89cd-492b-be01-b3d0835f1763 stopping instance cf93cc60-b5e0-4866-7451-afeb (STDOUT, CELL)#
#2026 09 16 11:59:39.728#Z#DEBUG#d27b103a-b1c5-11f1-bf33-eeee0a8e3dbc.RiskManagement-srv#flowable-async-job-executor-thread-1567#
[PollStartAppStatusExecution] 43ad4e59-2e0c-4995-adf4-ca00afbfb842 [2026-09-16T11:59:29.838420] Cell 684caff8-89cd-492b-be01-b3d0835f1763 destroying container for instance cf93cc60-b5e0-4866-7451-afeb (STDOUT, CELL)#
#2026 09 16 11:59:39.728#Z#DEBUG#d27b103a-b1c5-11f1-bf33-eeee0a8e3dbc.RiskManagement-srv#flowable-async-job-executor-thread-1567#
[PollStartAppStatusExecution] 43ad4e59-2e0c-4995-adf4-ca00afbfb842 [2026-09-16T11:59:29.840524] Process has crashed with type: "web" (STDOUT, API)#
#2026 09 16 11:59:39.728#Z#DEBUG#d27b103a-b1c5-11f1-bf33-eeee0a8e3dbc.RiskManagement-srv#flowable-async-job-executor-thread-1567#
[PollStartAppStatusExecution] 43ad4e59-2e0c-4995-adf4-ca00afbfb842 [2026-09-16T11:59:29.856468] App instance exited with guid 43ad4e59-2e0c-4995-adf4-ca00afbfb842 payload: {"instance"=>"cf93cc60-b5e0-4866-7451-afeb", "index"=>0, "cell_id"=>"684caff8-89cd-492b-be01-b3d0835f1763", "reason"=>"CRASHED", "exit_description"=>"APP/PROC/WEB: Exited with status 1", "crash_count"=>2, "crash_timestamp"=>1789559969813384203, "version"=>"ad683cd8-e764-4d2d-a8a4-26f2cdea7424"} (STDOUT, API)#
#2026 09 16 11:59:39.728#Z#DEBUG#d27b103a-b1c5-11f1-bf33-eeee0a8e3dbc.RiskManagement-srv#flowable-async-job-executor-thread-1567#
[PollStartAppStatusExecution] 43ad4e59-2e0c-4995-adf4-ca00afbfb842 [2026-09-16T11:59:29.984440] Cell 77283d80-dfa7-40ba-ba4e-265aef112085 creating container for instance a7c6edb5-51fb-4a8e-42d7-fbd2 (STDOUT, CELL)#
#2026 09 16 11:59:39.728#Z#DEBUG#d27b103a-b1c5-11f1-bf33-eeee0a8e3dbc.RiskManagement-srv#flowable-async-job-executor-thread-1567#
[PollStartAppStatusExecution] 43ad4e59-2e0c-4995-adf4-ca00afbfb842 [2026-09-16T11:59:30.133978] Exit status 137 (STDOUT, PROXY)#
#2026 09 16 11:59:39.728#Z#DEBUG#d27b103a-b1c5-11f1-bf33-eeee0a8e3dbc.RiskManagement-srv#flowable-async-job-executor-thread-1567#
[PollStartAppStatusExecution] 43ad4e59-2e0c-4995-adf4-ca00afbfb842 [2026-09-16T11:59:30.879558] Security group rules were updated (STDOUT, CELL)#
#2026 09 16 11:59:39.728#Z#DEBUG#d27b103a-b1c5-11f1-bf33-eeee0a8e3dbc.RiskManagement-srv#flowable-async-job-executor-thread-1567#
[PollStartAppStatusExecution] 43ad4e59-2e0c-4995-adf4-ca00afbfb842 [2026-09-16T11:59:30.984617] Cell 77283d80-dfa7-40ba-ba4e-265aef112085 successfully created container for instance a7c6edb5-51fb-4a8e-42d7-fbd2 (STDOUT, CELL)#
#2026 09 16 11:59:39.728#Z#DEBUG#d27b103a-b1c5-11f1-bf33-eeee0a8e3dbc.RiskManagement-srv#flowable-async-job-executor-thread-1567#
[PollStartAppStatusExecution] 43ad4e59-2e0c-4995-adf4-ca00afbfb842 [2026-09-16T11:59:31.248228] Downloading droplet... (STDOUT, CELL)#
#2026 09 16 11:59:39.728#Z#DEBUG#d27b103a-b1c5-11f1-bf33-eeee0a8e3dbc.RiskManagement-srv#flowable-async-job-executor-thread-1567#
[PollStartAppStatusExecution] 43ad4e59-2e0c-4995-adf4-ca00afbfb842 [2026-09-16T11:59:32.365121] Cell 684caff8-89cd-492b-be01-b3d0835f1763 successfully destroyed container for instance cf93cc60-b5e0-4866-7451-afeb (STDOUT, CELL)#
#2026 09 16 11:59:39.728#Z#DEBUG#d27b103a-b1c5-11f1-bf33-eeee0a8e3dbc.RiskManagement-srv#flowable-async-job-executor-thread-1567#
[PollStartAppStatusExecution] 43ad4e59-2e0c-4995-adf4-ca00afbfb842 [2026-09-16T11:59:33.059246] Downloaded droplet (STDOUT, CELL)#
#2026 09 16 11:59:39.728#Z#DEBUG#d27b103a-b1c5-11f1-bf33-eeee0a8e3dbc.RiskManagement-srv#flowable-async-job-executor-thread-1567#
[PollStartAppStatusExecution] 43ad4e59-2e0c-4995-adf4-ca00afbfb842 [2026-09-16T11:59:33.059492] Starting health monitoring of container (STDOUT, CELL)#
#2026 09 16 11:59:39.728#Z#DEBUG#d27b103a-b1c5-11f1-bf33-eeee0a8e3dbc.RiskManagement-srv#flowable-async-job-executor-thread-1567#
[PollStartAppStatusExecution] 43ad4e59-2e0c-4995-adf4-ca00afbfb842 [2026-09-16T11:59:33.248377] Invoking pre-start scripts. (STDOUT, APP/PROC/WEB)#
#2026 09 16 11:59:39.728#Z#DEBUG#d27b103a-b1c5-11f1-bf33-eeee0a8e3dbc.RiskManagement-srv#flowable-async-job-executor-thread-1567#
[PollStartAppStatusExecution] 43ad4e59-2e0c-4995-adf4-ca00afbfb842 [2026-09-16T11:59:33.499269] Invoking start command. (STDOUT, APP/PROC/WEB)#
#2026 09 16 11:59:39.728#Z#DEBUG#d27b103a-b1c5-11f1-bf33-eeee0a8e3dbc.RiskManagement-srv#flowable-async-job-executor-thread-1567#
[PollStartAppStatusExecution] 43ad4e59-2e0c-4995-adf4-ca00afbfb842 [2026-09-16T11:59:34.033979] > RiskManagement@1.0.0 start (STDOUT, APP/PROC/WEB)#
#2026 09 16 11:59:39.728#Z#DEBUG#d27b103a-b1c5-11f1-bf33-eeee0a8e3dbc.RiskManagement-srv#flowable-async-job-executor-thread-1567#
[PollStartAppStatusExecution] 43ad4e59-2e0c-4995-adf4-ca00afbfb842 [2026-09-16T11:59:34.034016] > cds-serve (STDOUT, APP/PROC/WEB)#
#2026 09 16 11:59:39.728#Z#DEBUG#d27b103a-b1c5-11f1-bf33-eeee0a8e3dbc.RiskManagement-srv#flowable-async-job-executor-thread-1567#
[PollStartAppStatusExecution] 43ad4e59-2e0c-4995-adf4-ca00afbfb842 [2026-09-16T11:59:34.644013] {"level":"info","logger":"cds","timestamp":"2026-09-16T11:59:34.642Z","layer":"cds","component_type":"application","container_id":"10.32.3.6","component_id":"43ad4e59-2e0c-4995-adf4-ca00afbfb842","component_name":"RiskManagement-srv","component_instance":0,"source_instance":0,"organization_name":"47a58eedtrial","organization_id":"d7a02038-bfb6-4965-9398-981fd602b71e","space_name":"dev","space_id":"b1534f58-8387-42a5-8ece-809300958c1c","msg":"loaded model from 1 file(s):\n ","type":"log"} (STDOUT, APP/PROC/WEB)#
#2026 09 16 11:59:39.728#Z#DEBUG#d27b103a-b1c5-11f1-bf33-eeee0a8e3dbc.RiskManagement-srv#flowable-async-job-executor-thread-1567#
[PollStartAppStatusExecution] 43ad4e59-2e0c-4995-adf4-ca00afbfb842 [2026-09-16T11:59:34.645180] srv/csn.json (STDOUT, APP/PROC/WEB)#
#2026 09 16 11:59:39.728#Z#DEBUG#d27b103a-b1c5-11f1-bf33-eeee0a8e3dbc.RiskManagement-srv#flowable-async-job-executor-thread-1567#
[PollStartAppStatusExecution] 43ad4e59-2e0c-4995-adf4-ca00afbfb842 [2026-09-16T11:59:35.097105] {"level":"info","logger":"cds","timestamp":"2026-09-16T11:59:35.095Z","layer":"cds","component_type":"application","container_id":"10.32.3.6","component_id":"43ad4e59-2e0c-4995-adf4-ca00afbfb842","component_name":"RiskManagement-srv","component_instance":0,"source_instance":0,"organization_name":"47a58eedtrial","organization_id":"d7a02038-bfb6-4965-9398-981fd602b71e","space_name":"dev","space_id":"b1534f58-8387-42a5-8ece-809300958c1c","msg":"connect to db > hana {\n  database_id: '69bcbe67-03bc-4478-9fd0-d9ad2b0779fc',\n  host: '69bcbe67-03bc-4478-9fd0-d9ad2b0779fc.hna0.prod-us10.hanacloud.ondemand.com',\n  port: '443',\n  driver: 'com.sap.db.jdbc.Driver',\n  url: 'jdbc:sap://69bcbe67-03bc-4478-9fd0-d9ad2b0779fc.hna0.prod-us10.hanacloud.ondemand.com:443?encrypt=true&validateCertificate=true&currentschema=1D2FD6BD9AE248389E2C5DD7F64681C6',\n  schema: '1D2FD6BD9AE248389E2C5DD7F64681C6',\n  certificate: '...',\n  hdi_user: '1D2FD6BD9AE248389E2C5DD7F64681C6_BGLOAL9S8VB716N7PWHIMKK1K_DT',\n  hdi_password: '...',\n  user: '1D2FD6BD9AE248389E2C5DD7F64681C6_BGLOAL9S8VB716N7PWHIMKK1K_RT',\n  password: '...'\n}","type":"log"} (STDOUT, APP/PROC/WEB)#
#2026 09 16 11:59:39.728#Z#DEBUG#d27b103a-b1c5-11f1-bf33-eeee0a8e3dbc.RiskManagement-srv#flowable-async-job-executor-thread-1567#
[PollStartAppStatusExecution] 43ad4e59-2e0c-4995-adf4-ca00afbfb842 [2026-09-16T11:59:35.182442] {"level":"info","logger":"cds","timestamp":"2026-09-16T11:59:35.181Z","layer":"cds","component_type":"application","container_id":"10.32.3.6","component_id":"43ad4e59-2e0c-4995-adf4-ca00afbfb842","component_name":"RiskManagement-srv","component_instance":0,"source_instance":0,"organization_name":"47a58eedtrial","organization_id":"d7a02038-bfb6-4965-9398-981fd602b71e","space_name":"dev","space_id":"b1534f58-8387-42a5-8ece-809300958c1c","msg":"using auth strategy { kind: 'jwt' }","type":"log"} (STDOUT, APP/PROC/WEB)#
#2026 09 16 11:59:39.728#Z#DEBUG#d27b103a-b1c5-11f1-bf33-eeee0a8e3dbc.RiskManagement-srv#flowable-async-job-executor-thread-1567#
[PollStartAppStatusExecution] 43ad4e59-2e0c-4995-adf4-ca00afbfb842 [2026-09-16T11:59:35.214435] /home/vcap/app/node_modules/@sap/cds/lib/srv/middlewares/auth/jwt-auth.js:16 (STDERR, APP/PROC/WEB)#
#2026 09 16 11:59:39.728#Z#DEBUG#d27b103a-b1c5-11f1-bf33-eeee0a8e3dbc.RiskManagement-srv#flowable-async-job-executor-thread-1567#
[PollStartAppStatusExecution] 43ad4e59-2e0c-4995-adf4-ca00afbfb842 [2026-09-16T11:59:35.214464] throw new Error( (STDERR, APP/PROC/WEB)#
#2026 09 16 11:59:39.728#Z#DEBUG#d27b103a-b1c5-11f1-bf33-eeee0a8e3dbc.RiskManagement-srv#flowable-async-job-executor-thread-1567#
[PollStartAppStatusExecution] 43ad4e59-2e0c-4995-adf4-ca00afbfb842 [2026-09-16T11:59:35.214476] ^ (STDERR, APP/PROC/WEB)#
#2026 09 16 11:59:39.728#Z#DEBUG#d27b103a-b1c5-11f1-bf33-eeee0a8e3dbc.RiskManagement-srv#flowable-async-job-executor-thread-1567#
[PollStartAppStatusExecution] 43ad4e59-2e0c-4995-adf4-ca00afbfb842 [2026-09-16T11:59:35.214490] Error: Authentication kind "jwt" configured, but no XSUAA instance bound to application. Either bind an XSUAA instance, or switch to an authentication kind that does not require a binding. (STDERR, APP/PROC/WEB)#
#2026 09 16 11:59:39.728#Z#DEBUG#d27b103a-b1c5-11f1-bf33-eeee0a8e3dbc.RiskManagement-srv#flowable-async-job-executor-thread-1567#
[PollStartAppStatusExecution] 43ad4e59-2e0c-4995-adf4-ca00afbfb842 [2026-09-16T11:59:35.214512] at jwt_auth (/home/vcap/app/node_modules/@sap/cds/lib/srv/middlewares/auth/jwt-auth.js:16:11) (STDERR, APP/PROC/WEB)#
#2026 09 16 11:59:39.728#Z#DEBUG#d27b103a-b1c5-11f1-bf33-eeee0a8e3dbc.RiskManagement-srv#flowable-async-job-executor-thread-1567#
[PollStartAppStatusExecution] 43ad4e59-2e0c-4995-adf4-ca00afbfb842 [2026-09-16T11:59:35.214517] at auth_factory (/home/vcap/app/node_modules/@sap/cds/lib/srv/middlewares/auth/index.js:49:61) (STDERR, APP/PROC/WEB)#
#2026 09 16 11:59:39.728#Z#DEBUG#d27b103a-b1c5-11f1-bf33-eeee0a8e3dbc.RiskManagement-srv#flowable-async-job-executor-thread-1567#
[PollStartAppStatusExecution] 43ad4e59-2e0c-4995-adf4-ca00afbfb842 [2026-09-16T11:59:35.214520] at _instantiate (/home/vcap/app/node_modules/@sap/cds/lib/srv/middlewares/index.js:49:12) (STDERR, APP/PROC/WEB)#
#2026 09 16 11:59:39.728#Z#DEBUG#d27b103a-b1c5-11f1-bf33-eeee0a8e3dbc.RiskManagement-srv#flowable-async-job-executor-thread-1567#
[PollStartAppStatusExecution] 43ad4e59-2e0c-4995-adf4-ca00afbfb842 [2026-09-16T11:59:35.214524] at /home/vcap/app/node_modules/@sap/cds/lib/srv/middlewares/index.js:13:13 (STDERR, APP/PROC/WEB)#
#2026 09 16 11:59:39.728#Z#DEBUG#d27b103a-b1c5-11f1-bf33-eeee0a8e3dbc.RiskManagement-srv#flowable-async-job-executor-thread-1567#
[PollStartAppStatusExecution] 43ad4e59-2e0c-4995-adf4-ca00afbfb842 [2026-09-16T11:59:35.214527] at Array.map (<anonymous>) (STDERR, APP/PROC/WEB)#
#2026 09 16 11:59:39.728#Z#DEBUG#d27b103a-b1c5-11f1-bf33-eeee0a8e3dbc.RiskManagement-srv#flowable-async-job-executor-thread-1567#
[PollStartAppStatusExecution] 43ad4e59-2e0c-4995-adf4-ca00afbfb842 [2026-09-16T11:59:35.214530] at Object.<anonymous> (/home/vcap/app/node_modules/@sap/cds/lib/srv/middlewares/index.js:13:3) (STDERR, APP/PROC/WEB)#
#2026 09 16 11:59:39.728#Z#DEBUG#d27b103a-b1c5-11f1-bf33-eeee0a8e3dbc.RiskManagement-srv#flowable-async-job-executor-thread-1567#
[PollStartAppStatusExecution] 43ad4e59-2e0c-4995-adf4-ca00afbfb842 [2026-09-16T11:59:35.214533] at Module._compile (node:internal/modules/cjs/loader:1871:14) (STDERR, APP/PROC/WEB)#
#2026 09 16 11:59:39.728#Z#DEBUG#d27b103a-b1c5-11f1-bf33-eeee0a8e3dbc.RiskManagement-srv#flowable-async-job-executor-thread-1567#
[PollStartAppStatusExecution] 43ad4e59-2e0c-4995-adf4-ca00afbfb842 [2026-09-16T11:59:35.214537] at Object..js (node:internal/modules/cjs/loader:2002:10) (STDERR, APP/PROC/WEB)#
#2026 09 16 11:59:39.728#Z#DEBUG#d27b103a-b1c5-11f1-bf33-eeee0a8e3dbc.RiskManagement-srv#flowable-async-job-executor-thread-1567#
[PollStartAppStatusExecution] 43ad4e59-2e0c-4995-adf4-ca00afbfb842 [2026-09-16T11:59:35.214540] at Module.load (node:internal/modules/cjs/loader:1594:32) (STDERR, APP/PROC/WEB)#
#2026 09 16 11:59:39.728#Z#DEBUG#d27b103a-b1c5-11f1-bf33-eeee0a8e3dbc.RiskManagement-srv#flowable-async-job-executor-thread-1567#
[PollStartAppStatusExecution] 43ad4e59-2e0c-4995-adf4-ca00afbfb842 [2026-09-16T11:59:35.214543] at Module._load (node:internal/modules/cjs/loader:1396:12) (STDERR, APP/PROC/WEB)#
#2026 09 16 11:59:39.728#Z#DEBUG#d27b103a-b1c5-11f1-bf33-eeee0a8e3dbc.RiskManagement-srv#flowable-async-job-executor-thread-1567#
[PollStartAppStatusExecution] 43ad4e59-2e0c-4995-adf4-ca00afbfb842 [2026-09-16T11:59:35.214547] Node.js v24.18.0 (STDERR, APP/PROC/WEB)#
#2026 09 16 11:59:39.728#Z#DEBUG#d27b103a-b1c5-11f1-bf33-eeee0a8e3dbc.RiskManagement-srv#flowable-async-job-executor-thread-1567#
[PollStartAppStatusExecution] 43ad4e59-2e0c-4995-adf4-ca00afbfb842 [2026-09-16T11:59:35.243421] npm notice (STDERR, APP/PROC/WEB)#
#2026 09 16 11:59:39.728#Z#DEBUG#d27b103a-b1c5-11f1-bf33-eeee0a8e3dbc.RiskManagement-srv#flowable-async-job-executor-thread-1567#
[PollStartAppStatusExecution] 43ad4e59-2e0c-4995-adf4-ca00afbfb842 [2026-09-16T11:59:35.243458] npm notice New major version of npm available! 11.16.0 -> 12.0.2 (STDERR, APP/PROC/WEB)#
#2026 09 16 11:59:39.728#Z#DEBUG#d27b103a-b1c5-11f1-bf33-eeee0a8e3dbc.RiskManagement-srv#flowable-async-job-executor-thread-1567#
[PollStartAppStatusExecution] 43ad4e59-2e0c-4995-adf4-ca00afbfb842 [2026-09-16T11:59:35.243465] npm notice Changelog: https://github.com/npm/cli/releases/tag/v12.0.2 (STDERR, APP/PROC/WEB)#
#2026 09 16 11:59:39.728#Z#DEBUG#d27b103a-b1c5-11f1-bf33-eeee0a8e3dbc.RiskManagement-srv#flowable-async-job-executor-thread-1567#
[PollStartAppStatusExecution] 43ad4e59-2e0c-4995-adf4-ca00afbfb842 [2026-09-16T11:59:35.243469] npm notice To update run: npm install -g npm@12.0.2 (STDERR, APP/PROC/WEB)#
#2026 09 16 11:59:39.728#Z#DEBUG#d27b103a-b1c5-11f1-bf33-eeee0a8e3dbc.RiskManagement-srv#flowable-async-job-executor-thread-1567#
[PollStartAppStatusExecution] 43ad4e59-2e0c-4995-adf4-ca00afbfb842 [2026-09-16T11:59:35.243472] npm notice (STDERR, APP/PROC/WEB)#
#2026 09 16 11:59:39.728#Z#DEBUG#d27b103a-b1c5-11f1-bf33-eeee0a8e3dbc.RiskManagement-srv#flowable-async-job-executor-thread-1567#
[PollStartAppStatusExecution] 43ad4e59-2e0c-4995-adf4-ca00afbfb842 [2026-09-16T11:59:35.323607] Exit status 1 (STDOUT, APP/PROC/WEB)#
#2026 09 16 11:59:49.747#Z#DEBUG#d27b103a-b1c5-11f1-bf33-eeee0a8e3dbc.RiskManagement-srv#flowable-async-job-executor-thread-1572#
[PollStartAppStatusExecution] 43ad4e59-2e0c-4995-adf4-ca00afbfb842 [2026-09-16T11:59:42.324659] Cell 77283d80-dfa7-40ba-ba4e-265aef112085 stopping instance a7c6edb5-51fb-4a8e-42d7-fbd2 (STDOUT, CELL)#
#2026 09 16 11:59:49.747#Z#DEBUG#d27b103a-b1c5-11f1-bf33-eeee0a8e3dbc.RiskManagement-srv#flowable-async-job-executor-thread-1572#
[PollStartAppStatusExecution] 43ad4e59-2e0c-4995-adf4-ca00afbfb842 [2026-09-16T11:59:42.324733] Cell 77283d80-dfa7-40ba-ba4e-265aef112085 destroying container for instance a7c6edb5-51fb-4a8e-42d7-fbd2 (STDOUT, CELL)#
#2026 09 16 11:59:49.747#Z#DEBUG#d27b103a-b1c5-11f1-bf33-eeee0a8e3dbc.RiskManagement-srv#flowable-async-job-executor-thread-1572#
[PollStartAppStatusExecution] 43ad4e59-2e0c-4995-adf4-ca00afbfb842 [2026-09-16T11:59:42.348231] Process has crashed with type: "web" (STDOUT, API)#
#2026 09 16 11:59:49.747#Z#DEBUG#d27b103a-b1c5-11f1-bf33-eeee0a8e3dbc.RiskManagement-srv#flowable-async-job-executor-thread-1572#
[PollStartAppStatusExecution] 43ad4e59-2e0c-4995-adf4-ca00afbfb842 [2026-09-16T11:59:42.361210] App instance exited with guid 43ad4e59-2e0c-4995-adf4-ca00afbfb842 payload: {"instance"=>"a7c6edb5-51fb-4a8e-42d7-fbd2", "index"=>0, "cell_id"=>"77283d80-dfa7-40ba-ba4e-265aef112085", "reason"=>"CRASHED", "exit_description"=>"APP/PROC/WEB: Exited with status 1", "crash_count"=>3, "crash_timestamp"=>1789559982320553933, "version"=>"ad683cd8-e764-4d2d-a8a4-26f2cdea7424"} (STDOUT, API)#
#2026 09 16 11:59:49.747#Z#DEBUG#d27b103a-b1c5-11f1-bf33-eeee0a8e3dbc.RiskManagement-srv#flowable-async-job-executor-thread-1572#
[PollStartAppStatusExecution] 43ad4e59-2e0c-4995-adf4-ca00afbfb842 [2026-09-16T11:59:42.574844] Exit status 137 (STDOUT, PROXY)#
#2026 09 16 11:59:49.747#Z#DEBUG#d27b103a-b1c5-11f1-bf33-eeee0a8e3dbc.RiskManagement-srv#flowable-async-job-executor-thread-1572#
[PollStartAppStatusExecution] 43ad4e59-2e0c-4995-adf4-ca00afbfb842 [2026-09-16T11:59:45.132696] Cell 77283d80-dfa7-40ba-ba4e-265aef112085 successfully destroyed container for instance a7c6edb5-51fb-4a8e-42d7-fbd2 (STDOUT, CELL)#
#2026 09 16 11:59:59.908#Z#DEBUG#d27b103a-b1c5-11f1-bf33-eeee0a8e3dbc.RiskManagement-srv#flowable-async-job-executor-thread-1583#
[PollStartAppStatusExecution] 43ad4e59-2e0c-4995-adf4-ca00afbfb842 [2026-09-16T11:59:42.324659] Cell 77283d80-dfa7-40ba-ba4e-265aef112085 stopping instance a7c6edb5-51fb-4a8e-42d7-fbd2 (STDOUT, CELL)#
#2026 09 16 11:59:59.908#Z#DEBUG#d27b103a-b1c5-11f1-bf33-eeee0a8e3dbc.RiskManagement-srv#flowable-async-job-executor-thread-1583#
[PollStartAppStatusExecution] 43ad4e59-2e0c-4995-adf4-ca00afbfb842 [2026-09-16T11:59:42.324733] Cell 77283d80-dfa7-40ba-ba4e-265aef112085 destroying container for instance a7c6edb5-51fb-4a8e-42d7-fbd2 (STDOUT, CELL)#
#2026 09 16 11:59:59.908#Z#DEBUG#d27b103a-b1c5-11f1-bf33-eeee0a8e3dbc.RiskManagement-srv#flowable-async-job-executor-thread-1583#
[PollStartAppStatusExecution] 43ad4e59-2e0c-4995-adf4-ca00afbfb842 [2026-09-16T11:59:42.348231] Process has crashed with type: "web" (STDOUT, API)#
#2026 09 16 11:59:59.908#Z#DEBUG#d27b103a-b1c5-11f1-bf33-eeee0a8e3dbc.RiskManagement-srv#flowable-async-job-executor-thread-1583#
[PollStartAppStatusExecution] 43ad4e59-2e0c-4995-adf4-ca00afbfb842 [2026-09-16T11:59:42.361210] App instance exited with guid 43ad4e59-2e0c-4995-adf4-ca00afbfb842 payload: {"instance"=>"a7c6edb5-51fb-4a8e-42d7-fbd2", "index"=>0, "cell_id"=>"77283d80-dfa7-40ba-ba4e-265aef112085", "reason"=>"CRASHED", "exit_description"=>"APP/PROC/WEB: Exited with status 1", "crash_count"=>3, "crash_timestamp"=>1789559982320553933, "version"=>"ad683cd8-e764-4d2d-a8a4-26f2cdea7424"} (STDOUT, API)#
#2026 09 16 11:59:59.908#Z#DEBUG#d27b103a-b1c5-11f1-bf33-eeee0a8e3dbc.RiskManagement-srv#flowable-async-job-executor-thread-1583#
[PollStartAppStatusExecution] 43ad4e59-2e0c-4995-adf4-ca00afbfb842 [2026-09-16T11:59:42.574844] Exit status 137 (STDOUT, PROXY)#
#2026 09 16 11:59:59.908#Z#DEBUG#d27b103a-b1c5-11f1-bf33-eeee0a8e3dbc.RiskManagement-srv#flowable-async-job-executor-thread-1583#
[PollStartAppStatusExecution] 43ad4e59-2e0c-4995-adf4-ca00afbfb842 [2026-09-16T11:59:45.132696] Cell 77283d80-dfa7-40ba-ba4e-265aef112085 successfully destroyed container for instance a7c6edb5-51fb-4a8e-42d7-fbd2 (STDOUT, CELL)#
#2026 09 16 11:59:59.908#Z#DEBUG#d27b103a-b1c5-11f1-bf33-eeee0a8e3dbc.RiskManagement-srv#flowable-async-job-executor-thread-1583#
[PollStartAppStatusExecution] 43ad4e59-2e0c-4995-adf4-ca00afbfb842 [2026-09-16T11:59:50.604605] Stopping app with guid 43ad4e59-2e0c-4995-adf4-ca00afbfb842 (STDOUT, API)#
#2026 09 16 11:59:59.908#Z#DEBUG#d27b103a-b1c5-11f1-bf33-eeee0a8e3dbc.RiskManagement-srv#flowable-async-job-executor-thread-1583#
[PollStartAppStatusExecution] 43ad4e59-2e0c-4995-adf4-ca00afbfb842 [2026-09-16T11:59:50.756140] Starting app with guid 43ad4e59-2e0c-4995-adf4-ca00afbfb842 (STDOUT, API)#
#2026 09 16 11:59:59.908#Z#DEBUG#d27b103a-b1c5-11f1-bf33-eeee0a8e3dbc.RiskManagement-srv#flowable-async-job-executor-thread-1583#
[PollStartAppStatusExecution] 43ad4e59-2e0c-4995-adf4-ca00afbfb842 [2026-09-16T11:59:51.191951] Cell d1cc041a-d5a1-41d6-b9f6-6cda736ce3f0 creating container for instance e2f0a007-c6e8-45ad-7e25-07e4 (STDOUT, CELL)#
#2026 09 16 11:59:59.908#Z#DEBUG#d27b103a-b1c5-11f1-bf33-eeee0a8e3dbc.RiskManagement-srv#flowable-async-job-executor-thread-1583#
[PollStartAppStatusExecution] 43ad4e59-2e0c-4995-adf4-ca00afbfb842 [2026-09-16T11:59:53.007866] Security group rules were updated (STDOUT, CELL)#
#2026 09 16 11:59:59.908#Z#DEBUG#d27b103a-b1c5-11f1-bf33-eeee0a8e3dbc.RiskManagement-srv#flowable-async-job-executor-thread-1583#
[PollStartAppStatusExecution] 43ad4e59-2e0c-4995-adf4-ca00afbfb842 [2026-09-16T11:59:53.142043] Cell d1cc041a-d5a1-41d6-b9f6-6cda736ce3f0 successfully created container for instance e2f0a007-c6e8-45ad-7e25-07e4 (STDOUT, CELL)#
#2026 09 16 11:59:59.908#Z#DEBUG#d27b103a-b1c5-11f1-bf33-eeee0a8e3dbc.RiskManagement-srv#flowable-async-job-executor-thread-1583#
[PollStartAppStatusExecution] 43ad4e59-2e0c-4995-adf4-ca00afbfb842 [2026-09-16T11:59:53.636863] Downloading droplet... (STDOUT, CELL)#
#2026 09 16 11:59:59.908#Z#DEBUG#d27b103a-b1c5-11f1-bf33-eeee0a8e3dbc.RiskManagement-srv#flowable-async-job-executor-thread-1583#
[PollStartAppStatusExecution] 43ad4e59-2e0c-4995-adf4-ca00afbfb842 [2026-09-16T11:59:58.231192] Downloaded droplet (62.1M) (STDOUT, CELL)#
#2026 09 16 11:59:59.908#Z#DEBUG#d27b103a-b1c5-11f1-bf33-eeee0a8e3dbc.RiskManagement-srv#flowable-async-job-executor-thread-1583#
[PollStartAppStatusExecution] 43ad4e59-2e0c-4995-adf4-ca00afbfb842 [2026-09-16T11:59:58.231500] Starting health monitoring of container (STDOUT, CELL)#
#2026 09 16 11:59:59.908#Z#DEBUG#d27b103a-b1c5-11f1-bf33-eeee0a8e3dbc.RiskManagement-srv#flowable-async-job-executor-thread-1583#
[PollStartAppStatusExecution] 43ad4e59-2e0c-4995-adf4-ca00afbfb842 [2026-09-16T11:59:58.413811] Invoking pre-start scripts. (STDOUT, APP/PROC/WEB)#
#2026 09 16 11:59:59.908#Z#DEBUG#d27b103a-b1c5-11f1-bf33-eeee0a8e3dbc.RiskManagement-srv#flowable-async-job-executor-thread-1583#
[PollStartAppStatusExecution] 43ad4e59-2e0c-4995-adf4-ca00afbfb842 [2026-09-16T11:59:58.800424] Invoking start command. (STDOUT, APP/PROC/WEB)#
#2026 09 16 11:59:59.908#Z#DEBUG#d27b103a-b1c5-11f1-bf33-eeee0a8e3dbc.RiskManagement-srv#flowable-async-job-executor-thread-1583#
[PollStartAppStatusExecution] 43ad4e59-2e0c-4995-adf4-ca00afbfb842 [2026-09-16T11:59:59.581103] > RiskManagement@1.0.0 start (STDOUT, APP/PROC/WEB)#
#2026 09 16 11:59:59.908#Z#DEBUG#d27b103a-b1c5-11f1-bf33-eeee0a8e3dbc.RiskManagement-srv#flowable-async-job-executor-thread-1583#
[PollStartAppStatusExecution] 43ad4e59-2e0c-4995-adf4-ca00afbfb842 [2026-09-16T11:59:59.581151] > cds-serve (STDOUT, APP/PROC/WEB)#
#2026 09 16 12:00:09.973#Z#DEBUG#d27b103a-b1c5-11f1-bf33-eeee0a8e3dbc.RiskManagement-srv#flowable-async-job-executor-thread-1590#
[PollStartAppStatusExecution] 43ad4e59-2e0c-4995-adf4-ca00afbfb842 [2026-09-16T12:00:00.451828] {"level":"info","logger":"cds","timestamp":"2026-09-16T12:00:00.450Z","layer":"cds","component_type":"application","container_id":"10.32.1.5","component_id":"43ad4e59-2e0c-4995-adf4-ca00afbfb842","component_name":"RiskManagement-srv","component_instance":0,"source_instance":0,"organization_name":"47a58eedtrial","organization_id":"d7a02038-bfb6-4965-9398-981fd602b71e","space_name":"dev","space_id":"b1534f58-8387-42a5-8ece-809300958c1c","msg":"loaded model from 1 file(s):\n ","type":"log"} (STDOUT, APP/PROC/WEB)#
#2026 09 16 12:00:09.973#Z#DEBUG#d27b103a-b1c5-11f1-bf33-eeee0a8e3dbc.RiskManagement-srv#flowable-async-job-executor-thread-1590#
[PollStartAppStatusExecution] 43ad4e59-2e0c-4995-adf4-ca00afbfb842 [2026-09-16T12:00:00.452475] srv/csn.json (STDOUT, APP/PROC/WEB)#
#2026 09 16 12:00:09.973#Z#DEBUG#d27b103a-b1c5-11f1-bf33-eeee0a8e3dbc.RiskManagement-srv#flowable-async-job-executor-thread-1590#
[PollStartAppStatusExecution] 43ad4e59-2e0c-4995-adf4-ca00afbfb842 [2026-09-16T12:00:00.960449] {"level":"info","logger":"cds","timestamp":"2026-09-16T12:00:00.958Z","layer":"cds","component_type":"application","container_id":"10.32.1.5","component_id":"43ad4e59-2e0c-4995-adf4-ca00afbfb842","component_name":"RiskManagement-srv","component_instance":0,"source_instance":0,"organization_name":"47a58eedtrial","organization_id":"d7a02038-bfb6-4965-9398-981fd602b71e","space_name":"dev","space_id":"b1534f58-8387-42a5-8ece-809300958c1c","msg":"connect to db > hana {\n  database_id: '69bcbe67-03bc-4478-9fd0-d9ad2b0779fc',\n  host: '69bcbe67-03bc-4478-9fd0-d9ad2b0779fc.hna0.prod-us10.hanacloud.ondemand.com',\n  port: '443',\n  driver: 'com.sap.db.jdbc.Driver',\n  url: 'jdbc:sap://69bcbe67-03bc-4478-9fd0-d9ad2b0779fc.hna0.prod-us10.hanacloud.ondemand.com:443?encrypt=true&validateCertificate=true&currentschema=1D2FD6BD9AE248389E2C5DD7F64681C6',\n  schema: '1D2FD6BD9AE248389E2C5DD7F64681C6',\n  certificate: '...',\n  hdi_user: '1D2FD6BD9AE248389E2C5DD7F64681C6_BGLOAL9S8VB716N7PWHIMKK1K_DT',\n  hdi_password: '...',\n  user: '1D2FD6BD9AE248389E2C5DD7F64681C6_BGLOAL9S8VB716N7PWHIMKK1K_RT',\n  password: '...'\n}","type":"log"} (STDOUT, APP/PROC/WEB)#
#2026 09 16 12:00:09.973#Z#DEBUG#d27b103a-b1c5-11f1-bf33-eeee0a8e3dbc.RiskManagement-srv#flowable-async-job-executor-thread-1590#
[PollStartAppStatusExecution] 43ad4e59-2e0c-4995-adf4-ca00afbfb842 [2026-09-16T12:00:01.063938] {"level":"info","logger":"cds","timestamp":"2026-09-16T12:00:01.062Z","layer":"cds","component_type":"application","container_id":"10.32.1.5","component_id":"43ad4e59-2e0c-4995-adf4-ca00afbfb842","component_name":"RiskManagement-srv","component_instance":0,"source_instance":0,"organization_name":"47a58eedtrial","organization_id":"d7a02038-bfb6-4965-9398-981fd602b71e","space_name":"dev","space_id":"b1534f58-8387-42a5-8ece-809300958c1c","msg":"using auth strategy { kind: 'jwt' }","type":"log"} (STDOUT, APP/PROC/WEB)#
#2026 09 16 12:00:09.973#Z#DEBUG#d27b103a-b1c5-11f1-bf33-eeee0a8e3dbc.RiskManagement-srv#flowable-async-job-executor-thread-1590#
[PollStartAppStatusExecution] 43ad4e59-2e0c-4995-adf4-ca00afbfb842 [2026-09-16T12:00:01.113744] /home/vcap/app/node_modules/@sap/cds/lib/srv/middlewares/auth/jwt-auth.js:16 (STDERR, APP/PROC/WEB)#
#2026 09 16 12:00:09.973#Z#DEBUG#d27b103a-b1c5-11f1-bf33-eeee0a8e3dbc.RiskManagement-srv#flowable-async-job-executor-thread-1590#
[PollStartAppStatusExecution] 43ad4e59-2e0c-4995-adf4-ca00afbfb842 [2026-09-16T12:00:01.113802] throw new Error( (STDERR, APP/PROC/WEB)#
#2026 09 16 12:00:09.973#Z#DEBUG#d27b103a-b1c5-11f1-bf33-eeee0a8e3dbc.RiskManagement-srv#flowable-async-job-executor-thread-1590#
[PollStartAppStatusExecution] 43ad4e59-2e0c-4995-adf4-ca00afbfb842 [2026-09-16T12:00:01.113810] ^ (STDERR, APP/PROC/WEB)#
#2026 09 16 12:00:09.973#Z#DEBUG#d27b103a-b1c5-11f1-bf33-eeee0a8e3dbc.RiskManagement-srv#flowable-async-job-executor-thread-1590#
[PollStartAppStatusExecution] 43ad4e59-2e0c-4995-adf4-ca00afbfb842 [2026-09-16T12:00:01.113819] Error: Authentication kind "jwt" configured, but no XSUAA instance bound to application. Either bind an XSUAA instance, or switch to an authentication kind that does not require a binding. (STDERR, APP/PROC/WEB)#
#2026 09 16 12:00:09.973#Z#DEBUG#d27b103a-b1c5-11f1-bf33-eeee0a8e3dbc.RiskManagement-srv#flowable-async-job-executor-thread-1590#
[PollStartAppStatusExecution] 43ad4e59-2e0c-4995-adf4-ca00afbfb842 [2026-09-16T12:00:01.113840] at jwt_auth (/home/vcap/app/node_modules/@sap/cds/lib/srv/middlewares/auth/jwt-auth.js:16:11) (STDERR, APP/PROC/WEB)#
#2026 09 16 12:00:09.973#Z#DEBUG#d27b103a-b1c5-11f1-bf33-eeee0a8e3dbc.RiskManagement-srv#flowable-async-job-executor-thread-1590#
[PollStartAppStatusExecution] 43ad4e59-2e0c-4995-adf4-ca00afbfb842 [2026-09-16T12:00:01.113844] at auth_factory (/home/vcap/app/node_modules/@sap/cds/lib/srv/middlewares/auth/index.js:49:61) (STDERR, APP/PROC/WEB)#
#2026 09 16 12:00:09.973#Z#DEBUG#d27b103a-b1c5-11f1-bf33-eeee0a8e3dbc.RiskManagement-srv#flowable-async-job-executor-thread-1590#
[PollStartAppStatusExecution] 43ad4e59-2e0c-4995-adf4-ca00afbfb842 [2026-09-16T12:00:01.113850] at _instantiate (/home/vcap/app/node_modules/@sap/cds/lib/srv/middlewares/index.js:49:12) (STDERR, APP/PROC/WEB)#
#2026 09 16 12:00:09.973#Z#DEBUG#d27b103a-b1c5-11f1-bf33-eeee0a8e3dbc.RiskManagement-srv#flowable-async-job-executor-thread-1590#
[PollStartAppStatusExecution] 43ad4e59-2e0c-4995-adf4-ca00afbfb842 [2026-09-16T12:00:01.113854] at /home/vcap/app/node_modules/@sap/cds/lib/srv/middlewares/index.js:13:13 (STDERR, APP/PROC/WEB)#
#2026 09 16 12:00:09.973#Z#DEBUG#d27b103a-b1c5-11f1-bf33-eeee0a8e3dbc.RiskManagement-srv#flowable-async-job-executor-thread-1590#
[PollStartAppStatusExecution] 43ad4e59-2e0c-4995-adf4-ca00afbfb842 [2026-09-16T12:00:01.113864] at Array.map (<anonymous>) (STDERR, APP/PROC/WEB)#
#2026 09 16 12:00:09.973#Z#DEBUG#d27b103a-b1c5-11f1-bf33-eeee0a8e3dbc.RiskManagement-srv#flowable-async-job-executor-thread-1590#
[PollStartAppStatusExecution] 43ad4e59-2e0c-4995-adf4-ca00afbfb842 [2026-09-16T12:00:01.113868] at Object.<anonymous> (/home/vcap/app/node_modules/@sap/cds/lib/srv/middlewares/index.js:13:3) (STDERR, APP/PROC/WEB)#
#2026 09 16 12:00:09.973#Z#DEBUG#d27b103a-b1c5-11f1-bf33-eeee0a8e3dbc.RiskManagement-srv#flowable-async-job-executor-thread-1590#
[PollStartAppStatusExecution] 43ad4e59-2e0c-4995-adf4-ca00afbfb842 [2026-09-16T12:00:01.113872] at Module._compile (node:internal/modules/cjs/loader:1871:14) (STDERR, APP/PROC/WEB)#
#2026 09 16 12:00:09.973#Z#DEBUG#d27b103a-b1c5-11f1-bf33-eeee0a8e3dbc.RiskManagement-srv#flowable-async-job-executor-thread-1590#
[PollStartAppStatusExecution] 43ad4e59-2e0c-4995-adf4-ca00afbfb842 [2026-09-16T12:00:01.113877] at Object..js (node:internal/modules/cjs/loader:2002:10) (STDERR, APP/PROC/WEB)#
#2026 09 16 12:00:09.973#Z#DEBUG#d27b103a-b1c5-11f1-bf33-eeee0a8e3dbc.RiskManagement-srv#flowable-async-job-executor-thread-1590#
[PollStartAppStatusExecution] 43ad4e59-2e0c-4995-adf4-ca00afbfb842 [2026-09-16T12:00:01.113880] at Module.load (node:internal/modules/cjs/loader:1594:32) (STDERR, APP/PROC/WEB)#
#2026 09 16 12:00:09.973#Z#DEBUG#d27b103a-b1c5-11f1-bf33-eeee0a8e3dbc.RiskManagement-srv#flowable-async-job-executor-thread-1590#
[PollStartAppStatusExecution] 43ad4e59-2e0c-4995-adf4-ca00afbfb842 [2026-09-16T12:00:01.113883] at Module._load (node:internal/modules/cjs/loader:1396:12) (STDERR, APP/PROC/WEB)#
#2026 09 16 12:00:09.973#Z#DEBUG#d27b103a-b1c5-11f1-bf33-eeee0a8e3dbc.RiskManagement-srv#flowable-async-job-executor-thread-1590#
[PollStartAppStatusExecution] 43ad4e59-2e0c-4995-adf4-ca00afbfb842 [2026-09-16T12:00:01.113886] Node.js v24.18.0 (STDERR, APP/PROC/WEB)#
#2026 09 16 12:00:09.973#Z#DEBUG#d27b103a-b1c5-11f1-bf33-eeee0a8e3dbc.RiskManagement-srv#flowable-async-job-executor-thread-1590#
[PollStartAppStatusExecution] 43ad4e59-2e0c-4995-adf4-ca00afbfb842 [2026-09-16T12:00:01.152160] npm notice (STDERR, APP/PROC/WEB)#
#2026 09 16 12:00:09.973#Z#DEBUG#d27b103a-b1c5-11f1-bf33-eeee0a8e3dbc.RiskManagement-srv#flowable-async-job-executor-thread-1590#
[PollStartAppStatusExecution] 43ad4e59-2e0c-4995-adf4-ca00afbfb842 [2026-09-16T12:00:01.152207] npm notice New major version of npm available! 11.16.0 -> 12.0.2 (STDERR, APP/PROC/WEB)#
#2026 09 16 12:00:09.973#Z#DEBUG#d27b103a-b1c5-11f1-bf33-eeee0a8e3dbc.RiskManagement-srv#flowable-async-job-executor-thread-1590#
[PollStartAppStatusExecution] 43ad4e59-2e0c-4995-adf4-ca00afbfb842 [2026-09-16T12:00:01.152219] npm notice Changelog: https://github.com/npm/cli/releases/tag/v12.0.2 (STDERR, APP/PROC/WEB)#
#2026 09 16 12:00:09.973#Z#DEBUG#d27b103a-b1c5-11f1-bf33-eeee0a8e3dbc.RiskManagement-srv#flowable-async-job-executor-thread-1590#
[PollStartAppStatusExecution] 43ad4e59-2e0c-4995-adf4-ca00afbfb842 [2026-09-16T12:00:01.152223] npm notice To update run: npm install -g npm@12.0.2 (STDERR, APP/PROC/WEB)#
#2026 09 16 12:00:09.973#Z#DEBUG#d27b103a-b1c5-11f1-bf33-eeee0a8e3dbc.RiskManagement-srv#flowable-async-job-executor-thread-1590#
[PollStartAppStatusExecution] 43ad4e59-2e0c-4995-adf4-ca00afbfb842 [2026-09-16T12:00:01.152227] npm notice (STDERR, APP/PROC/WEB)#
#2026 09 16 12:00:09.973#Z#DEBUG#d27b103a-b1c5-11f1-bf33-eeee0a8e3dbc.RiskManagement-srv#flowable-async-job-executor-thread-1590#
[PollStartAppStatusExecution] 43ad4e59-2e0c-4995-adf4-ca00afbfb842 [2026-09-16T12:00:01.261844] Exit status 1 (STDOUT, APP/PROC/WEB)#
#2026 09 16 12:00:09.973#Z#DEBUG#d27b103a-b1c5-11f1-bf33-eeee0a8e3dbc.RiskManagement-srv#flowable-async-job-executor-thread-1590#
[PollStartAppStatusExecution] 43ad4e59-2e0c-4995-adf4-ca00afbfb842 [2026-09-16T12:00:08.684144] Cell d1cc041a-d5a1-41d6-b9f6-6cda736ce3f0 stopping instance e2f0a007-c6e8-45ad-7e25-07e4 (STDOUT, CELL)#
#2026 09 16 12:00:09.973#Z#DEBUG#d27b103a-b1c5-11f1-bf33-eeee0a8e3dbc.RiskManagement-srv#flowable-async-job-executor-thread-1590#
[PollStartAppStatusExecution] 43ad4e59-2e0c-4995-adf4-ca00afbfb842 [2026-09-16T12:00:08.684204] Cell d1cc041a-d5a1-41d6-b9f6-6cda736ce3f0 destroying container for instance e2f0a007-c6e8-45ad-7e25-07e4 (STDOUT, CELL)#
#2026 09 16 12:00:09.973#Z#DEBUG#d27b103a-b1c5-11f1-bf33-eeee0a8e3dbc.RiskManagement-srv#flowable-async-job-executor-thread-1590#
[PollStartAppStatusExecution] 43ad4e59-2e0c-4995-adf4-ca00afbfb842 [2026-09-16T12:00:08.689209] Process has crashed with type: "web" (STDOUT, API)#
#2026 09 16 12:00:09.973#Z#DEBUG#d27b103a-b1c5-11f1-bf33-eeee0a8e3dbc.RiskManagement-srv#flowable-async-job-executor-thread-1590#
[PollStartAppStatusExecution] 43ad4e59-2e0c-4995-adf4-ca00afbfb842 [2026-09-16T12:00:08.703599] App instance exited with guid 43ad4e59-2e0c-4995-adf4-ca00afbfb842 payload: {"instance"=>"e2f0a007-c6e8-45ad-7e25-07e4", "index"=>0, "cell_id"=>"d1cc041a-d5a1-41d6-b9f6-6cda736ce3f0", "reason"=>"CRASHED", "exit_description"=>"APP/PROC/WEB: Exited with status 1", "crash_count"=>1, "crash_timestamp"=>1789560008666874449, "version"=>"b2af4402-d893-4385-a824-a52d4b195d76"} (STDOUT, API)#
#2026 09 16 12:00:09.973#Z#DEBUG#d27b103a-b1c5-11f1-bf33-eeee0a8e3dbc.RiskManagement-srv#flowable-async-job-executor-thread-1590#
[PollStartAppStatusExecution] 43ad4e59-2e0c-4995-adf4-ca00afbfb842 [2026-09-16T12:00:08.828776] Cell 77283d80-dfa7-40ba-ba4e-265aef112085 creating container for instance 50571479-e34e-4389-4165-332e (STDOUT, CELL)#
#2026 09 16 12:00:09.973#Z#DEBUG#d27b103a-b1c5-11f1-bf33-eeee0a8e3dbc.RiskManagement-srv#flowable-async-job-executor-thread-1590#
[PollStartAppStatusExecution] 43ad4e59-2e0c-4995-adf4-ca00afbfb842 [2026-09-16T12:00:09.015830] Exit status 137 (STDOUT, PROXY)#
#2026 09 16 12:00:20.135#Z#DEBUG#d27b103a-b1c5-11f1-bf33-eeee0a8e3dbc.RiskManagement-srv#flowable-async-job-executor-thread-1598#
[PollStartAppStatusExecution] 43ad4e59-2e0c-4995-adf4-ca00afbfb842 [2026-09-16T12:00:09.731272] Security group rules were updated (STDOUT, CELL)#
#2026 09 16 12:00:20.135#Z#DEBUG#d27b103a-b1c5-11f1-bf33-eeee0a8e3dbc.RiskManagement-srv#flowable-async-job-executor-thread-1598#
[PollStartAppStatusExecution] 43ad4e59-2e0c-4995-adf4-ca00afbfb842 [2026-09-16T12:00:09.842462] Cell 77283d80-dfa7-40ba-ba4e-265aef112085 successfully created container for instance 50571479-e34e-4389-4165-332e (STDOUT, CELL)#
#2026 09 16 12:00:20.135#Z#DEBUG#d27b103a-b1c5-11f1-bf33-eeee0a8e3dbc.RiskManagement-srv#flowable-async-job-executor-thread-1598#
[PollStartAppStatusExecution] 43ad4e59-2e0c-4995-adf4-ca00afbfb842 [2026-09-16T12:00:10.635690] Downloading droplet... (STDOUT, CELL)#
#2026 09 16 12:00:20.135#Z#DEBUG#d27b103a-b1c5-11f1-bf33-eeee0a8e3dbc.RiskManagement-srv#flowable-async-job-executor-thread-1598#
[PollStartAppStatusExecution] 43ad4e59-2e0c-4995-adf4-ca00afbfb842 [2026-09-16T12:00:11.635023] Cell d1cc041a-d5a1-41d6-b9f6-6cda736ce3f0 successfully destroyed container for instance e2f0a007-c6e8-45ad-7e25-07e4 (STDOUT, CELL)#
#2026 09 16 12:00:20.135#Z#DEBUG#d27b103a-b1c5-11f1-bf33-eeee0a8e3dbc.RiskManagement-srv#flowable-async-job-executor-thread-1598#
[PollStartAppStatusExecution] 43ad4e59-2e0c-4995-adf4-ca00afbfb842 [2026-09-16T12:00:14.860815] Downloaded droplet (62.1M) (STDOUT, CELL)#
#2026 09 16 12:00:20.135#Z#DEBUG#d27b103a-b1c5-11f1-bf33-eeee0a8e3dbc.RiskManagement-srv#flowable-async-job-executor-thread-1598#
[PollStartAppStatusExecution] 43ad4e59-2e0c-4995-adf4-ca00afbfb842 [2026-09-16T12:00:14.861198] Starting health monitoring of container (STDOUT, CELL)#
#2026 09 16 12:00:20.135#Z#DEBUG#d27b103a-b1c5-11f1-bf33-eeee0a8e3dbc.RiskManagement-srv#flowable-async-job-executor-thread-1598#
[PollStartAppStatusExecution] 43ad4e59-2e0c-4995-adf4-ca00afbfb842 [2026-09-16T12:00:15.054008] Invoking pre-start scripts. (STDOUT, APP/PROC/WEB)#
#2026 09 16 12:00:20.135#Z#DEBUG#d27b103a-b1c5-11f1-bf33-eeee0a8e3dbc.RiskManagement-srv#flowable-async-job-executor-thread-1598#
[PollStartAppStatusExecution] 43ad4e59-2e0c-4995-adf4-ca00afbfb842 [2026-09-16T12:00:15.305005] Invoking start command. (STDOUT, APP/PROC/WEB)#
#2026 09 16 12:00:20.135#Z#DEBUG#d27b103a-b1c5-11f1-bf33-eeee0a8e3dbc.RiskManagement-srv#flowable-async-job-executor-thread-1598#
[PollStartAppStatusExecution] 43ad4e59-2e0c-4995-adf4-ca00afbfb842 [2026-09-16T12:00:15.894082] > RiskManagement@1.0.0 start (STDOUT, APP/PROC/WEB)#
#2026 09 16 12:00:20.135#Z#DEBUG#d27b103a-b1c5-11f1-bf33-eeee0a8e3dbc.RiskManagement-srv#flowable-async-job-executor-thread-1598#
[PollStartAppStatusExecution] 43ad4e59-2e0c-4995-adf4-ca00afbfb842 [2026-09-16T12:00:15.894120] > cds-serve (STDOUT, APP/PROC/WEB)#
#2026 09 16 12:00:20.135#Z#DEBUG#d27b103a-b1c5-11f1-bf33-eeee0a8e3dbc.RiskManagement-srv#flowable-async-job-executor-thread-1598#
[PollStartAppStatusExecution] 43ad4e59-2e0c-4995-adf4-ca00afbfb842 [2026-09-16T12:00:16.507917] {"level":"info","logger":"cds","timestamp":"2026-09-16T12:00:16.506Z","layer":"cds","component_type":"application","container_id":"10.32.3.6","component_id":"43ad4e59-2e0c-4995-adf4-ca00afbfb842","component_name":"RiskManagement-srv","component_instance":0,"source_instance":0,"organization_name":"47a58eedtrial","organization_id":"d7a02038-bfb6-4965-9398-981fd602b71e","space_name":"dev","space_id":"b1534f58-8387-42a5-8ece-809300958c1c","msg":"loaded model from 1 file(s):\n ","type":"log"} (STDOUT, APP/PROC/WEB)#
#2026 09 16 12:00:20.135#Z#DEBUG#d27b103a-b1c5-11f1-bf33-eeee0a8e3dbc.RiskManagement-srv#flowable-async-job-executor-thread-1598#
[PollStartAppStatusExecution] 43ad4e59-2e0c-4995-adf4-ca00afbfb842 [2026-09-16T12:00:16.508381] srv/csn.json (STDOUT, APP/PROC/WEB)#
#2026 09 16 12:00:20.135#Z#DEBUG#d27b103a-b1c5-11f1-bf33-eeee0a8e3dbc.RiskManagement-srv#flowable-async-job-executor-thread-1598#
[PollStartAppStatusExecution] 43ad4e59-2e0c-4995-adf4-ca00afbfb842 [2026-09-16T12:00:16.860350] {"level":"info","logger":"cds","timestamp":"2026-09-16T12:00:16.859Z","layer":"cds","component_type":"application","container_id":"10.32.3.6","component_id":"43ad4e59-2e0c-4995-adf4-ca00afbfb842","component_name":"RiskManagement-srv","component_instance":0,"source_instance":0,"organization_name":"47a58eedtrial","organization_id":"d7a02038-bfb6-4965-9398-981fd602b71e","space_name":"dev","space_id":"b1534f58-8387-42a5-8ece-809300958c1c","msg":"connect to db > hana {\n  database_id: '69bcbe67-03bc-4478-9fd0-d9ad2b0779fc',\n  host: '69bcbe67-03bc-4478-9fd0-d9ad2b0779fc.hna0.prod-us10.hanacloud.ondemand.com',\n  port: '443',\n  driver: 'com.sap.db.jdbc.Driver',\n  url: 'jdbc:sap://69bcbe67-03bc-4478-9fd0-d9ad2b0779fc.hna0.prod-us10.hanacloud.ondemand.com:443?encrypt=true&validateCertificate=true&currentschema=1D2FD6BD9AE248389E2C5DD7F64681C6',\n  schema: '1D2FD6BD9AE248389E2C5DD7F64681C6',\n  certificate: '...',\n  hdi_user: '1D2FD6BD9AE248389E2C5DD7F64681C6_BGLOAL9S8VB716N7PWHIMKK1K_DT',\n  hdi_password: '...',\n  user: '1D2FD6BD9AE248389E2C5DD7F64681C6_BGLOAL9S8VB716N7PWHIMKK1K_RT',\n  password: '...'\n}","type":"log"} (STDOUT, APP/PROC/WEB)#
#2026 09 16 12:00:20.135#Z#DEBUG#d27b103a-b1c5-11f1-bf33-eeee0a8e3dbc.RiskManagement-srv#flowable-async-job-executor-thread-1598#
[PollStartAppStatusExecution] 43ad4e59-2e0c-4995-adf4-ca00afbfb842 [2026-09-16T12:00:16.928904] {"level":"info","logger":"cds","timestamp":"2026-09-16T12:00:16.928Z","layer":"cds","component_type":"application","container_id":"10.32.3.6","component_id":"43ad4e59-2e0c-4995-adf4-ca00afbfb842","component_name":"RiskManagement-srv","component_instance":0,"source_instance":0,"organization_name":"47a58eedtrial","organization_id":"d7a02038-bfb6-4965-9398-981fd602b71e","space_name":"dev","space_id":"b1534f58-8387-42a5-8ece-809300958c1c","msg":"using auth strategy { kind: 'jwt' }","type":"log"} (STDOUT, APP/PROC/WEB)#
#2026 09 16 12:00:20.135#Z#DEBUG#d27b103a-b1c5-11f1-bf33-eeee0a8e3dbc.RiskManagement-srv#flowable-async-job-executor-thread-1598#
[PollStartAppStatusExecution] 43ad4e59-2e0c-4995-adf4-ca00afbfb842 [2026-09-16T12:00:16.995213] /home/vcap/app/node_modules/@sap/cds/lib/srv/middlewares/auth/jwt-auth.js:16 (STDERR, APP/PROC/WEB)#
#2026 09 16 12:00:20.135#Z#DEBUG#d27b103a-b1c5-11f1-bf33-eeee0a8e3dbc.RiskManagement-srv#flowable-async-job-executor-thread-1598#
[PollStartAppStatusExecution] 43ad4e59-2e0c-4995-adf4-ca00afbfb842 [2026-09-16T12:00:16.995245] throw new Error( (STDERR, APP/PROC/WEB)#
#2026 09 16 12:00:20.135#Z#DEBUG#d27b103a-b1c5-11f1-bf33-eeee0a8e3dbc.RiskManagement-srv#flowable-async-job-executor-thread-1598#
[PollStartAppStatusExecution] 43ad4e59-2e0c-4995-adf4-ca00afbfb842 [2026-09-16T12:00:16.995250] ^ (STDERR, APP/PROC/WEB)#
#2026 09 16 12:00:20.135#Z#DEBUG#d27b103a-b1c5-11f1-bf33-eeee0a8e3dbc.RiskManagement-srv#flowable-async-job-executor-thread-1598#
[PollStartAppStatusExecution] 43ad4e59-2e0c-4995-adf4-ca00afbfb842 [2026-09-16T12:00:16.995260] Error: Authentication kind "jwt" configured, but no XSUAA instance bound to application. Either bind an XSUAA instance, or switch to an authentication kind that does not require a binding. (STDERR, APP/PROC/WEB)#
#2026 09 16 12:00:20.135#Z#DEBUG#d27b103a-b1c5-11f1-bf33-eeee0a8e3dbc.RiskManagement-srv#flowable-async-job-executor-thread-1598#
[PollStartAppStatusExecution] 43ad4e59-2e0c-4995-adf4-ca00afbfb842 [2026-09-16T12:00:16.995264] at jwt_auth (/home/vcap/app/node_modules/@sap/cds/lib/srv/middlewares/auth/jwt-auth.js:16:11) (STDERR, APP/PROC/WEB)#
#2026 09 16 12:00:20.135#Z#DEBUG#d27b103a-b1c5-11f1-bf33-eeee0a8e3dbc.RiskManagement-srv#flowable-async-job-executor-thread-1598#
[PollStartAppStatusExecution] 43ad4e59-2e0c-4995-adf4-ca00afbfb842 [2026-09-16T12:00:16.995267] at auth_factory (/home/vcap/app/node_modules/@sap/cds/lib/srv/middlewares/auth/index.js:49:61) (STDERR, APP/PROC/WEB)#
#2026 09 16 12:00:20.135#Z#DEBUG#d27b103a-b1c5-11f1-bf33-eeee0a8e3dbc.RiskManagement-srv#flowable-async-job-executor-thread-1598#
[PollStartAppStatusExecution] 43ad4e59-2e0c-4995-adf4-ca00afbfb842 [2026-09-16T12:00:16.995275] at _instantiate (/home/vcap/app/node_modules/@sap/cds/lib/srv/middlewares/index.js:49:12) (STDERR, APP/PROC/WEB)#
#2026 09 16 12:00:20.135#Z#DEBUG#d27b103a-b1c5-11f1-bf33-eeee0a8e3dbc.RiskManagement-srv#flowable-async-job-executor-thread-1598#
[PollStartAppStatusExecution] 43ad4e59-2e0c-4995-adf4-ca00afbfb842 [2026-09-16T12:00:16.995278] at /home/vcap/app/node_modules/@sap/cds/lib/srv/middlewares/index.js:13:13 (STDERR, APP/PROC/WEB)#
#2026 09 16 12:00:20.135#Z#DEBUG#d27b103a-b1c5-11f1-bf33-eeee0a8e3dbc.RiskManagement-srv#flowable-async-job-executor-thread-1598#
[PollStartAppStatusExecution] 43ad4e59-2e0c-4995-adf4-ca00afbfb842 [2026-09-16T12:00:16.995285] at Array.map (<anonymous>) (STDERR, APP/PROC/WEB)#
#2026 09 16 12:00:20.135#Z#DEBUG#d27b103a-b1c5-11f1-bf33-eeee0a8e3dbc.RiskManagement-srv#flowable-async-job-executor-thread-1598#
[PollStartAppStatusExecution] 43ad4e59-2e0c-4995-adf4-ca00afbfb842 [2026-09-16T12:00:16.995288] at Object.<anonymous> (/home/vcap/app/node_modules/@sap/cds/lib/srv/middlewares/index.js:13:3) (STDERR, APP/PROC/WEB)#
#2026 09 16 12:00:20.135#Z#DEBUG#d27b103a-b1c5-11f1-bf33-eeee0a8e3dbc.RiskManagement-srv#flowable-async-job-executor-thread-1598#
[PollStartAppStatusExecution] 43ad4e59-2e0c-4995-adf4-ca00afbfb842 [2026-09-16T12:00:16.995316] at Module._compile (node:internal/modules/cjs/loader:1871:14) (STDERR, APP/PROC/WEB)#
#2026 09 16 12:00:20.135#Z#DEBUG#d27b103a-b1c5-11f1-bf33-eeee0a8e3dbc.RiskManagement-srv#flowable-async-job-executor-thread-1598#
[PollStartAppStatusExecution] 43ad4e59-2e0c-4995-adf4-ca00afbfb842 [2026-09-16T12:00:16.995320] at Object..js (node:internal/modules/cjs/loader:2002:10) (STDERR, APP/PROC/WEB)#
#2026 09 16 12:00:20.135#Z#DEBUG#d27b103a-b1c5-11f1-bf33-eeee0a8e3dbc.RiskManagement-srv#flowable-async-job-executor-thread-1598#
[PollStartAppStatusExecution] 43ad4e59-2e0c-4995-adf4-ca00afbfb842 [2026-09-16T12:00:16.995322] at Module.load (node:internal/modules/cjs/loader:1594:32) (STDERR, APP/PROC/WEB)#
#2026 09 16 12:00:20.135#Z#DEBUG#d27b103a-b1c5-11f1-bf33-eeee0a8e3dbc.RiskManagement-srv#flowable-async-job-executor-thread-1598#
[PollStartAppStatusExecution] 43ad4e59-2e0c-4995-adf4-ca00afbfb842 [2026-09-16T12:00:16.995326] at Module._load (node:internal/modules/cjs/loader:1396:12) (STDERR, APP/PROC/WEB)#
#2026 09 16 12:00:20.135#Z#DEBUG#d27b103a-b1c5-11f1-bf33-eeee0a8e3dbc.RiskManagement-srv#flowable-async-job-executor-thread-1598#
[PollStartAppStatusExecution] 43ad4e59-2e0c-4995-adf4-ca00afbfb842 [2026-09-16T12:00:16.995329] Node.js v24.18.0 (STDERR, APP/PROC/WEB)#
#2026 09 16 12:00:20.135#Z#DEBUG#d27b103a-b1c5-11f1-bf33-eeee0a8e3dbc.RiskManagement-srv#flowable-async-job-executor-thread-1598#
[PollStartAppStatusExecution] 43ad4e59-2e0c-4995-adf4-ca00afbfb842 [2026-09-16T12:00:17.029427] npm notice (STDERR, APP/PROC/WEB)#
#2026 09 16 12:00:20.135#Z#DEBUG#d27b103a-b1c5-11f1-bf33-eeee0a8e3dbc.RiskManagement-srv#flowable-async-job-executor-thread-1598#
[PollStartAppStatusExecution] 43ad4e59-2e0c-4995-adf4-ca00afbfb842 [2026-09-16T12:00:17.029459] npm notice New major version of npm available! 11.16.0 -> 12.0.2 (STDERR, APP/PROC/WEB)#
#2026 09 16 12:00:20.135#Z#DEBUG#d27b103a-b1c5-11f1-bf33-eeee0a8e3dbc.RiskManagement-srv#flowable-async-job-executor-thread-1598#
[PollStartAppStatusExecution] 43ad4e59-2e0c-4995-adf4-ca00afbfb842 [2026-09-16T12:00:17.029464] npm notice Changelog: https://github.com/npm/cli/releases/tag/v12.0.2 (STDERR, APP/PROC/WEB)#
#2026 09 16 12:00:20.135#Z#DEBUG#d27b103a-b1c5-11f1-bf33-eeee0a8e3dbc.RiskManagement-srv#flowable-async-job-executor-thread-1598#
[PollStartAppStatusExecution] 43ad4e59-2e0c-4995-adf4-ca00afbfb842 [2026-09-16T12:00:17.029467] npm notice To update run: npm install -g npm@12.0.2 (STDERR, APP/PROC/WEB)#
#2026 09 16 12:00:20.135#Z#DEBUG#d27b103a-b1c5-11f1-bf33-eeee0a8e3dbc.RiskManagement-srv#flowable-async-job-executor-thread-1598#
[PollStartAppStatusExecution] 43ad4e59-2e0c-4995-adf4-ca00afbfb842 [2026-09-16T12:00:17.029471] npm notice (STDERR, APP/PROC/WEB)#
#2026 09 16 12:00:20.135#Z#DEBUG#d27b103a-b1c5-11f1-bf33-eeee0a8e3dbc.RiskManagement-srv#flowable-async-job-executor-thread-1598#
[PollStartAppStatusExecution] 43ad4e59-2e0c-4995-adf4-ca00afbfb842 [2026-09-16T12:00:17.109211] Exit status 1 (STDOUT, APP/PROC/WEB)#
#2026 09 16 12:00:30.473#Z#DEBUG#d27b103a-b1c5-11f1-bf33-eeee0a8e3dbc.RiskManagement-srv#flowable-async-job-executor-thread-1599#
[PollStartAppStatusExecution] 43ad4e59-2e0c-4995-adf4-ca00afbfb842 [2026-09-16T12:00:24.483655] Cell 77283d80-dfa7-40ba-ba4e-265aef112085 stopping instance 50571479-e34e-4389-4165-332e (STDOUT, CELL)#
#2026 09 16 12:00:30.473#Z#DEBUG#d27b103a-b1c5-11f1-bf33-eeee0a8e3dbc.RiskManagement-srv#flowable-async-job-executor-thread-1599#
[PollStartAppStatusExecution] 43ad4e59-2e0c-4995-adf4-ca00afbfb842 [2026-09-16T12:00:24.483695] Cell 77283d80-dfa7-40ba-ba4e-265aef112085 destroying container for instance 50571479-e34e-4389-4165-332e (STDOUT, CELL)#
#2026 09 16 12:00:30.473#Z#DEBUG#d27b103a-b1c5-11f1-bf33-eeee0a8e3dbc.RiskManagement-srv#flowable-async-job-executor-thread-1599#
[PollStartAppStatusExecution] 43ad4e59-2e0c-4995-adf4-ca00afbfb842 [2026-09-16T12:00:24.490303] Process has crashed with type: "web" (STDOUT, API)#
#2026 09 16 12:00:30.473#Z#DEBUG#d27b103a-b1c5-11f1-bf33-eeee0a8e3dbc.RiskManagement-srv#flowable-async-job-executor-thread-1599#
[PollStartAppStatusExecution] 43ad4e59-2e0c-4995-adf4-ca00afbfb842 [2026-09-16T12:00:24.507304] App instance exited with guid 43ad4e59-2e0c-4995-adf4-ca00afbfb842 payload: {"instance"=>"50571479-e34e-4389-4165-332e", "index"=>0, "cell_id"=>"77283d80-dfa7-40ba-ba4e-265aef112085", "reason"=>"CRASHED", "exit_description"=>"APP/PROC/WEB: Exited with status 1", "crash_count"=>2, "crash_timestamp"=>1789560024458174421, "version"=>"b2af4402-d893-4385-a824-a52d4b195d76"} (STDOUT, API)#
#2026 09 16 12:00:30.473#Z#DEBUG#d27b103a-b1c5-11f1-bf33-eeee0a8e3dbc.RiskManagement-srv#flowable-async-job-executor-thread-1599#
[PollStartAppStatusExecution] 43ad4e59-2e0c-4995-adf4-ca00afbfb842 [2026-09-16T12:00:24.766634] Cell c839c7b1-088e-41af-b9b7-66256aacd457 creating container for instance af4be2e2-0392-42c6-79ec-a9e1 (STDOUT, CELL)#
#2026 09 16 12:00:30.473#Z#DEBUG#d27b103a-b1c5-11f1-bf33-eeee0a8e3dbc.RiskManagement-srv#flowable-async-job-executor-thread-1599#
[PollStartAppStatusExecution] 43ad4e59-2e0c-4995-adf4-ca00afbfb842 [2026-09-16T12:00:24.798618] Exit status 137 (STDOUT, PROXY)#
#2026 09 16 12:00:30.473#Z#DEBUG#d27b103a-b1c5-11f1-bf33-eeee0a8e3dbc.RiskManagement-srv#flowable-async-job-executor-thread-1599#
[PollStartAppStatusExecution] 43ad4e59-2e0c-4995-adf4-ca00afbfb842 [2026-09-16T12:00:25.507633] Security group rules were updated (STDOUT, CELL)#
#2026 09 16 12:00:30.473#Z#DEBUG#d27b103a-b1c5-11f1-bf33-eeee0a8e3dbc.RiskManagement-srv#flowable-async-job-executor-thread-1599#
[PollStartAppStatusExecution] 43ad4e59-2e0c-4995-adf4-ca00afbfb842 [2026-09-16T12:00:25.585710] Cell c839c7b1-088e-41af-b9b7-66256aacd457 successfully created container for instance af4be2e2-0392-42c6-79ec-a9e1 (STDOUT, CELL)#
#2026 09 16 12:00:30.473#Z#DEBUG#d27b103a-b1c5-11f1-bf33-eeee0a8e3dbc.RiskManagement-srv#flowable-async-job-executor-thread-1599#
[PollStartAppStatusExecution] 43ad4e59-2e0c-4995-adf4-ca00afbfb842 [2026-09-16T12:00:26.347995] Downloading droplet... (STDOUT, CELL)#
#2026 09 16 12:00:30.473#Z#DEBUG#d27b103a-b1c5-11f1-bf33-eeee0a8e3dbc.RiskManagement-srv#flowable-async-job-executor-thread-1599#
[PollStartAppStatusExecution] 43ad4e59-2e0c-4995-adf4-ca00afbfb842 [2026-09-16T12:00:27.493650] Cell 77283d80-dfa7-40ba-ba4e-265aef112085 successfully destroyed container for instance 50571479-e34e-4389-4165-332e (STDOUT, CELL)#
#2026 09 16 12:00:40.724#Z#DEBUG#d27b103a-b1c5-11f1-bf33-eeee0a8e3dbc.RiskManagement-srv#flowable-async-job-executor-thread-1604#
[PollStartAppStatusExecution] 43ad4e59-2e0c-4995-adf4-ca00afbfb842 [2026-09-16T12:00:30.428611] Downloaded droplet (62.1M) (STDOUT, CELL)#
#2026 09 16 12:00:40.724#Z#DEBUG#d27b103a-b1c5-11f1-bf33-eeee0a8e3dbc.RiskManagement-srv#flowable-async-job-executor-thread-1604#
[PollStartAppStatusExecution] 43ad4e59-2e0c-4995-adf4-ca00afbfb842 [2026-09-16T12:00:30.428749] Starting health monitoring of container (STDOUT, CELL)#
#2026 09 16 12:00:40.724#Z#DEBUG#d27b103a-b1c5-11f1-bf33-eeee0a8e3dbc.RiskManagement-srv#flowable-async-job-executor-thread-1604#
[PollStartAppStatusExecution] 43ad4e59-2e0c-4995-adf4-ca00afbfb842 [2026-09-16T12:00:30.592322] Invoking pre-start scripts. (STDOUT, APP/PROC/WEB)#
#2026 09 16 12:00:40.724#Z#DEBUG#d27b103a-b1c5-11f1-bf33-eeee0a8e3dbc.RiskManagement-srv#flowable-async-job-executor-thread-1604#
[PollStartAppStatusExecution] 43ad4e59-2e0c-4995-adf4-ca00afbfb842 [2026-09-16T12:00:30.830815] Invoking start command. (STDOUT, APP/PROC/WEB)#
#2026 09 16 12:00:40.724#Z#DEBUG#d27b103a-b1c5-11f1-bf33-eeee0a8e3dbc.RiskManagement-srv#flowable-async-job-executor-thread-1604#
[PollStartAppStatusExecution] 43ad4e59-2e0c-4995-adf4-ca00afbfb842 [2026-09-16T12:00:31.330957] > RiskManagement@1.0.0 start (STDOUT, APP/PROC/WEB)#
#2026 09 16 12:00:40.724#Z#DEBUG#d27b103a-b1c5-11f1-bf33-eeee0a8e3dbc.RiskManagement-srv#flowable-async-job-executor-thread-1604#
[PollStartAppStatusExecution] 43ad4e59-2e0c-4995-adf4-ca00afbfb842 [2026-09-16T12:00:31.330985] > cds-serve (STDOUT, APP/PROC/WEB)#
#2026 09 16 12:00:40.724#Z#DEBUG#d27b103a-b1c5-11f1-bf33-eeee0a8e3dbc.RiskManagement-srv#flowable-async-job-executor-thread-1604#
[PollStartAppStatusExecution] 43ad4e59-2e0c-4995-adf4-ca00afbfb842 [2026-09-16T12:00:31.791791] {"level":"info","logger":"cds","timestamp":"2026-09-16T12:00:31.790Z","layer":"cds","component_type":"application","container_id":"10.32.2.6","component_id":"43ad4e59-2e0c-4995-adf4-ca00afbfb842","component_name":"RiskManagement-srv","component_instance":0,"source_instance":0,"organization_name":"47a58eedtrial","organization_id":"d7a02038-bfb6-4965-9398-981fd602b71e","space_name":"dev","space_id":"b1534f58-8387-42a5-8ece-809300958c1c","msg":"loaded model from 1 file(s):\n ","type":"log"} (STDOUT, APP/PROC/WEB)#
#2026 09 16 12:00:40.724#Z#DEBUG#d27b103a-b1c5-11f1-bf33-eeee0a8e3dbc.RiskManagement-srv#flowable-async-job-executor-thread-1604#
[PollStartAppStatusExecution] 43ad4e59-2e0c-4995-adf4-ca00afbfb842 [2026-09-16T12:00:31.792928] srv/csn.json (STDOUT, APP/PROC/WEB)#
#2026 09 16 12:00:40.724#Z#DEBUG#d27b103a-b1c5-11f1-bf33-eeee0a8e3dbc.RiskManagement-srv#flowable-async-job-executor-thread-1604#
[PollStartAppStatusExecution] 43ad4e59-2e0c-4995-adf4-ca00afbfb842 [2026-09-16T12:00:32.111756] {"level":"info","logger":"cds","timestamp":"2026-09-16T12:00:32.110Z","layer":"cds","component_type":"application","container_id":"10.32.2.6","component_id":"43ad4e59-2e0c-4995-adf4-ca00afbfb842","component_name":"RiskManagement-srv","component_instance":0,"source_instance":0,"organization_name":"47a58eedtrial","organization_id":"d7a02038-bfb6-4965-9398-981fd602b71e","space_name":"dev","space_id":"b1534f58-8387-42a5-8ece-809300958c1c","msg":"connect to db > hana {\n  database_id: '69bcbe67-03bc-4478-9fd0-d9ad2b0779fc',\n  host: '69bcbe67-03bc-4478-9fd0-d9ad2b0779fc.hna0.prod-us10.hanacloud.ondemand.com',\n  port: '443',\n  driver: 'com.sap.db.jdbc.Driver',\n  url: 'jdbc:sap://69bcbe67-03bc-4478-9fd0-d9ad2b0779fc.hna0.prod-us10.hanacloud.ondemand.com:443?encrypt=true&validateCertificate=true&currentschema=1D2FD6BD9AE248389E2C5DD7F64681C6',\n  schema: '1D2FD6BD9AE248389E2C5DD7F64681C6',\n  certificate: '...',\n  hdi_user: '1D2FD6BD9AE248389E2C5DD7F64681C6_BGLOAL9S8VB716N7PWHIMKK1K_DT',\n  hdi_password: '...',\n  user: '1D2FD6BD9AE248389E2C5DD7F64681C6_BGLOAL9S8VB716N7PWHIMKK1K_RT',\n  password: '...'\n}","type":"log"} (STDOUT, APP/PROC/WEB)#
#2026 09 16 12:00:40.724#Z#DEBUG#d27b103a-b1c5-11f1-bf33-eeee0a8e3dbc.RiskManagement-srv#flowable-async-job-executor-thread-1604#
[PollStartAppStatusExecution] 43ad4e59-2e0c-4995-adf4-ca00afbfb842 [2026-09-16T12:00:32.171918] {"level":"info","logger":"cds","timestamp":"2026-09-16T12:00:32.171Z","layer":"cds","component_type":"application","container_id":"10.32.2.6","component_id":"43ad4e59-2e0c-4995-adf4-ca00afbfb842","component_name":"RiskManagement-srv","component_instance":0,"source_instance":0,"organization_name":"47a58eedtrial","organization_id":"d7a02038-bfb6-4965-9398-981fd602b71e","space_name":"dev","space_id":"b1534f58-8387-42a5-8ece-809300958c1c","msg":"using auth strategy { kind: 'jwt' }","type":"log"} (STDOUT, APP/PROC/WEB)#
#2026 09 16 12:00:40.724#Z#DEBUG#d27b103a-b1c5-11f1-bf33-eeee0a8e3dbc.RiskManagement-srv#flowable-async-job-executor-thread-1604#
[PollStartAppStatusExecution] 43ad4e59-2e0c-4995-adf4-ca00afbfb842 [2026-09-16T12:00:32.203709] /home/vcap/app/node_modules/@sap/cds/lib/srv/middlewares/auth/jwt-auth.js:16 (STDERR, APP/PROC/WEB)#
#2026 09 16 12:00:40.724#Z#DEBUG#d27b103a-b1c5-11f1-bf33-eeee0a8e3dbc.RiskManagement-srv#flowable-async-job-executor-thread-1604#
[PollStartAppStatusExecution] 43ad4e59-2e0c-4995-adf4-ca00afbfb842 [2026-09-16T12:00:32.203735] throw new Error( (STDERR, APP/PROC/WEB)#
#2026 09 16 12:00:40.724#Z#DEBUG#d27b103a-b1c5-11f1-bf33-eeee0a8e3dbc.RiskManagement-srv#flowable-async-job-executor-thread-1604#
[PollStartAppStatusExecution] 43ad4e59-2e0c-4995-adf4-ca00afbfb842 [2026-09-16T12:00:32.203740] ^ (STDERR, APP/PROC/WEB)#
#2026 09 16 12:00:40.724#Z#DEBUG#d27b103a-b1c5-11f1-bf33-eeee0a8e3dbc.RiskManagement-srv#flowable-async-job-executor-thread-1604#
[PollStartAppStatusExecution] 43ad4e59-2e0c-4995-adf4-ca00afbfb842 [2026-09-16T12:00:32.203749] Error: Authentication kind "jwt" configured, but no XSUAA instance bound to application. Either bind an XSUAA instance, or switch to an authentication kind that does not require a binding. (STDERR, APP/PROC/WEB)#
#2026 09 16 12:00:40.724#Z#DEBUG#d27b103a-b1c5-11f1-bf33-eeee0a8e3dbc.RiskManagement-srv#flowable-async-job-executor-thread-1604#
[PollStartAppStatusExecution] 43ad4e59-2e0c-4995-adf4-ca00afbfb842 [2026-09-16T12:00:32.203754] at jwt_auth (/home/vcap/app/node_modules/@sap/cds/lib/srv/middlewares/auth/jwt-auth.js:16:11) (STDERR, APP/PROC/WEB)#
#2026 09 16 12:00:40.724#Z#DEBUG#d27b103a-b1c5-11f1-bf33-eeee0a8e3dbc.RiskManagement-srv#flowable-async-job-executor-thread-1604#
[PollStartAppStatusExecution] 43ad4e59-2e0c-4995-adf4-ca00afbfb842 [2026-09-16T12:00:32.203757] at auth_factory (/home/vcap/app/node_modules/@sap/cds/lib/srv/middlewares/auth/index.js:49:61) (STDERR, APP/PROC/WEB)#
#2026 09 16 12:00:40.724#Z#DEBUG#d27b103a-b1c5-11f1-bf33-eeee0a8e3dbc.RiskManagement-srv#flowable-async-job-executor-thread-1604#
[PollStartAppStatusExecution] 43ad4e59-2e0c-4995-adf4-ca00afbfb842 [2026-09-16T12:00:32.203763] at _instantiate (/home/vcap/app/node_modules/@sap/cds/lib/srv/middlewares/index.js:49:12) (STDERR, APP/PROC/WEB)#
#2026 09 16 12:00:40.724#Z#DEBUG#d27b103a-b1c5-11f1-bf33-eeee0a8e3dbc.RiskManagement-srv#flowable-async-job-executor-thread-1604#
[PollStartAppStatusExecution] 43ad4e59-2e0c-4995-adf4-ca00afbfb842 [2026-09-16T12:00:32.203766] at /home/vcap/app/node_modules/@sap/cds/lib/srv/middlewares/index.js:13:13 (STDERR, APP/PROC/WEB)#
#2026 09 16 12:00:40.724#Z#DEBUG#d27b103a-b1c5-11f1-bf33-eeee0a8e3dbc.RiskManagement-srv#flowable-async-job-executor-thread-1604#
[PollStartAppStatusExecution] 43ad4e59-2e0c-4995-adf4-ca00afbfb842 [2026-09-16T12:00:32.203772] at Array.map (<anonymous>) (STDERR, APP/PROC/WEB)#
#2026 09 16 12:00:40.724#Z#DEBUG#d27b103a-b1c5-11f1-bf33-eeee0a8e3dbc.RiskManagement-srv#flowable-async-job-executor-thread-1604#
[PollStartAppStatusExecution] 43ad4e59-2e0c-4995-adf4-ca00afbfb842 [2026-09-16T12:00:32.203776] at Object.<anonymous> (/home/vcap/app/node_modules/@sap/cds/lib/srv/middlewares/index.js:13:3) (STDERR, APP/PROC/WEB)#
#2026 09 16 12:00:40.724#Z#DEBUG#d27b103a-b1c5-11f1-bf33-eeee0a8e3dbc.RiskManagement-srv#flowable-async-job-executor-thread-1604#
[PollStartAppStatusExecution] 43ad4e59-2e0c-4995-adf4-ca00afbfb842 [2026-09-16T12:00:32.203779] at Module._compile (node:internal/modules/cjs/loader:1871:14) (STDERR, APP/PROC/WEB)#
#2026 09 16 12:00:40.724#Z#DEBUG#d27b103a-b1c5-11f1-bf33-eeee0a8e3dbc.RiskManagement-srv#flowable-async-job-executor-thread-1604#
[PollStartAppStatusExecution] 43ad4e59-2e0c-4995-adf4-ca00afbfb842 [2026-09-16T12:00:32.203782] at Object..js (node:internal/modules/cjs/loader:2002:10) (STDERR, APP/PROC/WEB)#
#2026 09 16 12:00:40.724#Z#DEBUG#d27b103a-b1c5-11f1-bf33-eeee0a8e3dbc.RiskManagement-srv#flowable-async-job-executor-thread-1604#
[PollStartAppStatusExecution] 43ad4e59-2e0c-4995-adf4-ca00afbfb842 [2026-09-16T12:00:32.203785] at Module.load (node:internal/modules/cjs/loader:1594:32) (STDERR, APP/PROC/WEB)#
#2026 09 16 12:00:40.724#Z#DEBUG#d27b103a-b1c5-11f1-bf33-eeee0a8e3dbc.RiskManagement-srv#flowable-async-job-executor-thread-1604#
[PollStartAppStatusExecution] 43ad4e59-2e0c-4995-adf4-ca00afbfb842 [2026-09-16T12:00:32.203788] at Module._load (node:internal/modules/cjs/loader:1396:12) (STDERR, APP/PROC/WEB)#
#2026 09 16 12:00:40.724#Z#DEBUG#d27b103a-b1c5-11f1-bf33-eeee0a8e3dbc.RiskManagement-srv#flowable-async-job-executor-thread-1604#
[PollStartAppStatusExecution] 43ad4e59-2e0c-4995-adf4-ca00afbfb842 [2026-09-16T12:00:32.203791] Node.js v24.18.0 (STDERR, APP/PROC/WEB)#
#2026 09 16 12:00:40.724#Z#DEBUG#d27b103a-b1c5-11f1-bf33-eeee0a8e3dbc.RiskManagement-srv#flowable-async-job-executor-thread-1604#
[PollStartAppStatusExecution] 43ad4e59-2e0c-4995-adf4-ca00afbfb842 [2026-09-16T12:00:32.226196] npm notice (STDERR, APP/PROC/WEB)#
#2026 09 16 12:00:40.724#Z#DEBUG#d27b103a-b1c5-11f1-bf33-eeee0a8e3dbc.RiskManagement-srv#flowable-async-job-executor-thread-1604#
[PollStartAppStatusExecution] 43ad4e59-2e0c-4995-adf4-ca00afbfb842 [2026-09-16T12:00:32.226224] npm notice New major version of npm available! 11.16.0 -> 12.0.2 (STDERR, APP/PROC/WEB)#
#2026 09 16 12:00:40.724#Z#DEBUG#d27b103a-b1c5-11f1-bf33-eeee0a8e3dbc.RiskManagement-srv#flowable-async-job-executor-thread-1604#
[PollStartAppStatusExecution] 43ad4e59-2e0c-4995-adf4-ca00afbfb842 [2026-09-16T12:00:32.226230] npm notice Changelog: https://github.com/npm/cli/releases/tag/v12.0.2 (STDERR, APP/PROC/WEB)#
#2026 09 16 12:00:40.724#Z#DEBUG#d27b103a-b1c5-11f1-bf33-eeee0a8e3dbc.RiskManagement-srv#flowable-async-job-executor-thread-1604#
[PollStartAppStatusExecution] 43ad4e59-2e0c-4995-adf4-ca00afbfb842 [2026-09-16T12:00:32.226233] npm notice To update run: npm install -g npm@12.0.2 (STDERR, APP/PROC/WEB)#
#2026 09 16 12:00:40.724#Z#DEBUG#d27b103a-b1c5-11f1-bf33-eeee0a8e3dbc.RiskManagement-srv#flowable-async-job-executor-thread-1604#
[PollStartAppStatusExecution] 43ad4e59-2e0c-4995-adf4-ca00afbfb842 [2026-09-16T12:00:32.226235] npm notice (STDERR, APP/PROC/WEB)#
#2026 09 16 12:00:40.724#Z#DEBUG#d27b103a-b1c5-11f1-bf33-eeee0a8e3dbc.RiskManagement-srv#flowable-async-job-executor-thread-1604#
[PollStartAppStatusExecution] 43ad4e59-2e0c-4995-adf4-ca00afbfb842 [2026-09-16T12:00:32.315476] Exit status 1 (STDOUT, APP/PROC/WEB)#
#2026 09 16 12:00:40.724#Z#DEBUG#d27b103a-b1c5-11f1-bf33-eeee0a8e3dbc.RiskManagement-srv#flowable-async-job-executor-thread-1604#
[PollStartAppStatusExecution] 43ad4e59-2e0c-4995-adf4-ca00afbfb842 [2026-09-16T12:00:38.098486] Cell c839c7b1-088e-41af-b9b7-66256aacd457 stopping instance af4be2e2-0392-42c6-79ec-a9e1 (STDOUT, CELL)#
#2026 09 16 12:00:40.724#Z#DEBUG#d27b103a-b1c5-11f1-bf33-eeee0a8e3dbc.RiskManagement-srv#flowable-async-job-executor-thread-1604#
[PollStartAppStatusExecution] 43ad4e59-2e0c-4995-adf4-ca00afbfb842 [2026-09-16T12:00:38.098517] Cell c839c7b1-088e-41af-b9b7-66256aacd457 destroying container for instance af4be2e2-0392-42c6-79ec-a9e1 (STDOUT, CELL)#
#2026 09 16 12:00:40.724#Z#DEBUG#d27b103a-b1c5-11f1-bf33-eeee0a8e3dbc.RiskManagement-srv#flowable-async-job-executor-thread-1604#
[PollStartAppStatusExecution] 43ad4e59-2e0c-4995-adf4-ca00afbfb842 [2026-09-16T12:00:38.120959] Process has crashed with type: "web" (STDOUT, API)#
#2026 09 16 12:00:40.724#Z#DEBUG#d27b103a-b1c5-11f1-bf33-eeee0a8e3dbc.RiskManagement-srv#flowable-async-job-executor-thread-1604#
[PollStartAppStatusExecution] 43ad4e59-2e0c-4995-adf4-ca00afbfb842 [2026-09-16T12:00:38.136162] App instance exited with guid 43ad4e59-2e0c-4995-adf4-ca00afbfb842 payload: {"instance"=>"af4be2e2-0392-42c6-79ec-a9e1", "index"=>0, "cell_id"=>"c839c7b1-088e-41af-b9b7-66256aacd457", "reason"=>"CRASHED", "exit_description"=>"APP/PROC/WEB: Exited with status 1", "crash_count"=>3, "crash_timestamp"=>1789560038094057199, "version"=>"b2af4402-d893-4385-a824-a52d4b195d76"} (STDOUT, API)#
#2026 09 16 12:00:40.724#Z#DEBUG#d27b103a-b1c5-11f1-bf33-eeee0a8e3dbc.RiskManagement-srv#flowable-async-job-executor-thread-1604#
[PollStartAppStatusExecution] 43ad4e59-2e0c-4995-adf4-ca00afbfb842 [2026-09-16T12:00:38.362449] Exit status 137 (STDOUT, PROXY)#
#2026 09 16 12:00:50.719#Z#DEBUG#d27b103a-b1c5-11f1-bf33-eeee0a8e3dbc.RiskManagement-srv#flowable-async-job-executor-thread-1609#
[PollStartAppStatusExecution] 43ad4e59-2e0c-4995-adf4-ca00afbfb842 [2026-09-16T12:00:30.428611] Downloaded droplet (62.1M) (STDOUT, CELL)#
#2026 09 16 12:00:50.719#Z#DEBUG#d27b103a-b1c5-11f1-bf33-eeee0a8e3dbc.RiskManagement-srv#flowable-async-job-executor-thread-1609#
[PollStartAppStatusExecution] 43ad4e59-2e0c-4995-adf4-ca00afbfb842 [2026-09-16T12:00:30.428749] Starting health monitoring of container (STDOUT, CELL)#
#2026 09 16 12:00:50.719#Z#DEBUG#d27b103a-b1c5-11f1-bf33-eeee0a8e3dbc.RiskManagement-srv#flowable-async-job-executor-thread-1609#
[PollStartAppStatusExecution] 43ad4e59-2e0c-4995-adf4-ca00afbfb842 [2026-09-16T12:00:30.592322] Invoking pre-start scripts. (STDOUT, APP/PROC/WEB)#
#2026 09 16 12:00:50.719#Z#DEBUG#d27b103a-b1c5-11f1-bf33-eeee0a8e3dbc.RiskManagement-srv#flowable-async-job-executor-thread-1609#
[PollStartAppStatusExecution] 43ad4e59-2e0c-4995-adf4-ca00afbfb842 [2026-09-16T12:00:30.830815] Invoking start command. (STDOUT, APP/PROC/WEB)#
#2026 09 16 12:00:50.719#Z#DEBUG#d27b103a-b1c5-11f1-bf33-eeee0a8e3dbc.RiskManagement-srv#flowable-async-job-executor-thread-1609#
[PollStartAppStatusExecution] 43ad4e59-2e0c-4995-adf4-ca00afbfb842 [2026-09-16T12:00:31.330957] > RiskManagement@1.0.0 start (STDOUT, APP/PROC/WEB)#
#2026 09 16 12:00:50.719#Z#DEBUG#d27b103a-b1c5-11f1-bf33-eeee0a8e3dbc.RiskManagement-srv#flowable-async-job-executor-thread-1609#
[PollStartAppStatusExecution] 43ad4e59-2e0c-4995-adf4-ca00afbfb842 [2026-09-16T12:00:31.330985] > cds-serve (STDOUT, APP/PROC/WEB)#
#2026 09 16 12:00:50.719#Z#DEBUG#d27b103a-b1c5-11f1-bf33-eeee0a8e3dbc.RiskManagement-srv#flowable-async-job-executor-thread-1609#
[PollStartAppStatusExecution] 43ad4e59-2e0c-4995-adf4-ca00afbfb842 [2026-09-16T12:00:31.791791] {"level":"info","logger":"cds","timestamp":"2026-09-16T12:00:31.790Z","layer":"cds","component_type":"application","container_id":"10.32.2.6","component_id":"43ad4e59-2e0c-4995-adf4-ca00afbfb842","component_name":"RiskManagement-srv","component_instance":0,"source_instance":0,"organization_name":"47a58eedtrial","organization_id":"d7a02038-bfb6-4965-9398-981fd602b71e","space_name":"dev","space_id":"b1534f58-8387-42a5-8ece-809300958c1c","msg":"loaded model from 1 file(s):\n ","type":"log"} (STDOUT, APP/PROC/WEB)#
#2026 09 16 12:00:50.719#Z#DEBUG#d27b103a-b1c5-11f1-bf33-eeee0a8e3dbc.RiskManagement-srv#flowable-async-job-executor-thread-1609#
[PollStartAppStatusExecution] 43ad4e59-2e0c-4995-adf4-ca00afbfb842 [2026-09-16T12:00:31.792928] srv/csn.json (STDOUT, APP/PROC/WEB)#
#2026 09 16 12:00:50.719#Z#DEBUG#d27b103a-b1c5-11f1-bf33-eeee0a8e3dbc.RiskManagement-srv#flowable-async-job-executor-thread-1609#
[PollStartAppStatusExecution] 43ad4e59-2e0c-4995-adf4-ca00afbfb842 [2026-09-16T12:00:32.111756] {"level":"info","logger":"cds","timestamp":"2026-09-16T12:00:32.110Z","layer":"cds","component_type":"application","container_id":"10.32.2.6","component_id":"43ad4e59-2e0c-4995-adf4-ca00afbfb842","component_name":"RiskManagement-srv","component_instance":0,"source_instance":0,"organization_name":"47a58eedtrial","organization_id":"d7a02038-bfb6-4965-9398-981fd602b71e","space_name":"dev","space_id":"b1534f58-8387-42a5-8ece-809300958c1c","msg":"connect to db > hana {\n  database_id: '69bcbe67-03bc-4478-9fd0-d9ad2b0779fc',\n  host: '69bcbe67-03bc-4478-9fd0-d9ad2b0779fc.hna0.prod-us10.hanacloud.ondemand.com',\n  port: '443',\n  driver: 'com.sap.db.jdbc.Driver',\n  url: 'jdbc:sap://69bcbe67-03bc-4478-9fd0-d9ad2b0779fc.hna0.prod-us10.hanacloud.ondemand.com:443?encrypt=true&validateCertificate=true&currentschema=1D2FD6BD9AE248389E2C5DD7F64681C6',\n  schema: '1D2FD6BD9AE248389E2C5DD7F64681C6',\n  certificate: '...',\n  hdi_user: '1D2FD6BD9AE248389E2C5DD7F64681C6_BGLOAL9S8VB716N7PWHIMKK1K_DT',\n  hdi_password: '...',\n  user: '1D2FD6BD9AE248389E2C5DD7F64681C6_BGLOAL9S8VB716N7PWHIMKK1K_RT',\n  password: '...'\n}","type":"log"} (STDOUT, APP/PROC/WEB)#
#2026 09 16 12:00:50.719#Z#DEBUG#d27b103a-b1c5-11f1-bf33-eeee0a8e3dbc.RiskManagement-srv#flowable-async-job-executor-thread-1609#
[PollStartAppStatusExecution] 43ad4e59-2e0c-4995-adf4-ca00afbfb842 [2026-09-16T12:00:32.171918] {"level":"info","logger":"cds","timestamp":"2026-09-16T12:00:32.171Z","layer":"cds","component_type":"application","container_id":"10.32.2.6","component_id":"43ad4e59-2e0c-4995-adf4-ca00afbfb842","component_name":"RiskManagement-srv","component_instance":0,"source_instance":0,"organization_name":"47a58eedtrial","organization_id":"d7a02038-bfb6-4965-9398-981fd602b71e","space_name":"dev","space_id":"b1534f58-8387-42a5-8ece-809300958c1c","msg":"using auth strategy { kind: 'jwt' }","type":"log"} (STDOUT, APP/PROC/WEB)#
#2026 09 16 12:00:50.719#Z#DEBUG#d27b103a-b1c5-11f1-bf33-eeee0a8e3dbc.RiskManagement-srv#flowable-async-job-executor-thread-1609#
[PollStartAppStatusExecution] 43ad4e59-2e0c-4995-adf4-ca00afbfb842 [2026-09-16T12:00:32.203709] /home/vcap/app/node_modules/@sap/cds/lib/srv/middlewares/auth/jwt-auth.js:16 (STDERR, APP/PROC/WEB)#
#2026 09 16 12:00:50.719#Z#DEBUG#d27b103a-b1c5-11f1-bf33-eeee0a8e3dbc.RiskManagement-srv#flowable-async-job-executor-thread-1609#
[PollStartAppStatusExecution] 43ad4e59-2e0c-4995-adf4-ca00afbfb842 [2026-09-16T12:00:32.203735] throw new Error( (STDERR, APP/PROC/WEB)#
#2026 09 16 12:00:50.719#Z#DEBUG#d27b103a-b1c5-11f1-bf33-eeee0a8e3dbc.RiskManagement-srv#flowable-async-job-executor-thread-1609#
[PollStartAppStatusExecution] 43ad4e59-2e0c-4995-adf4-ca00afbfb842 [2026-09-16T12:00:32.203740] ^ (STDERR, APP/PROC/WEB)#
#2026 09 16 12:00:50.719#Z#DEBUG#d27b103a-b1c5-11f1-bf33-eeee0a8e3dbc.RiskManagement-srv#flowable-async-job-executor-thread-1609#
[PollStartAppStatusExecution] 43ad4e59-2e0c-4995-adf4-ca00afbfb842 [2026-09-16T12:00:32.203749] Error: Authentication kind "jwt" configured, but no XSUAA instance bound to application. Either bind an XSUAA instance, or switch to an authentication kind that does not require a binding. (STDERR, APP/PROC/WEB)#
#2026 09 16 12:00:50.719#Z#DEBUG#d27b103a-b1c5-11f1-bf33-eeee0a8e3dbc.RiskManagement-srv#flowable-async-job-executor-thread-1609#
[PollStartAppStatusExecution] 43ad4e59-2e0c-4995-adf4-ca00afbfb842 [2026-09-16T12:00:32.203754] at jwt_auth (/home/vcap/app/node_modules/@sap/cds/lib/srv/middlewares/auth/jwt-auth.js:16:11) (STDERR, APP/PROC/WEB)#
#2026 09 16 12:00:50.719#Z#DEBUG#d27b103a-b1c5-11f1-bf33-eeee0a8e3dbc.RiskManagement-srv#flowable-async-job-executor-thread-1609#
[PollStartAppStatusExecution] 43ad4e59-2e0c-4995-adf4-ca00afbfb842 [2026-09-16T12:00:32.203757] at auth_factory (/home/vcap/app/node_modules/@sap/cds/lib/srv/middlewares/auth/index.js:49:61) (STDERR, APP/PROC/WEB)#
#2026 09 16 12:00:50.719#Z#DEBUG#d27b103a-b1c5-11f1-bf33-eeee0a8e3dbc.RiskManagement-srv#flowable-async-job-executor-thread-1609#
[PollStartAppStatusExecution] 43ad4e59-2e0c-4995-adf4-ca00afbfb842 [2026-09-16T12:00:32.203763] at _instantiate (/home/vcap/app/node_modules/@sap/cds/lib/srv/middlewares/index.js:49:12) (STDERR, APP/PROC/WEB)#
#2026 09 16 12:00:50.719#Z#DEBUG#d27b103a-b1c5-11f1-bf33-eeee0a8e3dbc.RiskManagement-srv#flowable-async-job-executor-thread-1609#
[PollStartAppStatusExecution] 43ad4e59-2e0c-4995-adf4-ca00afbfb842 [2026-09-16T12:00:32.203766] at /home/vcap/app/node_modules/@sap/cds/lib/srv/middlewares/index.js:13:13 (STDERR, APP/PROC/WEB)#
#2026 09 16 12:00:50.719#Z#DEBUG#d27b103a-b1c5-11f1-bf33-eeee0a8e3dbc.RiskManagement-srv#flowable-async-job-executor-thread-1609#
[PollStartAppStatusExecution] 43ad4e59-2e0c-4995-adf4-ca00afbfb842 [2026-09-16T12:00:32.203772] at Array.map (<anonymous>) (STDERR, APP/PROC/WEB)#
#2026 09 16 12:00:50.719#Z#DEBUG#d27b103a-b1c5-11f1-bf33-eeee0a8e3dbc.RiskManagement-srv#flowable-async-job-executor-thread-1609#
[PollStartAppStatusExecution] 43ad4e59-2e0c-4995-adf4-ca00afbfb842 [2026-09-16T12:00:32.203776] at Object.<anonymous> (/home/vcap/app/node_modules/@sap/cds/lib/srv/middlewares/index.js:13:3) (STDERR, APP/PROC/WEB)#
#2026 09 16 12:00:50.719#Z#DEBUG#d27b103a-b1c5-11f1-bf33-eeee0a8e3dbc.RiskManagement-srv#flowable-async-job-executor-thread-1609#
[PollStartAppStatusExecution] 43ad4e59-2e0c-4995-adf4-ca00afbfb842 [2026-09-16T12:00:32.203779] at Module._compile (node:internal/modules/cjs/loader:1871:14) (STDERR, APP/PROC/WEB)#
#2026 09 16 12:00:50.719#Z#DEBUG#d27b103a-b1c5-11f1-bf33-eeee0a8e3dbc.RiskManagement-srv#flowable-async-job-executor-thread-1609#
[PollStartAppStatusExecution] 43ad4e59-2e0c-4995-adf4-ca00afbfb842 [2026-09-16T12:00:32.203782] at Object..js (node:internal/modules/cjs/loader:2002:10) (STDERR, APP/PROC/WEB)#
#2026 09 16 12:00:50.719#Z#DEBUG#d27b103a-b1c5-11f1-bf33-eeee0a8e3dbc.RiskManagement-srv#flowable-async-job-executor-thread-1609#
[PollStartAppStatusExecution] 43ad4e59-2e0c-4995-adf4-ca00afbfb842 [2026-09-16T12:00:32.203785] at Module.load (node:internal/modules/cjs/loader:1594:32) (STDERR, APP/PROC/WEB)#
#2026 09 16 12:00:50.719#Z#DEBUG#d27b103a-b1c5-11f1-bf33-eeee0a8e3dbc.RiskManagement-srv#flowable-async-job-executor-thread-1609#
[PollStartAppStatusExecution] 43ad4e59-2e0c-4995-adf4-ca00afbfb842 [2026-09-16T12:00:32.203788] at Module._load (node:internal/modules/cjs/loader:1396:12) (STDERR, APP/PROC/WEB)#
#2026 09 16 12:00:50.719#Z#DEBUG#d27b103a-b1c5-11f1-bf33-eeee0a8e3dbc.RiskManagement-srv#flowable-async-job-executor-thread-1609#
[PollStartAppStatusExecution] 43ad4e59-2e0c-4995-adf4-ca00afbfb842 [2026-09-16T12:00:32.203791] Node.js v24.18.0 (STDERR, APP/PROC/WEB)#
#2026 09 16 12:00:50.719#Z#DEBUG#d27b103a-b1c5-11f1-bf33-eeee0a8e3dbc.RiskManagement-srv#flowable-async-job-executor-thread-1609#
[PollStartAppStatusExecution] 43ad4e59-2e0c-4995-adf4-ca00afbfb842 [2026-09-16T12:00:32.226196] npm notice (STDERR, APP/PROC/WEB)#
#2026 09 16 12:00:50.719#Z#DEBUG#d27b103a-b1c5-11f1-bf33-eeee0a8e3dbc.RiskManagement-srv#flowable-async-job-executor-thread-1609#
[PollStartAppStatusExecution] 43ad4e59-2e0c-4995-adf4-ca00afbfb842 [2026-09-16T12:00:32.226224] npm notice New major version of npm available! 11.16.0 -> 12.0.2 (STDERR, APP/PROC/WEB)#
#2026 09 16 12:00:50.719#Z#DEBUG#d27b103a-b1c5-11f1-bf33-eeee0a8e3dbc.RiskManagement-srv#flowable-async-job-executor-thread-1609#
[PollStartAppStatusExecution] 43ad4e59-2e0c-4995-adf4-ca00afbfb842 [2026-09-16T12:00:32.226230] npm notice Changelog: https://github.com/npm/cli/releases/tag/v12.0.2 (STDERR, APP/PROC/WEB)#
#2026 09 16 12:00:50.719#Z#DEBUG#d27b103a-b1c5-11f1-bf33-eeee0a8e3dbc.RiskManagement-srv#flowable-async-job-executor-thread-1609#
[PollStartAppStatusExecution] 43ad4e59-2e0c-4995-adf4-ca00afbfb842 [2026-09-16T12:00:32.226233] npm notice To update run: npm install -g npm@12.0.2 (STDERR, APP/PROC/WEB)#
#2026 09 16 12:00:50.719#Z#DEBUG#d27b103a-b1c5-11f1-bf33-eeee0a8e3dbc.RiskManagement-srv#flowable-async-job-executor-thread-1609#
[PollStartAppStatusExecution] 43ad4e59-2e0c-4995-adf4-ca00afbfb842 [2026-09-16T12:00:32.226235] npm notice (STDERR, APP/PROC/WEB)#
#2026 09 16 12:00:50.719#Z#DEBUG#d27b103a-b1c5-11f1-bf33-eeee0a8e3dbc.RiskManagement-srv#flowable-async-job-executor-thread-1609#
[PollStartAppStatusExecution] 43ad4e59-2e0c-4995-adf4-ca00afbfb842 [2026-09-16T12:00:32.315476] Exit status 1 (STDOUT, APP/PROC/WEB)#
#2026 09 16 12:00:50.719#Z#DEBUG#d27b103a-b1c5-11f1-bf33-eeee0a8e3dbc.RiskManagement-srv#flowable-async-job-executor-thread-1609#
[PollStartAppStatusExecution] 43ad4e59-2e0c-4995-adf4-ca00afbfb842 [2026-09-16T12:00:38.098486] Cell c839c7b1-088e-41af-b9b7-66256aacd457 stopping instance af4be2e2-0392-42c6-79ec-a9e1 (STDOUT, CELL)#
#2026 09 16 12:00:50.719#Z#DEBUG#d27b103a-b1c5-11f1-bf33-eeee0a8e3dbc.RiskManagement-srv#flowable-async-job-executor-thread-1609#
[PollStartAppStatusExecution] 43ad4e59-2e0c-4995-adf4-ca00afbfb842 [2026-09-16T12:00:38.098517] Cell c839c7b1-088e-41af-b9b7-66256aacd457 destroying container for instance af4be2e2-0392-42c6-79ec-a9e1 (STDOUT, CELL)#
#2026 09 16 12:00:50.719#Z#DEBUG#d27b103a-b1c5-11f1-bf33-eeee0a8e3dbc.RiskManagement-srv#flowable-async-job-executor-thread-1609#
[PollStartAppStatusExecution] 43ad4e59-2e0c-4995-adf4-ca00afbfb842 [2026-09-16T12:00:38.120959] Process has crashed with type: "web" (STDOUT, API)#
#2026 09 16 12:00:50.719#Z#DEBUG#d27b103a-b1c5-11f1-bf33-eeee0a8e3dbc.RiskManagement-srv#flowable-async-job-executor-thread-1609#
[PollStartAppStatusExecution] 43ad4e59-2e0c-4995-adf4-ca00afbfb842 [2026-09-16T12:00:38.136162] App instance exited with guid 43ad4e59-2e0c-4995-adf4-ca00afbfb842 payload: {"instance"=>"af4be2e2-0392-42c6-79ec-a9e1", "index"=>0, "cell_id"=>"c839c7b1-088e-41af-b9b7-66256aacd457", "reason"=>"CRASHED", "exit_description"=>"APP/PROC/WEB: Exited with status 1", "crash_count"=>3, "crash_timestamp"=>1789560038094057199, "version"=>"b2af4402-d893-4385-a824-a52d4b195d76"} (STDOUT, API)#
#2026 09 16 12:00:50.719#Z#DEBUG#d27b103a-b1c5-11f1-bf33-eeee0a8e3dbc.RiskManagement-srv#flowable-async-job-executor-thread-1609#
[PollStartAppStatusExecution] 43ad4e59-2e0c-4995-adf4-ca00afbfb842 [2026-09-16T12:00:38.362449] Exit status 137 (STDOUT, PROXY)#
#2026 09 16 12:00:50.719#Z#DEBUG#d27b103a-b1c5-11f1-bf33-eeee0a8e3dbc.RiskManagement-srv#flowable-async-job-executor-thread-1609#
[PollStartAppStatusExecution] 43ad4e59-2e0c-4995-adf4-ca00afbfb842 [2026-09-16T12:00:40.602806] Cell c839c7b1-088e-41af-b9b7-66256aacd457 successfully destroyed container for instance af4be2e2-0392-42c6-79ec-a9e1 (STDOUT, CELL)#
#2026 09 16 12:00:50.719#Z#DEBUG#d27b103a-b1c5-11f1-bf33-eeee0a8e3dbc.RiskManagement-srv#flowable-async-job-executor-thread-1609#
[PollStartAppStatusExecution] 43ad4e59-2e0c-4995-adf4-ca00afbfb842 [2026-09-16T12:00:42.571832] Stopping app with guid 43ad4e59-2e0c-4995-adf4-ca00afbfb842 (STDOUT, API)#
#2026 09 16 12:00:50.719#Z#DEBUG#d27b103a-b1c5-11f1-bf33-eeee0a8e3dbc.RiskManagement-srv#flowable-async-job-executor-thread-1609#
[PollStartAppStatusExecution] 43ad4e59-2e0c-4995-adf4-ca00afbfb842 [2026-09-16T12:00:42.725456] Starting app with guid 43ad4e59-2e0c-4995-adf4-ca00afbfb842 (STDOUT, API)#
#2026 09 16 12:00:50.719#Z#DEBUG#d27b103a-b1c5-11f1-bf33-eeee0a8e3dbc.RiskManagement-srv#flowable-async-job-executor-thread-1609#
[PollStartAppStatusExecution] 43ad4e59-2e0c-4995-adf4-ca00afbfb842 [2026-09-16T12:00:42.977347] Cell c839c7b1-088e-41af-b9b7-66256aacd457 creating container for instance 69c7cb5e-c44f-4abf-4b75-ff7e (STDOUT, CELL)#
#2026 09 16 12:00:50.719#Z#DEBUG#d27b103a-b1c5-11f1-bf33-eeee0a8e3dbc.RiskManagement-srv#flowable-async-job-executor-thread-1609#
[PollStartAppStatusExecution] 43ad4e59-2e0c-4995-adf4-ca00afbfb842 [2026-09-16T12:00:43.748530] Security group rules were updated (STDOUT, CELL)#
#2026 09 16 12:00:50.719#Z#DEBUG#d27b103a-b1c5-11f1-bf33-eeee0a8e3dbc.RiskManagement-srv#flowable-async-job-executor-thread-1609#
[PollStartAppStatusExecution] 43ad4e59-2e0c-4995-adf4-ca00afbfb842 [2026-09-16T12:00:43.838070] Cell c839c7b1-088e-41af-b9b7-66256aacd457 successfully created container for instance 69c7cb5e-c44f-4abf-4b75-ff7e (STDOUT, CELL)#
#2026 09 16 12:00:50.719#Z#DEBUG#d27b103a-b1c5-11f1-bf33-eeee0a8e3dbc.RiskManagement-srv#flowable-async-job-executor-thread-1609#
[PollStartAppStatusExecution] 43ad4e59-2e0c-4995-adf4-ca00afbfb842 [2026-09-16T12:00:44.468717] Downloading droplet... (STDOUT, CELL)#
#2026 09 16 12:00:50.719#Z#DEBUG#d27b103a-b1c5-11f1-bf33-eeee0a8e3dbc.RiskManagement-srv#flowable-async-job-executor-thread-1609#
[PollStartAppStatusExecution] 43ad4e59-2e0c-4995-adf4-ca00afbfb842 [2026-09-16T12:00:48.392535] Downloaded droplet (62.1M) (STDOUT, CELL)#
#2026 09 16 12:00:50.719#Z#DEBUG#d27b103a-b1c5-11f1-bf33-eeee0a8e3dbc.RiskManagement-srv#flowable-async-job-executor-thread-1609#
[PollStartAppStatusExecution] 43ad4e59-2e0c-4995-adf4-ca00afbfb842 [2026-09-16T12:00:48.392687] Starting health monitoring of container (STDOUT, CELL)#
#2026 09 16 12:00:50.719#Z#DEBUG#d27b103a-b1c5-11f1-bf33-eeee0a8e3dbc.RiskManagement-srv#flowable-async-job-executor-thread-1609#
[PollStartAppStatusExecution] 43ad4e59-2e0c-4995-adf4-ca00afbfb842 [2026-09-16T12:00:48.557827] Invoking pre-start scripts. (STDOUT, APP/PROC/WEB)#
#2026 09 16 12:00:50.719#Z#DEBUG#d27b103a-b1c5-11f1-bf33-eeee0a8e3dbc.RiskManagement-srv#flowable-async-job-executor-thread-1609#
[PollStartAppStatusExecution] 43ad4e59-2e0c-4995-adf4-ca00afbfb842 [2026-09-16T12:00:48.800705] Invoking start command. (STDOUT, APP/PROC/WEB)#
#2026 09 16 12:00:50.719#Z#DEBUG#d27b103a-b1c5-11f1-bf33-eeee0a8e3dbc.RiskManagement-srv#flowable-async-job-executor-thread-1609#
[PollStartAppStatusExecution] 43ad4e59-2e0c-4995-adf4-ca00afbfb842 [2026-09-16T12:00:49.280544] > RiskManagement@1.0.0 start (STDOUT, APP/PROC/WEB)#
#2026 09 16 12:00:50.719#Z#DEBUG#d27b103a-b1c5-11f1-bf33-eeee0a8e3dbc.RiskManagement-srv#flowable-async-job-executor-thread-1609#
[PollStartAppStatusExecution] 43ad4e59-2e0c-4995-adf4-ca00afbfb842 [2026-09-16T12:00:49.280575] > cds-serve (STDOUT, APP/PROC/WEB)#
#2026 09 16 12:00:50.719#Z#DEBUG#d27b103a-b1c5-11f1-bf33-eeee0a8e3dbc.RiskManagement-srv#flowable-async-job-executor-thread-1609#
[PollStartAppStatusExecution] 43ad4e59-2e0c-4995-adf4-ca00afbfb842 [2026-09-16T12:00:49.759507] {"level":"info","logger":"cds","timestamp":"2026-09-16T12:00:49.757Z","layer":"cds","component_type":"application","container_id":"10.32.2.6","component_id":"43ad4e59-2e0c-4995-adf4-ca00afbfb842","component_name":"RiskManagement-srv","component_instance":0,"source_instance":0,"organization_name":"47a58eedtrial","organization_id":"d7a02038-bfb6-4965-9398-981fd602b71e","space_name":"dev","space_id":"b1534f58-8387-42a5-8ece-809300958c1c","msg":"loaded model from 1 file(s):\n ","type":"log"} (STDOUT, APP/PROC/WEB)#
#2026 09 16 12:00:50.719#Z#DEBUG#d27b103a-b1c5-11f1-bf33-eeee0a8e3dbc.RiskManagement-srv#flowable-async-job-executor-thread-1609#
[PollStartAppStatusExecution] 43ad4e59-2e0c-4995-adf4-ca00afbfb842 [2026-09-16T12:00:49.759948] srv/csn.json (STDOUT, APP/PROC/WEB)#
#2026 09 16 12:00:50.719#Z#DEBUG#d27b103a-b1c5-11f1-bf33-eeee0a8e3dbc.RiskManagement-srv#flowable-async-job-executor-thread-1609#
[PollStartAppStatusExecution] 43ad4e59-2e0c-4995-adf4-ca00afbfb842 [2026-09-16T12:00:50.059676] {"level":"info","logger":"cds","timestamp":"2026-09-16T12:00:50.059Z","layer":"cds","component_type":"application","container_id":"10.32.2.6","component_id":"43ad4e59-2e0c-4995-adf4-ca00afbfb842","component_name":"RiskManagement-srv","component_instance":0,"source_instance":0,"organization_name":"47a58eedtrial","organization_id":"d7a02038-bfb6-4965-9398-981fd602b71e","space_name":"dev","space_id":"b1534f58-8387-42a5-8ece-809300958c1c","msg":"connect to db > hana {\n  database_id: '69bcbe67-03bc-4478-9fd0-d9ad2b0779fc',\n  host: '69bcbe67-03bc-4478-9fd0-d9ad2b0779fc.hna0.prod-us10.hanacloud.ondemand.com',\n  port: '443',\n  driver: 'com.sap.db.jdbc.Driver',\n  url: 'jdbc:sap://69bcbe67-03bc-4478-9fd0-d9ad2b0779fc.hna0.prod-us10.hanacloud.ondemand.com:443?encrypt=true&validateCertificate=true&currentschema=1D2FD6BD9AE248389E2C5DD7F64681C6',\n  schema: '1D2FD6BD9AE248389E2C5DD7F64681C6',\n  certificate: '...',\n  hdi_user: '1D2FD6BD9AE248389E2C5DD7F64681C6_BGLOAL9S8VB716N7PWHIMKK1K_DT',\n  hdi_password: '...',\n  user: '1D2FD6BD9AE248389E2C5DD7F64681C6_BGLOAL9S8VB716N7PWHIMKK1K_RT',\n  password: '...'\n}","type":"log"} (STDOUT, APP/PROC/WEB)#
#2026 09 16 12:00:50.719#Z#DEBUG#d27b103a-b1c5-11f1-bf33-eeee0a8e3dbc.RiskManagement-srv#flowable-async-job-executor-thread-1609#
[PollStartAppStatusExecution] 43ad4e59-2e0c-4995-adf4-ca00afbfb842 [2026-09-16T12:00:50.131153] {"level":"info","logger":"cds","timestamp":"2026-09-16T12:00:50.130Z","layer":"cds","component_type":"application","container_id":"10.32.2.6","component_id":"43ad4e59-2e0c-4995-adf4-ca00afbfb842","component_name":"RiskManagement-srv","component_instance":0,"source_instance":0,"organization_name":"47a58eedtrial","organization_id":"d7a02038-bfb6-4965-9398-981fd602b71e","space_name":"dev","space_id":"b1534f58-8387-42a5-8ece-809300958c1c","msg":"using auth strategy { kind: 'jwt' }","type":"log"} (STDOUT, APP/PROC/WEB)#
#2026 09 16 12:00:50.719#Z#DEBUG#d27b103a-b1c5-11f1-bf33-eeee0a8e3dbc.RiskManagement-srv#flowable-async-job-executor-thread-1609#
[PollStartAppStatusExecution] 43ad4e59-2e0c-4995-adf4-ca00afbfb842 [2026-09-16T12:00:50.173296] /home/vcap/app/node_modules/@sap/cds/lib/srv/middlewares/auth/jwt-auth.js:16 (STDERR, APP/PROC/WEB)#
#2026 09 16 12:00:50.719#Z#DEBUG#d27b103a-b1c5-11f1-bf33-eeee0a8e3dbc.RiskManagement-srv#flowable-async-job-executor-thread-1609#
[PollStartAppStatusExecution] 43ad4e59-2e0c-4995-adf4-ca00afbfb842 [2026-09-16T12:00:50.173334] throw new Error( (STDERR, APP/PROC/WEB)#
#2026 09 16 12:00:50.719#Z#DEBUG#d27b103a-b1c5-11f1-bf33-eeee0a8e3dbc.RiskManagement-srv#flowable-async-job-executor-thread-1609#
[PollStartAppStatusExecution] 43ad4e59-2e0c-4995-adf4-ca00afbfb842 [2026-09-16T12:00:50.173340] ^ (STDERR, APP/PROC/WEB)#
#2026 09 16 12:00:50.719#Z#DEBUG#d27b103a-b1c5-11f1-bf33-eeee0a8e3dbc.RiskManagement-srv#flowable-async-job-executor-thread-1609#
[PollStartAppStatusExecution] 43ad4e59-2e0c-4995-adf4-ca00afbfb842 [2026-09-16T12:00:50.173345] Error: Authentication kind "jwt" configured, but no XSUAA instance bound to application. Either bind an XSUAA instance, or switch to an authentication kind that does not require a binding. (STDERR, APP/PROC/WEB)#
#2026 09 16 12:00:50.719#Z#DEBUG#d27b103a-b1c5-11f1-bf33-eeee0a8e3dbc.RiskManagement-srv#flowable-async-job-executor-thread-1609#
[PollStartAppStatusExecution] 43ad4e59-2e0c-4995-adf4-ca00afbfb842 [2026-09-16T12:00:50.173353] at jwt_auth (/home/vcap/app/node_modules/@sap/cds/lib/srv/middlewares/auth/jwt-auth.js:16:11) (STDERR, APP/PROC/WEB)#
#2026 09 16 12:00:50.719#Z#DEBUG#d27b103a-b1c5-11f1-bf33-eeee0a8e3dbc.RiskManagement-srv#flowable-async-job-executor-thread-1609#
[PollStartAppStatusExecution] 43ad4e59-2e0c-4995-adf4-ca00afbfb842 [2026-09-16T12:00:50.173361] at auth_factory (/home/vcap/app/node_modules/@sap/cds/lib/srv/middlewares/auth/index.js:49:61) (STDERR, APP/PROC/WEB)#
#2026 09 16 12:00:50.719#Z#DEBUG#d27b103a-b1c5-11f1-bf33-eeee0a8e3dbc.RiskManagement-srv#flowable-async-job-executor-thread-1609#
[PollStartAppStatusExecution] 43ad4e59-2e0c-4995-adf4-ca00afbfb842 [2026-09-16T12:00:50.173365] at _instantiate (/home/vcap/app/node_modules/@sap/cds/lib/srv/middlewares/index.js:49:12) (STDERR, APP/PROC/WEB)#
#2026 09 16 12:00:50.719#Z#DEBUG#d27b103a-b1c5-11f1-bf33-eeee0a8e3dbc.RiskManagement-srv#flowable-async-job-executor-thread-1609#
[PollStartAppStatusExecution] 43ad4e59-2e0c-4995-adf4-ca00afbfb842 [2026-09-16T12:00:50.173368] at /home/vcap/app/node_modules/@sap/cds/lib/srv/middlewares/index.js:13:13 (STDERR, APP/PROC/WEB)#
#2026 09 16 12:00:50.719#Z#DEBUG#d27b103a-b1c5-11f1-bf33-eeee0a8e3dbc.RiskManagement-srv#flowable-async-job-executor-thread-1609#
[PollStartAppStatusExecution] 43ad4e59-2e0c-4995-adf4-ca00afbfb842 [2026-09-16T12:00:50.173372] at Array.map (<anonymous>) (STDERR, APP/PROC/WEB)#
#2026 09 16 12:00:50.719#Z#DEBUG#d27b103a-b1c5-11f1-bf33-eeee0a8e3dbc.RiskManagement-srv#flowable-async-job-executor-thread-1609#
[PollStartAppStatusExecution] 43ad4e59-2e0c-4995-adf4-ca00afbfb842 [2026-09-16T12:00:50.173376] at Object.<anonymous> (/home/vcap/app/node_modules/@sap/cds/lib/srv/middlewares/index.js:13:3) (STDERR, APP/PROC/WEB)#
#2026 09 16 12:00:50.719#Z#DEBUG#d27b103a-b1c5-11f1-bf33-eeee0a8e3dbc.RiskManagement-srv#flowable-async-job-executor-thread-1609#
[PollStartAppStatusExecution] 43ad4e59-2e0c-4995-adf4-ca00afbfb842 [2026-09-16T12:00:50.173379] at Module._compile (node:internal/modules/cjs/loader:1871:14) (STDERR, APP/PROC/WEB)#
#2026 09 16 12:00:50.719#Z#DEBUG#d27b103a-b1c5-11f1-bf33-eeee0a8e3dbc.RiskManagement-srv#flowable-async-job-executor-thread-1609#
[PollStartAppStatusExecution] 43ad4e59-2e0c-4995-adf4-ca00afbfb842 [2026-09-16T12:00:50.173383] at Object..js (node:internal/modules/cjs/loader:2002:10) (STDERR, APP/PROC/WEB)#
#2026 09 16 12:00:50.719#Z#DEBUG#d27b103a-b1c5-11f1-bf33-eeee0a8e3dbc.RiskManagement-srv#flowable-async-job-executor-thread-1609#
[PollStartAppStatusExecution] 43ad4e59-2e0c-4995-adf4-ca00afbfb842 [2026-09-16T12:00:50.173386] at Module.load (node:internal/modules/cjs/loader:1594:32) (STDERR, APP/PROC/WEB)#
#2026 09 16 12:00:50.719#Z#DEBUG#d27b103a-b1c5-11f1-bf33-eeee0a8e3dbc.RiskManagement-srv#flowable-async-job-executor-thread-1609#
[PollStartAppStatusExecution] 43ad4e59-2e0c-4995-adf4-ca00afbfb842 [2026-09-16T12:00:50.173389] at Module._load (node:internal/modules/cjs/loader:1396:12) (STDERR, APP/PROC/WEB)#
#2026 09 16 12:00:50.719#Z#DEBUG#d27b103a-b1c5-11f1-bf33-eeee0a8e3dbc.RiskManagement-srv#flowable-async-job-executor-thread-1609#
[PollStartAppStatusExecution] 43ad4e59-2e0c-4995-adf4-ca00afbfb842 [2026-09-16T12:00:50.173456] Node.js v24.18.0 (STDERR, APP/PROC/WEB)#
#2026 09 16 12:00:50.719#Z#DEBUG#d27b103a-b1c5-11f1-bf33-eeee0a8e3dbc.RiskManagement-srv#flowable-async-job-executor-thread-1609#
[PollStartAppStatusExecution] 43ad4e59-2e0c-4995-adf4-ca00afbfb842 [2026-09-16T12:00:50.197965] npm notice (STDERR, APP/PROC/WEB)#
#2026 09 16 12:00:50.719#Z#DEBUG#d27b103a-b1c5-11f1-bf33-eeee0a8e3dbc.RiskManagement-srv#flowable-async-job-executor-thread-1609#
[PollStartAppStatusExecution] 43ad4e59-2e0c-4995-adf4-ca00afbfb842 [2026-09-16T12:00:50.198021] npm notice New major version of npm available! 11.16.0 -> 12.0.2 (STDERR, APP/PROC/WEB)#
#2026 09 16 12:00:50.719#Z#DEBUG#d27b103a-b1c5-11f1-bf33-eeee0a8e3dbc.RiskManagement-srv#flowable-async-job-executor-thread-1609#
[PollStartAppStatusExecution] 43ad4e59-2e0c-4995-adf4-ca00afbfb842 [2026-09-16T12:00:50.198026] npm notice Changelog: https://github.com/npm/cli/releases/tag/v12.0.2 (STDERR, APP/PROC/WEB)#
#2026 09 16 12:00:50.719#Z#DEBUG#d27b103a-b1c5-11f1-bf33-eeee0a8e3dbc.RiskManagement-srv#flowable-async-job-executor-thread-1609#
[PollStartAppStatusExecution] 43ad4e59-2e0c-4995-adf4-ca00afbfb842 [2026-09-16T12:00:50.198028] npm notice To update run: npm install -g npm@12.0.2 (STDERR, APP/PROC/WEB)#
#2026 09 16 12:00:50.719#Z#DEBUG#d27b103a-b1c5-11f1-bf33-eeee0a8e3dbc.RiskManagement-srv#flowable-async-job-executor-thread-1609#
[PollStartAppStatusExecution] 43ad4e59-2e0c-4995-adf4-ca00afbfb842 [2026-09-16T12:00:50.198030] npm notice (STDERR, APP/PROC/WEB)#
#2026 09 16 12:01:01.112#Z#DEBUG#d27b103a-b1c5-11f1-bf33-eeee0a8e3dbc.RiskManagement-srv#flowable-async-job-executor-thread-1608#
[PollStartAppStatusExecution] 43ad4e59-2e0c-4995-adf4-ca00afbfb842 [2026-09-16T12:00:50.288088] Exit status 1 (STDOUT, APP/PROC/WEB)#
#2026 09 16 12:01:01.112#Z#DEBUG#d27b103a-b1c5-11f1-bf33-eeee0a8e3dbc.RiskManagement-srv#flowable-async-job-executor-thread-1608#
[PollStartAppStatusExecution] 43ad4e59-2e0c-4995-adf4-ca00afbfb842 [2026-09-16T12:00:56.328309] Cell c839c7b1-088e-41af-b9b7-66256aacd457 stopping instance 69c7cb5e-c44f-4abf-4b75-ff7e (STDOUT, CELL)#
#2026 09 16 12:01:01.112#Z#DEBUG#d27b103a-b1c5-11f1-bf33-eeee0a8e3dbc.RiskManagement-srv#flowable-async-job-executor-thread-1608#
[PollStartAppStatusExecution] 43ad4e59-2e0c-4995-adf4-ca00afbfb842 [2026-09-16T12:00:56.328357] Cell c839c7b1-088e-41af-b9b7-66256aacd457 destroying container for instance 69c7cb5e-c44f-4abf-4b75-ff7e (STDOUT, CELL)#
#2026 09 16 12:01:01.112#Z#DEBUG#d27b103a-b1c5-11f1-bf33-eeee0a8e3dbc.RiskManagement-srv#flowable-async-job-executor-thread-1608#
[PollStartAppStatusExecution] 43ad4e59-2e0c-4995-adf4-ca00afbfb842 [2026-09-16T12:00:56.333944] Process has crashed with type: "web" (STDOUT, API)#
#2026 09 16 12:01:01.112#Z#DEBUG#d27b103a-b1c5-11f1-bf33-eeee0a8e3dbc.RiskManagement-srv#flowable-async-job-executor-thread-1608#
[PollStartAppStatusExecution] 43ad4e59-2e0c-4995-adf4-ca00afbfb842 [2026-09-16T12:00:56.347772] App instance exited with guid 43ad4e59-2e0c-4995-adf4-ca00afbfb842 payload: {"instance"=>"69c7cb5e-c44f-4abf-4b75-ff7e", "index"=>0, "cell_id"=>"c839c7b1-088e-41af-b9b7-66256aacd457", "reason"=>"CRASHED", "exit_description"=>"APP/PROC/WEB: Exited with status 1", "crash_count"=>1, "crash_timestamp"=>1789560056310191351, "version"=>"222294a7-4c7a-41e9-829c-88862c8e8737"} (STDOUT, API)#
#2026 09 16 12:01:01.112#Z#DEBUG#d27b103a-b1c5-11f1-bf33-eeee0a8e3dbc.RiskManagement-srv#flowable-async-job-executor-thread-1608#
[PollStartAppStatusExecution] 43ad4e59-2e0c-4995-adf4-ca00afbfb842 [2026-09-16T12:00:56.458223] Cell d1cc041a-d5a1-41d6-b9f6-6cda736ce3f0 creating container for instance ce3b125f-40a5-4d0c-5955-a693 (STDOUT, CELL)#
#2026 09 16 12:01:01.112#Z#DEBUG#d27b103a-b1c5-11f1-bf33-eeee0a8e3dbc.RiskManagement-srv#flowable-async-job-executor-thread-1608#
[PollStartAppStatusExecution] 43ad4e59-2e0c-4995-adf4-ca00afbfb842 [2026-09-16T12:00:56.540116] Exit status 137 (STDOUT, PROXY)#
#2026 09 16 12:01:01.112#Z#DEBUG#d27b103a-b1c5-11f1-bf33-eeee0a8e3dbc.RiskManagement-srv#flowable-async-job-executor-thread-1608#
[PollStartAppStatusExecution] 43ad4e59-2e0c-4995-adf4-ca00afbfb842 [2026-09-16T12:00:57.609378] Security group rules were updated (STDOUT, CELL)#
#2026 09 16 12:01:01.112#Z#DEBUG#d27b103a-b1c5-11f1-bf33-eeee0a8e3dbc.RiskManagement-srv#flowable-async-job-executor-thread-1608#
[PollStartAppStatusExecution] 43ad4e59-2e0c-4995-adf4-ca00afbfb842 [2026-09-16T12:00:57.736872] Cell d1cc041a-d5a1-41d6-b9f6-6cda736ce3f0 successfully created container for instance ce3b125f-40a5-4d0c-5955-a693 (STDOUT, CELL)#
#2026 09 16 12:01:01.112#Z#DEBUG#d27b103a-b1c5-11f1-bf33-eeee0a8e3dbc.RiskManagement-srv#flowable-async-job-executor-thread-1608#
[PollStartAppStatusExecution] 43ad4e59-2e0c-4995-adf4-ca00afbfb842 [2026-09-16T12:00:58.601047] Cell c839c7b1-088e-41af-b9b7-66256aacd457 successfully destroyed container for instance 69c7cb5e-c44f-4abf-4b75-ff7e (STDOUT, CELL)#
#2026 09 16 12:01:01.112#Z#DEBUG#d27b103a-b1c5-11f1-bf33-eeee0a8e3dbc.RiskManagement-srv#flowable-async-job-executor-thread-1608#
[PollStartAppStatusExecution] 43ad4e59-2e0c-4995-adf4-ca00afbfb842 [2026-09-16T12:00:58.611343] Downloading droplet... (STDOUT, CELL)#
#2026 09 16 12:01:10.939#Z#DEBUG#d27b103a-b1c5-11f1-bf33-eeee0a8e3dbc.RiskManagement-srv#flowable-async-job-executor-thread-1618#
[PollStartAppStatusExecution] 43ad4e59-2e0c-4995-adf4-ca00afbfb842 [2026-09-16T12:01:03.027107] Downloaded droplet (62.1M) (STDOUT, CELL)#
#2026 09 16 12:01:10.939#Z#DEBUG#d27b103a-b1c5-11f1-bf33-eeee0a8e3dbc.RiskManagement-srv#flowable-async-job-executor-thread-1618#
[PollStartAppStatusExecution] 43ad4e59-2e0c-4995-adf4-ca00afbfb842 [2026-09-16T12:01:03.027490] Starting health monitoring of container (STDOUT, CELL)#
#2026 09 16 12:01:10.939#Z#DEBUG#d27b103a-b1c5-11f1-bf33-eeee0a8e3dbc.RiskManagement-srv#flowable-async-job-executor-thread-1618#
[PollStartAppStatusExecution] 43ad4e59-2e0c-4995-adf4-ca00afbfb842 [2026-09-16T12:01:03.210460] Invoking pre-start scripts. (STDOUT, APP/PROC/WEB)#
#2026 09 16 12:01:10.939#Z#DEBUG#d27b103a-b1c5-11f1-bf33-eeee0a8e3dbc.RiskManagement-srv#flowable-async-job-executor-thread-1618#
[PollStartAppStatusExecution] 43ad4e59-2e0c-4995-adf4-ca00afbfb842 [2026-09-16T12:01:03.515701] Invoking start command. (STDOUT, APP/PROC/WEB)#
#2026 09 16 12:01:10.939#Z#DEBUG#d27b103a-b1c5-11f1-bf33-eeee0a8e3dbc.RiskManagement-srv#flowable-async-job-executor-thread-1618#
[PollStartAppStatusExecution] 43ad4e59-2e0c-4995-adf4-ca00afbfb842 [2026-09-16T12:01:04.299393] > RiskManagement@1.0.0 start (STDOUT, APP/PROC/WEB)#
#2026 09 16 12:01:10.939#Z#DEBUG#d27b103a-b1c5-11f1-bf33-eeee0a8e3dbc.RiskManagement-srv#flowable-async-job-executor-thread-1618#
[PollStartAppStatusExecution] 43ad4e59-2e0c-4995-adf4-ca00afbfb842 [2026-09-16T12:01:04.299434] > cds-serve (STDOUT, APP/PROC/WEB)#
#2026 09 16 12:01:10.939#Z#DEBUG#d27b103a-b1c5-11f1-bf33-eeee0a8e3dbc.RiskManagement-srv#flowable-async-job-executor-thread-1618#
[PollStartAppStatusExecution] 43ad4e59-2e0c-4995-adf4-ca00afbfb842 [2026-09-16T12:01:05.220106] {"level":"info","logger":"cds","timestamp":"2026-09-16T12:01:05.218Z","layer":"cds","component_type":"application","container_id":"10.32.1.5","component_id":"43ad4e59-2e0c-4995-adf4-ca00afbfb842","component_name":"RiskManagement-srv","component_instance":0,"source_instance":0,"organization_name":"47a58eedtrial","organization_id":"d7a02038-bfb6-4965-9398-981fd602b71e","space_name":"dev","space_id":"b1534f58-8387-42a5-8ece-809300958c1c","msg":"loaded model from 1 file(s):\n ","type":"log"} (STDOUT, APP/PROC/WEB)#
#2026 09 16 12:01:10.939#Z#DEBUG#d27b103a-b1c5-11f1-bf33-eeee0a8e3dbc.RiskManagement-srv#flowable-async-job-executor-thread-1618#
[PollStartAppStatusExecution] 43ad4e59-2e0c-4995-adf4-ca00afbfb842 [2026-09-16T12:01:05.220762] srv/csn.json (STDOUT, APP/PROC/WEB)#
#2026 09 16 12:01:10.939#Z#DEBUG#d27b103a-b1c5-11f1-bf33-eeee0a8e3dbc.RiskManagement-srv#flowable-async-job-executor-thread-1618#
[PollStartAppStatusExecution] 43ad4e59-2e0c-4995-adf4-ca00afbfb842 [2026-09-16T12:01:05.886777] {"level":"info","logger":"cds","timestamp":"2026-09-16T12:01:05.884Z","layer":"cds","component_type":"application","container_id":"10.32.1.5","component_id":"43ad4e59-2e0c-4995-adf4-ca00afbfb842","component_name":"RiskManagement-srv","component_instance":0,"source_instance":0,"organization_name":"47a58eedtrial","organization_id":"d7a02038-bfb6-4965-9398-981fd602b71e","space_name":"dev","space_id":"b1534f58-8387-42a5-8ece-809300958c1c","msg":"connect to db > hana {\n  database_id: '69bcbe67-03bc-4478-9fd0-d9ad2b0779fc',\n  host: '69bcbe67-03bc-4478-9fd0-d9ad2b0779fc.hna0.prod-us10.hanacloud.ondemand.com',\n  port: '443',\n  driver: 'com.sap.db.jdbc.Driver',\n  url: 'jdbc:sap://69bcbe67-03bc-4478-9fd0-d9ad2b0779fc.hna0.prod-us10.hanacloud.ondemand.com:443?encrypt=true&validateCertificate=true&currentschema=1D2FD6BD9AE248389E2C5DD7F64681C6',\n  schema: '1D2FD6BD9AE248389E2C5DD7F64681C6',\n  certificate: '...',\n  hdi_user: '1D2FD6BD9AE248389E2C5DD7F64681C6_BGLOAL9S8VB716N7PWHIMKK1K_DT',\n  hdi_password: '...',\n  user: '1D2FD6BD9AE248389E2C5DD7F64681C6_BGLOAL9S8VB716N7PWHIMKK1K_RT',\n  password: '...'\n}","type":"log"} (STDOUT, APP/PROC/WEB)#
#2026 09 16 12:01:10.939#Z#DEBUG#d27b103a-b1c5-11f1-bf33-eeee0a8e3dbc.RiskManagement-srv#flowable-async-job-executor-thread-1618#
[PollStartAppStatusExecution] 43ad4e59-2e0c-4995-adf4-ca00afbfb842 [2026-09-16T12:01:06.041012] {"level":"info","logger":"cds","timestamp":"2026-09-16T12:01:06.039Z","layer":"cds","component_type":"application","container_id":"10.32.1.5","component_id":"43ad4e59-2e0c-4995-adf4-ca00afbfb842","component_name":"RiskManagement-srv","component_instance":0,"source_instance":0,"organization_name":"47a58eedtrial","organization_id":"d7a02038-bfb6-4965-9398-981fd602b71e","space_name":"dev","space_id":"b1534f58-8387-42a5-8ece-809300958c1c","msg":"using auth strategy { kind: 'jwt' }","type":"log"} (STDOUT, APP/PROC/WEB)#
#2026 09 16 12:01:10.939#Z#DEBUG#d27b103a-b1c5-11f1-bf33-eeee0a8e3dbc.RiskManagement-srv#flowable-async-job-executor-thread-1618#
[PollStartAppStatusExecution] 43ad4e59-2e0c-4995-adf4-ca00afbfb842 [2026-09-16T12:01:06.095344] /home/vcap/app/node_modules/@sap/cds/lib/srv/middlewares/auth/jwt-auth.js:16 (STDERR, APP/PROC/WEB)#
#2026 09 16 12:01:10.939#Z#DEBUG#d27b103a-b1c5-11f1-bf33-eeee0a8e3dbc.RiskManagement-srv#flowable-async-job-executor-thread-1618#
[PollStartAppStatusExecution] 43ad4e59-2e0c-4995-adf4-ca00afbfb842 [2026-09-16T12:01:06.095394] throw new Error( (STDERR, APP/PROC/WEB)#
#2026 09 16 12:01:10.939#Z#DEBUG#d27b103a-b1c5-11f1-bf33-eeee0a8e3dbc.RiskManagement-srv#flowable-async-job-executor-thread-1618#
[PollStartAppStatusExecution] 43ad4e59-2e0c-4995-adf4-ca00afbfb842 [2026-09-16T12:01:06.095403] ^ (STDERR, APP/PROC/WEB)#
#2026 09 16 12:01:10.939#Z#DEBUG#d27b103a-b1c5-11f1-bf33-eeee0a8e3dbc.RiskManagement-srv#flowable-async-job-executor-thread-1618#
[PollStartAppStatusExecution] 43ad4e59-2e0c-4995-adf4-ca00afbfb842 [2026-09-16T12:01:06.095412] Error: Authentication kind "jwt" configured, but no XSUAA instance bound to application. Either bind an XSUAA instance, or switch to an authentication kind that does not require a binding. (STDERR, APP/PROC/WEB)#
#2026 09 16 12:01:10.939#Z#DEBUG#d27b103a-b1c5-11f1-bf33-eeee0a8e3dbc.RiskManagement-srv#flowable-async-job-executor-thread-1618#
[PollStartAppStatusExecution] 43ad4e59-2e0c-4995-adf4-ca00afbfb842 [2026-09-16T12:01:06.095428] at jwt_auth (/home/vcap/app/node_modules/@sap/cds/lib/srv/middlewares/auth/jwt-auth.js:16:11) (STDERR, APP/PROC/WEB)#
#2026 09 16 12:01:10.939#Z#DEBUG#d27b103a-b1c5-11f1-bf33-eeee0a8e3dbc.RiskManagement-srv#flowable-async-job-executor-thread-1618#
[PollStartAppStatusExecution] 43ad4e59-2e0c-4995-adf4-ca00afbfb842 [2026-09-16T12:01:06.095433] at auth_factory (/home/vcap/app/node_modules/@sap/cds/lib/srv/middlewares/auth/index.js:49:61) (STDERR, APP/PROC/WEB)#
#2026 09 16 12:01:10.939#Z#DEBUG#d27b103a-b1c5-11f1-bf33-eeee0a8e3dbc.RiskManagement-srv#flowable-async-job-executor-thread-1618#
[PollStartAppStatusExecution] 43ad4e59-2e0c-4995-adf4-ca00afbfb842 [2026-09-16T12:01:06.095438] at _instantiate (/home/vcap/app/node_modules/@sap/cds/lib/srv/middlewares/index.js:49:12) (STDERR, APP/PROC/WEB)#
#2026 09 16 12:01:10.939#Z#DEBUG#d27b103a-b1c5-11f1-bf33-eeee0a8e3dbc.RiskManagement-srv#flowable-async-job-executor-thread-1618#
[PollStartAppStatusExecution] 43ad4e59-2e0c-4995-adf4-ca00afbfb842 [2026-09-16T12:01:06.095442] at /home/vcap/app/node_modules/@sap/cds/lib/srv/middlewares/index.js:13:13 (STDERR, APP/PROC/WEB)#
#2026 09 16 12:01:10.939#Z#DEBUG#d27b103a-b1c5-11f1-bf33-eeee0a8e3dbc.RiskManagement-srv#flowable-async-job-executor-thread-1618#
[PollStartAppStatusExecution] 43ad4e59-2e0c-4995-adf4-ca00afbfb842 [2026-09-16T12:01:06.095447] at Array.map (<anonymous>) (STDERR, APP/PROC/WEB)#
#2026 09 16 12:01:10.939#Z#DEBUG#d27b103a-b1c5-11f1-bf33-eeee0a8e3dbc.RiskManagement-srv#flowable-async-job-executor-thread-1618#
[PollStartAppStatusExecution] 43ad4e59-2e0c-4995-adf4-ca00afbfb842 [2026-09-16T12:01:06.095454] at Object.<anonymous> (/home/vcap/app/node_modules/@sap/cds/lib/srv/middlewares/index.js:13:3) (STDERR, APP/PROC/WEB)#
#2026 09 16 12:01:10.939#Z#DEBUG#d27b103a-b1c5-11f1-bf33-eeee0a8e3dbc.RiskManagement-srv#flowable-async-job-executor-thread-1618#
[PollStartAppStatusExecution] 43ad4e59-2e0c-4995-adf4-ca00afbfb842 [2026-09-16T12:01:06.095458] at Module._compile (node:internal/modules/cjs/loader:1871:14) (STDERR, APP/PROC/WEB)#
#2026 09 16 12:01:10.939#Z#DEBUG#d27b103a-b1c5-11f1-bf33-eeee0a8e3dbc.RiskManagement-srv#flowable-async-job-executor-thread-1618#
[PollStartAppStatusExecution] 43ad4e59-2e0c-4995-adf4-ca00afbfb842 [2026-09-16T12:01:06.095474] at Object..js (node:internal/modules/cjs/loader:2002:10) (STDERR, APP/PROC/WEB)#
#2026 09 16 12:01:10.939#Z#DEBUG#d27b103a-b1c5-11f1-bf33-eeee0a8e3dbc.RiskManagement-srv#flowable-async-job-executor-thread-1618#
[PollStartAppStatusExecution] 43ad4e59-2e0c-4995-adf4-ca00afbfb842 [2026-09-16T12:01:06.095488] at Module.load (node:internal/modules/cjs/loader:1594:32) (STDERR, APP/PROC/WEB)#
#2026 09 16 12:01:10.939#Z#DEBUG#d27b103a-b1c5-11f1-bf33-eeee0a8e3dbc.RiskManagement-srv#flowable-async-job-executor-thread-1618#
[PollStartAppStatusExecution] 43ad4e59-2e0c-4995-adf4-ca00afbfb842 [2026-09-16T12:01:06.095491] at Module._load (node:internal/modules/cjs/loader:1396:12) (STDERR, APP/PROC/WEB)#
#2026 09 16 12:01:10.939#Z#DEBUG#d27b103a-b1c5-11f1-bf33-eeee0a8e3dbc.RiskManagement-srv#flowable-async-job-executor-thread-1618#
[PollStartAppStatusExecution] 43ad4e59-2e0c-4995-adf4-ca00afbfb842 [2026-09-16T12:01:06.095495] Node.js v24.18.0 (STDERR, APP/PROC/WEB)#
#2026 09 16 12:01:10.939#Z#DEBUG#d27b103a-b1c5-11f1-bf33-eeee0a8e3dbc.RiskManagement-srv#flowable-async-job-executor-thread-1618#
[PollStartAppStatusExecution] 43ad4e59-2e0c-4995-adf4-ca00afbfb842 [2026-09-16T12:01:06.141809] npm notice (STDERR, APP/PROC/WEB)#
#2026 09 16 12:01:10.939#Z#DEBUG#d27b103a-b1c5-11f1-bf33-eeee0a8e3dbc.RiskManagement-srv#flowable-async-job-executor-thread-1618#
[PollStartAppStatusExecution] 43ad4e59-2e0c-4995-adf4-ca00afbfb842 [2026-09-16T12:01:06.141868] npm notice New major version of npm available! 11.16.0 -> 12.0.2 (STDERR, APP/PROC/WEB)#
#2026 09 16 12:01:10.939#Z#DEBUG#d27b103a-b1c5-11f1-bf33-eeee0a8e3dbc.RiskManagement-srv#flowable-async-job-executor-thread-1618#
[PollStartAppStatusExecution] 43ad4e59-2e0c-4995-adf4-ca00afbfb842 [2026-09-16T12:01:06.141876] npm notice Changelog: https://github.com/npm/cli/releases/tag/v12.0.2 (STDERR, APP/PROC/WEB)#
#2026 09 16 12:01:10.939#Z#DEBUG#d27b103a-b1c5-11f1-bf33-eeee0a8e3dbc.RiskManagement-srv#flowable-async-job-executor-thread-1618#
[PollStartAppStatusExecution] 43ad4e59-2e0c-4995-adf4-ca00afbfb842 [2026-09-16T12:01:06.141880] npm notice To update run: npm install -g npm@12.0.2 (STDERR, APP/PROC/WEB)#
#2026 09 16 12:01:10.940#Z#DEBUG#d27b103a-b1c5-11f1-bf33-eeee0a8e3dbc.RiskManagement-srv#flowable-async-job-executor-thread-1618#
[PollStartAppStatusExecution] 43ad4e59-2e0c-4995-adf4-ca00afbfb842 [2026-09-16T12:01:06.141884] npm notice (STDERR, APP/PROC/WEB)#
#2026 09 16 12:01:10.940#Z#DEBUG#d27b103a-b1c5-11f1-bf33-eeee0a8e3dbc.RiskManagement-srv#flowable-async-job-executor-thread-1618#
[PollStartAppStatusExecution] 43ad4e59-2e0c-4995-adf4-ca00afbfb842 [2026-09-16T12:01:06.247774] Exit status 1 (STDOUT, APP/PROC/WEB)#
#2026 09 16 12:01:20.847#Z#DEBUG#d27b103a-b1c5-11f1-bf33-eeee0a8e3dbc.RiskManagement-srv#flowable-async-job-executor-thread-18006#
[PollStartAppStatusExecution] 43ad4e59-2e0c-4995-adf4-ca00afbfb842 [2026-09-16T12:01:13.341480] Cell d1cc041a-d5a1-41d6-b9f6-6cda736ce3f0 stopping instance ce3b125f-40a5-4d0c-5955-a693 (STDOUT, CELL)#
#2026 09 16 12:01:20.847#Z#DEBUG#d27b103a-b1c5-11f1-bf33-eeee0a8e3dbc.RiskManagement-srv#flowable-async-job-executor-thread-18006#
[PollStartAppStatusExecution] 43ad4e59-2e0c-4995-adf4-ca00afbfb842 [2026-09-16T12:01:13.341552] Cell d1cc041a-d5a1-41d6-b9f6-6cda736ce3f0 destroying container for instance ce3b125f-40a5-4d0c-5955-a693 (STDOUT, CELL)#
#2026 09 16 12:01:20.847#Z#DEBUG#d27b103a-b1c5-11f1-bf33-eeee0a8e3dbc.RiskManagement-srv#flowable-async-job-executor-thread-18006#
[PollStartAppStatusExecution] 43ad4e59-2e0c-4995-adf4-ca00afbfb842 [2026-09-16T12:01:13.351280] Process has crashed with type: "web" (STDOUT, API)#
#2026 09 16 12:01:20.847#Z#DEBUG#d27b103a-b1c5-11f1-bf33-eeee0a8e3dbc.RiskManagement-srv#flowable-async-job-executor-thread-18006#
[PollStartAppStatusExecution] 43ad4e59-2e0c-4995-adf4-ca00afbfb842 [2026-09-16T12:01:13.368188] App instance exited with guid 43ad4e59-2e0c-4995-adf4-ca00afbfb842 payload: {"instance"=>"ce3b125f-40a5-4d0c-5955-a693", "index"=>0, "cell_id"=>"d1cc041a-d5a1-41d6-b9f6-6cda736ce3f0", "reason"=>"CRASHED", "exit_description"=>"APP/PROC/WEB: Exited with status 1", "crash_count"=>2, "crash_timestamp"=>1789560073322760452, "version"=>"222294a7-4c7a-41e9-829c-88862c8e8737"} (STDOUT, API)#
#2026 09 16 12:01:20.847#Z#DEBUG#d27b103a-b1c5-11f1-bf33-eeee0a8e3dbc.RiskManagement-srv#flowable-async-job-executor-thread-18006#
[PollStartAppStatusExecution] 43ad4e59-2e0c-4995-adf4-ca00afbfb842 [2026-09-16T12:01:13.509730] Cell c839c7b1-088e-41af-b9b7-66256aacd457 creating container for instance 2101dfae-0284-48c3-7486-2d92 (STDOUT, CELL)#
#2026 09 16 12:01:20.847#Z#DEBUG#d27b103a-b1c5-11f1-bf33-eeee0a8e3dbc.RiskManagement-srv#flowable-async-job-executor-thread-18006#
[PollStartAppStatusExecution] 43ad4e59-2e0c-4995-adf4-ca00afbfb842 [2026-09-16T12:01:13.757116] Exit status 137 (STDOUT, PROXY)#
#2026 09 16 12:01:20.847#Z#DEBUG#d27b103a-b1c5-11f1-bf33-eeee0a8e3dbc.RiskManagement-srv#flowable-async-job-executor-thread-18006#
[PollStartAppStatusExecution] 43ad4e59-2e0c-4995-adf4-ca00afbfb842 [2026-09-16T12:01:14.359986] Security group rules were updated (STDOUT, CELL)#
#2026 09 16 12:01:20.847#Z#DEBUG#d27b103a-b1c5-11f1-bf33-eeee0a8e3dbc.RiskManagement-srv#flowable-async-job-executor-thread-18006#
[PollStartAppStatusExecution] 43ad4e59-2e0c-4995-adf4-ca00afbfb842 [2026-09-16T12:01:14.448074] Cell c839c7b1-088e-41af-b9b7-66256aacd457 successfully created container for instance 2101dfae-0284-48c3-7486-2d92 (STDOUT, CELL)#
#2026 09 16 12:01:20.847#Z#DEBUG#d27b103a-b1c5-11f1-bf33-eeee0a8e3dbc.RiskManagement-srv#flowable-async-job-executor-thread-18006#
[PollStartAppStatusExecution] 43ad4e59-2e0c-4995-adf4-ca00afbfb842 [2026-09-16T12:01:15.082821] Downloading droplet... (STDOUT, CELL)#
#2026 09 16 12:01:20.847#Z#DEBUG#d27b103a-b1c5-11f1-bf33-eeee0a8e3dbc.RiskManagement-srv#flowable-async-job-executor-thread-18006#
[PollStartAppStatusExecution] 43ad4e59-2e0c-4995-adf4-ca00afbfb842 [2026-09-16T12:01:16.347527] Cell d1cc041a-d5a1-41d6-b9f6-6cda736ce3f0 successfully destroyed container for instance ce3b125f-40a5-4d0c-5955-a693 (STDOUT, CELL)#
#2026 09 16 12:01:20.847#Z#DEBUG#d27b103a-b1c5-11f1-bf33-eeee0a8e3dbc.RiskManagement-srv#flowable-async-job-executor-thread-18006#
[PollStartAppStatusExecution] 43ad4e59-2e0c-4995-adf4-ca00afbfb842 [2026-09-16T12:01:17.056397] Downloaded droplet (STDOUT, CELL)#
#2026 09 16 12:01:20.847#Z#DEBUG#d27b103a-b1c5-11f1-bf33-eeee0a8e3dbc.RiskManagement-srv#flowable-async-job-executor-thread-18006#
[PollStartAppStatusExecution] 43ad4e59-2e0c-4995-adf4-ca00afbfb842 [2026-09-16T12:01:17.056593] Starting health monitoring of container (STDOUT, CELL)#
#2026 09 16 12:01:20.847#Z#DEBUG#d27b103a-b1c5-11f1-bf33-eeee0a8e3dbc.RiskManagement-srv#flowable-async-job-executor-thread-18006#
[PollStartAppStatusExecution] 43ad4e59-2e0c-4995-adf4-ca00afbfb842 [2026-09-16T12:01:17.207182] Invoking pre-start scripts. (STDOUT, APP/PROC/WEB)#
#2026 09 16 12:01:20.847#Z#DEBUG#d27b103a-b1c5-11f1-bf33-eeee0a8e3dbc.RiskManagement-srv#flowable-async-job-executor-thread-18006#
[PollStartAppStatusExecution] 43ad4e59-2e0c-4995-adf4-ca00afbfb842 [2026-09-16T12:01:17.441543] Invoking start command. (STDOUT, APP/PROC/WEB)#
#2026 09 16 12:01:20.847#Z#DEBUG#d27b103a-b1c5-11f1-bf33-eeee0a8e3dbc.RiskManagement-srv#flowable-async-job-executor-thread-18006#
[PollStartAppStatusExecution] 43ad4e59-2e0c-4995-adf4-ca00afbfb842 [2026-09-16T12:01:17.902612] > RiskManagement@1.0.0 start (STDOUT, APP/PROC/WEB)#
#2026 09 16 12:01:20.847#Z#DEBUG#d27b103a-b1c5-11f1-bf33-eeee0a8e3dbc.RiskManagement-srv#flowable-async-job-executor-thread-18006#
[PollStartAppStatusExecution] 43ad4e59-2e0c-4995-adf4-ca00afbfb842 [2026-09-16T12:01:17.902639] > cds-serve (STDOUT, APP/PROC/WEB)#
#2026 09 16 12:01:20.847#Z#DEBUG#d27b103a-b1c5-11f1-bf33-eeee0a8e3dbc.RiskManagement-srv#flowable-async-job-executor-thread-18006#
[PollStartAppStatusExecution] 43ad4e59-2e0c-4995-adf4-ca00afbfb842 [2026-09-16T12:01:18.377615] {"level":"info","logger":"cds","timestamp":"2026-09-16T12:01:18.376Z","layer":"cds","component_type":"application","container_id":"10.32.2.6","component_id":"43ad4e59-2e0c-4995-adf4-ca00afbfb842","component_name":"RiskManagement-srv","component_instance":0,"source_instance":0,"organization_name":"47a58eedtrial","organization_id":"d7a02038-bfb6-4965-9398-981fd602b71e","space_name":"dev","space_id":"b1534f58-8387-42a5-8ece-809300958c1c","msg":"loaded model from 1 file(s):\n ","type":"log"} (STDOUT, APP/PROC/WEB)#
#2026 09 16 12:01:20.847#Z#DEBUG#d27b103a-b1c5-11f1-bf33-eeee0a8e3dbc.RiskManagement-srv#flowable-async-job-executor-thread-18006#
[PollStartAppStatusExecution] 43ad4e59-2e0c-4995-adf4-ca00afbfb842 [2026-09-16T12:01:18.378012] srv/csn.json (STDOUT, APP/PROC/WEB)#
#2026 09 16 12:01:20.847#Z#DEBUG#d27b103a-b1c5-11f1-bf33-eeee0a8e3dbc.RiskManagement-srv#flowable-async-job-executor-thread-18006#
[PollStartAppStatusExecution] 43ad4e59-2e0c-4995-adf4-ca00afbfb842 [2026-09-16T12:01:18.709342] {"level":"info","logger":"cds","timestamp":"2026-09-16T12:01:18.708Z","layer":"cds","component_type":"application","container_id":"10.32.2.6","component_id":"43ad4e59-2e0c-4995-adf4-ca00afbfb842","component_name":"RiskManagement-srv","component_instance":0,"source_instance":0,"organization_name":"47a58eedtrial","organization_id":"d7a02038-bfb6-4965-9398-981fd602b71e","space_name":"dev","space_id":"b1534f58-8387-42a5-8ece-809300958c1c","msg":"connect to db > hana {\n  database_id: '69bcbe67-03bc-4478-9fd0-d9ad2b0779fc',\n  host: '69bcbe67-03bc-4478-9fd0-d9ad2b0779fc.hna0.prod-us10.hanacloud.ondemand.com',\n  port: '443',\n  driver: 'com.sap.db.jdbc.Driver',\n  url: 'jdbc:sap://69bcbe67-03bc-4478-9fd0-d9ad2b0779fc.hna0.prod-us10.hanacloud.ondemand.com:443?encrypt=true&validateCertificate=true&currentschema=1D2FD6BD9AE248389E2C5DD7F64681C6',\n  schema: '1D2FD6BD9AE248389E2C5DD7F64681C6',\n  certificate: '...',\n  hdi_user: '1D2FD6BD9AE248389E2C5DD7F64681C6_BGLOAL9S8VB716N7PWHIMKK1K_DT',\n  hdi_password: '...',\n  user: '1D2FD6BD9AE248389E2C5DD7F64681C6_BGLOAL9S8VB716N7PWHIMKK1K_RT',\n  password: '...'\n}","type":"log"} (STDOUT, APP/PROC/WEB)#
#2026 09 16 12:01:20.847#Z#DEBUG#d27b103a-b1c5-11f1-bf33-eeee0a8e3dbc.RiskManagement-srv#flowable-async-job-executor-thread-18006#
[PollStartAppStatusExecution] 43ad4e59-2e0c-4995-adf4-ca00afbfb842 [2026-09-16T12:01:18.800208] {"level":"info","logger":"cds","timestamp":"2026-09-16T12:01:18.799Z","layer":"cds","component_type":"application","container_id":"10.32.2.6","component_id":"43ad4e59-2e0c-4995-adf4-ca00afbfb842","component_name":"RiskManagement-srv","component_instance":0,"source_instance":0,"organization_name":"47a58eedtrial","organization_id":"d7a02038-bfb6-4965-9398-981fd602b71e","space_name":"dev","space_id":"b1534f58-8387-42a5-8ece-809300958c1c","msg":"using auth strategy { kind: 'jwt' }","type":"log"} (STDOUT, APP/PROC/WEB)#
#2026 09 16 12:01:20.847#Z#DEBUG#d27b103a-b1c5-11f1-bf33-eeee0a8e3dbc.RiskManagement-srv#flowable-async-job-executor-thread-18006#
[PollStartAppStatusExecution] 43ad4e59-2e0c-4995-adf4-ca00afbfb842 [2026-09-16T12:01:18.836640] /home/vcap/app/node_modules/@sap/cds/lib/srv/middlewares/auth/jwt-auth.js:16 (STDERR, APP/PROC/WEB)#
#2026 09 16 12:01:20.847#Z#DEBUG#d27b103a-b1c5-11f1-bf33-eeee0a8e3dbc.RiskManagement-srv#flowable-async-job-executor-thread-18006#
[PollStartAppStatusExecution] 43ad4e59-2e0c-4995-adf4-ca00afbfb842 [2026-09-16T12:01:18.836670] throw new Error( (STDERR, APP/PROC/WEB)#
#2026 09 16 12:01:20.847#Z#DEBUG#d27b103a-b1c5-11f1-bf33-eeee0a8e3dbc.RiskManagement-srv#flowable-async-job-executor-thread-18006#
[PollStartAppStatusExecution] 43ad4e59-2e0c-4995-adf4-ca00afbfb842 [2026-09-16T12:01:18.836675] ^ (STDERR, APP/PROC/WEB)#
#2026 09 16 12:01:20.847#Z#DEBUG#d27b103a-b1c5-11f1-bf33-eeee0a8e3dbc.RiskManagement-srv#flowable-async-job-executor-thread-18006#
[PollStartAppStatusExecution] 43ad4e59-2e0c-4995-adf4-ca00afbfb842 [2026-09-16T12:01:18.836682] Error: Authentication kind "jwt" configured, but no XSUAA instance bound to application. Either bind an XSUAA instance, or switch to an authentication kind that does not require a binding. (STDERR, APP/PROC/WEB)#
#2026 09 16 12:01:20.847#Z#DEBUG#d27b103a-b1c5-11f1-bf33-eeee0a8e3dbc.RiskManagement-srv#flowable-async-job-executor-thread-18006#
[PollStartAppStatusExecution] 43ad4e59-2e0c-4995-adf4-ca00afbfb842 [2026-09-16T12:01:18.836688] at jwt_auth (/home/vcap/app/node_modules/@sap/cds/lib/srv/middlewares/auth/jwt-auth.js:16:11) (STDERR, APP/PROC/WEB)#
#2026 09 16 12:01:20.847#Z#DEBUG#d27b103a-b1c5-11f1-bf33-eeee0a8e3dbc.RiskManagement-srv#flowable-async-job-executor-thread-18006#
[PollStartAppStatusExecution] 43ad4e59-2e0c-4995-adf4-ca00afbfb842 [2026-09-16T12:01:18.836691] at auth_factory (/home/vcap/app/node_modules/@sap/cds/lib/srv/middlewares/auth/index.js:49:61) (STDERR, APP/PROC/WEB)#
#2026 09 16 12:01:20.847#Z#DEBUG#d27b103a-b1c5-11f1-bf33-eeee0a8e3dbc.RiskManagement-srv#flowable-async-job-executor-thread-18006#
[PollStartAppStatusExecution] 43ad4e59-2e0c-4995-adf4-ca00afbfb842 [2026-09-16T12:01:18.836695] at _instantiate (/home/vcap/app/node_modules/@sap/cds/lib/srv/middlewares/index.js:49:12) (STDERR, APP/PROC/WEB)#
#2026 09 16 12:01:20.847#Z#DEBUG#d27b103a-b1c5-11f1-bf33-eeee0a8e3dbc.RiskManagement-srv#flowable-async-job-executor-thread-18006#
[PollStartAppStatusExecution] 43ad4e59-2e0c-4995-adf4-ca00afbfb842 [2026-09-16T12:01:18.836699] at /home/vcap/app/node_modules/@sap/cds/lib/srv/middlewares/index.js:13:13 (STDERR, APP/PROC/WEB)#
#2026 09 16 12:01:20.847#Z#DEBUG#d27b103a-b1c5-11f1-bf33-eeee0a8e3dbc.RiskManagement-srv#flowable-async-job-executor-thread-18006#
[PollStartAppStatusExecution] 43ad4e59-2e0c-4995-adf4-ca00afbfb842 [2026-09-16T12:01:18.836707] at Array.map (<anonymous>) (STDERR, APP/PROC/WEB)#
#2026 09 16 12:01:20.847#Z#DEBUG#d27b103a-b1c5-11f1-bf33-eeee0a8e3dbc.RiskManagement-srv#flowable-async-job-executor-thread-18006#
[PollStartAppStatusExecution] 43ad4e59-2e0c-4995-adf4-ca00afbfb842 [2026-09-16T12:01:18.836710] at Object.<anonymous> (/home/vcap/app/node_modules/@sap/cds/lib/srv/middlewares/index.js:13:3) (STDERR, APP/PROC/WEB)#
#2026 09 16 12:01:20.847#Z#DEBUG#d27b103a-b1c5-11f1-bf33-eeee0a8e3dbc.RiskManagement-srv#flowable-async-job-executor-thread-18006#
[PollStartAppStatusExecution] 43ad4e59-2e0c-4995-adf4-ca00afbfb842 [2026-09-16T12:01:18.836714] at Module._compile (node:internal/modules/cjs/loader:1871:14) (STDERR, APP/PROC/WEB)#
#2026 09 16 12:01:20.847#Z#DEBUG#d27b103a-b1c5-11f1-bf33-eeee0a8e3dbc.RiskManagement-srv#flowable-async-job-executor-thread-18006#
[PollStartAppStatusExecution] 43ad4e59-2e0c-4995-adf4-ca00afbfb842 [2026-09-16T12:01:18.836722] at Object..js (node:internal/modules/cjs/loader:2002:10) (STDERR, APP/PROC/WEB)#
#2026 09 16 12:01:20.847#Z#DEBUG#d27b103a-b1c5-11f1-bf33-eeee0a8e3dbc.RiskManagement-srv#flowable-async-job-executor-thread-18006#
[PollStartAppStatusExecution] 43ad4e59-2e0c-4995-adf4-ca00afbfb842 [2026-09-16T12:01:18.836725] at Module.load (node:internal/modules/cjs/loader:1594:32) (STDERR, APP/PROC/WEB)#
#2026 09 16 12:01:20.847#Z#DEBUG#d27b103a-b1c5-11f1-bf33-eeee0a8e3dbc.RiskManagement-srv#flowable-async-job-executor-thread-18006#
[PollStartAppStatusExecution] 43ad4e59-2e0c-4995-adf4-ca00afbfb842 [2026-09-16T12:01:18.836728] at Module._load (node:internal/modules/cjs/loader:1396:12) (STDERR, APP/PROC/WEB)#
#2026 09 16 12:01:20.847#Z#DEBUG#d27b103a-b1c5-11f1-bf33-eeee0a8e3dbc.RiskManagement-srv#flowable-async-job-executor-thread-18006#
[PollStartAppStatusExecution] 43ad4e59-2e0c-4995-adf4-ca00afbfb842 [2026-09-16T12:01:18.836800] Node.js v24.18.0 (STDERR, APP/PROC/WEB)#
#2026 09 16 12:01:20.847#Z#DEBUG#d27b103a-b1c5-11f1-bf33-eeee0a8e3dbc.RiskManagement-srv#flowable-async-job-executor-thread-18006#
[PollStartAppStatusExecution] 43ad4e59-2e0c-4995-adf4-ca00afbfb842 [2026-09-16T12:01:18.869545] npm notice (STDERR, APP/PROC/WEB)#
#2026 09 16 12:01:20.847#Z#DEBUG#d27b103a-b1c5-11f1-bf33-eeee0a8e3dbc.RiskManagement-srv#flowable-async-job-executor-thread-18006#
[PollStartAppStatusExecution] 43ad4e59-2e0c-4995-adf4-ca00afbfb842 [2026-09-16T12:01:18.869574] npm notice New major version of npm available! 11.16.0 -> 12.0.2 (STDERR, APP/PROC/WEB)#
#2026 09 16 12:01:20.847#Z#DEBUG#d27b103a-b1c5-11f1-bf33-eeee0a8e3dbc.RiskManagement-srv#flowable-async-job-executor-thread-18006#
[PollStartAppStatusExecution] 43ad4e59-2e0c-4995-adf4-ca00afbfb842 [2026-09-16T12:01:18.869582] npm notice Changelog: https://github.com/npm/cli/releases/tag/v12.0.2 (STDERR, APP/PROC/WEB)#
#2026 09 16 12:01:20.847#Z#DEBUG#d27b103a-b1c5-11f1-bf33-eeee0a8e3dbc.RiskManagement-srv#flowable-async-job-executor-thread-18006#
[PollStartAppStatusExecution] 43ad4e59-2e0c-4995-adf4-ca00afbfb842 [2026-09-16T12:01:18.869585] npm notice To update run: npm install -g npm@12.0.2 (STDERR, APP/PROC/WEB)#
#2026 09 16 12:01:20.847#Z#DEBUG#d27b103a-b1c5-11f1-bf33-eeee0a8e3dbc.RiskManagement-srv#flowable-async-job-executor-thread-18006#
[PollStartAppStatusExecution] 43ad4e59-2e0c-4995-adf4-ca00afbfb842 [2026-09-16T12:01:18.869588] npm notice (STDERR, APP/PROC/WEB)#
#2026 09 16 12:01:20.847#Z#DEBUG#d27b103a-b1c5-11f1-bf33-eeee0a8e3dbc.RiskManagement-srv#flowable-async-job-executor-thread-18006#
[PollStartAppStatusExecution] 43ad4e59-2e0c-4995-adf4-ca00afbfb842 [2026-09-16T12:01:18.962677] Exit status 1 (STDOUT, APP/PROC/WEB)#
#2026 09 16 12:01:30.875#Z#DEBUG#d27b103a-b1c5-11f1-bf33-eeee0a8e3dbc.RiskManagement-srv#flowable-async-job-executor-thread-1632#
[PollStartAppStatusExecution] 43ad4e59-2e0c-4995-adf4-ca00afbfb842 [2026-09-16T12:01:24.829142] Cell c839c7b1-088e-41af-b9b7-66256aacd457 stopping instance 2101dfae-0284-48c3-7486-2d92 (STDOUT, CELL)#
#2026 09 16 12:01:30.875#Z#DEBUG#d27b103a-b1c5-11f1-bf33-eeee0a8e3dbc.RiskManagement-srv#flowable-async-job-executor-thread-1632#
[PollStartAppStatusExecution] 43ad4e59-2e0c-4995-adf4-ca00afbfb842 [2026-09-16T12:01:24.829211] Cell c839c7b1-088e-41af-b9b7-66256aacd457 destroying container for instance 2101dfae-0284-48c3-7486-2d92 (STDOUT, CELL)#
#2026 09 16 12:01:30.875#Z#DEBUG#d27b103a-b1c5-11f1-bf33-eeee0a8e3dbc.RiskManagement-srv#flowable-async-job-executor-thread-1632#
[PollStartAppStatusExecution] 43ad4e59-2e0c-4995-adf4-ca00afbfb842 [2026-09-16T12:01:24.851146] Process has crashed with type: "web" (STDOUT, API)#
#2026 09 16 12:01:30.875#Z#DEBUG#d27b103a-b1c5-11f1-bf33-eeee0a8e3dbc.RiskManagement-srv#flowable-async-job-executor-thread-1632#
[PollStartAppStatusExecution] 43ad4e59-2e0c-4995-adf4-ca00afbfb842 [2026-09-16T12:01:24.983783] App instance exited with guid 43ad4e59-2e0c-4995-adf4-ca00afbfb842 payload: {"instance"=>"2101dfae-0284-48c3-7486-2d92", "index"=>0, "cell_id"=>"c839c7b1-088e-41af-b9b7-66256aacd457", "reason"=>"CRASHED", "exit_description"=>"APP/PROC/WEB: Exited with status 1", "crash_count"=>3, "crash_timestamp"=>1789560084825062183, "version"=>"222294a7-4c7a-41e9-829c-88862c8e8737"} (STDOUT, API)#
#2026 09 16 12:01:30.875#Z#DEBUG#d27b103a-b1c5-11f1-bf33-eeee0a8e3dbc.RiskManagement-srv#flowable-async-job-executor-thread-1632#
[PollStartAppStatusExecution] 43ad4e59-2e0c-4995-adf4-ca00afbfb842 [2026-09-16T12:01:25.095974] Exit status 137 (STDOUT, PROXY)#
#2026 09 16 12:01:30.875#Z#DEBUG#d27b103a-b1c5-11f1-bf33-eeee0a8e3dbc.RiskManagement-srv#flowable-async-job-executor-thread-1632#
[PollStartAppStatusExecution] 43ad4e59-2e0c-4995-adf4-ca00afbfb842 [2026-09-16T12:01:27.189778] Cell c839c7b1-088e-41af-b9b7-66256aacd457 successfully destroyed container for instance 2101dfae-0284-48c3-7486-2d92 (STDOUT, CELL)#
#2026 09 16 12:01:41.098#Z#DEBUG#d27b103a-b1c5-11f1-bf33-eeee0a8e3dbc.RiskManagement-srv#flowable-async-job-executor-thread-1639#
[PollStartAppStatusExecution] 43ad4e59-2e0c-4995-adf4-ca00afbfb842 [2026-09-16T12:01:24.829142] Cell c839c7b1-088e-41af-b9b7-66256aacd457 stopping instance 2101dfae-0284-48c3-7486-2d92 (STDOUT, CELL)#
#2026 09 16 12:01:41.098#Z#DEBUG#d27b103a-b1c5-11f1-bf33-eeee0a8e3dbc.RiskManagement-srv#flowable-async-job-executor-thread-1639#
[PollStartAppStatusExecution] 43ad4e59-2e0c-4995-adf4-ca00afbfb842 [2026-09-16T12:01:24.829211] Cell c839c7b1-088e-41af-b9b7-66256aacd457 destroying container for instance 2101dfae-0284-48c3-7486-2d92 (STDOUT, CELL)#
#2026 09 16 12:01:41.098#Z#DEBUG#d27b103a-b1c5-11f1-bf33-eeee0a8e3dbc.RiskManagement-srv#flowable-async-job-executor-thread-1639#
[PollStartAppStatusExecution] 43ad4e59-2e0c-4995-adf4-ca00afbfb842 [2026-09-16T12:01:24.851146] Process has crashed with type: "web" (STDOUT, API)#
#2026 09 16 12:01:41.098#Z#DEBUG#d27b103a-b1c5-11f1-bf33-eeee0a8e3dbc.RiskManagement-srv#flowable-async-job-executor-thread-1639#
[PollStartAppStatusExecution] 43ad4e59-2e0c-4995-adf4-ca00afbfb842 [2026-09-16T12:01:24.983783] App instance exited with guid 43ad4e59-2e0c-4995-adf4-ca00afbfb842 payload: {"instance"=>"2101dfae-0284-48c3-7486-2d92", "index"=>0, "cell_id"=>"c839c7b1-088e-41af-b9b7-66256aacd457", "reason"=>"CRASHED", "exit_description"=>"APP/PROC/WEB: Exited with status 1", "crash_count"=>3, "crash_timestamp"=>1789560084825062183, "version"=>"222294a7-4c7a-41e9-829c-88862c8e8737"} (STDOUT, API)#
#2026 09 16 12:01:41.098#Z#DEBUG#d27b103a-b1c5-11f1-bf33-eeee0a8e3dbc.RiskManagement-srv#flowable-async-job-executor-thread-1639#
[PollStartAppStatusExecution] 43ad4e59-2e0c-4995-adf4-ca00afbfb842 [2026-09-16T12:01:25.095974] Exit status 137 (STDOUT, PROXY)#
#2026 09 16 12:01:41.098#Z#DEBUG#d27b103a-b1c5-11f1-bf33-eeee0a8e3dbc.RiskManagement-srv#flowable-async-job-executor-thread-1639#
[PollStartAppStatusExecution] 43ad4e59-2e0c-4995-adf4-ca00afbfb842 [2026-09-16T12:01:27.189778] Cell c839c7b1-088e-41af-b9b7-66256aacd457 successfully destroyed container for instance 2101dfae-0284-48c3-7486-2d92 (STDOUT, CELL)#
#2026 09 16 12:01:41.098#Z#DEBUG#d27b103a-b1c5-11f1-bf33-eeee0a8e3dbc.RiskManagement-srv#flowable-async-job-executor-thread-1639#
[PollStartAppStatusExecution] 43ad4e59-2e0c-4995-adf4-ca00afbfb842 [2026-09-16T12:01:31.563157] Stopping app with guid 43ad4e59-2e0c-4995-adf4-ca00afbfb842 (STDOUT, API)#
#2026 09 16 12:01:41.098#Z#DEBUG#d27b103a-b1c5-11f1-bf33-eeee0a8e3dbc.RiskManagement-srv#flowable-async-job-executor-thread-1639#
[PollStartAppStatusExecution] 43ad4e59-2e0c-4995-adf4-ca00afbfb842 [2026-09-16T12:01:31.704365] Starting app with guid 43ad4e59-2e0c-4995-adf4-ca00afbfb842 (STDOUT, API)#
#2026 09 16 12:01:41.098#Z#DEBUG#d27b103a-b1c5-11f1-bf33-eeee0a8e3dbc.RiskManagement-srv#flowable-async-job-executor-thread-1639#
[PollStartAppStatusExecution] 43ad4e59-2e0c-4995-adf4-ca00afbfb842 [2026-09-16T12:01:31.963688] Cell d1cc041a-d5a1-41d6-b9f6-6cda736ce3f0 creating container for instance b0ab8280-0075-48bd-5405-2e25 (STDOUT, CELL)#
#2026 09 16 12:01:41.098#Z#DEBUG#d27b103a-b1c5-11f1-bf33-eeee0a8e3dbc.RiskManagement-srv#flowable-async-job-executor-thread-1639#
[PollStartAppStatusExecution] 43ad4e59-2e0c-4995-adf4-ca00afbfb842 [2026-09-16T12:01:34.245916] Security group rules were updated (STDOUT, CELL)#
#2026 09 16 12:01:41.098#Z#DEBUG#d27b103a-b1c5-11f1-bf33-eeee0a8e3dbc.RiskManagement-srv#flowable-async-job-executor-thread-1639#
[PollStartAppStatusExecution] 43ad4e59-2e0c-4995-adf4-ca00afbfb842 [2026-09-16T12:01:34.445164] Cell d1cc041a-d5a1-41d6-b9f6-6cda736ce3f0 successfully created container for instance b0ab8280-0075-48bd-5405-2e25 (STDOUT, CELL)#
#2026 09 16 12:01:41.098#Z#DEBUG#d27b103a-b1c5-11f1-bf33-eeee0a8e3dbc.RiskManagement-srv#flowable-async-job-executor-thread-1639#
[PollStartAppStatusExecution] 43ad4e59-2e0c-4995-adf4-ca00afbfb842 [2026-09-16T12:01:35.362675] Downloading droplet... (STDOUT, CELL)#
#2026 09 16 12:01:41.098#Z#DEBUG#d27b103a-b1c5-11f1-bf33-eeee0a8e3dbc.RiskManagement-srv#flowable-async-job-executor-thread-1639#
[PollStartAppStatusExecution] 43ad4e59-2e0c-4995-adf4-ca00afbfb842 [2026-09-16T12:01:39.921112] Downloaded droplet (62.1M) (STDOUT, CELL)#
#2026 09 16 12:01:41.098#Z#DEBUG#d27b103a-b1c5-11f1-bf33-eeee0a8e3dbc.RiskManagement-srv#flowable-async-job-executor-thread-1639#
[PollStartAppStatusExecution] 43ad4e59-2e0c-4995-adf4-ca00afbfb842 [2026-09-16T12:01:39.921374] Starting health monitoring of container (STDOUT, CELL)#
#2026 09 16 12:01:41.098#Z#DEBUG#d27b103a-b1c5-11f1-bf33-eeee0a8e3dbc.RiskManagement-srv#flowable-async-job-executor-thread-1639#
[PollStartAppStatusExecution] 43ad4e59-2e0c-4995-adf4-ca00afbfb842 [2026-09-16T12:01:40.117841] Invoking pre-start scripts. (STDOUT, APP/PROC/WEB)#
#2026 09 16 12:01:41.098#Z#DEBUG#d27b103a-b1c5-11f1-bf33-eeee0a8e3dbc.RiskManagement-srv#flowable-async-job-executor-thread-1639#
[PollStartAppStatusExecution] 43ad4e59-2e0c-4995-adf4-ca00afbfb842 [2026-09-16T12:01:40.420849] Invoking start command. (STDOUT, APP/PROC/WEB)#
#2026 09 16 12:01:51.058#Z#DEBUG#d27b103a-b1c5-11f1-bf33-eeee0a8e3dbc.RiskManagement-srv#flowable-async-job-executor-thread-1646#
[PollStartAppStatusExecution] 43ad4e59-2e0c-4995-adf4-ca00afbfb842 [2026-09-16T12:01:41.170553] > RiskManagement@1.0.0 start (STDOUT, APP/PROC/WEB)#
#2026 09 16 12:01:51.058#Z#DEBUG#d27b103a-b1c5-11f1-bf33-eeee0a8e3dbc.RiskManagement-srv#flowable-async-job-executor-thread-1646#
[PollStartAppStatusExecution] 43ad4e59-2e0c-4995-adf4-ca00afbfb842 [2026-09-16T12:01:41.170592] > cds-serve (STDOUT, APP/PROC/WEB)#
#2026 09 16 12:01:51.058#Z#DEBUG#d27b103a-b1c5-11f1-bf33-eeee0a8e3dbc.RiskManagement-srv#flowable-async-job-executor-thread-1646#
[PollStartAppStatusExecution] 43ad4e59-2e0c-4995-adf4-ca00afbfb842 [2026-09-16T12:01:41.887292] {"level":"info","logger":"cds","timestamp":"2026-09-16T12:01:41.885Z","layer":"cds","component_type":"application","container_id":"10.32.1.5","component_id":"43ad4e59-2e0c-4995-adf4-ca00afbfb842","component_name":"RiskManagement-srv","component_instance":0,"source_instance":0,"organization_name":"47a58eedtrial","organization_id":"d7a02038-bfb6-4965-9398-981fd602b71e","space_name":"dev","space_id":"b1534f58-8387-42a5-8ece-809300958c1c","msg":"loaded model from 1 file(s):\n ","type":"log"} (STDOUT, APP/PROC/WEB)#
#2026 09 16 12:01:51.058#Z#DEBUG#d27b103a-b1c5-11f1-bf33-eeee0a8e3dbc.RiskManagement-srv#flowable-async-job-executor-thread-1646#
[PollStartAppStatusExecution] 43ad4e59-2e0c-4995-adf4-ca00afbfb842 [2026-09-16T12:01:41.887857] srv/csn.json (STDOUT, APP/PROC/WEB)#
#2026 09 16 12:01:51.058#Z#DEBUG#d27b103a-b1c5-11f1-bf33-eeee0a8e3dbc.RiskManagement-srv#flowable-async-job-executor-thread-1646#
[PollStartAppStatusExecution] 43ad4e59-2e0c-4995-adf4-ca00afbfb842 [2026-09-16T12:01:42.313699] {"level":"info","logger":"cds","timestamp":"2026-09-16T12:01:42.312Z","layer":"cds","component_type":"application","container_id":"10.32.1.5","component_id":"43ad4e59-2e0c-4995-adf4-ca00afbfb842","component_name":"RiskManagement-srv","component_instance":0,"source_instance":0,"organization_name":"47a58eedtrial","organization_id":"d7a02038-bfb6-4965-9398-981fd602b71e","space_name":"dev","space_id":"b1534f58-8387-42a5-8ece-809300958c1c","msg":"connect to db > hana {\n  database_id: '69bcbe67-03bc-4478-9fd0-d9ad2b0779fc',\n  host: '69bcbe67-03bc-4478-9fd0-d9ad2b0779fc.hna0.prod-us10.hanacloud.ondemand.com',\n  port: '443',\n  driver: 'com.sap.db.jdbc.Driver',\n  url: 'jdbc:sap://69bcbe67-03bc-4478-9fd0-d9ad2b0779fc.hna0.prod-us10.hanacloud.ondemand.com:443?encrypt=true&validateCertificate=true&currentschema=1D2FD6BD9AE248389E2C5DD7F64681C6',\n  schema: '1D2FD6BD9AE248389E2C5DD7F64681C6',\n  certificate: '...',\n  hdi_user: '1D2FD6BD9AE248389E2C5DD7F64681C6_BGLOAL9S8VB716N7PWHIMKK1K_DT',\n  hdi_password: '...',\n  user: '1D2FD6BD9AE248389E2C5DD7F64681C6_BGLOAL9S8VB716N7PWHIMKK1K_RT',\n  password: '...'\n}","type":"log"} (STDOUT, APP/PROC/WEB)#
#2026 09 16 12:01:51.058#Z#DEBUG#d27b103a-b1c5-11f1-bf33-eeee0a8e3dbc.RiskManagement-srv#flowable-async-job-executor-thread-1646#
[PollStartAppStatusExecution] 43ad4e59-2e0c-4995-adf4-ca00afbfb842 [2026-09-16T12:01:42.390430] {"level":"info","logger":"cds","timestamp":"2026-09-16T12:01:42.389Z","layer":"cds","component_type":"application","container_id":"10.32.1.5","component_id":"43ad4e59-2e0c-4995-adf4-ca00afbfb842","component_name":"RiskManagement-srv","component_instance":0,"source_instance":0,"organization_name":"47a58eedtrial","organization_id":"d7a02038-bfb6-4965-9398-981fd602b71e","space_name":"dev","space_id":"b1534f58-8387-42a5-8ece-809300958c1c","msg":"using auth strategy { kind: 'jwt' }","type":"log"} (STDOUT, APP/PROC/WEB)#
#2026 09 16 12:01:51.058#Z#DEBUG#d27b103a-b1c5-11f1-bf33-eeee0a8e3dbc.RiskManagement-srv#flowable-async-job-executor-thread-1646#
[PollStartAppStatusExecution] 43ad4e59-2e0c-4995-adf4-ca00afbfb842 [2026-09-16T12:01:42.439054] /home/vcap/app/node_modules/@sap/cds/lib/srv/middlewares/auth/jwt-auth.js:16 (STDERR, APP/PROC/WEB)#
#2026 09 16 12:01:51.058#Z#DEBUG#d27b103a-b1c5-11f1-bf33-eeee0a8e3dbc.RiskManagement-srv#flowable-async-job-executor-thread-1646#
[PollStartAppStatusExecution] 43ad4e59-2e0c-4995-adf4-ca00afbfb842 [2026-09-16T12:01:42.439098] throw new Error( (STDERR, APP/PROC/WEB)#
#2026 09 16 12:01:51.058#Z#DEBUG#d27b103a-b1c5-11f1-bf33-eeee0a8e3dbc.RiskManagement-srv#flowable-async-job-executor-thread-1646#
[PollStartAppStatusExecution] 43ad4e59-2e0c-4995-adf4-ca00afbfb842 [2026-09-16T12:01:42.439104] ^ (STDERR, APP/PROC/WEB)#
#2026 09 16 12:01:51.058#Z#DEBUG#d27b103a-b1c5-11f1-bf33-eeee0a8e3dbc.RiskManagement-srv#flowable-async-job-executor-thread-1646#
[PollStartAppStatusExecution] 43ad4e59-2e0c-4995-adf4-ca00afbfb842 [2026-09-16T12:01:42.439115] Error: Authentication kind "jwt" configured, but no XSUAA instance bound to application. Either bind an XSUAA instance, or switch to an authentication kind that does not require a binding. (STDERR, APP/PROC/WEB)#
#2026 09 16 12:01:51.058#Z#DEBUG#d27b103a-b1c5-11f1-bf33-eeee0a8e3dbc.RiskManagement-srv#flowable-async-job-executor-thread-1646#
[PollStartAppStatusExecution] 43ad4e59-2e0c-4995-adf4-ca00afbfb842 [2026-09-16T12:01:42.439123] at jwt_auth (/home/vcap/app/node_modules/@sap/cds/lib/srv/middlewares/auth/jwt-auth.js:16:11) (STDERR, APP/PROC/WEB)#
#2026 09 16 12:01:51.058#Z#DEBUG#d27b103a-b1c5-11f1-bf33-eeee0a8e3dbc.RiskManagement-srv#flowable-async-job-executor-thread-1646#
[PollStartAppStatusExecution] 43ad4e59-2e0c-4995-adf4-ca00afbfb842 [2026-09-16T12:01:42.439126] at auth_factory (/home/vcap/app/node_modules/@sap/cds/lib/srv/middlewares/auth/index.js:49:61) (STDERR, APP/PROC/WEB)#
#2026 09 16 12:01:51.058#Z#DEBUG#d27b103a-b1c5-11f1-bf33-eeee0a8e3dbc.RiskManagement-srv#flowable-async-job-executor-thread-1646#
[PollStartAppStatusExecution] 43ad4e59-2e0c-4995-adf4-ca00afbfb842 [2026-09-16T12:01:42.439134] at _instantiate (/home/vcap/app/node_modules/@sap/cds/lib/srv/middlewares/index.js:49:12) (STDERR, APP/PROC/WEB)#
#2026 09 16 12:01:51.058#Z#DEBUG#d27b103a-b1c5-11f1-bf33-eeee0a8e3dbc.RiskManagement-srv#flowable-async-job-executor-thread-1646#
[PollStartAppStatusExecution] 43ad4e59-2e0c-4995-adf4-ca00afbfb842 [2026-09-16T12:01:42.439137] at /home/vcap/app/node_modules/@sap/cds/lib/srv/middlewares/index.js:13:13 (STDERR, APP/PROC/WEB)#
#2026 09 16 12:01:51.058#Z#DEBUG#d27b103a-b1c5-11f1-bf33-eeee0a8e3dbc.RiskManagement-srv#flowable-async-job-executor-thread-1646#
[PollStartAppStatusExecution] 43ad4e59-2e0c-4995-adf4-ca00afbfb842 [2026-09-16T12:01:42.439142] at Array.map (<anonymous>) (STDERR, APP/PROC/WEB)#
#2026 09 16 12:01:51.058#Z#DEBUG#d27b103a-b1c5-11f1-bf33-eeee0a8e3dbc.RiskManagement-srv#flowable-async-job-executor-thread-1646#
[PollStartAppStatusExecution] 43ad4e59-2e0c-4995-adf4-ca00afbfb842 [2026-09-16T12:01:42.439145] at Object.<anonymous> (/home/vcap/app/node_modules/@sap/cds/lib/srv/middlewares/index.js:13:3) (STDERR, APP/PROC/WEB)#
#2026 09 16 12:01:51.058#Z#DEBUG#d27b103a-b1c5-11f1-bf33-eeee0a8e3dbc.RiskManagement-srv#flowable-async-job-executor-thread-1646#
[PollStartAppStatusExecution] 43ad4e59-2e0c-4995-adf4-ca00afbfb842 [2026-09-16T12:01:42.439154] at Module._compile (node:internal/modules/cjs/loader:1871:14) (STDERR, APP/PROC/WEB)#
#2026 09 16 12:01:51.058#Z#DEBUG#d27b103a-b1c5-11f1-bf33-eeee0a8e3dbc.RiskManagement-srv#flowable-async-job-executor-thread-1646#
[PollStartAppStatusExecution] 43ad4e59-2e0c-4995-adf4-ca00afbfb842 [2026-09-16T12:01:42.439164] at Object..js (node:internal/modules/cjs/loader:2002:10) (STDERR, APP/PROC/WEB)#
#2026 09 16 12:01:51.058#Z#DEBUG#d27b103a-b1c5-11f1-bf33-eeee0a8e3dbc.RiskManagement-srv#flowable-async-job-executor-thread-1646#
[PollStartAppStatusExecution] 43ad4e59-2e0c-4995-adf4-ca00afbfb842 [2026-09-16T12:01:42.439169] at Module.load (node:internal/modules/cjs/loader:1594:32) (STDERR, APP/PROC/WEB)#
#2026 09 16 12:01:51.058#Z#DEBUG#d27b103a-b1c5-11f1-bf33-eeee0a8e3dbc.RiskManagement-srv#flowable-async-job-executor-thread-1646#
[PollStartAppStatusExecution] 43ad4e59-2e0c-4995-adf4-ca00afbfb842 [2026-09-16T12:01:42.439172] at Module._load (node:internal/modules/cjs/loader:1396:12) (STDERR, APP/PROC/WEB)#
#2026 09 16 12:01:51.058#Z#DEBUG#d27b103a-b1c5-11f1-bf33-eeee0a8e3dbc.RiskManagement-srv#flowable-async-job-executor-thread-1646#
[PollStartAppStatusExecution] 43ad4e59-2e0c-4995-adf4-ca00afbfb842 [2026-09-16T12:01:42.439175] Node.js v24.18.0 (STDERR, APP/PROC/WEB)#
#2026 09 16 12:01:51.058#Z#DEBUG#d27b103a-b1c5-11f1-bf33-eeee0a8e3dbc.RiskManagement-srv#flowable-async-job-executor-thread-1646#
[PollStartAppStatusExecution] 43ad4e59-2e0c-4995-adf4-ca00afbfb842 [2026-09-16T12:01:42.473620] npm notice (STDERR, APP/PROC/WEB)#
#2026 09 16 12:01:51.058#Z#DEBUG#d27b103a-b1c5-11f1-bf33-eeee0a8e3dbc.RiskManagement-srv#flowable-async-job-executor-thread-1646#
[PollStartAppStatusExecution] 43ad4e59-2e0c-4995-adf4-ca00afbfb842 [2026-09-16T12:01:42.473686] npm notice New major version of npm available! 11.16.0 -> 12.0.2 (STDERR, APP/PROC/WEB)#
#2026 09 16 12:01:51.058#Z#DEBUG#d27b103a-b1c5-11f1-bf33-eeee0a8e3dbc.RiskManagement-srv#flowable-async-job-executor-thread-1646#
[PollStartAppStatusExecution] 43ad4e59-2e0c-4995-adf4-ca00afbfb842 [2026-09-16T12:01:42.473700] npm notice Changelog: https://github.com/npm/cli/releases/tag/v12.0.2 (STDERR, APP/PROC/WEB)#
#2026 09 16 12:01:51.058#Z#DEBUG#d27b103a-b1c5-11f1-bf33-eeee0a8e3dbc.RiskManagement-srv#flowable-async-job-executor-thread-1646#
[PollStartAppStatusExecution] 43ad4e59-2e0c-4995-adf4-ca00afbfb842 [2026-09-16T12:01:42.473709] npm notice To update run: npm install -g npm@12.0.2 (STDERR, APP/PROC/WEB)#
#2026 09 16 12:01:51.058#Z#DEBUG#d27b103a-b1c5-11f1-bf33-eeee0a8e3dbc.RiskManagement-srv#flowable-async-job-executor-thread-1646#
[PollStartAppStatusExecution] 43ad4e59-2e0c-4995-adf4-ca00afbfb842 [2026-09-16T12:01:42.473714] npm notice (STDERR, APP/PROC/WEB)#
#2026 09 16 12:01:51.058#Z#DEBUG#d27b103a-b1c5-11f1-bf33-eeee0a8e3dbc.RiskManagement-srv#flowable-async-job-executor-thread-1646#
[PollStartAppStatusExecution] 43ad4e59-2e0c-4995-adf4-ca00afbfb842 [2026-09-16T12:01:42.583419] Exit status 1 (STDOUT, APP/PROC/WEB)#
#2026 09 16 12:01:51.058#Z#DEBUG#d27b103a-b1c5-11f1-bf33-eeee0a8e3dbc.RiskManagement-srv#flowable-async-job-executor-thread-1646#
[PollStartAppStatusExecution] 43ad4e59-2e0c-4995-adf4-ca00afbfb842 [2026-09-16T12:01:48.991090] Cell d1cc041a-d5a1-41d6-b9f6-6cda736ce3f0 stopping instance b0ab8280-0075-48bd-5405-2e25 (STDOUT, CELL)#
#2026 09 16 12:01:51.058#Z#DEBUG#d27b103a-b1c5-11f1-bf33-eeee0a8e3dbc.RiskManagement-srv#flowable-async-job-executor-thread-1646#
[PollStartAppStatusExecution] 43ad4e59-2e0c-4995-adf4-ca00afbfb842 [2026-09-16T12:01:48.991163] Cell d1cc041a-d5a1-41d6-b9f6-6cda736ce3f0 destroying container for instance b0ab8280-0075-48bd-5405-2e25 (STDOUT, CELL)#
#2026 09 16 12:01:51.058#Z#DEBUG#d27b103a-b1c5-11f1-bf33-eeee0a8e3dbc.RiskManagement-srv#flowable-async-job-executor-thread-1646#
[PollStartAppStatusExecution] 43ad4e59-2e0c-4995-adf4-ca00afbfb842 [2026-09-16T12:01:48.996688] Process has crashed with type: "web" (STDOUT, API)#
#2026 09 16 12:01:51.058#Z#DEBUG#d27b103a-b1c5-11f1-bf33-eeee0a8e3dbc.RiskManagement-srv#flowable-async-job-executor-thread-1646#
[PollStartAppStatusExecution] 43ad4e59-2e0c-4995-adf4-ca00afbfb842 [2026-09-16T12:01:49.011964] App instance exited with guid 43ad4e59-2e0c-4995-adf4-ca00afbfb842 payload: {"instance"=>"b0ab8280-0075-48bd-5405-2e25", "index"=>0, "cell_id"=>"d1cc041a-d5a1-41d6-b9f6-6cda736ce3f0", "reason"=>"CRASHED", "exit_description"=>"APP/PROC/WEB: Exited with status 1", "crash_count"=>1, "crash_timestamp"=>1789560108973461377, "version"=>"9eee52bb-fc23-4de4-af28-d97df2a40346"} (STDOUT, API)#
#2026 09 16 12:01:51.058#Z#DEBUG#d27b103a-b1c5-11f1-bf33-eeee0a8e3dbc.RiskManagement-srv#flowable-async-job-executor-thread-1646#
[PollStartAppStatusExecution] 43ad4e59-2e0c-4995-adf4-ca00afbfb842 [2026-09-16T12:01:49.123944] Cell c839c7b1-088e-41af-b9b7-66256aacd457 creating container for instance 94b842fc-acec-463f-63c9-dc66 (STDOUT, CELL)#
#2026 09 16 12:01:51.058#Z#DEBUG#d27b103a-b1c5-11f1-bf33-eeee0a8e3dbc.RiskManagement-srv#flowable-async-job-executor-thread-1646#
[PollStartAppStatusExecution] 43ad4e59-2e0c-4995-adf4-ca00afbfb842 [2026-09-16T12:01:49.979154] Exit status 137 (STDOUT, PROXY)#
#2026 09 16 12:01:51.058#Z#DEBUG#d27b103a-b1c5-11f1-bf33-eeee0a8e3dbc.RiskManagement-srv#flowable-async-job-executor-thread-1646#
[PollStartAppStatusExecution] 43ad4e59-2e0c-4995-adf4-ca00afbfb842 [2026-09-16T12:01:49.988096] Security group rules were updated (STDOUT, CELL)#
#2026 09 16 12:01:51.058#Z#DEBUG#d27b103a-b1c5-11f1-bf33-eeee0a8e3dbc.RiskManagement-srv#flowable-async-job-executor-thread-1646#
[PollStartAppStatusExecution] 43ad4e59-2e0c-4995-adf4-ca00afbfb842 [2026-09-16T12:01:50.096539] Cell c839c7b1-088e-41af-b9b7-66256aacd457 successfully created container for instance 94b842fc-acec-463f-63c9-dc66 (STDOUT, CELL)#
#2026 09 16 12:02:01.229#Z#DEBUG#d27b103a-b1c5-11f1-bf33-eeee0a8e3dbc.RiskManagement-srv#flowable-async-job-executor-thread-1650#
[PollStartAppStatusExecution] 43ad4e59-2e0c-4995-adf4-ca00afbfb842 [2026-09-16T12:01:51.007074] Downloading droplet... (STDOUT, CELL)#
#2026 09 16 12:02:01.229#Z#DEBUG#d27b103a-b1c5-11f1-bf33-eeee0a8e3dbc.RiskManagement-srv#flowable-async-job-executor-thread-1650#
[PollStartAppStatusExecution] 43ad4e59-2e0c-4995-adf4-ca00afbfb842 [2026-09-16T12:01:52.037290] Cell d1cc041a-d5a1-41d6-b9f6-6cda736ce3f0 successfully destroyed container for instance b0ab8280-0075-48bd-5405-2e25 (STDOUT, CELL)#
#2026 09 16 12:02:01.229#Z#DEBUG#d27b103a-b1c5-11f1-bf33-eeee0a8e3dbc.RiskManagement-srv#flowable-async-job-executor-thread-1650#
[PollStartAppStatusExecution] 43ad4e59-2e0c-4995-adf4-ca00afbfb842 [2026-09-16T12:01:55.262045] Downloaded droplet (62.1M) (STDOUT, CELL)#
#2026 09 16 12:02:01.229#Z#DEBUG#d27b103a-b1c5-11f1-bf33-eeee0a8e3dbc.RiskManagement-srv#flowable-async-job-executor-thread-1650#
[PollStartAppStatusExecution] 43ad4e59-2e0c-4995-adf4-ca00afbfb842 [2026-09-16T12:01:55.262195] Starting health monitoring of container (STDOUT, CELL)#
#2026 09 16 12:02:01.229#Z#DEBUG#d27b103a-b1c5-11f1-bf33-eeee0a8e3dbc.RiskManagement-srv#flowable-async-job-executor-thread-1650#
[PollStartAppStatusExecution] 43ad4e59-2e0c-4995-adf4-ca00afbfb842 [2026-09-16T12:01:55.400045] Invoking pre-start scripts. (STDOUT, APP/PROC/WEB)#
#2026 09 16 12:02:01.229#Z#DEBUG#d27b103a-b1c5-11f1-bf33-eeee0a8e3dbc.RiskManagement-srv#flowable-async-job-executor-thread-1650#
[PollStartAppStatusExecution] 43ad4e59-2e0c-4995-adf4-ca00afbfb842 [2026-09-16T12:01:55.658553] Invoking start command. (STDOUT, APP/PROC/WEB)#
#2026 09 16 12:02:01.229#Z#DEBUG#d27b103a-b1c5-11f1-bf33-eeee0a8e3dbc.RiskManagement-srv#flowable-async-job-executor-thread-1650#
[PollStartAppStatusExecution] 43ad4e59-2e0c-4995-adf4-ca00afbfb842 [2026-09-16T12:01:56.113275] > RiskManagement@1.0.0 start (STDOUT, APP/PROC/WEB)#
#2026 09 16 12:02:01.229#Z#DEBUG#d27b103a-b1c5-11f1-bf33-eeee0a8e3dbc.RiskManagement-srv#flowable-async-job-executor-thread-1650#
[PollStartAppStatusExecution] 43ad4e59-2e0c-4995-adf4-ca00afbfb842 [2026-09-16T12:01:56.113310] > cds-serve (STDOUT, APP/PROC/WEB)#
#2026 09 16 12:02:01.229#Z#DEBUG#d27b103a-b1c5-11f1-bf33-eeee0a8e3dbc.RiskManagement-srv#flowable-async-job-executor-thread-1650#
[PollStartAppStatusExecution] 43ad4e59-2e0c-4995-adf4-ca00afbfb842 [2026-09-16T12:01:56.553639] {"level":"info","logger":"cds","timestamp":"2026-09-16T12:01:56.552Z","layer":"cds","component_type":"application","container_id":"10.32.2.6","component_id":"43ad4e59-2e0c-4995-adf4-ca00afbfb842","component_name":"RiskManagement-srv","component_instance":0,"source_instance":0,"organization_name":"47a58eedtrial","organization_id":"d7a02038-bfb6-4965-9398-981fd602b71e","space_name":"dev","space_id":"b1534f58-8387-42a5-8ece-809300958c1c","msg":"loaded model from 1 file(s):\n ","type":"log"} (STDOUT, APP/PROC/WEB)#
#2026 09 16 12:02:01.229#Z#DEBUG#d27b103a-b1c5-11f1-bf33-eeee0a8e3dbc.RiskManagement-srv#flowable-async-job-executor-thread-1650#
[PollStartAppStatusExecution] 43ad4e59-2e0c-4995-adf4-ca00afbfb842 [2026-09-16T12:01:56.554036] srv/csn.json (STDOUT, APP/PROC/WEB)#
#2026 09 16 12:02:01.229#Z#DEBUG#d27b103a-b1c5-11f1-bf33-eeee0a8e3dbc.RiskManagement-srv#flowable-async-job-executor-thread-1650#
[PollStartAppStatusExecution] 43ad4e59-2e0c-4995-adf4-ca00afbfb842 [2026-09-16T12:01:56.820102] {"level":"info","logger":"cds","timestamp":"2026-09-16T12:01:56.819Z","layer":"cds","component_type":"application","container_id":"10.32.2.6","component_id":"43ad4e59-2e0c-4995-adf4-ca00afbfb842","component_name":"RiskManagement-srv","component_instance":0,"source_instance":0,"organization_name":"47a58eedtrial","organization_id":"d7a02038-bfb6-4965-9398-981fd602b71e","space_name":"dev","space_id":"b1534f58-8387-42a5-8ece-809300958c1c","msg":"connect to db > hana {\n  database_id: '69bcbe67-03bc-4478-9fd0-d9ad2b0779fc',\n  host: '69bcbe67-03bc-4478-9fd0-d9ad2b0779fc.hna0.prod-us10.hanacloud.ondemand.com',\n  port: '443',\n  driver: 'com.sap.db.jdbc.Driver',\n  url: 'jdbc:sap://69bcbe67-03bc-4478-9fd0-d9ad2b0779fc.hna0.prod-us10.hanacloud.ondemand.com:443?encrypt=true&validateCertificate=true&currentschema=1D2FD6BD9AE248389E2C5DD7F64681C6',\n  schema: '1D2FD6BD9AE248389E2C5DD7F64681C6',\n  certificate: '...',\n  hdi_user: '1D2FD6BD9AE248389E2C5DD7F64681C6_BGLOAL9S8VB716N7PWHIMKK1K_DT',\n  hdi_password: '...',\n  user: '1D2FD6BD9AE248389E2C5DD7F64681C6_BGLOAL9S8VB716N7PWHIMKK1K_RT',\n  password: '...'\n}","type":"log"} (STDOUT, APP/PROC/WEB)#
#2026 09 16 12:02:01.230#Z#DEBUG#d27b103a-b1c5-11f1-bf33-eeee0a8e3dbc.RiskManagement-srv#flowable-async-job-executor-thread-1650#
[PollStartAppStatusExecution] 43ad4e59-2e0c-4995-adf4-ca00afbfb842 [2026-09-16T12:01:56.877552] {"level":"info","logger":"cds","timestamp":"2026-09-16T12:01:56.877Z","layer":"cds","component_type":"application","container_id":"10.32.2.6","component_id":"43ad4e59-2e0c-4995-adf4-ca00afbfb842","component_name":"RiskManagement-srv","component_instance":0,"source_instance":0,"organization_name":"47a58eedtrial","organization_id":"d7a02038-bfb6-4965-9398-981fd602b71e","space_name":"dev","space_id":"b1534f58-8387-42a5-8ece-809300958c1c","msg":"using auth strategy { kind: 'jwt' }","type":"log"} (STDOUT, APP/PROC/WEB)#
#2026 09 16 12:02:01.230#Z#DEBUG#d27b103a-b1c5-11f1-bf33-eeee0a8e3dbc.RiskManagement-srv#flowable-async-job-executor-thread-1650#
[PollStartAppStatusExecution] 43ad4e59-2e0c-4995-adf4-ca00afbfb842 [2026-09-16T12:01:56.908892] /home/vcap/app/node_modules/@sap/cds/lib/srv/middlewares/auth/jwt-auth.js:16 (STDERR, APP/PROC/WEB)#
#2026 09 16 12:02:01.230#Z#DEBUG#d27b103a-b1c5-11f1-bf33-eeee0a8e3dbc.RiskManagement-srv#flowable-async-job-executor-thread-1650#
[PollStartAppStatusExecution] 43ad4e59-2e0c-4995-adf4-ca00afbfb842 [2026-09-16T12:01:56.908931] throw new Error( (STDERR, APP/PROC/WEB)#
#2026 09 16 12:02:01.230#Z#DEBUG#d27b103a-b1c5-11f1-bf33-eeee0a8e3dbc.RiskManagement-srv#flowable-async-job-executor-thread-1650#
[PollStartAppStatusExecution] 43ad4e59-2e0c-4995-adf4-ca00afbfb842 [2026-09-16T12:01:56.908938] ^ (STDERR, APP/PROC/WEB)#
#2026 09 16 12:02:01.230#Z#DEBUG#d27b103a-b1c5-11f1-bf33-eeee0a8e3dbc.RiskManagement-srv#flowable-async-job-executor-thread-1650#
[PollStartAppStatusExecution] 43ad4e59-2e0c-4995-adf4-ca00afbfb842 [2026-09-16T12:01:56.908943] Error: Authentication kind "jwt" configured, but no XSUAA instance bound to application. Either bind an XSUAA instance, or switch to an authentication kind that does not require a binding. (STDERR, APP/PROC/WEB)#
#2026 09 16 12:02:01.230#Z#DEBUG#d27b103a-b1c5-11f1-bf33-eeee0a8e3dbc.RiskManagement-srv#flowable-async-job-executor-thread-1650#
[PollStartAppStatusExecution] 43ad4e59-2e0c-4995-adf4-ca00afbfb842 [2026-09-16T12:01:56.908948] at jwt_auth (/home/vcap/app/node_modules/@sap/cds/lib/srv/middlewares/auth/jwt-auth.js:16:11) (STDERR, APP/PROC/WEB)#
#2026 09 16 12:02:01.230#Z#DEBUG#d27b103a-b1c5-11f1-bf33-eeee0a8e3dbc.RiskManagement-srv#flowable-async-job-executor-thread-1650#
[PollStartAppStatusExecution] 43ad4e59-2e0c-4995-adf4-ca00afbfb842 [2026-09-16T12:01:56.908956] at auth_factory (/home/vcap/app/node_modules/@sap/cds/lib/srv/middlewares/auth/index.js:49:61) (STDERR, APP/PROC/WEB)#
#2026 09 16 12:02:01.230#Z#DEBUG#d27b103a-b1c5-11f1-bf33-eeee0a8e3dbc.RiskManagement-srv#flowable-async-job-executor-thread-1650#
[PollStartAppStatusExecution] 43ad4e59-2e0c-4995-adf4-ca00afbfb842 [2026-09-16T12:01:56.908960] at _instantiate (/home/vcap/app/node_modules/@sap/cds/lib/srv/middlewares/index.js:49:12) (STDERR, APP/PROC/WEB)#
#2026 09 16 12:02:01.230#Z#DEBUG#d27b103a-b1c5-11f1-bf33-eeee0a8e3dbc.RiskManagement-srv#flowable-async-job-executor-thread-1650#
[PollStartAppStatusExecution] 43ad4e59-2e0c-4995-adf4-ca00afbfb842 [2026-09-16T12:01:56.908964] at /home/vcap/app/node_modules/@sap/cds/lib/srv/middlewares/index.js:13:13 (STDERR, APP/PROC/WEB)#
#2026 09 16 12:02:01.230#Z#DEBUG#d27b103a-b1c5-11f1-bf33-eeee0a8e3dbc.RiskManagement-srv#flowable-async-job-executor-thread-1650#
[PollStartAppStatusExecution] 43ad4e59-2e0c-4995-adf4-ca00afbfb842 [2026-09-16T12:01:56.908972] at Array.map (<anonymous>) (STDERR, APP/PROC/WEB)#
#2026 09 16 12:02:01.230#Z#DEBUG#d27b103a-b1c5-11f1-bf33-eeee0a8e3dbc.RiskManagement-srv#flowable-async-job-executor-thread-1650#
[PollStartAppStatusExecution] 43ad4e59-2e0c-4995-adf4-ca00afbfb842 [2026-09-16T12:01:56.908975] at Object.<anonymous> (/home/vcap/app/node_modules/@sap/cds/lib/srv/middlewares/index.js:13:3) (STDERR, APP/PROC/WEB)#
#2026 09 16 12:02:01.230#Z#DEBUG#d27b103a-b1c5-11f1-bf33-eeee0a8e3dbc.RiskManagement-srv#flowable-async-job-executor-thread-1650#
[PollStartAppStatusExecution] 43ad4e59-2e0c-4995-adf4-ca00afbfb842 [2026-09-16T12:01:56.908979] at Module._compile (node:internal/modules/cjs/loader:1871:14) (STDERR, APP/PROC/WEB)#
#2026 09 16 12:02:01.230#Z#DEBUG#d27b103a-b1c5-11f1-bf33-eeee0a8e3dbc.RiskManagement-srv#flowable-async-job-executor-thread-1650#
[PollStartAppStatusExecution] 43ad4e59-2e0c-4995-adf4-ca00afbfb842 [2026-09-16T12:01:56.908983] at Object..js (node:internal/modules/cjs/loader:2002:10) (STDERR, APP/PROC/WEB)#
#2026 09 16 12:02:01.230#Z#DEBUG#d27b103a-b1c5-11f1-bf33-eeee0a8e3dbc.RiskManagement-srv#flowable-async-job-executor-thread-1650#
[PollStartAppStatusExecution] 43ad4e59-2e0c-4995-adf4-ca00afbfb842 [2026-09-16T12:01:56.908987] at Module.load (node:internal/modules/cjs/loader:1594:32) (STDERR, APP/PROC/WEB)#
#2026 09 16 12:02:01.230#Z#DEBUG#d27b103a-b1c5-11f1-bf33-eeee0a8e3dbc.RiskManagement-srv#flowable-async-job-executor-thread-1650#
[PollStartAppStatusExecution] 43ad4e59-2e0c-4995-adf4-ca00afbfb842 [2026-09-16T12:01:56.908990] at Module._load (node:internal/modules/cjs/loader:1396:12) (STDERR, APP/PROC/WEB)#
#2026 09 16 12:02:01.230#Z#DEBUG#d27b103a-b1c5-11f1-bf33-eeee0a8e3dbc.RiskManagement-srv#flowable-async-job-executor-thread-1650#
[PollStartAppStatusExecution] 43ad4e59-2e0c-4995-adf4-ca00afbfb842 [2026-09-16T12:01:56.909069] Node.js v24.18.0 (STDERR, APP/PROC/WEB)#
#2026 09 16 12:02:01.230#Z#DEBUG#d27b103a-b1c5-11f1-bf33-eeee0a8e3dbc.RiskManagement-srv#flowable-async-job-executor-thread-1650#
[PollStartAppStatusExecution] 43ad4e59-2e0c-4995-adf4-ca00afbfb842 [2026-09-16T12:01:56.931032] npm notice (STDERR, APP/PROC/WEB)#
#2026 09 16 12:02:01.230#Z#DEBUG#d27b103a-b1c5-11f1-bf33-eeee0a8e3dbc.RiskManagement-srv#flowable-async-job-executor-thread-1650#
[PollStartAppStatusExecution] 43ad4e59-2e0c-4995-adf4-ca00afbfb842 [2026-09-16T12:01:56.931055] npm notice New major version of npm available! 11.16.0 -> 12.0.2 (STDERR, APP/PROC/WEB)#
#2026 09 16 12:02:01.230#Z#DEBUG#d27b103a-b1c5-11f1-bf33-eeee0a8e3dbc.RiskManagement-srv#flowable-async-job-executor-thread-1650#
[PollStartAppStatusExecution] 43ad4e59-2e0c-4995-adf4-ca00afbfb842 [2026-09-16T12:01:56.931059] npm notice Changelog: https://github.com/npm/cli/releases/tag/v12.0.2 (STDERR, APP/PROC/WEB)#
#2026 09 16 12:02:01.230#Z#DEBUG#d27b103a-b1c5-11f1-bf33-eeee0a8e3dbc.RiskManagement-srv#flowable-async-job-executor-thread-1650#
[PollStartAppStatusExecution] 43ad4e59-2e0c-4995-adf4-ca00afbfb842 [2026-09-16T12:01:56.931062] npm notice To update run: npm install -g npm@12.0.2 (STDERR, APP/PROC/WEB)#
#2026 09 16 12:02:01.230#Z#DEBUG#d27b103a-b1c5-11f1-bf33-eeee0a8e3dbc.RiskManagement-srv#flowable-async-job-executor-thread-1650#
[PollStartAppStatusExecution] 43ad4e59-2e0c-4995-adf4-ca00afbfb842 [2026-09-16T12:01:56.931068] npm notice (STDERR, APP/PROC/WEB)#
#2026 09 16 12:02:01.230#Z#DEBUG#d27b103a-b1c5-11f1-bf33-eeee0a8e3dbc.RiskManagement-srv#flowable-async-job-executor-thread-1650#
[PollStartAppStatusExecution] 43ad4e59-2e0c-4995-adf4-ca00afbfb842 [2026-09-16T12:01:57.001732] Exit status 1 (STDOUT, APP/PROC/WEB)#
#2026 09 16 12:02:11.234#Z#DEBUG#d27b103a-b1c5-11f1-bf33-eeee0a8e3dbc.RiskManagement-srv#flowable-async-job-executor-thread-1656#
[PollStartAppStatusExecution] 43ad4e59-2e0c-4995-adf4-ca00afbfb842 [2026-09-16T12:02:03.553520] Cell c839c7b1-088e-41af-b9b7-66256aacd457 stopping instance 94b842fc-acec-463f-63c9-dc66 (STDOUT, CELL)#
#2026 09 16 12:02:11.234#Z#DEBUG#d27b103a-b1c5-11f1-bf33-eeee0a8e3dbc.RiskManagement-srv#flowable-async-job-executor-thread-1656#
[PollStartAppStatusExecution] 43ad4e59-2e0c-4995-adf4-ca00afbfb842 [2026-09-16T12:02:03.553566] Cell c839c7b1-088e-41af-b9b7-66256aacd457 destroying container for instance 94b842fc-acec-463f-63c9-dc66 (STDOUT, CELL)#
#2026 09 16 12:02:11.234#Z#DEBUG#d27b103a-b1c5-11f1-bf33-eeee0a8e3dbc.RiskManagement-srv#flowable-async-job-executor-thread-1656#
[PollStartAppStatusExecution] 43ad4e59-2e0c-4995-adf4-ca00afbfb842 [2026-09-16T12:02:03.559018] Process has crashed with type: "web" (STDOUT, API)#
#2026 09 16 12:02:11.234#Z#DEBUG#d27b103a-b1c5-11f1-bf33-eeee0a8e3dbc.RiskManagement-srv#flowable-async-job-executor-thread-1656#
[PollStartAppStatusExecution] 43ad4e59-2e0c-4995-adf4-ca00afbfb842 [2026-09-16T12:02:03.571489] App instance exited with guid 43ad4e59-2e0c-4995-adf4-ca00afbfb842 payload: {"instance"=>"94b842fc-acec-463f-63c9-dc66", "index"=>0, "cell_id"=>"c839c7b1-088e-41af-b9b7-66256aacd457", "reason"=>"CRASHED", "exit_description"=>"APP/PROC/WEB: Exited with status 1", "crash_count"=>2, "crash_timestamp"=>1789560123536133091, "version"=>"9eee52bb-fc23-4de4-af28-d97df2a40346"} (STDOUT, API)#
#2026 09 16 12:02:11.234#Z#DEBUG#d27b103a-b1c5-11f1-bf33-eeee0a8e3dbc.RiskManagement-srv#flowable-async-job-executor-thread-1656#
[PollStartAppStatusExecution] 43ad4e59-2e0c-4995-adf4-ca00afbfb842 [2026-09-16T12:02:03.691637] Cell d1cc041a-d5a1-41d6-b9f6-6cda736ce3f0 creating container for instance a24a0f7f-2816-4dd8-672d-00f8 (STDOUT, CELL)#
#2026 09 16 12:02:11.234#Z#DEBUG#d27b103a-b1c5-11f1-bf33-eeee0a8e3dbc.RiskManagement-srv#flowable-async-job-executor-thread-1656#
[PollStartAppStatusExecution] 43ad4e59-2e0c-4995-adf4-ca00afbfb842 [2026-09-16T12:02:03.796325] Exit status 137 (STDOUT, PROXY)#
#2026 09 16 12:02:11.234#Z#DEBUG#d27b103a-b1c5-11f1-bf33-eeee0a8e3dbc.RiskManagement-srv#flowable-async-job-executor-thread-1656#
[PollStartAppStatusExecution] 43ad4e59-2e0c-4995-adf4-ca00afbfb842 [2026-09-16T12:02:04.839059] Security group rules were updated (STDOUT, CELL)#
#2026 09 16 12:02:11.234#Z#DEBUG#d27b103a-b1c5-11f1-bf33-eeee0a8e3dbc.RiskManagement-srv#flowable-async-job-executor-thread-1656#
[PollStartAppStatusExecution] 43ad4e59-2e0c-4995-adf4-ca00afbfb842 [2026-09-16T12:02:04.951282] Cell d1cc041a-d5a1-41d6-b9f6-6cda736ce3f0 successfully created container for instance a24a0f7f-2816-4dd8-672d-00f8 (STDOUT, CELL)#
#2026 09 16 12:02:11.234#Z#DEBUG#d27b103a-b1c5-11f1-bf33-eeee0a8e3dbc.RiskManagement-srv#flowable-async-job-executor-thread-1656#
[PollStartAppStatusExecution] 43ad4e59-2e0c-4995-adf4-ca00afbfb842 [2026-09-16T12:02:05.789884] Downloading droplet... (STDOUT, CELL)#
#2026 09 16 12:02:11.234#Z#DEBUG#d27b103a-b1c5-11f1-bf33-eeee0a8e3dbc.RiskManagement-srv#flowable-async-job-executor-thread-1656#
[PollStartAppStatusExecution] 43ad4e59-2e0c-4995-adf4-ca00afbfb842 [2026-09-16T12:02:05.857886] Cell c839c7b1-088e-41af-b9b7-66256aacd457 successfully destroyed container for instance 94b842fc-acec-463f-63c9-dc66 (STDOUT, CELL)#
#2026 09 16 12:02:11.234#Z#DEBUG#d27b103a-b1c5-11f1-bf33-eeee0a8e3dbc.RiskManagement-srv#flowable-async-job-executor-thread-1656#
[PollStartAppStatusExecution] 43ad4e59-2e0c-4995-adf4-ca00afbfb842 [2026-09-16T12:02:07.902516] Downloaded droplet (STDOUT, CELL)#
#2026 09 16 12:02:11.234#Z#DEBUG#d27b103a-b1c5-11f1-bf33-eeee0a8e3dbc.RiskManagement-srv#flowable-async-job-executor-thread-1656#
[PollStartAppStatusExecution] 43ad4e59-2e0c-4995-adf4-ca00afbfb842 [2026-09-16T12:02:07.902854] Starting health monitoring of container (STDOUT, CELL)#
#2026 09 16 12:02:11.234#Z#DEBUG#d27b103a-b1c5-11f1-bf33-eeee0a8e3dbc.RiskManagement-srv#flowable-async-job-executor-thread-1656#
[PollStartAppStatusExecution] 43ad4e59-2e0c-4995-adf4-ca00afbfb842 [2026-09-16T12:02:08.114068] Invoking pre-start scripts. (STDOUT, APP/PROC/WEB)#
#2026 09 16 12:02:11.234#Z#DEBUG#d27b103a-b1c5-11f1-bf33-eeee0a8e3dbc.RiskManagement-srv#flowable-async-job-executor-thread-1656#
[PollStartAppStatusExecution] 43ad4e59-2e0c-4995-adf4-ca00afbfb842 [2026-09-16T12:02:08.453449] Invoking start command. (STDOUT, APP/PROC/WEB)#
#2026 09 16 12:02:11.234#Z#DEBUG#d27b103a-b1c5-11f1-bf33-eeee0a8e3dbc.RiskManagement-srv#flowable-async-job-executor-thread-1656#
[PollStartAppStatusExecution] 43ad4e59-2e0c-4995-adf4-ca00afbfb842 [2026-09-16T12:02:09.149609] > RiskManagement@1.0.0 start (STDOUT, APP/PROC/WEB)#
#2026 09 16 12:02:11.234#Z#DEBUG#d27b103a-b1c5-11f1-bf33-eeee0a8e3dbc.RiskManagement-srv#flowable-async-job-executor-thread-1656#
[PollStartAppStatusExecution] 43ad4e59-2e0c-4995-adf4-ca00afbfb842 [2026-09-16T12:02:09.149674] > cds-serve (STDOUT, APP/PROC/WEB)#
#2026 09 16 12:02:11.234#Z#DEBUG#d27b103a-b1c5-11f1-bf33-eeee0a8e3dbc.RiskManagement-srv#flowable-async-job-executor-thread-1656#
[PollStartAppStatusExecution] 43ad4e59-2e0c-4995-adf4-ca00afbfb842 [2026-09-16T12:02:09.781923] {"level":"info","logger":"cds","timestamp":"2026-09-16T12:02:09.779Z","layer":"cds","component_type":"application","container_id":"10.32.1.5","component_id":"43ad4e59-2e0c-4995-adf4-ca00afbfb842","component_name":"RiskManagement-srv","component_instance":0,"source_instance":0,"organization_name":"47a58eedtrial","organization_id":"d7a02038-bfb6-4965-9398-981fd602b71e","space_name":"dev","space_id":"b1534f58-8387-42a5-8ece-809300958c1c","msg":"loaded model from 1 file(s):\n ","type":"log"} (STDOUT, APP/PROC/WEB)#
#2026 09 16 12:02:11.234#Z#DEBUG#d27b103a-b1c5-11f1-bf33-eeee0a8e3dbc.RiskManagement-srv#flowable-async-job-executor-thread-1656#
[PollStartAppStatusExecution] 43ad4e59-2e0c-4995-adf4-ca00afbfb842 [2026-09-16T12:02:09.782470] srv/csn.json (STDOUT, APP/PROC/WEB)#
#2026 09 16 12:02:11.234#Z#DEBUG#d27b103a-b1c5-11f1-bf33-eeee0a8e3dbc.RiskManagement-srv#flowable-async-job-executor-thread-1656#
[PollStartAppStatusExecution] 43ad4e59-2e0c-4995-adf4-ca00afbfb842 [2026-09-16T12:02:10.181227] {"level":"info","logger":"cds","timestamp":"2026-09-16T12:02:10.179Z","layer":"cds","component_type":"application","container_id":"10.32.1.5","component_id":"43ad4e59-2e0c-4995-adf4-ca00afbfb842","component_name":"RiskManagement-srv","component_instance":0,"source_instance":0,"organization_name":"47a58eedtrial","organization_id":"d7a02038-bfb6-4965-9398-981fd602b71e","space_name":"dev","space_id":"b1534f58-8387-42a5-8ece-809300958c1c","msg":"connect to db > hana {\n  database_id: '69bcbe67-03bc-4478-9fd0-d9ad2b0779fc',\n  host: '69bcbe67-03bc-4478-9fd0-d9ad2b0779fc.hna0.prod-us10.hanacloud.ondemand.com',\n  port: '443',\n  driver: 'com.sap.db.jdbc.Driver',\n  url: 'jdbc:sap://69bcbe67-03bc-4478-9fd0-d9ad2b0779fc.hna0.prod-us10.hanacloud.ondemand.com:443?encrypt=true&validateCertificate=true&currentschema=1D2FD6BD9AE248389E2C5DD7F64681C6',\n  schema: '1D2FD6BD9AE248389E2C5DD7F64681C6',\n  certificate: '...',\n  hdi_user: '1D2FD6BD9AE248389E2C5DD7F64681C6_BGLOAL9S8VB716N7PWHIMKK1K_DT',\n  hdi_password: '...',\n  user: '1D2FD6BD9AE248389E2C5DD7F64681C6_BGLOAL9S8VB716N7PWHIMKK1K_RT',\n  password: '...'\n}","type":"log"} (STDOUT, APP/PROC/WEB)#
#2026 09 16 12:02:11.234#Z#DEBUG#d27b103a-b1c5-11f1-bf33-eeee0a8e3dbc.RiskManagement-srv#flowable-async-job-executor-thread-1656#
[PollStartAppStatusExecution] 43ad4e59-2e0c-4995-adf4-ca00afbfb842 [2026-09-16T12:02:10.270786] {"level":"info","logger":"cds","timestamp":"2026-09-16T12:02:10.269Z","layer":"cds","component_type":"application","container_id":"10.32.1.5","component_id":"43ad4e59-2e0c-4995-adf4-ca00afbfb842","component_name":"RiskManagement-srv","component_instance":0,"source_instance":0,"organization_name":"47a58eedtrial","organization_id":"d7a02038-bfb6-4965-9398-981fd602b71e","space_name":"dev","space_id":"b1534f58-8387-42a5-8ece-809300958c1c","msg":"using auth strategy { kind: 'jwt' }","type":"log"} (STDOUT, APP/PROC/WEB)#
#2026 09 16 12:02:11.234#Z#DEBUG#d27b103a-b1c5-11f1-bf33-eeee0a8e3dbc.RiskManagement-srv#flowable-async-job-executor-thread-1656#
[PollStartAppStatusExecution] 43ad4e59-2e0c-4995-adf4-ca00afbfb842 [2026-09-16T12:02:10.307971] /home/vcap/app/node_modules/@sap/cds/lib/srv/middlewares/auth/jwt-auth.js:16 (STDERR, APP/PROC/WEB)#
#2026 09 16 12:02:11.234#Z#DEBUG#d27b103a-b1c5-11f1-bf33-eeee0a8e3dbc.RiskManagement-srv#flowable-async-job-executor-thread-1656#
[PollStartAppStatusExecution] 43ad4e59-2e0c-4995-adf4-ca00afbfb842 [2026-09-16T12:02:10.308040] throw new Error( (STDERR, APP/PROC/WEB)#
#2026 09 16 12:02:11.234#Z#DEBUG#d27b103a-b1c5-11f1-bf33-eeee0a8e3dbc.RiskManagement-srv#flowable-async-job-executor-thread-1656#
[PollStartAppStatusExecution] 43ad4e59-2e0c-4995-adf4-ca00afbfb842 [2026-09-16T12:02:10.308049] ^ (STDERR, APP/PROC/WEB)#
#2026 09 16 12:02:11.234#Z#DEBUG#d27b103a-b1c5-11f1-bf33-eeee0a8e3dbc.RiskManagement-srv#flowable-async-job-executor-thread-1656#
[PollStartAppStatusExecution] 43ad4e59-2e0c-4995-adf4-ca00afbfb842 [2026-09-16T12:02:10.308059] Error: Authentication kind "jwt" configured, but no XSUAA instance bound to application. Either bind an XSUAA instance, or switch to an authentication kind that does not require a binding. (STDERR, APP/PROC/WEB)#
#2026 09 16 12:02:11.234#Z#DEBUG#d27b103a-b1c5-11f1-bf33-eeee0a8e3dbc.RiskManagement-srv#flowable-async-job-executor-thread-1656#
[PollStartAppStatusExecution] 43ad4e59-2e0c-4995-adf4-ca00afbfb842 [2026-09-16T12:02:10.308063] at jwt_auth (/home/vcap/app/node_modules/@sap/cds/lib/srv/middlewares/auth/jwt-auth.js:16:11) (STDERR, APP/PROC/WEB)#
#2026 09 16 12:02:11.234#Z#DEBUG#d27b103a-b1c5-11f1-bf33-eeee0a8e3dbc.RiskManagement-srv#flowable-async-job-executor-thread-1656#
[PollStartAppStatusExecution] 43ad4e59-2e0c-4995-adf4-ca00afbfb842 [2026-09-16T12:02:10.308072] at auth_factory (/home/vcap/app/node_modules/@sap/cds/lib/srv/middlewares/auth/index.js:49:61) (STDERR, APP/PROC/WEB)#
#2026 09 16 12:02:11.234#Z#DEBUG#d27b103a-b1c5-11f1-bf33-eeee0a8e3dbc.RiskManagement-srv#flowable-async-job-executor-thread-1656#
[PollStartAppStatusExecution] 43ad4e59-2e0c-4995-adf4-ca00afbfb842 [2026-09-16T12:02:10.308083] at _instantiate (/home/vcap/app/node_modules/@sap/cds/lib/srv/middlewares/index.js:49:12) (STDERR, APP/PROC/WEB)#
#2026 09 16 12:02:11.234#Z#DEBUG#d27b103a-b1c5-11f1-bf33-eeee0a8e3dbc.RiskManagement-srv#flowable-async-job-executor-thread-1656#
[PollStartAppStatusExecution] 43ad4e59-2e0c-4995-adf4-ca00afbfb842 [2026-09-16T12:02:10.308086] at /home/vcap/app/node_modules/@sap/cds/lib/srv/middlewares/index.js:13:13 (STDERR, APP/PROC/WEB)#
#2026 09 16 12:02:11.234#Z#DEBUG#d27b103a-b1c5-11f1-bf33-eeee0a8e3dbc.RiskManagement-srv#flowable-async-job-executor-thread-1656#
[PollStartAppStatusExecution] 43ad4e59-2e0c-4995-adf4-ca00afbfb842 [2026-09-16T12:02:10.308090] at Array.map (<anonymous>) (STDERR, APP/PROC/WEB)#
#2026 09 16 12:02:11.234#Z#DEBUG#d27b103a-b1c5-11f1-bf33-eeee0a8e3dbc.RiskManagement-srv#flowable-async-job-executor-thread-1656#
[PollStartAppStatusExecution] 43ad4e59-2e0c-4995-adf4-ca00afbfb842 [2026-09-16T12:02:10.308094] at Object.<anonymous> (/home/vcap/app/node_modules/@sap/cds/lib/srv/middlewares/index.js:13:3) (STDERR, APP/PROC/WEB)#
#2026 09 16 12:02:11.234#Z#DEBUG#d27b103a-b1c5-11f1-bf33-eeee0a8e3dbc.RiskManagement-srv#flowable-async-job-executor-thread-1656#
[PollStartAppStatusExecution] 43ad4e59-2e0c-4995-adf4-ca00afbfb842 [2026-09-16T12:02:10.308097] at Module._compile (node:internal/modules/cjs/loader:1871:14) (STDERR, APP/PROC/WEB)#
#2026 09 16 12:02:11.234#Z#DEBUG#d27b103a-b1c5-11f1-bf33-eeee0a8e3dbc.RiskManagement-srv#flowable-async-job-executor-thread-1656#
[PollStartAppStatusExecution] 43ad4e59-2e0c-4995-adf4-ca00afbfb842 [2026-09-16T12:02:10.308100] at Object..js (node:internal/modules/cjs/loader:2002:10) (STDERR, APP/PROC/WEB)#
#2026 09 16 12:02:11.234#Z#DEBUG#d27b103a-b1c5-11f1-bf33-eeee0a8e3dbc.RiskManagement-srv#flowable-async-job-executor-thread-1656#
[PollStartAppStatusExecution] 43ad4e59-2e0c-4995-adf4-ca00afbfb842 [2026-09-16T12:02:10.308103] at Module.load (node:internal/modules/cjs/loader:1594:32) (STDERR, APP/PROC/WEB)#
#2026 09 16 12:02:11.234#Z#DEBUG#d27b103a-b1c5-11f1-bf33-eeee0a8e3dbc.RiskManagement-srv#flowable-async-job-executor-thread-1656#
[PollStartAppStatusExecution] 43ad4e59-2e0c-4995-adf4-ca00afbfb842 [2026-09-16T12:02:10.308105] at Module._load (node:internal/modules/cjs/loader:1396:12) (STDERR, APP/PROC/WEB)#
#2026 09 16 12:02:11.234#Z#DEBUG#d27b103a-b1c5-11f1-bf33-eeee0a8e3dbc.RiskManagement-srv#flowable-async-job-executor-thread-1656#
[PollStartAppStatusExecution] 43ad4e59-2e0c-4995-adf4-ca00afbfb842 [2026-09-16T12:02:10.308108] Node.js v24.18.0 (STDERR, APP/PROC/WEB)#
#2026 09 16 12:02:11.234#Z#DEBUG#d27b103a-b1c5-11f1-bf33-eeee0a8e3dbc.RiskManagement-srv#flowable-async-job-executor-thread-1656#
[PollStartAppStatusExecution] 43ad4e59-2e0c-4995-adf4-ca00afbfb842 [2026-09-16T12:02:10.340341] npm notice (STDERR, APP/PROC/WEB)#
#2026 09 16 12:02:11.234#Z#DEBUG#d27b103a-b1c5-11f1-bf33-eeee0a8e3dbc.RiskManagement-srv#flowable-async-job-executor-thread-1656#
[PollStartAppStatusExecution] 43ad4e59-2e0c-4995-adf4-ca00afbfb842 [2026-09-16T12:02:10.340391] npm notice New major version of npm available! 11.16.0 -> 12.0.2 (STDERR, APP/PROC/WEB)#
#2026 09 16 12:02:11.234#Z#DEBUG#d27b103a-b1c5-11f1-bf33-eeee0a8e3dbc.RiskManagement-srv#flowable-async-job-executor-thread-1656#
[PollStartAppStatusExecution] 43ad4e59-2e0c-4995-adf4-ca00afbfb842 [2026-09-16T12:02:10.340415] npm notice Changelog: https://github.com/npm/cli/releases/tag/v12.0.2 (STDERR, APP/PROC/WEB)#
#2026 09 16 12:02:11.234#Z#DEBUG#d27b103a-b1c5-11f1-bf33-eeee0a8e3dbc.RiskManagement-srv#flowable-async-job-executor-thread-1656#
[PollStartAppStatusExecution] 43ad4e59-2e0c-4995-adf4-ca00afbfb842 [2026-09-16T12:02:10.340421] npm notice To update run: npm install -g npm@12.0.2 (STDERR, APP/PROC/WEB)#
#2026 09 16 12:02:11.234#Z#DEBUG#d27b103a-b1c5-11f1-bf33-eeee0a8e3dbc.RiskManagement-srv#flowable-async-job-executor-thread-1656#
[PollStartAppStatusExecution] 43ad4e59-2e0c-4995-adf4-ca00afbfb842 [2026-09-16T12:02:10.340424] npm notice (STDERR, APP/PROC/WEB)#
#2026 09 16 12:02:11.234#Z#DEBUG#d27b103a-b1c5-11f1-bf33-eeee0a8e3dbc.RiskManagement-srv#flowable-async-job-executor-thread-1656#
[PollStartAppStatusExecution] 43ad4e59-2e0c-4995-adf4-ca00afbfb842 [2026-09-16T12:02:10.440044] Exit status 1 (STDOUT, APP/PROC/WEB)#
#2026 09 16 12:02:21.258#Z#DEBUG#d27b103a-b1c5-11f1-bf33-eeee0a8e3dbc.RiskManagement-srv#flowable-async-job-executor-thread-1667#
[PollStartAppStatusExecution] 43ad4e59-2e0c-4995-adf4-ca00afbfb842 [2026-09-16T12:02:17.003793] Cell d1cc041a-d5a1-41d6-b9f6-6cda736ce3f0 stopping instance a24a0f7f-2816-4dd8-672d-00f8 (STDOUT, CELL)#
#2026 09 16 12:02:21.258#Z#DEBUG#d27b103a-b1c5-11f1-bf33-eeee0a8e3dbc.RiskManagement-srv#flowable-async-job-executor-thread-1667#
[PollStartAppStatusExecution] 43ad4e59-2e0c-4995-adf4-ca00afbfb842 [2026-09-16T12:02:17.003843] Cell d1cc041a-d5a1-41d6-b9f6-6cda736ce3f0 destroying container for instance a24a0f7f-2816-4dd8-672d-00f8 (STDOUT, CELL)#
#2026 09 16 12:02:21.258#Z#DEBUG#d27b103a-b1c5-11f1-bf33-eeee0a8e3dbc.RiskManagement-srv#flowable-async-job-executor-thread-1667#
[PollStartAppStatusExecution] 43ad4e59-2e0c-4995-adf4-ca00afbfb842 [2026-09-16T12:02:17.027056] Process has crashed with type: "web" (STDOUT, API)#
#2026 09 16 12:02:21.258#Z#DEBUG#d27b103a-b1c5-11f1-bf33-eeee0a8e3dbc.RiskManagement-srv#flowable-async-job-executor-thread-1667#
[PollStartAppStatusExecution] 43ad4e59-2e0c-4995-adf4-ca00afbfb842 [2026-09-16T12:02:17.040407] App instance exited with guid 43ad4e59-2e0c-4995-adf4-ca00afbfb842 payload: {"instance"=>"a24a0f7f-2816-4dd8-672d-00f8", "index"=>0, "cell_id"=>"d1cc041a-d5a1-41d6-b9f6-6cda736ce3f0", "reason"=>"CRASHED", "exit_description"=>"APP/PROC/WEB: Exited with status 1", "crash_count"=>3, "crash_timestamp"=>1789560136998921302, "version"=>"9eee52bb-fc23-4de4-af28-d97df2a40346"} (STDOUT, API)#
#2026 09 16 12:02:21.258#Z#DEBUG#d27b103a-b1c5-11f1-bf33-eeee0a8e3dbc.RiskManagement-srv#flowable-async-job-executor-thread-1667#
[PollStartAppStatusExecution] 43ad4e59-2e0c-4995-adf4-ca00afbfb842 [2026-09-16T12:02:17.373636] Exit status 137 (STDOUT, PROXY)#
#2026 09 16 12:02:21.258#Z#DEBUG#d27b103a-b1c5-11f1-bf33-eeee0a8e3dbc.RiskManagement-srv#flowable-async-job-executor-thread-1667#
[PollStartAppStatusExecution] 43ad4e59-2e0c-4995-adf4-ca00afbfb842 [2026-09-16T12:02:19.957443] Cell d1cc041a-d5a1-41d6-b9f6-6cda736ce3f0 successfully destroyed container for instance a24a0f7f-2816-4dd8-672d-00f8 (STDOUT, CELL)#
#2026 09 16 12:28:04.391#Z#DEBUG#d27b103a-b1c5-11f1-bf33-eeee0a8e3dbc.RiskManagement-srv#flowable-async-job-executor-thread-803#
[PollStartAppStatusExecution] 43ad4e59-2e0c-4995-adf4-ca00afbfb842 [2026-09-16T12:27:56.938322] Stopping app with guid 43ad4e59-2e0c-4995-adf4-ca00afbfb842 (STDOUT, API)#
#2026 09 16 12:28:04.391#Z#DEBUG#d27b103a-b1c5-11f1-bf33-eeee0a8e3dbc.RiskManagement-srv#flowable-async-job-executor-thread-803#
[PollStartAppStatusExecution] 43ad4e59-2e0c-4995-adf4-ca00afbfb842 [2026-09-16T12:27:57.097528] Starting app with guid 43ad4e59-2e0c-4995-adf4-ca00afbfb842 (STDOUT, API)#
#2026 09 16 12:28:04.391#Z#DEBUG#d27b103a-b1c5-11f1-bf33-eeee0a8e3dbc.RiskManagement-srv#flowable-async-job-executor-thread-803#
[PollStartAppStatusExecution] 43ad4e59-2e0c-4995-adf4-ca00afbfb842 [2026-09-16T12:27:57.351724] Cell d1cc041a-d5a1-41d6-b9f6-6cda736ce3f0 creating container for instance d0da8ae1-7d0f-4a4b-4571-2ca9 (STDOUT, CELL)#
#2026 09 16 12:28:04.391#Z#DEBUG#d27b103a-b1c5-11f1-bf33-eeee0a8e3dbc.RiskManagement-srv#flowable-async-job-executor-thread-803#
[PollStartAppStatusExecution] 43ad4e59-2e0c-4995-adf4-ca00afbfb842 [2026-09-16T12:27:58.476362] Security group rules were updated (STDOUT, CELL)#
#2026 09 16 12:28:04.391#Z#DEBUG#d27b103a-b1c5-11f1-bf33-eeee0a8e3dbc.RiskManagement-srv#flowable-async-job-executor-thread-803#
[PollStartAppStatusExecution] 43ad4e59-2e0c-4995-adf4-ca00afbfb842 [2026-09-16T12:27:58.594267] Cell d1cc041a-d5a1-41d6-b9f6-6cda736ce3f0 successfully created container for instance d0da8ae1-7d0f-4a4b-4571-2ca9 (STDOUT, CELL)#
#2026 09 16 12:28:04.391#Z#DEBUG#d27b103a-b1c5-11f1-bf33-eeee0a8e3dbc.RiskManagement-srv#flowable-async-job-executor-thread-803#
[PollStartAppStatusExecution] 43ad4e59-2e0c-4995-adf4-ca00afbfb842 [2026-09-16T12:27:59.508961] Downloading droplet... (STDOUT, CELL)#
#2026 09 16 12:28:14.281#Z#DEBUG#d27b103a-b1c5-11f1-bf33-eeee0a8e3dbc.RiskManagement-srv#flowable-async-job-executor-thread-813#
[PollStartAppStatusExecution] 43ad4e59-2e0c-4995-adf4-ca00afbfb842 [2026-09-16T12:28:04.358050] Downloaded droplet (62.1M) (STDOUT, CELL)#
#2026 09 16 12:28:14.281#Z#DEBUG#d27b103a-b1c5-11f1-bf33-eeee0a8e3dbc.RiskManagement-srv#flowable-async-job-executor-thread-813#
[PollStartAppStatusExecution] 43ad4e59-2e0c-4995-adf4-ca00afbfb842 [2026-09-16T12:28:04.358283] Starting health monitoring of container (STDOUT, CELL)#
#2026 09 16 12:28:14.281#Z#DEBUG#d27b103a-b1c5-11f1-bf33-eeee0a8e3dbc.RiskManagement-srv#flowable-async-job-executor-thread-813#
[PollStartAppStatusExecution] 43ad4e59-2e0c-4995-adf4-ca00afbfb842 [2026-09-16T12:28:04.534201] Invoking pre-start scripts. (STDOUT, APP/PROC/WEB)#
#2026 09 16 12:28:14.281#Z#DEBUG#d27b103a-b1c5-11f1-bf33-eeee0a8e3dbc.RiskManagement-srv#flowable-async-job-executor-thread-813#
[PollStartAppStatusExecution] 43ad4e59-2e0c-4995-adf4-ca00afbfb842 [2026-09-16T12:28:04.824167] Invoking start command. (STDOUT, APP/PROC/WEB)#
#2026 09 16 12:28:14.281#Z#DEBUG#d27b103a-b1c5-11f1-bf33-eeee0a8e3dbc.RiskManagement-srv#flowable-async-job-executor-thread-813#
[PollStartAppStatusExecution] 43ad4e59-2e0c-4995-adf4-ca00afbfb842 [2026-09-16T12:28:05.554476] > RiskManagement@1.0.0 start (STDOUT, APP/PROC/WEB)#
#2026 09 16 12:28:14.281#Z#DEBUG#d27b103a-b1c5-11f1-bf33-eeee0a8e3dbc.RiskManagement-srv#flowable-async-job-executor-thread-813#
[PollStartAppStatusExecution] 43ad4e59-2e0c-4995-adf4-ca00afbfb842 [2026-09-16T12:28:05.554519] > cds-serve (STDOUT, APP/PROC/WEB)#
#2026 09 16 12:28:14.281#Z#DEBUG#d27b103a-b1c5-11f1-bf33-eeee0a8e3dbc.RiskManagement-srv#flowable-async-job-executor-thread-813#
[PollStartAppStatusExecution] 43ad4e59-2e0c-4995-adf4-ca00afbfb842 [2026-09-16T12:28:06.249479] {"level":"info","logger":"cds","timestamp":"2026-09-16T12:28:06.247Z","layer":"cds","component_type":"application","container_id":"10.32.1.5","component_id":"43ad4e59-2e0c-4995-adf4-ca00afbfb842","component_name":"RiskManagement-srv","component_instance":0,"source_instance":0,"organization_name":"47a58eedtrial","organization_id":"d7a02038-bfb6-4965-9398-981fd602b71e","space_name":"dev","space_id":"b1534f58-8387-42a5-8ece-809300958c1c","msg":"loaded model from 1 file(s):\n ","type":"log"} (STDOUT, APP/PROC/WEB)#
#2026 09 16 12:28:14.281#Z#DEBUG#d27b103a-b1c5-11f1-bf33-eeee0a8e3dbc.RiskManagement-srv#flowable-async-job-executor-thread-813#
[PollStartAppStatusExecution] 43ad4e59-2e0c-4995-adf4-ca00afbfb842 [2026-09-16T12:28:06.250251] srv/csn.json (STDOUT, APP/PROC/WEB)#
#2026 09 16 12:28:14.281#Z#DEBUG#d27b103a-b1c5-11f1-bf33-eeee0a8e3dbc.RiskManagement-srv#flowable-async-job-executor-thread-813#
[PollStartAppStatusExecution] 43ad4e59-2e0c-4995-adf4-ca00afbfb842 [2026-09-16T12:28:06.660066] {"level":"info","logger":"cds","timestamp":"2026-09-16T12:28:06.658Z","layer":"cds","component_type":"application","container_id":"10.32.1.5","component_id":"43ad4e59-2e0c-4995-adf4-ca00afbfb842","component_name":"RiskManagement-srv","component_instance":0,"source_instance":0,"organization_name":"47a58eedtrial","organization_id":"d7a02038-bfb6-4965-9398-981fd602b71e","space_name":"dev","space_id":"b1534f58-8387-42a5-8ece-809300958c1c","msg":"connect to db > hana {\n  database_id: '69bcbe67-03bc-4478-9fd0-d9ad2b0779fc',\n  host: '69bcbe67-03bc-4478-9fd0-d9ad2b0779fc.hna0.prod-us10.hanacloud.ondemand.com',\n  port: '443',\n  driver: 'com.sap.db.jdbc.Driver',\n  url: 'jdbc:sap://69bcbe67-03bc-4478-9fd0-d9ad2b0779fc.hna0.prod-us10.hanacloud.ondemand.com:443?encrypt=true&validateCertificate=true&currentschema=1D2FD6BD9AE248389E2C5DD7F64681C6',\n  schema: '1D2FD6BD9AE248389E2C5DD7F64681C6',\n  certificate: '...',\n  hdi_user: '1D2FD6BD9AE248389E2C5DD7F64681C6_BGLOAL9S8VB716N7PWHIMKK1K_DT',\n  hdi_password: '...',\n  user: '1D2FD6BD9AE248389E2C5DD7F64681C6_BGLOAL9S8VB716N7PWHIMKK1K_RT',\n  password: '...'\n}","type":"log"} (STDOUT, APP/PROC/WEB)#
#2026 09 16 12:28:14.281#Z#DEBUG#d27b103a-b1c5-11f1-bf33-eeee0a8e3dbc.RiskManagement-srv#flowable-async-job-executor-thread-813#
[PollStartAppStatusExecution] 43ad4e59-2e0c-4995-adf4-ca00afbfb842 [2026-09-16T12:28:06.747960] {"level":"info","logger":"cds","timestamp":"2026-09-16T12:28:06.746Z","layer":"cds","component_type":"application","container_id":"10.32.1.5","component_id":"43ad4e59-2e0c-4995-adf4-ca00afbfb842","component_name":"RiskManagement-srv","component_instance":0,"source_instance":0,"organization_name":"47a58eedtrial","organization_id":"d7a02038-bfb6-4965-9398-981fd602b71e","space_name":"dev","space_id":"b1534f58-8387-42a5-8ece-809300958c1c","msg":"using auth strategy { kind: 'jwt' }","type":"log"} (STDOUT, APP/PROC/WEB)#
#2026 09 16 12:28:14.281#Z#DEBUG#d27b103a-b1c5-11f1-bf33-eeee0a8e3dbc.RiskManagement-srv#flowable-async-job-executor-thread-813#
[PollStartAppStatusExecution] 43ad4e59-2e0c-4995-adf4-ca00afbfb842 [2026-09-16T12:28:06.791691] /home/vcap/app/node_modules/@sap/cds/lib/srv/middlewares/auth/jwt-auth.js:16 (STDERR, APP/PROC/WEB)#
#2026 09 16 12:28:14.281#Z#DEBUG#d27b103a-b1c5-11f1-bf33-eeee0a8e3dbc.RiskManagement-srv#flowable-async-job-executor-thread-813#
[PollStartAppStatusExecution] 43ad4e59-2e0c-4995-adf4-ca00afbfb842 [2026-09-16T12:28:06.791735] throw new Error( (STDERR, APP/PROC/WEB)#
#2026 09 16 12:28:14.281#Z#DEBUG#d27b103a-b1c5-11f1-bf33-eeee0a8e3dbc.RiskManagement-srv#flowable-async-job-executor-thread-813#
[PollStartAppStatusExecution] 43ad4e59-2e0c-4995-adf4-ca00afbfb842 [2026-09-16T12:28:06.791746] ^ (STDERR, APP/PROC/WEB)#
#2026 09 16 12:28:14.281#Z#DEBUG#d27b103a-b1c5-11f1-bf33-eeee0a8e3dbc.RiskManagement-srv#flowable-async-job-executor-thread-813#
[PollStartAppStatusExecution] 43ad4e59-2e0c-4995-adf4-ca00afbfb842 [2026-09-16T12:28:06.791752] Error: Authentication kind "jwt" configured, but no XSUAA instance bound to application. Either bind an XSUAA instance, or switch to an authentication kind that does not require a binding. (STDERR, APP/PROC/WEB)#
#2026 09 16 12:28:14.281#Z#DEBUG#d27b103a-b1c5-11f1-bf33-eeee0a8e3dbc.RiskManagement-srv#flowable-async-job-executor-thread-813#
[PollStartAppStatusExecution] 43ad4e59-2e0c-4995-adf4-ca00afbfb842 [2026-09-16T12:28:06.791761] at jwt_auth (/home/vcap/app/node_modules/@sap/cds/lib/srv/middlewares/auth/jwt-auth.js:16:11) (STDERR, APP/PROC/WEB)#
#2026 09 16 12:28:14.281#Z#DEBUG#d27b103a-b1c5-11f1-bf33-eeee0a8e3dbc.RiskManagement-srv#flowable-async-job-executor-thread-813#
[PollStartAppStatusExecution] 43ad4e59-2e0c-4995-adf4-ca00afbfb842 [2026-09-16T12:28:06.791781] at auth_factory (/home/vcap/app/node_modules/@sap/cds/lib/srv/middlewares/auth/index.js:49:61) (STDERR, APP/PROC/WEB)#
#2026 09 16 12:28:14.281#Z#DEBUG#d27b103a-b1c5-11f1-bf33-eeee0a8e3dbc.RiskManagement-srv#flowable-async-job-executor-thread-813#
[PollStartAppStatusExecution] 43ad4e59-2e0c-4995-adf4-ca00afbfb842 [2026-09-16T12:28:06.791785] at _instantiate (/home/vcap/app/node_modules/@sap/cds/lib/srv/middlewares/index.js:49:12) (STDERR, APP/PROC/WEB)#
#2026 09 16 12:28:14.281#Z#DEBUG#d27b103a-b1c5-11f1-bf33-eeee0a8e3dbc.RiskManagement-srv#flowable-async-job-executor-thread-813#
[PollStartAppStatusExecution] 43ad4e59-2e0c-4995-adf4-ca00afbfb842 [2026-09-16T12:28:06.791789] at /home/vcap/app/node_modules/@sap/cds/lib/srv/middlewares/index.js:13:13 (STDERR, APP/PROC/WEB)#
#2026 09 16 12:28:14.281#Z#DEBUG#d27b103a-b1c5-11f1-bf33-eeee0a8e3dbc.RiskManagement-srv#flowable-async-job-executor-thread-813#
[PollStartAppStatusExecution] 43ad4e59-2e0c-4995-adf4-ca00afbfb842 [2026-09-16T12:28:06.791793] at Array.map (<anonymous>) (STDERR, APP/PROC/WEB)#
#2026 09 16 12:28:14.281#Z#DEBUG#d27b103a-b1c5-11f1-bf33-eeee0a8e3dbc.RiskManagement-srv#flowable-async-job-executor-thread-813#
[PollStartAppStatusExecution] 43ad4e59-2e0c-4995-adf4-ca00afbfb842 [2026-09-16T12:28:06.791795] at Object.<anonymous> (/home/vcap/app/node_modules/@sap/cds/lib/srv/middlewares/index.js:13:3) (STDERR, APP/PROC/WEB)#
#2026 09 16 12:28:14.281#Z#DEBUG#d27b103a-b1c5-11f1-bf33-eeee0a8e3dbc.RiskManagement-srv#flowable-async-job-executor-thread-813#
[PollStartAppStatusExecution] 43ad4e59-2e0c-4995-adf4-ca00afbfb842 [2026-09-16T12:28:06.791798] at Module._compile (node:internal/modules/cjs/loader:1871:14) (STDERR, APP/PROC/WEB)#
#2026 09 16 12:28:14.281#Z#DEBUG#d27b103a-b1c5-11f1-bf33-eeee0a8e3dbc.RiskManagement-srv#flowable-async-job-executor-thread-813#
[PollStartAppStatusExecution] 43ad4e59-2e0c-4995-adf4-ca00afbfb842 [2026-09-16T12:28:06.791802] at Object..js (node:internal/modules/cjs/loader:2002:10) (STDERR, APP/PROC/WEB)#
#2026 09 16 12:28:14.281#Z#DEBUG#d27b103a-b1c5-11f1-bf33-eeee0a8e3dbc.RiskManagement-srv#flowable-async-job-executor-thread-813#
[PollStartAppStatusExecution] 43ad4e59-2e0c-4995-adf4-ca00afbfb842 [2026-09-16T12:28:06.791806] at Module.load (node:internal/modules/cjs/loader:1594:32) (STDERR, APP/PROC/WEB)#
#2026 09 16 12:28:14.281#Z#DEBUG#d27b103a-b1c5-11f1-bf33-eeee0a8e3dbc.RiskManagement-srv#flowable-async-job-executor-thread-813#
[PollStartAppStatusExecution] 43ad4e59-2e0c-4995-adf4-ca00afbfb842 [2026-09-16T12:28:06.791808] at Module._load (node:internal/modules/cjs/loader:1396:12) (STDERR, APP/PROC/WEB)#
#2026 09 16 12:28:14.281#Z#DEBUG#d27b103a-b1c5-11f1-bf33-eeee0a8e3dbc.RiskManagement-srv#flowable-async-job-executor-thread-813#
[PollStartAppStatusExecution] 43ad4e59-2e0c-4995-adf4-ca00afbfb842 [2026-09-16T12:28:06.791810] Node.js v24.18.0 (STDERR, APP/PROC/WEB)#
#2026 09 16 12:28:14.281#Z#DEBUG#d27b103a-b1c5-11f1-bf33-eeee0a8e3dbc.RiskManagement-srv#flowable-async-job-executor-thread-813#
[PollStartAppStatusExecution] 43ad4e59-2e0c-4995-adf4-ca00afbfb842 [2026-09-16T12:28:06.828768] npm notice (STDERR, APP/PROC/WEB)#
#2026 09 16 12:28:14.281#Z#DEBUG#d27b103a-b1c5-11f1-bf33-eeee0a8e3dbc.RiskManagement-srv#flowable-async-job-executor-thread-813#
[PollStartAppStatusExecution] 43ad4e59-2e0c-4995-adf4-ca00afbfb842 [2026-09-16T12:28:06.828809] npm notice New major version of npm available! 11.16.0 -> 12.0.2 (STDERR, APP/PROC/WEB)#
#2026 09 16 12:28:14.281#Z#DEBUG#d27b103a-b1c5-11f1-bf33-eeee0a8e3dbc.RiskManagement-srv#flowable-async-job-executor-thread-813#
[PollStartAppStatusExecution] 43ad4e59-2e0c-4995-adf4-ca00afbfb842 [2026-09-16T12:28:06.828825] npm notice Changelog: https://github.com/npm/cli/releases/tag/v12.0.2 (STDERR, APP/PROC/WEB)#
#2026 09 16 12:28:14.281#Z#DEBUG#d27b103a-b1c5-11f1-bf33-eeee0a8e3dbc.RiskManagement-srv#flowable-async-job-executor-thread-813#
[PollStartAppStatusExecution] 43ad4e59-2e0c-4995-adf4-ca00afbfb842 [2026-09-16T12:28:06.828833] npm notice To update run: npm install -g npm@12.0.2 (STDERR, APP/PROC/WEB)#
#2026 09 16 12:28:14.281#Z#DEBUG#d27b103a-b1c5-11f1-bf33-eeee0a8e3dbc.RiskManagement-srv#flowable-async-job-executor-thread-813#
[PollStartAppStatusExecution] 43ad4e59-2e0c-4995-adf4-ca00afbfb842 [2026-09-16T12:28:06.828836] npm notice (STDERR, APP/PROC/WEB)#
#2026 09 16 12:28:14.281#Z#DEBUG#d27b103a-b1c5-11f1-bf33-eeee0a8e3dbc.RiskManagement-srv#flowable-async-job-executor-thread-813#
[PollStartAppStatusExecution] 43ad4e59-2e0c-4995-adf4-ca00afbfb842 [2026-09-16T12:28:06.937939] Exit status 1 (STDOUT, APP/PROC/WEB)#
#2026 09 16 12:28:14.281#Z#DEBUG#d27b103a-b1c5-11f1-bf33-eeee0a8e3dbc.RiskManagement-srv#flowable-async-job-executor-thread-813#
[PollStartAppStatusExecution] 43ad4e59-2e0c-4995-adf4-ca00afbfb842 [2026-09-16T12:28:13.944878] Process has crashed with type: "web" (STDOUT, API)#
#2026 09 16 12:28:14.281#Z#DEBUG#d27b103a-b1c5-11f1-bf33-eeee0a8e3dbc.RiskManagement-srv#flowable-async-job-executor-thread-813#
[PollStartAppStatusExecution] 43ad4e59-2e0c-4995-adf4-ca00afbfb842 [2026-09-16T12:28:13.951693] Cell d1cc041a-d5a1-41d6-b9f6-6cda736ce3f0 stopping instance d0da8ae1-7d0f-4a4b-4571-2ca9 (STDOUT, CELL)#
#2026 09 16 12:28:14.281#Z#DEBUG#d27b103a-b1c5-11f1-bf33-eeee0a8e3dbc.RiskManagement-srv#flowable-async-job-executor-thread-813#
[PollStartAppStatusExecution] 43ad4e59-2e0c-4995-adf4-ca00afbfb842 [2026-09-16T12:28:13.951798] Cell d1cc041a-d5a1-41d6-b9f6-6cda736ce3f0 destroying container for instance d0da8ae1-7d0f-4a4b-4571-2ca9 (STDOUT, CELL)#
#2026 09 16 12:28:14.281#Z#DEBUG#d27b103a-b1c5-11f1-bf33-eeee0a8e3dbc.RiskManagement-srv#flowable-async-job-executor-thread-813#
[PollStartAppStatusExecution] 43ad4e59-2e0c-4995-adf4-ca00afbfb842 [2026-09-16T12:28:13.956500] App instance exited with guid 43ad4e59-2e0c-4995-adf4-ca00afbfb842 payload: {"instance"=>"d0da8ae1-7d0f-4a4b-4571-2ca9", "index"=>0, "cell_id"=>"d1cc041a-d5a1-41d6-b9f6-6cda736ce3f0", "reason"=>"CRASHED", "exit_description"=>"APP/PROC/WEB: Exited with status 1", "crash_count"=>1, "crash_timestamp"=>1789561693922597405, "version"=>"2d117443-a522-48fd-9799-bb1888c88ea8"} (STDOUT, API)#
#2026 09 16 12:28:24.450#Z#DEBUG#d27b103a-b1c5-11f1-bf33-eeee0a8e3dbc.RiskManagement-srv#flowable-async-job-executor-thread-2631#
[PollStartAppStatusExecution] 43ad4e59-2e0c-4995-adf4-ca00afbfb842 [2026-09-16T12:28:14.180812] Cell 77283d80-dfa7-40ba-ba4e-265aef112085 creating container for instance 5a62103a-7317-4bd3-4d06-f6b6 (STDOUT, CELL)#
#2026 09 16 12:28:24.450#Z#DEBUG#d27b103a-b1c5-11f1-bf33-eeee0a8e3dbc.RiskManagement-srv#flowable-async-job-executor-thread-2631#
[PollStartAppStatusExecution] 43ad4e59-2e0c-4995-adf4-ca00afbfb842 [2026-09-16T12:28:14.250586] Exit status 137 (STDOUT, PROXY)#
#2026 09 16 12:28:24.450#Z#DEBUG#d27b103a-b1c5-11f1-bf33-eeee0a8e3dbc.RiskManagement-srv#flowable-async-job-executor-thread-2631#
[PollStartAppStatusExecution] 43ad4e59-2e0c-4995-adf4-ca00afbfb842 [2026-09-16T12:28:15.081307] Security group rules were updated (STDOUT, CELL)#
#2026 09 16 12:28:24.450#Z#DEBUG#d27b103a-b1c5-11f1-bf33-eeee0a8e3dbc.RiskManagement-srv#flowable-async-job-executor-thread-2631#
[PollStartAppStatusExecution] 43ad4e59-2e0c-4995-adf4-ca00afbfb842 [2026-09-16T12:28:15.179334] Cell 77283d80-dfa7-40ba-ba4e-265aef112085 successfully created container for instance 5a62103a-7317-4bd3-4d06-f6b6 (STDOUT, CELL)#
#2026 09 16 12:28:24.450#Z#DEBUG#d27b103a-b1c5-11f1-bf33-eeee0a8e3dbc.RiskManagement-srv#flowable-async-job-executor-thread-2631#
[PollStartAppStatusExecution] 43ad4e59-2e0c-4995-adf4-ca00afbfb842 [2026-09-16T12:28:15.484349] Downloading droplet... (STDOUT, CELL)#
#2026 09 16 12:28:24.450#Z#DEBUG#d27b103a-b1c5-11f1-bf33-eeee0a8e3dbc.RiskManagement-srv#flowable-async-job-executor-thread-2631#
[PollStartAppStatusExecution] 43ad4e59-2e0c-4995-adf4-ca00afbfb842 [2026-09-16T12:28:16.755905] Cell d1cc041a-d5a1-41d6-b9f6-6cda736ce3f0 successfully destroyed container for instance d0da8ae1-7d0f-4a4b-4571-2ca9 (STDOUT, CELL)#
#2026 09 16 12:28:24.450#Z#DEBUG#d27b103a-b1c5-11f1-bf33-eeee0a8e3dbc.RiskManagement-srv#flowable-async-job-executor-thread-2631#
[PollStartAppStatusExecution] 43ad4e59-2e0c-4995-adf4-ca00afbfb842 [2026-09-16T12:28:20.006733] Downloaded droplet (62.1M) (STDOUT, CELL)#
#2026 09 16 12:28:24.450#Z#DEBUG#d27b103a-b1c5-11f1-bf33-eeee0a8e3dbc.RiskManagement-srv#flowable-async-job-executor-thread-2631#
[PollStartAppStatusExecution] 43ad4e59-2e0c-4995-adf4-ca00afbfb842 [2026-09-16T12:28:20.006957] Starting health monitoring of container (STDOUT, CELL)#
#2026 09 16 12:28:24.450#Z#DEBUG#d27b103a-b1c5-11f1-bf33-eeee0a8e3dbc.RiskManagement-srv#flowable-async-job-executor-thread-2631#
[PollStartAppStatusExecution] 43ad4e59-2e0c-4995-adf4-ca00afbfb842 [2026-09-16T12:28:20.200061] Invoking pre-start scripts. (STDOUT, APP/PROC/WEB)#
#2026 09 16 12:28:24.450#Z#DEBUG#d27b103a-b1c5-11f1-bf33-eeee0a8e3dbc.RiskManagement-srv#flowable-async-job-executor-thread-2631#
[PollStartAppStatusExecution] 43ad4e59-2e0c-4995-adf4-ca00afbfb842 [2026-09-16T12:28:20.445005] Invoking start command. (STDOUT, APP/PROC/WEB)#
#2026 09 16 12:28:24.450#Z#DEBUG#d27b103a-b1c5-11f1-bf33-eeee0a8e3dbc.RiskManagement-srv#flowable-async-job-executor-thread-2631#
[PollStartAppStatusExecution] 43ad4e59-2e0c-4995-adf4-ca00afbfb842 [2026-09-16T12:28:20.945892] > RiskManagement@1.0.0 start (STDOUT, APP/PROC/WEB)#
#2026 09 16 12:28:24.450#Z#DEBUG#d27b103a-b1c5-11f1-bf33-eeee0a8e3dbc.RiskManagement-srv#flowable-async-job-executor-thread-2631#
[PollStartAppStatusExecution] 43ad4e59-2e0c-4995-adf4-ca00afbfb842 [2026-09-16T12:28:20.945928] > cds-serve (STDOUT, APP/PROC/WEB)#
#2026 09 16 12:28:24.450#Z#DEBUG#d27b103a-b1c5-11f1-bf33-eeee0a8e3dbc.RiskManagement-srv#flowable-async-job-executor-thread-2631#
[PollStartAppStatusExecution] 43ad4e59-2e0c-4995-adf4-ca00afbfb842 [2026-09-16T12:28:21.477118] {"level":"info","logger":"cds","timestamp":"2026-09-16T12:28:21.475Z","layer":"cds","component_type":"application","container_id":"10.32.3.6","component_id":"43ad4e59-2e0c-4995-adf4-ca00afbfb842","component_name":"RiskManagement-srv","component_instance":0,"source_instance":0,"organization_name":"47a58eedtrial","organization_id":"d7a02038-bfb6-4965-9398-981fd602b71e","space_name":"dev","space_id":"b1534f58-8387-42a5-8ece-809300958c1c","msg":"loaded model from 1 file(s):\n ","type":"log"} (STDOUT, APP/PROC/WEB)#
#2026 09 16 12:28:24.450#Z#DEBUG#d27b103a-b1c5-11f1-bf33-eeee0a8e3dbc.RiskManagement-srv#flowable-async-job-executor-thread-2631#
[PollStartAppStatusExecution] 43ad4e59-2e0c-4995-adf4-ca00afbfb842 [2026-09-16T12:28:21.477541] srv/csn.json (STDOUT, APP/PROC/WEB)#
#2026 09 16 12:28:24.450#Z#DEBUG#d27b103a-b1c5-11f1-bf33-eeee0a8e3dbc.RiskManagement-srv#flowable-async-job-executor-thread-2631#
[PollStartAppStatusExecution] 43ad4e59-2e0c-4995-adf4-ca00afbfb842 [2026-09-16T12:28:21.842563] {"level":"info","logger":"cds","timestamp":"2026-09-16T12:28:21.841Z","layer":"cds","component_type":"application","container_id":"10.32.3.6","component_id":"43ad4e59-2e0c-4995-adf4-ca00afbfb842","component_name":"RiskManagement-srv","component_instance":0,"source_instance":0,"organization_name":"47a58eedtrial","organization_id":"d7a02038-bfb6-4965-9398-981fd602b71e","space_name":"dev","space_id":"b1534f58-8387-42a5-8ece-809300958c1c","msg":"connect to db > hana {\n  database_id: '69bcbe67-03bc-4478-9fd0-d9ad2b0779fc',\n  host: '69bcbe67-03bc-4478-9fd0-d9ad2b0779fc.hna0.prod-us10.hanacloud.ondemand.com',\n  port: '443',\n  driver: 'com.sap.db.jdbc.Driver',\n  url: 'jdbc:sap://69bcbe67-03bc-4478-9fd0-d9ad2b0779fc.hna0.prod-us10.hanacloud.ondemand.com:443?encrypt=true&validateCertificate=true&currentschema=1D2FD6BD9AE248389E2C5DD7F64681C6',\n  schema: '1D2FD6BD9AE248389E2C5DD7F64681C6',\n  certificate: '...',\n  hdi_user: '1D2FD6BD9AE248389E2C5DD7F64681C6_BGLOAL9S8VB716N7PWHIMKK1K_DT',\n  hdi_password: '...',\n  user: '1D2FD6BD9AE248389E2C5DD7F64681C6_BGLOAL9S8VB716N7PWHIMKK1K_RT',\n  password: '...'\n}","type":"log"} (STDOUT, APP/PROC/WEB)#
#2026 09 16 12:28:24.450#Z#DEBUG#d27b103a-b1c5-11f1-bf33-eeee0a8e3dbc.RiskManagement-srv#flowable-async-job-executor-thread-2631#
[PollStartAppStatusExecution] 43ad4e59-2e0c-4995-adf4-ca00afbfb842 [2026-09-16T12:28:21.912816] {"level":"info","logger":"cds","timestamp":"2026-09-16T12:28:21.911Z","layer":"cds","component_type":"application","container_id":"10.32.3.6","component_id":"43ad4e59-2e0c-4995-adf4-ca00afbfb842","component_name":"RiskManagement-srv","component_instance":0,"source_instance":0,"organization_name":"47a58eedtrial","organization_id":"d7a02038-bfb6-4965-9398-981fd602b71e","space_name":"dev","space_id":"b1534f58-8387-42a5-8ece-809300958c1c","msg":"using auth strategy { kind: 'jwt' }","type":"log"} (STDOUT, APP/PROC/WEB)#
#2026 09 16 12:28:24.450#Z#DEBUG#d27b103a-b1c5-11f1-bf33-eeee0a8e3dbc.RiskManagement-srv#flowable-async-job-executor-thread-2631#
[PollStartAppStatusExecution] 43ad4e59-2e0c-4995-adf4-ca00afbfb842 [2026-09-16T12:28:21.948468] /home/vcap/app/node_modules/@sap/cds/lib/srv/middlewares/auth/jwt-auth.js:16 (STDERR, APP/PROC/WEB)#
#2026 09 16 12:28:24.450#Z#DEBUG#d27b103a-b1c5-11f1-bf33-eeee0a8e3dbc.RiskManagement-srv#flowable-async-job-executor-thread-2631#
[PollStartAppStatusExecution] 43ad4e59-2e0c-4995-adf4-ca00afbfb842 [2026-09-16T12:28:21.948505] throw new Error( (STDERR, APP/PROC/WEB)#
#2026 09 16 12:28:24.450#Z#DEBUG#d27b103a-b1c5-11f1-bf33-eeee0a8e3dbc.RiskManagement-srv#flowable-async-job-executor-thread-2631#
[PollStartAppStatusExecution] 43ad4e59-2e0c-4995-adf4-ca00afbfb842 [2026-09-16T12:28:21.948511] ^ (STDERR, APP/PROC/WEB)#
#2026 09 16 12:28:24.450#Z#DEBUG#d27b103a-b1c5-11f1-bf33-eeee0a8e3dbc.RiskManagement-srv#flowable-async-job-executor-thread-2631#
[PollStartAppStatusExecution] 43ad4e59-2e0c-4995-adf4-ca00afbfb842 [2026-09-16T12:28:21.948516] Error: Authentication kind "jwt" configured, but no XSUAA instance bound to application. Either bind an XSUAA instance, or switch to an authentication kind that does not require a binding. (STDERR, APP/PROC/WEB)#
#2026 09 16 12:28:24.450#Z#DEBUG#d27b103a-b1c5-11f1-bf33-eeee0a8e3dbc.RiskManagement-srv#flowable-async-job-executor-thread-2631#
[PollStartAppStatusExecution] 43ad4e59-2e0c-4995-adf4-ca00afbfb842 [2026-09-16T12:28:21.948522] at jwt_auth (/home/vcap/app/node_modules/@sap/cds/lib/srv/middlewares/auth/jwt-auth.js:16:11) (STDERR, APP/PROC/WEB)#
#2026 09 16 12:28:24.450#Z#DEBUG#d27b103a-b1c5-11f1-bf33-eeee0a8e3dbc.RiskManagement-srv#flowable-async-job-executor-thread-2631#
[PollStartAppStatusExecution] 43ad4e59-2e0c-4995-adf4-ca00afbfb842 [2026-09-16T12:28:21.948524] at auth_factory (/home/vcap/app/node_modules/@sap/cds/lib/srv/middlewares/auth/index.js:49:61) (STDERR, APP/PROC/WEB)#
#2026 09 16 12:28:24.450#Z#DEBUG#d27b103a-b1c5-11f1-bf33-eeee0a8e3dbc.RiskManagement-srv#flowable-async-job-executor-thread-2631#
[PollStartAppStatusExecution] 43ad4e59-2e0c-4995-adf4-ca00afbfb842 [2026-09-16T12:28:21.948529] at _instantiate (/home/vcap/app/node_modules/@sap/cds/lib/srv/middlewares/index.js:49:12) (STDERR, APP/PROC/WEB)#
#2026 09 16 12:28:24.450#Z#DEBUG#d27b103a-b1c5-11f1-bf33-eeee0a8e3dbc.RiskManagement-srv#flowable-async-job-executor-thread-2631#
[PollStartAppStatusExecution] 43ad4e59-2e0c-4995-adf4-ca00afbfb842 [2026-09-16T12:28:21.948533] at /home/vcap/app/node_modules/@sap/cds/lib/srv/middlewares/index.js:13:13 (STDERR, APP/PROC/WEB)#
#2026 09 16 12:28:24.450#Z#DEBUG#d27b103a-b1c5-11f1-bf33-eeee0a8e3dbc.RiskManagement-srv#flowable-async-job-executor-thread-2631#
[PollStartAppStatusExecution] 43ad4e59-2e0c-4995-adf4-ca00afbfb842 [2026-09-16T12:28:21.948552] at Array.map (<anonymous>) (STDERR, APP/PROC/WEB)#
#2026 09 16 12:28:24.450#Z#DEBUG#d27b103a-b1c5-11f1-bf33-eeee0a8e3dbc.RiskManagement-srv#flowable-async-job-executor-thread-2631#
[PollStartAppStatusExecution] 43ad4e59-2e0c-4995-adf4-ca00afbfb842 [2026-09-16T12:28:21.948558] at Object.<anonymous> (/home/vcap/app/node_modules/@sap/cds/lib/srv/middlewares/index.js:13:3) (STDERR, APP/PROC/WEB)#
#2026 09 16 12:28:24.450#Z#DEBUG#d27b103a-b1c5-11f1-bf33-eeee0a8e3dbc.RiskManagement-srv#flowable-async-job-executor-thread-2631#
[PollStartAppStatusExecution] 43ad4e59-2e0c-4995-adf4-ca00afbfb842 [2026-09-16T12:28:21.948561] at Module._compile (node:internal/modules/cjs/loader:1871:14) (STDERR, APP/PROC/WEB)#
#2026 09 16 12:28:24.450#Z#DEBUG#d27b103a-b1c5-11f1-bf33-eeee0a8e3dbc.RiskManagement-srv#flowable-async-job-executor-thread-2631#
[PollStartAppStatusExecution] 43ad4e59-2e0c-4995-adf4-ca00afbfb842 [2026-09-16T12:28:21.948569] at Object..js (node:internal/modules/cjs/loader:2002:10) (STDERR, APP/PROC/WEB)#
#2026 09 16 12:28:24.450#Z#DEBUG#d27b103a-b1c5-11f1-bf33-eeee0a8e3dbc.RiskManagement-srv#flowable-async-job-executor-thread-2631#
[PollStartAppStatusExecution] 43ad4e59-2e0c-4995-adf4-ca00afbfb842 [2026-09-16T12:28:21.948572] at Module.load (node:internal/modules/cjs/loader:1594:32) (STDERR, APP/PROC/WEB)#
#2026 09 16 12:28:24.450#Z#DEBUG#d27b103a-b1c5-11f1-bf33-eeee0a8e3dbc.RiskManagement-srv#flowable-async-job-executor-thread-2631#
[PollStartAppStatusExecution] 43ad4e59-2e0c-4995-adf4-ca00afbfb842 [2026-09-16T12:28:21.948578] at Module._load (node:internal/modules/cjs/loader:1396:12) (STDERR, APP/PROC/WEB)#
#2026 09 16 12:28:24.450#Z#DEBUG#d27b103a-b1c5-11f1-bf33-eeee0a8e3dbc.RiskManagement-srv#flowable-async-job-executor-thread-2631#
[PollStartAppStatusExecution] 43ad4e59-2e0c-4995-adf4-ca00afbfb842 [2026-09-16T12:28:21.948581] Node.js v24.18.0 (STDERR, APP/PROC/WEB)#
#2026 09 16 12:28:24.450#Z#DEBUG#d27b103a-b1c5-11f1-bf33-eeee0a8e3dbc.RiskManagement-srv#flowable-async-job-executor-thread-2631#
[PollStartAppStatusExecution] 43ad4e59-2e0c-4995-adf4-ca00afbfb842 [2026-09-16T12:28:21.973891] npm notice (STDERR, APP/PROC/WEB)#
#2026 09 16 12:28:24.450#Z#DEBUG#d27b103a-b1c5-11f1-bf33-eeee0a8e3dbc.RiskManagement-srv#flowable-async-job-executor-thread-2631#
[PollStartAppStatusExecution] 43ad4e59-2e0c-4995-adf4-ca00afbfb842 [2026-09-16T12:28:21.973934] npm notice New major version of npm available! 11.16.0 -> 12.0.2 (STDERR, APP/PROC/WEB)#
#2026 09 16 12:28:24.450#Z#DEBUG#d27b103a-b1c5-11f1-bf33-eeee0a8e3dbc.RiskManagement-srv#flowable-async-job-executor-thread-2631#
[PollStartAppStatusExecution] 43ad4e59-2e0c-4995-adf4-ca00afbfb842 [2026-09-16T12:28:21.973939] npm notice Changelog: https://github.com/npm/cli/releases/tag/v12.0.2 (STDERR, APP/PROC/WEB)#
#2026 09 16 12:28:24.450#Z#DEBUG#d27b103a-b1c5-11f1-bf33-eeee0a8e3dbc.RiskManagement-srv#flowable-async-job-executor-thread-2631#
[PollStartAppStatusExecution] 43ad4e59-2e0c-4995-adf4-ca00afbfb842 [2026-09-16T12:28:21.973943] npm notice To update run: npm install -g npm@12.0.2 (STDERR, APP/PROC/WEB)#
#2026 09 16 12:28:24.450#Z#DEBUG#d27b103a-b1c5-11f1-bf33-eeee0a8e3dbc.RiskManagement-srv#flowable-async-job-executor-thread-2631#
[PollStartAppStatusExecution] 43ad4e59-2e0c-4995-adf4-ca00afbfb842 [2026-09-16T12:28:21.973946] npm notice (STDERR, APP/PROC/WEB)#
#2026 09 16 12:28:24.450#Z#DEBUG#d27b103a-b1c5-11f1-bf33-eeee0a8e3dbc.RiskManagement-srv#flowable-async-job-executor-thread-2631#
[PollStartAppStatusExecution] 43ad4e59-2e0c-4995-adf4-ca00afbfb842 [2026-09-16T12:28:22.051894] Exit status 1 (STDOUT, APP/PROC/WEB)#
#2026 09 16 12:28:34.755#Z#DEBUG#d27b103a-b1c5-11f1-bf33-eeee0a8e3dbc.RiskManagement-srv#flowable-async-job-executor-thread-773#
[PollStartAppStatusExecution] 43ad4e59-2e0c-4995-adf4-ca00afbfb842 [2026-09-16T12:28:28.213326] Cell 77283d80-dfa7-40ba-ba4e-265aef112085 stopping instance 5a62103a-7317-4bd3-4d06-f6b6 (STDOUT, CELL)#
#2026 09 16 12:28:34.755#Z#DEBUG#d27b103a-b1c5-11f1-bf33-eeee0a8e3dbc.RiskManagement-srv#flowable-async-job-executor-thread-773#
[PollStartAppStatusExecution] 43ad4e59-2e0c-4995-adf4-ca00afbfb842 [2026-09-16T12:28:28.213366] Cell 77283d80-dfa7-40ba-ba4e-265aef112085 destroying container for instance 5a62103a-7317-4bd3-4d06-f6b6 (STDOUT, CELL)#
#2026 09 16 12:28:34.755#Z#DEBUG#d27b103a-b1c5-11f1-bf33-eeee0a8e3dbc.RiskManagement-srv#flowable-async-job-executor-thread-773#
[PollStartAppStatusExecution] 43ad4e59-2e0c-4995-adf4-ca00afbfb842 [2026-09-16T12:28:28.215765] Process has crashed with type: "web" (STDOUT, API)#
#2026 09 16 12:28:34.755#Z#DEBUG#d27b103a-b1c5-11f1-bf33-eeee0a8e3dbc.RiskManagement-srv#flowable-async-job-executor-thread-773#
[PollStartAppStatusExecution] 43ad4e59-2e0c-4995-adf4-ca00afbfb842 [2026-09-16T12:28:28.230309] App instance exited with guid 43ad4e59-2e0c-4995-adf4-ca00afbfb842 payload: {"instance"=>"5a62103a-7317-4bd3-4d06-f6b6", "index"=>0, "cell_id"=>"77283d80-dfa7-40ba-ba4e-265aef112085", "reason"=>"CRASHED", "exit_description"=>"APP/PROC/WEB: Exited with status 1", "crash_count"=>2, "crash_timestamp"=>1789561708193786574, "version"=>"2d117443-a522-48fd-9799-bb1888c88ea8"} (STDOUT, API)#
#2026 09 16 12:28:34.755#Z#DEBUG#d27b103a-b1c5-11f1-bf33-eeee0a8e3dbc.RiskManagement-srv#flowable-async-job-executor-thread-773#
[PollStartAppStatusExecution] 43ad4e59-2e0c-4995-adf4-ca00afbfb842 [2026-09-16T12:28:28.376585] Cell 684caff8-89cd-492b-be01-b3d0835f1763 creating container for instance a6fa01a9-dbe0-430b-6768-f732 (STDOUT, CELL)#
#2026 09 16 12:28:34.755#Z#DEBUG#d27b103a-b1c5-11f1-bf33-eeee0a8e3dbc.RiskManagement-srv#flowable-async-job-executor-thread-773#
[PollStartAppStatusExecution] 43ad4e59-2e0c-4995-adf4-ca00afbfb842 [2026-09-16T12:28:28.465519] Exit status 137 (STDOUT, PROXY)#
#2026 09 16 12:28:34.755#Z#DEBUG#d27b103a-b1c5-11f1-bf33-eeee0a8e3dbc.RiskManagement-srv#flowable-async-job-executor-thread-773#
[PollStartAppStatusExecution] 43ad4e59-2e0c-4995-adf4-ca00afbfb842 [2026-09-16T12:28:29.175867] Security group rules were updated (STDOUT, CELL)#
#2026 09 16 12:28:34.755#Z#DEBUG#d27b103a-b1c5-11f1-bf33-eeee0a8e3dbc.RiskManagement-srv#flowable-async-job-executor-thread-773#
[PollStartAppStatusExecution] 43ad4e59-2e0c-4995-adf4-ca00afbfb842 [2026-09-16T12:28:29.278214] Cell 684caff8-89cd-492b-be01-b3d0835f1763 successfully created container for instance a6fa01a9-dbe0-430b-6768-f732 (STDOUT, CELL)#
#2026 09 16 12:28:34.755#Z#DEBUG#d27b103a-b1c5-11f1-bf33-eeee0a8e3dbc.RiskManagement-srv#flowable-async-job-executor-thread-773#
[PollStartAppStatusExecution] 43ad4e59-2e0c-4995-adf4-ca00afbfb842 [2026-09-16T12:28:29.801518] Downloading droplet... (STDOUT, CELL)#
#2026 09 16 12:28:34.755#Z#DEBUG#d27b103a-b1c5-11f1-bf33-eeee0a8e3dbc.RiskManagement-srv#flowable-async-job-executor-thread-773#
[PollStartAppStatusExecution] 43ad4e59-2e0c-4995-adf4-ca00afbfb842 [2026-09-16T12:28:30.890050] Cell 77283d80-dfa7-40ba-ba4e-265aef112085 successfully destroyed container for instance 5a62103a-7317-4bd3-4d06-f6b6 (STDOUT, CELL)#
#2026 09 16 12:28:34.755#Z#DEBUG#d27b103a-b1c5-11f1-bf33-eeee0a8e3dbc.RiskManagement-srv#flowable-async-job-executor-thread-773#
[PollStartAppStatusExecution] 43ad4e59-2e0c-4995-adf4-ca00afbfb842 [2026-09-16T12:28:33.860483] Downloaded droplet (62.1M) (STDOUT, CELL)#
#2026 09 16 12:28:34.755#Z#DEBUG#d27b103a-b1c5-11f1-bf33-eeee0a8e3dbc.RiskManagement-srv#flowable-async-job-executor-thread-773#
[PollStartAppStatusExecution] 43ad4e59-2e0c-4995-adf4-ca00afbfb842 [2026-09-16T12:28:33.860628] Starting health monitoring of container (STDOUT, CELL)#
#2026 09 16 12:28:34.755#Z#DEBUG#d27b103a-b1c5-11f1-bf33-eeee0a8e3dbc.RiskManagement-srv#flowable-async-job-executor-thread-773#
[PollStartAppStatusExecution] 43ad4e59-2e0c-4995-adf4-ca00afbfb842 [2026-09-16T12:28:34.010251] Invoking pre-start scripts. (STDOUT, APP/PROC/WEB)#
#2026 09 16 12:28:44.663#Z#DEBUG#d27b103a-b1c5-11f1-bf33-eeee0a8e3dbc.RiskManagement-srv#flowable-async-job-executor-thread-2653#
[PollStartAppStatusExecution] 43ad4e59-2e0c-4995-adf4-ca00afbfb842 [2026-09-16T12:28:34.275405] Invoking start command. (STDOUT, APP/PROC/WEB)#
#2026 09 16 12:28:44.663#Z#DEBUG#d27b103a-b1c5-11f1-bf33-eeee0a8e3dbc.RiskManagement-srv#flowable-async-job-executor-thread-2653#
[PollStartAppStatusExecution] 43ad4e59-2e0c-4995-adf4-ca00afbfb842 [2026-09-16T12:28:34.773291] > RiskManagement@1.0.0 start (STDOUT, APP/PROC/WEB)#
#2026 09 16 12:28:44.663#Z#DEBUG#d27b103a-b1c5-11f1-bf33-eeee0a8e3dbc.RiskManagement-srv#flowable-async-job-executor-thread-2653#
[PollStartAppStatusExecution] 43ad4e59-2e0c-4995-adf4-ca00afbfb842 [2026-09-16T12:28:34.773328] > cds-serve (STDOUT, APP/PROC/WEB)#
#2026 09 16 12:28:44.663#Z#DEBUG#d27b103a-b1c5-11f1-bf33-eeee0a8e3dbc.RiskManagement-srv#flowable-async-job-executor-thread-2653#
[PollStartAppStatusExecution] 43ad4e59-2e0c-4995-adf4-ca00afbfb842 [2026-09-16T12:28:35.240969] {"level":"info","logger":"cds","timestamp":"2026-09-16T12:28:35.239Z","layer":"cds","component_type":"application","container_id":"10.32.1.6","component_id":"43ad4e59-2e0c-4995-adf4-ca00afbfb842","component_name":"RiskManagement-srv","component_instance":0,"source_instance":0,"organization_name":"47a58eedtrial","organization_id":"d7a02038-bfb6-4965-9398-981fd602b71e","space_name":"dev","space_id":"b1534f58-8387-42a5-8ece-809300958c1c","msg":"loaded model from 1 file(s):\n ","type":"log"} (STDOUT, APP/PROC/WEB)#
#2026 09 16 12:28:44.663#Z#DEBUG#d27b103a-b1c5-11f1-bf33-eeee0a8e3dbc.RiskManagement-srv#flowable-async-job-executor-thread-2653#
[PollStartAppStatusExecution] 43ad4e59-2e0c-4995-adf4-ca00afbfb842 [2026-09-16T12:28:35.241562] srv/csn.json (STDOUT, APP/PROC/WEB)#
#2026 09 16 12:28:44.663#Z#DEBUG#d27b103a-b1c5-11f1-bf33-eeee0a8e3dbc.RiskManagement-srv#flowable-async-job-executor-thread-2653#
[PollStartAppStatusExecution] 43ad4e59-2e0c-4995-adf4-ca00afbfb842 [2026-09-16T12:28:35.553374] {"level":"info","logger":"cds","timestamp":"2026-09-16T12:28:35.552Z","layer":"cds","component_type":"application","container_id":"10.32.1.6","component_id":"43ad4e59-2e0c-4995-adf4-ca00afbfb842","component_name":"RiskManagement-srv","component_instance":0,"source_instance":0,"organization_name":"47a58eedtrial","organization_id":"d7a02038-bfb6-4965-9398-981fd602b71e","space_name":"dev","space_id":"b1534f58-8387-42a5-8ece-809300958c1c","msg":"connect to db > hana {\n  database_id: '69bcbe67-03bc-4478-9fd0-d9ad2b0779fc',\n  host: '69bcbe67-03bc-4478-9fd0-d9ad2b0779fc.hna0.prod-us10.hanacloud.ondemand.com',\n  port: '443',\n  driver: 'com.sap.db.jdbc.Driver',\n  url: 'jdbc:sap://69bcbe67-03bc-4478-9fd0-d9ad2b0779fc.hna0.prod-us10.hanacloud.ondemand.com:443?encrypt=true&validateCertificate=true&currentschema=1D2FD6BD9AE248389E2C5DD7F64681C6',\n  schema: '1D2FD6BD9AE248389E2C5DD7F64681C6',\n  certificate: '...',\n  hdi_user: '1D2FD6BD9AE248389E2C5DD7F64681C6_BGLOAL9S8VB716N7PWHIMKK1K_DT',\n  hdi_password: '...',\n  user: '1D2FD6BD9AE248389E2C5DD7F64681C6_BGLOAL9S8VB716N7PWHIMKK1K_RT',\n  password: '...'\n}","type":"log"} (STDOUT, APP/PROC/WEB)#
#2026 09 16 12:28:44.663#Z#DEBUG#d27b103a-b1c5-11f1-bf33-eeee0a8e3dbc.RiskManagement-srv#flowable-async-job-executor-thread-2653#
[PollStartAppStatusExecution] 43ad4e59-2e0c-4995-adf4-ca00afbfb842 [2026-09-16T12:28:35.610803] {"level":"info","logger":"cds","timestamp":"2026-09-16T12:28:35.610Z","layer":"cds","component_type":"application","container_id":"10.32.1.6","component_id":"43ad4e59-2e0c-4995-adf4-ca00afbfb842","component_name":"RiskManagement-srv","component_instance":0,"source_instance":0,"organization_name":"47a58eedtrial","organization_id":"d7a02038-bfb6-4965-9398-981fd602b71e","space_name":"dev","space_id":"b1534f58-8387-42a5-8ece-809300958c1c","msg":"using auth strategy { kind: 'jwt' }","type":"log"} (STDOUT, APP/PROC/WEB)#
#2026 09 16 12:28:44.663#Z#DEBUG#d27b103a-b1c5-11f1-bf33-eeee0a8e3dbc.RiskManagement-srv#flowable-async-job-executor-thread-2653#
[PollStartAppStatusExecution] 43ad4e59-2e0c-4995-adf4-ca00afbfb842 [2026-09-16T12:28:35.637833] /home/vcap/app/node_modules/@sap/cds/lib/srv/middlewares/auth/jwt-auth.js:16 (STDERR, APP/PROC/WEB)#
#2026 09 16 12:28:44.663#Z#DEBUG#d27b103a-b1c5-11f1-bf33-eeee0a8e3dbc.RiskManagement-srv#flowable-async-job-executor-thread-2653#
[PollStartAppStatusExecution] 43ad4e59-2e0c-4995-adf4-ca00afbfb842 [2026-09-16T12:28:35.637906] throw new Error( (STDERR, APP/PROC/WEB)#
#2026 09 16 12:28:44.663#Z#DEBUG#d27b103a-b1c5-11f1-bf33-eeee0a8e3dbc.RiskManagement-srv#flowable-async-job-executor-thread-2653#
[PollStartAppStatusExecution] 43ad4e59-2e0c-4995-adf4-ca00afbfb842 [2026-09-16T12:28:35.637917] ^ (STDERR, APP/PROC/WEB)#
#2026 09 16 12:28:44.663#Z#DEBUG#d27b103a-b1c5-11f1-bf33-eeee0a8e3dbc.RiskManagement-srv#flowable-async-job-executor-thread-2653#
[PollStartAppStatusExecution] 43ad4e59-2e0c-4995-adf4-ca00afbfb842 [2026-09-16T12:28:35.637920] Error: Authentication kind "jwt" configured, but no XSUAA instance bound to application. Either bind an XSUAA instance, or switch to an authentication kind that does not require a binding. (STDERR, APP/PROC/WEB)#
#2026 09 16 12:28:44.663#Z#DEBUG#d27b103a-b1c5-11f1-bf33-eeee0a8e3dbc.RiskManagement-srv#flowable-async-job-executor-thread-2653#
[PollStartAppStatusExecution] 43ad4e59-2e0c-4995-adf4-ca00afbfb842 [2026-09-16T12:28:35.637924] at jwt_auth (/home/vcap/app/node_modules/@sap/cds/lib/srv/middlewares/auth/jwt-auth.js:16:11) (STDERR, APP/PROC/WEB)#
#2026 09 16 12:28:44.663#Z#DEBUG#d27b103a-b1c5-11f1-bf33-eeee0a8e3dbc.RiskManagement-srv#flowable-async-job-executor-thread-2653#
[PollStartAppStatusExecution] 43ad4e59-2e0c-4995-adf4-ca00afbfb842 [2026-09-16T12:28:35.637927] at auth_factory (/home/vcap/app/node_modules/@sap/cds/lib/srv/middlewares/auth/index.js:49:61) (STDERR, APP/PROC/WEB)#
#2026 09 16 12:28:44.663#Z#DEBUG#d27b103a-b1c5-11f1-bf33-eeee0a8e3dbc.RiskManagement-srv#flowable-async-job-executor-thread-2653#
[PollStartAppStatusExecution] 43ad4e59-2e0c-4995-adf4-ca00afbfb842 [2026-09-16T12:28:35.637931] at _instantiate (/home/vcap/app/node_modules/@sap/cds/lib/srv/middlewares/index.js:49:12) (STDERR, APP/PROC/WEB)#
#2026 09 16 12:28:44.663#Z#DEBUG#d27b103a-b1c5-11f1-bf33-eeee0a8e3dbc.RiskManagement-srv#flowable-async-job-executor-thread-2653#
[PollStartAppStatusExecution] 43ad4e59-2e0c-4995-adf4-ca00afbfb842 [2026-09-16T12:28:35.637934] at /home/vcap/app/node_modules/@sap/cds/lib/srv/middlewares/index.js:13:13 (STDERR, APP/PROC/WEB)#
#2026 09 16 12:28:44.663#Z#DEBUG#d27b103a-b1c5-11f1-bf33-eeee0a8e3dbc.RiskManagement-srv#flowable-async-job-executor-thread-2653#
[PollStartAppStatusExecution] 43ad4e59-2e0c-4995-adf4-ca00afbfb842 [2026-09-16T12:28:35.637938] at Array.map (<anonymous>) (STDERR, APP/PROC/WEB)#
#2026 09 16 12:28:44.663#Z#DEBUG#d27b103a-b1c5-11f1-bf33-eeee0a8e3dbc.RiskManagement-srv#flowable-async-job-executor-thread-2653#
[PollStartAppStatusExecution] 43ad4e59-2e0c-4995-adf4-ca00afbfb842 [2026-09-16T12:28:35.637941] at Object.<anonymous> (/home/vcap/app/node_modules/@sap/cds/lib/srv/middlewares/index.js:13:3) (STDERR, APP/PROC/WEB)#
#2026 09 16 12:28:44.663#Z#DEBUG#d27b103a-b1c5-11f1-bf33-eeee0a8e3dbc.RiskManagement-srv#flowable-async-job-executor-thread-2653#
[PollStartAppStatusExecution] 43ad4e59-2e0c-4995-adf4-ca00afbfb842 [2026-09-16T12:28:35.637944] at Module._compile (node:internal/modules/cjs/loader:1871:14) (STDERR, APP/PROC/WEB)#
#2026 09 16 12:28:44.663#Z#DEBUG#d27b103a-b1c5-11f1-bf33-eeee0a8e3dbc.RiskManagement-srv#flowable-async-job-executor-thread-2653#
[PollStartAppStatusExecution] 43ad4e59-2e0c-4995-adf4-ca00afbfb842 [2026-09-16T12:28:35.637947] at Object..js (node:internal/modules/cjs/loader:2002:10) (STDERR, APP/PROC/WEB)#
#2026 09 16 12:28:44.663#Z#DEBUG#d27b103a-b1c5-11f1-bf33-eeee0a8e3dbc.RiskManagement-srv#flowable-async-job-executor-thread-2653#
[PollStartAppStatusExecution] 43ad4e59-2e0c-4995-adf4-ca00afbfb842 [2026-09-16T12:28:35.637950] at Module.load (node:internal/modules/cjs/loader:1594:32) (STDERR, APP/PROC/WEB)#
#2026 09 16 12:28:44.663#Z#DEBUG#d27b103a-b1c5-11f1-bf33-eeee0a8e3dbc.RiskManagement-srv#flowable-async-job-executor-thread-2653#
[PollStartAppStatusExecution] 43ad4e59-2e0c-4995-adf4-ca00afbfb842 [2026-09-16T12:28:35.638007] at Module._load (node:internal/modules/cjs/loader:1396:12) (STDERR, APP/PROC/WEB)#
#2026 09 16 12:28:44.663#Z#DEBUG#d27b103a-b1c5-11f1-bf33-eeee0a8e3dbc.RiskManagement-srv#flowable-async-job-executor-thread-2653#
[PollStartAppStatusExecution] 43ad4e59-2e0c-4995-adf4-ca00afbfb842 [2026-09-16T12:28:35.638010] Node.js v24.18.0 (STDERR, APP/PROC/WEB)#
#2026 09 16 12:28:44.663#Z#DEBUG#d27b103a-b1c5-11f1-bf33-eeee0a8e3dbc.RiskManagement-srv#flowable-async-job-executor-thread-2653#
[PollStartAppStatusExecution] 43ad4e59-2e0c-4995-adf4-ca00afbfb842 [2026-09-16T12:28:35.665308] npm notice (STDERR, APP/PROC/WEB)#
#2026 09 16 12:28:44.663#Z#DEBUG#d27b103a-b1c5-11f1-bf33-eeee0a8e3dbc.RiskManagement-srv#flowable-async-job-executor-thread-2653#
[PollStartAppStatusExecution] 43ad4e59-2e0c-4995-adf4-ca00afbfb842 [2026-09-16T12:28:35.665340] npm notice New major version of npm available! 11.16.0 -> 12.0.2 (STDERR, APP/PROC/WEB)#
#2026 09 16 12:28:44.663#Z#DEBUG#d27b103a-b1c5-11f1-bf33-eeee0a8e3dbc.RiskManagement-srv#flowable-async-job-executor-thread-2653#
[PollStartAppStatusExecution] 43ad4e59-2e0c-4995-adf4-ca00afbfb842 [2026-09-16T12:28:35.665346] npm notice Changelog: https://github.com/npm/cli/releases/tag/v12.0.2 (STDERR, APP/PROC/WEB)#
#2026 09 16 12:28:44.663#Z#DEBUG#d27b103a-b1c5-11f1-bf33-eeee0a8e3dbc.RiskManagement-srv#flowable-async-job-executor-thread-2653#
[PollStartAppStatusExecution] 43ad4e59-2e0c-4995-adf4-ca00afbfb842 [2026-09-16T12:28:35.665349] npm notice To update run: npm install -g npm@12.0.2 (STDERR, APP/PROC/WEB)#
#2026 09 16 12:28:44.663#Z#DEBUG#d27b103a-b1c5-11f1-bf33-eeee0a8e3dbc.RiskManagement-srv#flowable-async-job-executor-thread-2653#
[PollStartAppStatusExecution] 43ad4e59-2e0c-4995-adf4-ca00afbfb842 [2026-09-16T12:28:35.665352] npm notice (STDERR, APP/PROC/WEB)#
#2026 09 16 12:28:44.663#Z#DEBUG#d27b103a-b1c5-11f1-bf33-eeee0a8e3dbc.RiskManagement-srv#flowable-async-job-executor-thread-2653#
[PollStartAppStatusExecution] 43ad4e59-2e0c-4995-adf4-ca00afbfb842 [2026-09-16T12:28:35.754242] Exit status 1 (STDOUT, APP/PROC/WEB)#
#2026 09 16 12:28:44.663#Z#DEBUG#d27b103a-b1c5-11f1-bf33-eeee0a8e3dbc.RiskManagement-srv#flowable-async-job-executor-thread-2653#
[PollStartAppStatusExecution] 43ad4e59-2e0c-4995-adf4-ca00afbfb842 [2026-09-16T12:28:41.957670] Cell 684caff8-89cd-492b-be01-b3d0835f1763 stopping instance a6fa01a9-dbe0-430b-6768-f732 (STDOUT, CELL)#
#2026 09 16 12:28:44.663#Z#DEBUG#d27b103a-b1c5-11f1-bf33-eeee0a8e3dbc.RiskManagement-srv#flowable-async-job-executor-thread-2653#
[PollStartAppStatusExecution] 43ad4e59-2e0c-4995-adf4-ca00afbfb842 [2026-09-16T12:28:41.957713] Cell 684caff8-89cd-492b-be01-b3d0835f1763 destroying container for instance a6fa01a9-dbe0-430b-6768-f732 (STDOUT, CELL)#
#2026 09 16 12:28:44.663#Z#DEBUG#d27b103a-b1c5-11f1-bf33-eeee0a8e3dbc.RiskManagement-srv#flowable-async-job-executor-thread-2653#
[PollStartAppStatusExecution] 43ad4e59-2e0c-4995-adf4-ca00afbfb842 [2026-09-16T12:28:42.084780] Process has crashed with type: "web" (STDOUT, API)#
#2026 09 16 12:28:44.663#Z#DEBUG#d27b103a-b1c5-11f1-bf33-eeee0a8e3dbc.RiskManagement-srv#flowable-async-job-executor-thread-2653#
[PollStartAppStatusExecution] 43ad4e59-2e0c-4995-adf4-ca00afbfb842 [2026-09-16T12:28:42.102011] App instance exited with guid 43ad4e59-2e0c-4995-adf4-ca00afbfb842 payload: {"instance"=>"a6fa01a9-dbe0-430b-6768-f732", "index"=>0, "cell_id"=>"684caff8-89cd-492b-be01-b3d0835f1763", "reason"=>"CRASHED", "exit_description"=>"APP/PROC/WEB: Exited with status 1", "crash_count"=>3, "crash_timestamp"=>1789561721954484636, "version"=>"2d117443-a522-48fd-9799-bb1888c88ea8"} (STDOUT, API)#
#2026 09 16 12:28:44.663#Z#DEBUG#d27b103a-b1c5-11f1-bf33-eeee0a8e3dbc.RiskManagement-srv#flowable-async-job-executor-thread-2653#
[PollStartAppStatusExecution] 43ad4e59-2e0c-4995-adf4-ca00afbfb842 [2026-09-16T12:28:42.170761] Exit status 137 (STDOUT, PROXY)#
#2026 09 16 12:28:54.975#Z#DEBUG#d27b103a-b1c5-11f1-bf33-eeee0a8e3dbc.RiskManagement-srv#flowable-async-job-executor-thread-2661#
[PollStartAppStatusExecution] 43ad4e59-2e0c-4995-adf4-ca00afbfb842 [2026-09-16T12:28:34.275405] Invoking start command. (STDOUT, APP/PROC/WEB)#
#2026 09 16 12:28:54.975#Z#DEBUG#d27b103a-b1c5-11f1-bf33-eeee0a8e3dbc.RiskManagement-srv#flowable-async-job-executor-thread-2661#
[PollStartAppStatusExecution] 43ad4e59-2e0c-4995-adf4-ca00afbfb842 [2026-09-16T12:28:34.773291] > RiskManagement@1.0.0 start (STDOUT, APP/PROC/WEB)#
#2026 09 16 12:28:54.975#Z#DEBUG#d27b103a-b1c5-11f1-bf33-eeee0a8e3dbc.RiskManagement-srv#flowable-async-job-executor-thread-2661#
[PollStartAppStatusExecution] 43ad4e59-2e0c-4995-adf4-ca00afbfb842 [2026-09-16T12:28:34.773328] > cds-serve (STDOUT, APP/PROC/WEB)#
#2026 09 16 12:28:54.975#Z#DEBUG#d27b103a-b1c5-11f1-bf33-eeee0a8e3dbc.RiskManagement-srv#flowable-async-job-executor-thread-2661#
[PollStartAppStatusExecution] 43ad4e59-2e0c-4995-adf4-ca00afbfb842 [2026-09-16T12:28:35.240969] {"level":"info","logger":"cds","timestamp":"2026-09-16T12:28:35.239Z","layer":"cds","component_type":"application","container_id":"10.32.1.6","component_id":"43ad4e59-2e0c-4995-adf4-ca00afbfb842","component_name":"RiskManagement-srv","component_instance":0,"source_instance":0,"organization_name":"47a58eedtrial","organization_id":"d7a02038-bfb6-4965-9398-981fd602b71e","space_name":"dev","space_id":"b1534f58-8387-42a5-8ece-809300958c1c","msg":"loaded model from 1 file(s):\n ","type":"log"} (STDOUT, APP/PROC/WEB)#
#2026 09 16 12:28:54.975#Z#DEBUG#d27b103a-b1c5-11f1-bf33-eeee0a8e3dbc.RiskManagement-srv#flowable-async-job-executor-thread-2661#
[PollStartAppStatusExecution] 43ad4e59-2e0c-4995-adf4-ca00afbfb842 [2026-09-16T12:28:35.241562] srv/csn.json (STDOUT, APP/PROC/WEB)#
#2026 09 16 12:28:54.975#Z#DEBUG#d27b103a-b1c5-11f1-bf33-eeee0a8e3dbc.RiskManagement-srv#flowable-async-job-executor-thread-2661#
[PollStartAppStatusExecution] 43ad4e59-2e0c-4995-adf4-ca00afbfb842 [2026-09-16T12:28:35.553374] {"level":"info","logger":"cds","timestamp":"2026-09-16T12:28:35.552Z","layer":"cds","component_type":"application","container_id":"10.32.1.6","component_id":"43ad4e59-2e0c-4995-adf4-ca00afbfb842","component_name":"RiskManagement-srv","component_instance":0,"source_instance":0,"organization_name":"47a58eedtrial","organization_id":"d7a02038-bfb6-4965-9398-981fd602b71e","space_name":"dev","space_id":"b1534f58-8387-42a5-8ece-809300958c1c","msg":"connect to db > hana {\n  database_id: '69bcbe67-03bc-4478-9fd0-d9ad2b0779fc',\n  host: '69bcbe67-03bc-4478-9fd0-d9ad2b0779fc.hna0.prod-us10.hanacloud.ondemand.com',\n  port: '443',\n  driver: 'com.sap.db.jdbc.Driver',\n  url: 'jdbc:sap://69bcbe67-03bc-4478-9fd0-d9ad2b0779fc.hna0.prod-us10.hanacloud.ondemand.com:443?encrypt=true&validateCertificate=true&currentschema=1D2FD6BD9AE248389E2C5DD7F64681C6',\n  schema: '1D2FD6BD9AE248389E2C5DD7F64681C6',\n  certificate: '...',\n  hdi_user: '1D2FD6BD9AE248389E2C5DD7F64681C6_BGLOAL9S8VB716N7PWHIMKK1K_DT',\n  hdi_password: '...',\n  user: '1D2FD6BD9AE248389E2C5DD7F64681C6_BGLOAL9S8VB716N7PWHIMKK1K_RT',\n  password: '...'\n}","type":"log"} (STDOUT, APP/PROC/WEB)#
#2026 09 16 12:28:54.975#Z#DEBUG#d27b103a-b1c5-11f1-bf33-eeee0a8e3dbc.RiskManagement-srv#flowable-async-job-executor-thread-2661#
[PollStartAppStatusExecution] 43ad4e59-2e0c-4995-adf4-ca00afbfb842 [2026-09-16T12:28:35.610803] {"level":"info","logger":"cds","timestamp":"2026-09-16T12:28:35.610Z","layer":"cds","component_type":"application","container_id":"10.32.1.6","component_id":"43ad4e59-2e0c-4995-adf4-ca00afbfb842","component_name":"RiskManagement-srv","component_instance":0,"source_instance":0,"organization_name":"47a58eedtrial","organization_id":"d7a02038-bfb6-4965-9398-981fd602b71e","space_name":"dev","space_id":"b1534f58-8387-42a5-8ece-809300958c1c","msg":"using auth strategy { kind: 'jwt' }","type":"log"} (STDOUT, APP/PROC/WEB)#
#2026 09 16 12:28:54.975#Z#DEBUG#d27b103a-b1c5-11f1-bf33-eeee0a8e3dbc.RiskManagement-srv#flowable-async-job-executor-thread-2661#
[PollStartAppStatusExecution] 43ad4e59-2e0c-4995-adf4-ca00afbfb842 [2026-09-16T12:28:35.637833] /home/vcap/app/node_modules/@sap/cds/lib/srv/middlewares/auth/jwt-auth.js:16 (STDERR, APP/PROC/WEB)#
#2026 09 16 12:28:54.975#Z#DEBUG#d27b103a-b1c5-11f1-bf33-eeee0a8e3dbc.RiskManagement-srv#flowable-async-job-executor-thread-2661#
[PollStartAppStatusExecution] 43ad4e59-2e0c-4995-adf4-ca00afbfb842 [2026-09-16T12:28:35.637906] throw new Error( (STDERR, APP/PROC/WEB)#
#2026 09 16 12:28:54.975#Z#DEBUG#d27b103a-b1c5-11f1-bf33-eeee0a8e3dbc.RiskManagement-srv#flowable-async-job-executor-thread-2661#
[PollStartAppStatusExecution] 43ad4e59-2e0c-4995-adf4-ca00afbfb842 [2026-09-16T12:28:35.637917] ^ (STDERR, APP/PROC/WEB)#
#2026 09 16 12:28:54.975#Z#DEBUG#d27b103a-b1c5-11f1-bf33-eeee0a8e3dbc.RiskManagement-srv#flowable-async-job-executor-thread-2661#
[PollStartAppStatusExecution] 43ad4e59-2e0c-4995-adf4-ca00afbfb842 [2026-09-16T12:28:35.637920] Error: Authentication kind "jwt" configured, but no XSUAA instance bound to application. Either bind an XSUAA instance, or switch to an authentication kind that does not require a binding. (STDERR, APP/PROC/WEB)#
#2026 09 16 12:28:54.975#Z#DEBUG#d27b103a-b1c5-11f1-bf33-eeee0a8e3dbc.RiskManagement-srv#flowable-async-job-executor-thread-2661#
[PollStartAppStatusExecution] 43ad4e59-2e0c-4995-adf4-ca00afbfb842 [2026-09-16T12:28:35.637924] at jwt_auth (/home/vcap/app/node_modules/@sap/cds/lib/srv/middlewares/auth/jwt-auth.js:16:11) (STDERR, APP/PROC/WEB)#
#2026 09 16 12:28:54.975#Z#DEBUG#d27b103a-b1c5-11f1-bf33-eeee0a8e3dbc.RiskManagement-srv#flowable-async-job-executor-thread-2661#
[PollStartAppStatusExecution] 43ad4e59-2e0c-4995-adf4-ca00afbfb842 [2026-09-16T12:28:35.637927] at auth_factory (/home/vcap/app/node_modules/@sap/cds/lib/srv/middlewares/auth/index.js:49:61) (STDERR, APP/PROC/WEB)#
#2026 09 16 12:28:54.975#Z#DEBUG#d27b103a-b1c5-11f1-bf33-eeee0a8e3dbc.RiskManagement-srv#flowable-async-job-executor-thread-2661#
[PollStartAppStatusExecution] 43ad4e59-2e0c-4995-adf4-ca00afbfb842 [2026-09-16T12:28:35.637931] at _instantiate (/home/vcap/app/node_modules/@sap/cds/lib/srv/middlewares/index.js:49:12) (STDERR, APP/PROC/WEB)#
#2026 09 16 12:28:54.975#Z#DEBUG#d27b103a-b1c5-11f1-bf33-eeee0a8e3dbc.RiskManagement-srv#flowable-async-job-executor-thread-2661#
[PollStartAppStatusExecution] 43ad4e59-2e0c-4995-adf4-ca00afbfb842 [2026-09-16T12:28:35.637934] at /home/vcap/app/node_modules/@sap/cds/lib/srv/middlewares/index.js:13:13 (STDERR, APP/PROC/WEB)#
#2026 09 16 12:28:54.975#Z#DEBUG#d27b103a-b1c5-11f1-bf33-eeee0a8e3dbc.RiskManagement-srv#flowable-async-job-executor-thread-2661#
[PollStartAppStatusExecution] 43ad4e59-2e0c-4995-adf4-ca00afbfb842 [2026-09-16T12:28:35.637938] at Array.map (<anonymous>) (STDERR, APP/PROC/WEB)#
#2026 09 16 12:28:54.975#Z#DEBUG#d27b103a-b1c5-11f1-bf33-eeee0a8e3dbc.RiskManagement-srv#flowable-async-job-executor-thread-2661#
[PollStartAppStatusExecution] 43ad4e59-2e0c-4995-adf4-ca00afbfb842 [2026-09-16T12:28:35.637941] at Object.<anonymous> (/home/vcap/app/node_modules/@sap/cds/lib/srv/middlewares/index.js:13:3) (STDERR, APP/PROC/WEB)#
#2026 09 16 12:28:54.975#Z#DEBUG#d27b103a-b1c5-11f1-bf33-eeee0a8e3dbc.RiskManagement-srv#flowable-async-job-executor-thread-2661#
[PollStartAppStatusExecution] 43ad4e59-2e0c-4995-adf4-ca00afbfb842 [2026-09-16T12:28:35.637944] at Module._compile (node:internal/modules/cjs/loader:1871:14) (STDERR, APP/PROC/WEB)#
#2026 09 16 12:28:54.975#Z#DEBUG#d27b103a-b1c5-11f1-bf33-eeee0a8e3dbc.RiskManagement-srv#flowable-async-job-executor-thread-2661#
[PollStartAppStatusExecution] 43ad4e59-2e0c-4995-adf4-ca00afbfb842 [2026-09-16T12:28:35.637947] at Object..js (node:internal/modules/cjs/loader:2002:10) (STDERR, APP/PROC/WEB)#
#2026 09 16 12:28:54.975#Z#DEBUG#d27b103a-b1c5-11f1-bf33-eeee0a8e3dbc.RiskManagement-srv#flowable-async-job-executor-thread-2661#
[PollStartAppStatusExecution] 43ad4e59-2e0c-4995-adf4-ca00afbfb842 [2026-09-16T12:28:35.637950] at Module.load (node:internal/modules/cjs/loader:1594:32) (STDERR, APP/PROC/WEB)#
#2026 09 16 12:28:54.975#Z#DEBUG#d27b103a-b1c5-11f1-bf33-eeee0a8e3dbc.RiskManagement-srv#flowable-async-job-executor-thread-2661#
[PollStartAppStatusExecution] 43ad4e59-2e0c-4995-adf4-ca00afbfb842 [2026-09-16T12:28:35.638007] at Module._load (node:internal/modules/cjs/loader:1396:12) (STDERR, APP/PROC/WEB)#
#2026 09 16 12:28:54.975#Z#DEBUG#d27b103a-b1c5-11f1-bf33-eeee0a8e3dbc.RiskManagement-srv#flowable-async-job-executor-thread-2661#
[PollStartAppStatusExecution] 43ad4e59-2e0c-4995-adf4-ca00afbfb842 [2026-09-16T12:28:35.638010] Node.js v24.18.0 (STDERR, APP/PROC/WEB)#
#2026 09 16 12:28:54.975#Z#DEBUG#d27b103a-b1c5-11f1-bf33-eeee0a8e3dbc.RiskManagement-srv#flowable-async-job-executor-thread-2661#
[PollStartAppStatusExecution] 43ad4e59-2e0c-4995-adf4-ca00afbfb842 [2026-09-16T12:28:35.665308] npm notice (STDERR, APP/PROC/WEB)#
#2026 09 16 12:28:54.975#Z#DEBUG#d27b103a-b1c5-11f1-bf33-eeee0a8e3dbc.RiskManagement-srv#flowable-async-job-executor-thread-2661#
[PollStartAppStatusExecution] 43ad4e59-2e0c-4995-adf4-ca00afbfb842 [2026-09-16T12:28:35.665340] npm notice New major version of npm available! 11.16.0 -> 12.0.2 (STDERR, APP/PROC/WEB)#
#2026 09 16 12:28:54.975#Z#DEBUG#d27b103a-b1c5-11f1-bf33-eeee0a8e3dbc.RiskManagement-srv#flowable-async-job-executor-thread-2661#
[PollStartAppStatusExecution] 43ad4e59-2e0c-4995-adf4-ca00afbfb842 [2026-09-16T12:28:35.665346] npm notice Changelog: https://github.com/npm/cli/releases/tag/v12.0.2 (STDERR, APP/PROC/WEB)#
#2026 09 16 12:28:54.975#Z#DEBUG#d27b103a-b1c5-11f1-bf33-eeee0a8e3dbc.RiskManagement-srv#flowable-async-job-executor-thread-2661#
[PollStartAppStatusExecution] 43ad4e59-2e0c-4995-adf4-ca00afbfb842 [2026-09-16T12:28:35.665349] npm notice To update run: npm install -g npm@12.0.2 (STDERR, APP/PROC/WEB)#
#2026 09 16 12:28:54.975#Z#DEBUG#d27b103a-b1c5-11f1-bf33-eeee0a8e3dbc.RiskManagement-srv#flowable-async-job-executor-thread-2661#
[PollStartAppStatusExecution] 43ad4e59-2e0c-4995-adf4-ca00afbfb842 [2026-09-16T12:28:35.665352] npm notice (STDERR, APP/PROC/WEB)#
#2026 09 16 12:28:54.975#Z#DEBUG#d27b103a-b1c5-11f1-bf33-eeee0a8e3dbc.RiskManagement-srv#flowable-async-job-executor-thread-2661#
[PollStartAppStatusExecution] 43ad4e59-2e0c-4995-adf4-ca00afbfb842 [2026-09-16T12:28:35.754242] Exit status 1 (STDOUT, APP/PROC/WEB)#
#2026 09 16 12:28:54.975#Z#DEBUG#d27b103a-b1c5-11f1-bf33-eeee0a8e3dbc.RiskManagement-srv#flowable-async-job-executor-thread-2661#
[PollStartAppStatusExecution] 43ad4e59-2e0c-4995-adf4-ca00afbfb842 [2026-09-16T12:28:41.957670] Cell 684caff8-89cd-492b-be01-b3d0835f1763 stopping instance a6fa01a9-dbe0-430b-6768-f732 (STDOUT, CELL)#
#2026 09 16 12:28:54.975#Z#DEBUG#d27b103a-b1c5-11f1-bf33-eeee0a8e3dbc.RiskManagement-srv#flowable-async-job-executor-thread-2661#
[PollStartAppStatusExecution] 43ad4e59-2e0c-4995-adf4-ca00afbfb842 [2026-09-16T12:28:41.957713] Cell 684caff8-89cd-492b-be01-b3d0835f1763 destroying container for instance a6fa01a9-dbe0-430b-6768-f732 (STDOUT, CELL)#
#2026 09 16 12:28:54.975#Z#DEBUG#d27b103a-b1c5-11f1-bf33-eeee0a8e3dbc.RiskManagement-srv#flowable-async-job-executor-thread-2661#
[PollStartAppStatusExecution] 43ad4e59-2e0c-4995-adf4-ca00afbfb842 [2026-09-16T12:28:42.084780] Process has crashed with type: "web" (STDOUT, API)#
#2026 09 16 12:28:54.975#Z#DEBUG#d27b103a-b1c5-11f1-bf33-eeee0a8e3dbc.RiskManagement-srv#flowable-async-job-executor-thread-2661#
[PollStartAppStatusExecution] 43ad4e59-2e0c-4995-adf4-ca00afbfb842 [2026-09-16T12:28:42.102011] App instance exited with guid 43ad4e59-2e0c-4995-adf4-ca00afbfb842 payload: {"instance"=>"a6fa01a9-dbe0-430b-6768-f732", "index"=>0, "cell_id"=>"684caff8-89cd-492b-be01-b3d0835f1763", "reason"=>"CRASHED", "exit_description"=>"APP/PROC/WEB: Exited with status 1", "crash_count"=>3, "crash_timestamp"=>1789561721954484636, "version"=>"2d117443-a522-48fd-9799-bb1888c88ea8"} (STDOUT, API)#
#2026 09 16 12:28:54.975#Z#DEBUG#d27b103a-b1c5-11f1-bf33-eeee0a8e3dbc.RiskManagement-srv#flowable-async-job-executor-thread-2661#
[PollStartAppStatusExecution] 43ad4e59-2e0c-4995-adf4-ca00afbfb842 [2026-09-16T12:28:42.170761] Exit status 137 (STDOUT, PROXY)#
#2026 09 16 12:28:54.975#Z#DEBUG#d27b103a-b1c5-11f1-bf33-eeee0a8e3dbc.RiskManagement-srv#flowable-async-job-executor-thread-2661#
[PollStartAppStatusExecution] 43ad4e59-2e0c-4995-adf4-ca00afbfb842 [2026-09-16T12:28:44.690299] Cell 684caff8-89cd-492b-be01-b3d0835f1763 successfully destroyed container for instance a6fa01a9-dbe0-430b-6768-f732 (STDOUT, CELL)#
#2026 09 16 12:28:54.975#Z#DEBUG#d27b103a-b1c5-11f1-bf33-eeee0a8e3dbc.RiskManagement-srv#flowable-async-job-executor-thread-2661#
[PollStartAppStatusExecution] 43ad4e59-2e0c-4995-adf4-ca00afbfb842 [2026-09-16T12:28:47.930952] Stopping app with guid 43ad4e59-2e0c-4995-adf4-ca00afbfb842 (STDOUT, API)#
#2026 09 16 12:28:54.975#Z#DEBUG#d27b103a-b1c5-11f1-bf33-eeee0a8e3dbc.RiskManagement-srv#flowable-async-job-executor-thread-2661#
[PollStartAppStatusExecution] 43ad4e59-2e0c-4995-adf4-ca00afbfb842 [2026-09-16T12:28:48.087470] Starting app with guid 43ad4e59-2e0c-4995-adf4-ca00afbfb842 (STDOUT, API)#
#2026 09 16 12:28:54.975#Z#DEBUG#d27b103a-b1c5-11f1-bf33-eeee0a8e3dbc.RiskManagement-srv#flowable-async-job-executor-thread-2661#
[PollStartAppStatusExecution] 43ad4e59-2e0c-4995-adf4-ca00afbfb842 [2026-09-16T12:28:48.346606] Cell 684caff8-89cd-492b-be01-b3d0835f1763 creating container for instance 7068d10f-a162-45b6-50df-1b3b (STDOUT, CELL)#
#2026 09 16 12:28:54.975#Z#DEBUG#d27b103a-b1c5-11f1-bf33-eeee0a8e3dbc.RiskManagement-srv#flowable-async-job-executor-thread-2661#
[PollStartAppStatusExecution] 43ad4e59-2e0c-4995-adf4-ca00afbfb842 [2026-09-16T12:28:49.240445] Security group rules were updated (STDOUT, CELL)#
#2026 09 16 12:28:54.975#Z#DEBUG#d27b103a-b1c5-11f1-bf33-eeee0a8e3dbc.RiskManagement-srv#flowable-async-job-executor-thread-2661#
[PollStartAppStatusExecution] 43ad4e59-2e0c-4995-adf4-ca00afbfb842 [2026-09-16T12:28:49.344245] Cell 684caff8-89cd-492b-be01-b3d0835f1763 successfully created container for instance 7068d10f-a162-45b6-50df-1b3b (STDOUT, CELL)#
#2026 09 16 12:28:54.975#Z#DEBUG#d27b103a-b1c5-11f1-bf33-eeee0a8e3dbc.RiskManagement-srv#flowable-async-job-executor-thread-2661#
[PollStartAppStatusExecution] 43ad4e59-2e0c-4995-adf4-ca00afbfb842 [2026-09-16T12:28:49.919630] Downloading droplet... (STDOUT, CELL)#
#2026 09 16 12:28:54.975#Z#DEBUG#d27b103a-b1c5-11f1-bf33-eeee0a8e3dbc.RiskManagement-srv#flowable-async-job-executor-thread-2661#
[PollStartAppStatusExecution] 43ad4e59-2e0c-4995-adf4-ca00afbfb842 [2026-09-16T12:28:54.147397] Downloaded droplet (62.1M) (STDOUT, CELL)#
#2026 09 16 12:28:54.975#Z#DEBUG#d27b103a-b1c5-11f1-bf33-eeee0a8e3dbc.RiskManagement-srv#flowable-async-job-executor-thread-2661#
[PollStartAppStatusExecution] 43ad4e59-2e0c-4995-adf4-ca00afbfb842 [2026-09-16T12:28:54.147564] Starting health monitoring of container (STDOUT, CELL)#
#2026 09 16 12:28:54.975#Z#DEBUG#d27b103a-b1c5-11f1-bf33-eeee0a8e3dbc.RiskManagement-srv#flowable-async-job-executor-thread-2661#
[PollStartAppStatusExecution] 43ad4e59-2e0c-4995-adf4-ca00afbfb842 [2026-09-16T12:28:54.271455] Invoking pre-start scripts. (STDOUT, APP/PROC/WEB)#
#2026 09 16 12:29:04.931#Z#DEBUG#d27b103a-b1c5-11f1-bf33-eeee0a8e3dbc.RiskManagement-srv#flowable-async-job-executor-thread-2668#
[PollStartAppStatusExecution] 43ad4e59-2e0c-4995-adf4-ca00afbfb842 [2026-09-16T12:28:54.517282] Invoking start command. (STDOUT, APP/PROC/WEB)#
#2026 09 16 12:29:04.931#Z#DEBUG#d27b103a-b1c5-11f1-bf33-eeee0a8e3dbc.RiskManagement-srv#flowable-async-job-executor-thread-2668#
[PollStartAppStatusExecution] 43ad4e59-2e0c-4995-adf4-ca00afbfb842 [2026-09-16T12:28:54.977529] > RiskManagement@1.0.0 start (STDOUT, APP/PROC/WEB)#
#2026 09 16 12:29:04.931#Z#DEBUG#d27b103a-b1c5-11f1-bf33-eeee0a8e3dbc.RiskManagement-srv#flowable-async-job-executor-thread-2668#
[PollStartAppStatusExecution] 43ad4e59-2e0c-4995-adf4-ca00afbfb842 [2026-09-16T12:28:54.977562] > cds-serve (STDOUT, APP/PROC/WEB)#
#2026 09 16 12:29:04.931#Z#DEBUG#d27b103a-b1c5-11f1-bf33-eeee0a8e3dbc.RiskManagement-srv#flowable-async-job-executor-thread-2668#
[PollStartAppStatusExecution] 43ad4e59-2e0c-4995-adf4-ca00afbfb842 [2026-09-16T12:28:55.451269] {"level":"info","logger":"cds","timestamp":"2026-09-16T12:28:55.449Z","layer":"cds","component_type":"application","container_id":"10.32.1.6","component_id":"43ad4e59-2e0c-4995-adf4-ca00afbfb842","component_name":"RiskManagement-srv","component_instance":0,"source_instance":0,"organization_name":"47a58eedtrial","organization_id":"d7a02038-bfb6-4965-9398-981fd602b71e","space_name":"dev","space_id":"b1534f58-8387-42a5-8ece-809300958c1c","msg":"loaded model from 1 file(s):\n ","type":"log"} (STDOUT, APP/PROC/WEB)#
#2026 09 16 12:29:04.931#Z#DEBUG#d27b103a-b1c5-11f1-bf33-eeee0a8e3dbc.RiskManagement-srv#flowable-async-job-executor-thread-2668#
[PollStartAppStatusExecution] 43ad4e59-2e0c-4995-adf4-ca00afbfb842 [2026-09-16T12:28:55.451719] srv/csn.json (STDOUT, APP/PROC/WEB)#
#2026 09 16 12:29:04.931#Z#DEBUG#d27b103a-b1c5-11f1-bf33-eeee0a8e3dbc.RiskManagement-srv#flowable-async-job-executor-thread-2668#
[PollStartAppStatusExecution] 43ad4e59-2e0c-4995-adf4-ca00afbfb842 [2026-09-16T12:28:55.765157] {"level":"info","logger":"cds","timestamp":"2026-09-16T12:28:55.764Z","layer":"cds","component_type":"application","container_id":"10.32.1.6","component_id":"43ad4e59-2e0c-4995-adf4-ca00afbfb842","component_name":"RiskManagement-srv","component_instance":0,"source_instance":0,"organization_name":"47a58eedtrial","organization_id":"d7a02038-bfb6-4965-9398-981fd602b71e","space_name":"dev","space_id":"b1534f58-8387-42a5-8ece-809300958c1c","msg":"connect to db > hana {\n  database_id: '69bcbe67-03bc-4478-9fd0-d9ad2b0779fc',\n  host: '69bcbe67-03bc-4478-9fd0-d9ad2b0779fc.hna0.prod-us10.hanacloud.ondemand.com',\n  port: '443',\n  driver: 'com.sap.db.jdbc.Driver',\n  url: 'jdbc:sap://69bcbe67-03bc-4478-9fd0-d9ad2b0779fc.hna0.prod-us10.hanacloud.ondemand.com:443?encrypt=true&validateCertificate=true&currentschema=1D2FD6BD9AE248389E2C5DD7F64681C6',\n  schema: '1D2FD6BD9AE248389E2C5DD7F64681C6',\n  certificate: '...',\n  hdi_user: '1D2FD6BD9AE248389E2C5DD7F64681C6_BGLOAL9S8VB716N7PWHIMKK1K_DT',\n  hdi_password: '...',\n  user: '1D2FD6BD9AE248389E2C5DD7F64681C6_BGLOAL9S8VB716N7PWHIMKK1K_RT',\n  password: '...'\n}","type":"log"} (STDOUT, APP/PROC/WEB)#
#2026 09 16 12:29:04.931#Z#DEBUG#d27b103a-b1c5-11f1-bf33-eeee0a8e3dbc.RiskManagement-srv#flowable-async-job-executor-thread-2668#
[PollStartAppStatusExecution] 43ad4e59-2e0c-4995-adf4-ca00afbfb842 [2026-09-16T12:28:55.826769] {"level":"info","logger":"cds","timestamp":"2026-09-16T12:28:55.826Z","layer":"cds","component_type":"application","container_id":"10.32.1.6","component_id":"43ad4e59-2e0c-4995-adf4-ca00afbfb842","component_name":"RiskManagement-srv","component_instance":0,"source_instance":0,"organization_name":"47a58eedtrial","organization_id":"d7a02038-bfb6-4965-9398-981fd602b71e","space_name":"dev","space_id":"b1534f58-8387-42a5-8ece-809300958c1c","msg":"using auth strategy { kind: 'jwt' }","type":"log"} (STDOUT, APP/PROC/WEB)#
#2026 09 16 12:29:04.931#Z#DEBUG#d27b103a-b1c5-11f1-bf33-eeee0a8e3dbc.RiskManagement-srv#flowable-async-job-executor-thread-2668#
[PollStartAppStatusExecution] 43ad4e59-2e0c-4995-adf4-ca00afbfb842 [2026-09-16T12:28:55.857259] /home/vcap/app/node_modules/@sap/cds/lib/srv/middlewares/auth/jwt-auth.js:16 (STDERR, APP/PROC/WEB)#
#2026 09 16 12:29:04.931#Z#DEBUG#d27b103a-b1c5-11f1-bf33-eeee0a8e3dbc.RiskManagement-srv#flowable-async-job-executor-thread-2668#
[PollStartAppStatusExecution] 43ad4e59-2e0c-4995-adf4-ca00afbfb842 [2026-09-16T12:28:55.857288] throw new Error( (STDERR, APP/PROC/WEB)#
#2026 09 16 12:29:04.931#Z#DEBUG#d27b103a-b1c5-11f1-bf33-eeee0a8e3dbc.RiskManagement-srv#flowable-async-job-executor-thread-2668#
[PollStartAppStatusExecution] 43ad4e59-2e0c-4995-adf4-ca00afbfb842 [2026-09-16T12:28:55.857293] ^ (STDERR, APP/PROC/WEB)#
#2026 09 16 12:29:04.931#Z#DEBUG#d27b103a-b1c5-11f1-bf33-eeee0a8e3dbc.RiskManagement-srv#flowable-async-job-executor-thread-2668#
[PollStartAppStatusExecution] 43ad4e59-2e0c-4995-adf4-ca00afbfb842 [2026-09-16T12:28:55.857300] Error: Authentication kind "jwt" configured, but no XSUAA instance bound to application. Either bind an XSUAA instance, or switch to an authentication kind that does not require a binding. (STDERR, APP/PROC/WEB)#
#2026 09 16 12:29:04.931#Z#DEBUG#d27b103a-b1c5-11f1-bf33-eeee0a8e3dbc.RiskManagement-srv#flowable-async-job-executor-thread-2668#
[PollStartAppStatusExecution] 43ad4e59-2e0c-4995-adf4-ca00afbfb842 [2026-09-16T12:28:55.857304] at jwt_auth (/home/vcap/app/node_modules/@sap/cds/lib/srv/middlewares/auth/jwt-auth.js:16:11) (STDERR, APP/PROC/WEB)#
#2026 09 16 12:29:04.931#Z#DEBUG#d27b103a-b1c5-11f1-bf33-eeee0a8e3dbc.RiskManagement-srv#flowable-async-job-executor-thread-2668#
[PollStartAppStatusExecution] 43ad4e59-2e0c-4995-adf4-ca00afbfb842 [2026-09-16T12:28:55.857307] at auth_factory (/home/vcap/app/node_modules/@sap/cds/lib/srv/middlewares/auth/index.js:49:61) (STDERR, APP/PROC/WEB)#
#2026 09 16 12:29:04.931#Z#DEBUG#d27b103a-b1c5-11f1-bf33-eeee0a8e3dbc.RiskManagement-srv#flowable-async-job-executor-thread-2668#
[PollStartAppStatusExecution] 43ad4e59-2e0c-4995-adf4-ca00afbfb842 [2026-09-16T12:28:55.857313] at _instantiate (/home/vcap/app/node_modules/@sap/cds/lib/srv/middlewares/index.js:49:12) (STDERR, APP/PROC/WEB)#
#2026 09 16 12:29:04.931#Z#DEBUG#d27b103a-b1c5-11f1-bf33-eeee0a8e3dbc.RiskManagement-srv#flowable-async-job-executor-thread-2668#
[PollStartAppStatusExecution] 43ad4e59-2e0c-4995-adf4-ca00afbfb842 [2026-09-16T12:28:55.857316] at /home/vcap/app/node_modules/@sap/cds/lib/srv/middlewares/index.js:13:13 (STDERR, APP/PROC/WEB)#
#2026 09 16 12:29:04.931#Z#DEBUG#d27b103a-b1c5-11f1-bf33-eeee0a8e3dbc.RiskManagement-srv#flowable-async-job-executor-thread-2668#
[PollStartAppStatusExecution] 43ad4e59-2e0c-4995-adf4-ca00afbfb842 [2026-09-16T12:28:55.857324] at Array.map (<anonymous>) (STDERR, APP/PROC/WEB)#
#2026 09 16 12:29:04.931#Z#DEBUG#d27b103a-b1c5-11f1-bf33-eeee0a8e3dbc.RiskManagement-srv#flowable-async-job-executor-thread-2668#
[PollStartAppStatusExecution] 43ad4e59-2e0c-4995-adf4-ca00afbfb842 [2026-09-16T12:28:55.857327] at Object.<anonymous> (/home/vcap/app/node_modules/@sap/cds/lib/srv/middlewares/index.js:13:3) (STDERR, APP/PROC/WEB)#
#2026 09 16 12:29:04.931#Z#DEBUG#d27b103a-b1c5-11f1-bf33-eeee0a8e3dbc.RiskManagement-srv#flowable-async-job-executor-thread-2668#
[PollStartAppStatusExecution] 43ad4e59-2e0c-4995-adf4-ca00afbfb842 [2026-09-16T12:28:55.857330] at Module._compile (node:internal/modules/cjs/loader:1871:14) (STDERR, APP/PROC/WEB)#
#2026 09 16 12:29:04.931#Z#DEBUG#d27b103a-b1c5-11f1-bf33-eeee0a8e3dbc.RiskManagement-srv#flowable-async-job-executor-thread-2668#
[PollStartAppStatusExecution] 43ad4e59-2e0c-4995-adf4-ca00afbfb842 [2026-09-16T12:28:55.857335] at Object..js (node:internal/modules/cjs/loader:2002:10) (STDERR, APP/PROC/WEB)#
#2026 09 16 12:29:04.931#Z#DEBUG#d27b103a-b1c5-11f1-bf33-eeee0a8e3dbc.RiskManagement-srv#flowable-async-job-executor-thread-2668#
[PollStartAppStatusExecution] 43ad4e59-2e0c-4995-adf4-ca00afbfb842 [2026-09-16T12:28:55.857344] at Module.load (node:internal/modules/cjs/loader:1594:32) (STDERR, APP/PROC/WEB)#
#2026 09 16 12:29:04.931#Z#DEBUG#d27b103a-b1c5-11f1-bf33-eeee0a8e3dbc.RiskManagement-srv#flowable-async-job-executor-thread-2668#
[PollStartAppStatusExecution] 43ad4e59-2e0c-4995-adf4-ca00afbfb842 [2026-09-16T12:28:55.857347] at Module._load (node:internal/modules/cjs/loader:1396:12) (STDERR, APP/PROC/WEB)#
#2026 09 16 12:29:04.931#Z#DEBUG#d27b103a-b1c5-11f1-bf33-eeee0a8e3dbc.RiskManagement-srv#flowable-async-job-executor-thread-2668#
[PollStartAppStatusExecution] 43ad4e59-2e0c-4995-adf4-ca00afbfb842 [2026-09-16T12:28:55.857354] Node.js v24.18.0 (STDERR, APP/PROC/WEB)#
#2026 09 16 12:29:04.931#Z#DEBUG#d27b103a-b1c5-11f1-bf33-eeee0a8e3dbc.RiskManagement-srv#flowable-async-job-executor-thread-2668#
[PollStartAppStatusExecution] 43ad4e59-2e0c-4995-adf4-ca00afbfb842 [2026-09-16T12:28:55.883164] npm notice (STDERR, APP/PROC/WEB)#
#2026 09 16 12:29:04.931#Z#DEBUG#d27b103a-b1c5-11f1-bf33-eeee0a8e3dbc.RiskManagement-srv#flowable-async-job-executor-thread-2668#
[PollStartAppStatusExecution] 43ad4e59-2e0c-4995-adf4-ca00afbfb842 [2026-09-16T12:28:55.883194] npm notice New major version of npm available! 11.16.0 -> 12.0.2 (STDERR, APP/PROC/WEB)#
#2026 09 16 12:29:04.931#Z#DEBUG#d27b103a-b1c5-11f1-bf33-eeee0a8e3dbc.RiskManagement-srv#flowable-async-job-executor-thread-2668#
[PollStartAppStatusExecution] 43ad4e59-2e0c-4995-adf4-ca00afbfb842 [2026-09-16T12:28:55.883199] npm notice Changelog: https://github.com/npm/cli/releases/tag/v12.0.2 (STDERR, APP/PROC/WEB)#
#2026 09 16 12:29:04.931#Z#DEBUG#d27b103a-b1c5-11f1-bf33-eeee0a8e3dbc.RiskManagement-srv#flowable-async-job-executor-thread-2668#
[PollStartAppStatusExecution] 43ad4e59-2e0c-4995-adf4-ca00afbfb842 [2026-09-16T12:28:55.883202] npm notice To update run: npm install -g npm@12.0.2 (STDERR, APP/PROC/WEB)#
#2026 09 16 12:29:04.931#Z#DEBUG#d27b103a-b1c5-11f1-bf33-eeee0a8e3dbc.RiskManagement-srv#flowable-async-job-executor-thread-2668#
[PollStartAppStatusExecution] 43ad4e59-2e0c-4995-adf4-ca00afbfb842 [2026-09-16T12:28:55.883214] npm notice (STDERR, APP/PROC/WEB)#
#2026 09 16 12:29:04.931#Z#DEBUG#d27b103a-b1c5-11f1-bf33-eeee0a8e3dbc.RiskManagement-srv#flowable-async-job-executor-thread-2668#
[PollStartAppStatusExecution] 43ad4e59-2e0c-4995-adf4-ca00afbfb842 [2026-09-16T12:28:55.958522] Exit status 1 (STDOUT, APP/PROC/WEB)#
#2026 09 16 12:29:04.931#Z#DEBUG#d27b103a-b1c5-11f1-bf33-eeee0a8e3dbc.RiskManagement-srv#flowable-async-job-executor-thread-2668#
[PollStartAppStatusExecution] 43ad4e59-2e0c-4995-adf4-ca00afbfb842 [2026-09-16T12:29:02.227351] Cell 684caff8-89cd-492b-be01-b3d0835f1763 stopping instance 7068d10f-a162-45b6-50df-1b3b (STDOUT, CELL)#
#2026 09 16 12:29:04.931#Z#DEBUG#d27b103a-b1c5-11f1-bf33-eeee0a8e3dbc.RiskManagement-srv#flowable-async-job-executor-thread-2668#
[PollStartAppStatusExecution] 43ad4e59-2e0c-4995-adf4-ca00afbfb842 [2026-09-16T12:29:02.227416] Cell 684caff8-89cd-492b-be01-b3d0835f1763 destroying container for instance 7068d10f-a162-45b6-50df-1b3b (STDOUT, CELL)#
#2026 09 16 12:29:04.931#Z#DEBUG#d27b103a-b1c5-11f1-bf33-eeee0a8e3dbc.RiskManagement-srv#flowable-async-job-executor-thread-2668#
[PollStartAppStatusExecution] 43ad4e59-2e0c-4995-adf4-ca00afbfb842 [2026-09-16T12:29:02.256896] Process has crashed with type: "web" (STDOUT, API)#
#2026 09 16 12:29:04.931#Z#DEBUG#d27b103a-b1c5-11f1-bf33-eeee0a8e3dbc.RiskManagement-srv#flowable-async-job-executor-thread-2668#
[PollStartAppStatusExecution] 43ad4e59-2e0c-4995-adf4-ca00afbfb842 [2026-09-16T12:29:02.270148] App instance exited with guid 43ad4e59-2e0c-4995-adf4-ca00afbfb842 payload: {"instance"=>"7068d10f-a162-45b6-50df-1b3b", "index"=>0, "cell_id"=>"684caff8-89cd-492b-be01-b3d0835f1763", "reason"=>"CRASHED", "exit_description"=>"APP/PROC/WEB: Exited with status 1", "crash_count"=>1, "crash_timestamp"=>1789561742209069336, "version"=>"abb984ec-cf67-4850-b511-162625288183"} (STDOUT, API)#
#2026 09 16 12:29:04.931#Z#DEBUG#d27b103a-b1c5-11f1-bf33-eeee0a8e3dbc.RiskManagement-srv#flowable-async-job-executor-thread-2668#
[PollStartAppStatusExecution] 43ad4e59-2e0c-4995-adf4-ca00afbfb842 [2026-09-16T12:29:02.378317] Cell 77283d80-dfa7-40ba-ba4e-265aef112085 creating container for instance a1b7f543-2dfb-4089-56c2-ff61 (STDOUT, CELL)#
#2026 09 16 12:29:04.931#Z#DEBUG#d27b103a-b1c5-11f1-bf33-eeee0a8e3dbc.RiskManagement-srv#flowable-async-job-executor-thread-2668#
[PollStartAppStatusExecution] 43ad4e59-2e0c-4995-adf4-ca00afbfb842 [2026-09-16T12:29:02.460611] Exit status 137 (STDOUT, PROXY)#
#2026 09 16 12:29:04.931#Z#DEBUG#d27b103a-b1c5-11f1-bf33-eeee0a8e3dbc.RiskManagement-srv#flowable-async-job-executor-thread-2668#
[PollStartAppStatusExecution] 43ad4e59-2e0c-4995-adf4-ca00afbfb842 [2026-09-16T12:29:03.285519] Security group rules were updated (STDOUT, CELL)#
#2026 09 16 12:29:04.932#Z#DEBUG#d27b103a-b1c5-11f1-bf33-eeee0a8e3dbc.RiskManagement-srv#flowable-async-job-executor-thread-2668#
[PollStartAppStatusExecution] 43ad4e59-2e0c-4995-adf4-ca00afbfb842 [2026-09-16T12:29:03.386546] Cell 77283d80-dfa7-40ba-ba4e-265aef112085 successfully created container for instance a1b7f543-2dfb-4089-56c2-ff61 (STDOUT, CELL)#
#2026 09 16 12:29:15.012#Z#DEBUG#d27b103a-b1c5-11f1-bf33-eeee0a8e3dbc.RiskManagement-srv#flowable-async-job-executor-thread-843#
[PollStartAppStatusExecution] 43ad4e59-2e0c-4995-adf4-ca00afbfb842 [2026-09-16T12:29:04.159361] Downloading droplet... (STDOUT, CELL)#
#2026 09 16 12:29:15.012#Z#DEBUG#d27b103a-b1c5-11f1-bf33-eeee0a8e3dbc.RiskManagement-srv#flowable-async-job-executor-thread-843#
[PollStartAppStatusExecution] 43ad4e59-2e0c-4995-adf4-ca00afbfb842 [2026-09-16T12:29:04.700994] Cell 684caff8-89cd-492b-be01-b3d0835f1763 successfully destroyed container for instance 7068d10f-a162-45b6-50df-1b3b (STDOUT, CELL)#
#2026 09 16 12:29:15.012#Z#DEBUG#d27b103a-b1c5-11f1-bf33-eeee0a8e3dbc.RiskManagement-srv#flowable-async-job-executor-thread-843#
[PollStartAppStatusExecution] 43ad4e59-2e0c-4995-adf4-ca00afbfb842 [2026-09-16T12:29:08.553704] Downloaded droplet (62.1M) (STDOUT, CELL)#
#2026 09 16 12:29:15.012#Z#DEBUG#d27b103a-b1c5-11f1-bf33-eeee0a8e3dbc.RiskManagement-srv#flowable-async-job-executor-thread-843#
[PollStartAppStatusExecution] 43ad4e59-2e0c-4995-adf4-ca00afbfb842 [2026-09-16T12:29:08.553922] Starting health monitoring of container (STDOUT, CELL)#
#2026 09 16 12:29:15.012#Z#DEBUG#d27b103a-b1c5-11f1-bf33-eeee0a8e3dbc.RiskManagement-srv#flowable-async-job-executor-thread-843#
[PollStartAppStatusExecution] 43ad4e59-2e0c-4995-adf4-ca00afbfb842 [2026-09-16T12:29:08.730519] Invoking pre-start scripts. (STDOUT, APP/PROC/WEB)#
#2026 09 16 12:29:15.012#Z#DEBUG#d27b103a-b1c5-11f1-bf33-eeee0a8e3dbc.RiskManagement-srv#flowable-async-job-executor-thread-843#
[PollStartAppStatusExecution] 43ad4e59-2e0c-4995-adf4-ca00afbfb842 [2026-09-16T12:29:08.979085] Invoking start command. (STDOUT, APP/PROC/WEB)#
#2026 09 16 12:29:15.012#Z#DEBUG#d27b103a-b1c5-11f1-bf33-eeee0a8e3dbc.RiskManagement-srv#flowable-async-job-executor-thread-843#
[PollStartAppStatusExecution] 43ad4e59-2e0c-4995-adf4-ca00afbfb842 [2026-09-16T12:29:09.538408] > RiskManagement@1.0.0 start (STDOUT, APP/PROC/WEB)#
#2026 09 16 12:29:15.012#Z#DEBUG#d27b103a-b1c5-11f1-bf33-eeee0a8e3dbc.RiskManagement-srv#flowable-async-job-executor-thread-843#
[PollStartAppStatusExecution] 43ad4e59-2e0c-4995-adf4-ca00afbfb842 [2026-09-16T12:29:09.538445] > cds-serve (STDOUT, APP/PROC/WEB)#
#2026 09 16 12:29:15.012#Z#DEBUG#d27b103a-b1c5-11f1-bf33-eeee0a8e3dbc.RiskManagement-srv#flowable-async-job-executor-thread-843#
[PollStartAppStatusExecution] 43ad4e59-2e0c-4995-adf4-ca00afbfb842 [2026-09-16T12:29:10.183265] {"level":"info","logger":"cds","timestamp":"2026-09-16T12:29:10.181Z","layer":"cds","component_type":"application","container_id":"10.32.3.6","component_id":"43ad4e59-2e0c-4995-adf4-ca00afbfb842","component_name":"RiskManagement-srv","component_instance":0,"source_instance":0,"organization_name":"47a58eedtrial","organization_id":"d7a02038-bfb6-4965-9398-981fd602b71e","space_name":"dev","space_id":"b1534f58-8387-42a5-8ece-809300958c1c","msg":"loaded model from 1 file(s):\n ","type":"log"} (STDOUT, APP/PROC/WEB)#
#2026 09 16 12:29:15.012#Z#DEBUG#d27b103a-b1c5-11f1-bf33-eeee0a8e3dbc.RiskManagement-srv#flowable-async-job-executor-thread-843#
[PollStartAppStatusExecution] 43ad4e59-2e0c-4995-adf4-ca00afbfb842 [2026-09-16T12:29:10.184485] srv/csn.json (STDOUT, APP/PROC/WEB)#
#2026 09 16 12:29:15.012#Z#DEBUG#d27b103a-b1c5-11f1-bf33-eeee0a8e3dbc.RiskManagement-srv#flowable-async-job-executor-thread-843#
[PollStartAppStatusExecution] 43ad4e59-2e0c-4995-adf4-ca00afbfb842 [2026-09-16T12:29:10.596618] {"level":"info","logger":"cds","timestamp":"2026-09-16T12:29:10.595Z","layer":"cds","component_type":"application","container_id":"10.32.3.6","component_id":"43ad4e59-2e0c-4995-adf4-ca00afbfb842","component_name":"RiskManagement-srv","component_instance":0,"source_instance":0,"organization_name":"47a58eedtrial","organization_id":"d7a02038-bfb6-4965-9398-981fd602b71e","space_name":"dev","space_id":"b1534f58-8387-42a5-8ece-809300958c1c","msg":"connect to db > hana {\n  database_id: '69bcbe67-03bc-4478-9fd0-d9ad2b0779fc',\n  host: '69bcbe67-03bc-4478-9fd0-d9ad2b0779fc.hna0.prod-us10.hanacloud.ondemand.com',\n  port: '443',\n  driver: 'com.sap.db.jdbc.Driver',\n  url: 'jdbc:sap://69bcbe67-03bc-4478-9fd0-d9ad2b0779fc.hna0.prod-us10.hanacloud.ondemand.com:443?encrypt=true&validateCertificate=true&currentschema=1D2FD6BD9AE248389E2C5DD7F64681C6',\n  schema: '1D2FD6BD9AE248389E2C5DD7F64681C6',\n  certificate: '...',\n  hdi_user: '1D2FD6BD9AE248389E2C5DD7F64681C6_BGLOAL9S8VB716N7PWHIMKK1K_DT',\n  hdi_password: '...',\n  user: '1D2FD6BD9AE248389E2C5DD7F64681C6_BGLOAL9S8VB716N7PWHIMKK1K_RT',\n  password: '...'\n}","type":"log"} (STDOUT, APP/PROC/WEB)#
#2026 09 16 12:29:15.012#Z#DEBUG#d27b103a-b1c5-11f1-bf33-eeee0a8e3dbc.RiskManagement-srv#flowable-async-job-executor-thread-843#
[PollStartAppStatusExecution] 43ad4e59-2e0c-4995-adf4-ca00afbfb842 [2026-09-16T12:29:10.668594] {"level":"info","logger":"cds","timestamp":"2026-09-16T12:29:10.668Z","layer":"cds","component_type":"application","container_id":"10.32.3.6","component_id":"43ad4e59-2e0c-4995-adf4-ca00afbfb842","component_name":"RiskManagement-srv","component_instance":0,"source_instance":0,"organization_name":"47a58eedtrial","organization_id":"d7a02038-bfb6-4965-9398-981fd602b71e","space_name":"dev","space_id":"b1534f58-8387-42a5-8ece-809300958c1c","msg":"using auth strategy { kind: 'jwt' }","type":"log"} (STDOUT, APP/PROC/WEB)#
#2026 09 16 12:29:15.012#Z#DEBUG#d27b103a-b1c5-11f1-bf33-eeee0a8e3dbc.RiskManagement-srv#flowable-async-job-executor-thread-843#
[PollStartAppStatusExecution] 43ad4e59-2e0c-4995-adf4-ca00afbfb842 [2026-09-16T12:29:10.699015] /home/vcap/app/node_modules/@sap/cds/lib/srv/middlewares/auth/jwt-auth.js:16 (STDERR, APP/PROC/WEB)#
#2026 09 16 12:29:15.012#Z#DEBUG#d27b103a-b1c5-11f1-bf33-eeee0a8e3dbc.RiskManagement-srv#flowable-async-job-executor-thread-843#
[PollStartAppStatusExecution] 43ad4e59-2e0c-4995-adf4-ca00afbfb842 [2026-09-16T12:29:10.699050] throw new Error( (STDERR, APP/PROC/WEB)#
#2026 09 16 12:29:15.012#Z#DEBUG#d27b103a-b1c5-11f1-bf33-eeee0a8e3dbc.RiskManagement-srv#flowable-async-job-executor-thread-843#
[PollStartAppStatusExecution] 43ad4e59-2e0c-4995-adf4-ca00afbfb842 [2026-09-16T12:29:10.699060] ^ (STDERR, APP/PROC/WEB)#
#2026 09 16 12:29:15.012#Z#DEBUG#d27b103a-b1c5-11f1-bf33-eeee0a8e3dbc.RiskManagement-srv#flowable-async-job-executor-thread-843#
[PollStartAppStatusExecution] 43ad4e59-2e0c-4995-adf4-ca00afbfb842 [2026-09-16T12:29:10.699066] Error: Authentication kind "jwt" configured, but no XSUAA instance bound to application. Either bind an XSUAA instance, or switch to an authentication kind that does not require a binding. (STDERR, APP/PROC/WEB)#
#2026 09 16 12:29:15.012#Z#DEBUG#d27b103a-b1c5-11f1-bf33-eeee0a8e3dbc.RiskManagement-srv#flowable-async-job-executor-thread-843#
[PollStartAppStatusExecution] 43ad4e59-2e0c-4995-adf4-ca00afbfb842 [2026-09-16T12:29:10.699073] at jwt_auth (/home/vcap/app/node_modules/@sap/cds/lib/srv/middlewares/auth/jwt-auth.js:16:11) (STDERR, APP/PROC/WEB)#
#2026 09 16 12:29:15.012#Z#DEBUG#d27b103a-b1c5-11f1-bf33-eeee0a8e3dbc.RiskManagement-srv#flowable-async-job-executor-thread-843#
[PollStartAppStatusExecution] 43ad4e59-2e0c-4995-adf4-ca00afbfb842 [2026-09-16T12:29:10.699076] at auth_factory (/home/vcap/app/node_modules/@sap/cds/lib/srv/middlewares/auth/index.js:49:61) (STDERR, APP/PROC/WEB)#
#2026 09 16 12:29:15.012#Z#DEBUG#d27b103a-b1c5-11f1-bf33-eeee0a8e3dbc.RiskManagement-srv#flowable-async-job-executor-thread-843#
[PollStartAppStatusExecution] 43ad4e59-2e0c-4995-adf4-ca00afbfb842 [2026-09-16T12:29:10.699082] at _instantiate (/home/vcap/app/node_modules/@sap/cds/lib/srv/middlewares/index.js:49:12) (STDERR, APP/PROC/WEB)#
#2026 09 16 12:29:15.012#Z#DEBUG#d27b103a-b1c5-11f1-bf33-eeee0a8e3dbc.RiskManagement-srv#flowable-async-job-executor-thread-843#
[PollStartAppStatusExecution] 43ad4e59-2e0c-4995-adf4-ca00afbfb842 [2026-09-16T12:29:10.699084] at /home/vcap/app/node_modules/@sap/cds/lib/srv/middlewares/index.js:13:13 (STDERR, APP/PROC/WEB)#
#2026 09 16 12:29:15.012#Z#DEBUG#d27b103a-b1c5-11f1-bf33-eeee0a8e3dbc.RiskManagement-srv#flowable-async-job-executor-thread-843#
[PollStartAppStatusExecution] 43ad4e59-2e0c-4995-adf4-ca00afbfb842 [2026-09-16T12:29:10.699093] at Array.map (<anonymous>) (STDERR, APP/PROC/WEB)#
#2026 09 16 12:29:15.012#Z#DEBUG#d27b103a-b1c5-11f1-bf33-eeee0a8e3dbc.RiskManagement-srv#flowable-async-job-executor-thread-843#
[PollStartAppStatusExecution] 43ad4e59-2e0c-4995-adf4-ca00afbfb842 [2026-09-16T12:29:10.699096] at Object.<anonymous> (/home/vcap/app/node_modules/@sap/cds/lib/srv/middlewares/index.js:13:3) (STDERR, APP/PROC/WEB)#
#2026 09 16 12:29:15.012#Z#DEBUG#d27b103a-b1c5-11f1-bf33-eeee0a8e3dbc.RiskManagement-srv#flowable-async-job-executor-thread-843#
[PollStartAppStatusExecution] 43ad4e59-2e0c-4995-adf4-ca00afbfb842 [2026-09-16T12:29:10.699106] at Module._compile (node:internal/modules/cjs/loader:1871:14) (STDERR, APP/PROC/WEB)#
#2026 09 16 12:29:15.012#Z#DEBUG#d27b103a-b1c5-11f1-bf33-eeee0a8e3dbc.RiskManagement-srv#flowable-async-job-executor-thread-843#
[PollStartAppStatusExecution] 43ad4e59-2e0c-4995-adf4-ca00afbfb842 [2026-09-16T12:29:10.699111] at Object..js (node:internal/modules/cjs/loader:2002:10) (STDERR, APP/PROC/WEB)#
#2026 09 16 12:29:15.012#Z#DEBUG#d27b103a-b1c5-11f1-bf33-eeee0a8e3dbc.RiskManagement-srv#flowable-async-job-executor-thread-843#
[PollStartAppStatusExecution] 43ad4e59-2e0c-4995-adf4-ca00afbfb842 [2026-09-16T12:29:10.699115] at Module.load (node:internal/modules/cjs/loader:1594:32) (STDERR, APP/PROC/WEB)#
#2026 09 16 12:29:15.012#Z#DEBUG#d27b103a-b1c5-11f1-bf33-eeee0a8e3dbc.RiskManagement-srv#flowable-async-job-executor-thread-843#
[PollStartAppStatusExecution] 43ad4e59-2e0c-4995-adf4-ca00afbfb842 [2026-09-16T12:29:10.699118] at Module._load (node:internal/modules/cjs/loader:1396:12) (STDERR, APP/PROC/WEB)#
#2026 09 16 12:29:15.012#Z#DEBUG#d27b103a-b1c5-11f1-bf33-eeee0a8e3dbc.RiskManagement-srv#flowable-async-job-executor-thread-843#
[PollStartAppStatusExecution] 43ad4e59-2e0c-4995-adf4-ca00afbfb842 [2026-09-16T12:29:10.699120] Node.js v24.18.0 (STDERR, APP/PROC/WEB)#
#2026 09 16 12:29:15.012#Z#DEBUG#d27b103a-b1c5-11f1-bf33-eeee0a8e3dbc.RiskManagement-srv#flowable-async-job-executor-thread-843#
[PollStartAppStatusExecution] 43ad4e59-2e0c-4995-adf4-ca00afbfb842 [2026-09-16T12:29:10.725165] npm notice (STDERR, APP/PROC/WEB)#
#2026 09 16 12:29:15.012#Z#DEBUG#d27b103a-b1c5-11f1-bf33-eeee0a8e3dbc.RiskManagement-srv#flowable-async-job-executor-thread-843#
[PollStartAppStatusExecution] 43ad4e59-2e0c-4995-adf4-ca00afbfb842 [2026-09-16T12:29:10.725198] npm notice New major version of npm available! 11.16.0 -> 12.0.2 (STDERR, APP/PROC/WEB)#
#2026 09 16 12:29:15.012#Z#DEBUG#d27b103a-b1c5-11f1-bf33-eeee0a8e3dbc.RiskManagement-srv#flowable-async-job-executor-thread-843#
[PollStartAppStatusExecution] 43ad4e59-2e0c-4995-adf4-ca00afbfb842 [2026-09-16T12:29:10.725205] npm notice Changelog: https://github.com/npm/cli/releases/tag/v12.0.2 (STDERR, APP/PROC/WEB)#
#2026 09 16 12:29:15.012#Z#DEBUG#d27b103a-b1c5-11f1-bf33-eeee0a8e3dbc.RiskManagement-srv#flowable-async-job-executor-thread-843#
[PollStartAppStatusExecution] 43ad4e59-2e0c-4995-adf4-ca00afbfb842 [2026-09-16T12:29:10.725211] npm notice To update run: npm install -g npm@12.0.2 (STDERR, APP/PROC/WEB)#
#2026 09 16 12:29:15.012#Z#DEBUG#d27b103a-b1c5-11f1-bf33-eeee0a8e3dbc.RiskManagement-srv#flowable-async-job-executor-thread-843#
[PollStartAppStatusExecution] 43ad4e59-2e0c-4995-adf4-ca00afbfb842 [2026-09-16T12:29:10.725213] npm notice (STDERR, APP/PROC/WEB)#
#2026 09 16 12:29:15.012#Z#DEBUG#d27b103a-b1c5-11f1-bf33-eeee0a8e3dbc.RiskManagement-srv#flowable-async-job-executor-thread-843#
[PollStartAppStatusExecution] 43ad4e59-2e0c-4995-adf4-ca00afbfb842 [2026-09-16T12:29:10.808785] Exit status 1 (STDOUT, APP/PROC/WEB)#
#2026 09 16 12:29:25.192#Z#DEBUG#d27b103a-b1c5-11f1-bf33-eeee0a8e3dbc.RiskManagement-srv#flowable-async-job-executor-thread-851#
[PollStartAppStatusExecution] 43ad4e59-2e0c-4995-adf4-ca00afbfb842 [2026-09-16T12:29:17.793058] Cell 77283d80-dfa7-40ba-ba4e-265aef112085 stopping instance a1b7f543-2dfb-4089-56c2-ff61 (STDOUT, CELL)#
#2026 09 16 12:29:25.192#Z#DEBUG#d27b103a-b1c5-11f1-bf33-eeee0a8e3dbc.RiskManagement-srv#flowable-async-job-executor-thread-851#
[PollStartAppStatusExecution] 43ad4e59-2e0c-4995-adf4-ca00afbfb842 [2026-09-16T12:29:17.793132] Cell 77283d80-dfa7-40ba-ba4e-265aef112085 destroying container for instance a1b7f543-2dfb-4089-56c2-ff61 (STDOUT, CELL)#
#2026 09 16 12:29:25.192#Z#DEBUG#d27b103a-b1c5-11f1-bf33-eeee0a8e3dbc.RiskManagement-srv#flowable-async-job-executor-thread-851#
[PollStartAppStatusExecution] 43ad4e59-2e0c-4995-adf4-ca00afbfb842 [2026-09-16T12:29:17.798343] Process has crashed with type: "web" (STDOUT, API)#
#2026 09 16 12:29:25.192#Z#DEBUG#d27b103a-b1c5-11f1-bf33-eeee0a8e3dbc.RiskManagement-srv#flowable-async-job-executor-thread-851#
[PollStartAppStatusExecution] 43ad4e59-2e0c-4995-adf4-ca00afbfb842 [2026-09-16T12:29:17.812547] App instance exited with guid 43ad4e59-2e0c-4995-adf4-ca00afbfb842 payload: {"instance"=>"a1b7f543-2dfb-4089-56c2-ff61", "index"=>0, "cell_id"=>"77283d80-dfa7-40ba-ba4e-265aef112085", "reason"=>"CRASHED", "exit_description"=>"APP/PROC/WEB: Exited with status 1", "crash_count"=>2, "crash_timestamp"=>1789561757772210591, "version"=>"abb984ec-cf67-4850-b511-162625288183"} (STDOUT, API)#
#2026 09 16 12:29:25.192#Z#DEBUG#d27b103a-b1c5-11f1-bf33-eeee0a8e3dbc.RiskManagement-srv#flowable-async-job-executor-thread-851#
[PollStartAppStatusExecution] 43ad4e59-2e0c-4995-adf4-ca00afbfb842 [2026-09-16T12:29:18.042991] Exit status 137 (STDOUT, PROXY)#
#2026 09 16 12:29:25.192#Z#DEBUG#d27b103a-b1c5-11f1-bf33-eeee0a8e3dbc.RiskManagement-srv#flowable-async-job-executor-thread-851#
[PollStartAppStatusExecution] 43ad4e59-2e0c-4995-adf4-ca00afbfb842 [2026-09-16T12:29:18.050995] Cell d1cc041a-d5a1-41d6-b9f6-6cda736ce3f0 creating container for instance 775b4692-02b2-44e5-7e28-8e7b (STDOUT, CELL)#
#2026 09 16 12:29:25.192#Z#DEBUG#d27b103a-b1c5-11f1-bf33-eeee0a8e3dbc.RiskManagement-srv#flowable-async-job-executor-thread-851#
[PollStartAppStatusExecution] 43ad4e59-2e0c-4995-adf4-ca00afbfb842 [2026-09-16T12:29:19.163923] Security group rules were updated (STDOUT, CELL)#
#2026 09 16 12:29:25.192#Z#DEBUG#d27b103a-b1c5-11f1-bf33-eeee0a8e3dbc.RiskManagement-srv#flowable-async-job-executor-thread-851#
[PollStartAppStatusExecution] 43ad4e59-2e0c-4995-adf4-ca00afbfb842 [2026-09-16T12:29:19.289387] Cell d1cc041a-d5a1-41d6-b9f6-6cda736ce3f0 successfully created container for instance 775b4692-02b2-44e5-7e28-8e7b (STDOUT, CELL)#
#2026 09 16 12:29:25.192#Z#DEBUG#d27b103a-b1c5-11f1-bf33-eeee0a8e3dbc.RiskManagement-srv#flowable-async-job-executor-thread-851#
[PollStartAppStatusExecution] 43ad4e59-2e0c-4995-adf4-ca00afbfb842 [2026-09-16T12:29:20.339861] Cell 77283d80-dfa7-40ba-ba4e-265aef112085 successfully destroyed container for instance a1b7f543-2dfb-4089-56c2-ff61 (STDOUT, CELL)#
#2026 09 16 12:29:25.192#Z#DEBUG#d27b103a-b1c5-11f1-bf33-eeee0a8e3dbc.RiskManagement-srv#flowable-async-job-executor-thread-851#
[PollStartAppStatusExecution] 43ad4e59-2e0c-4995-adf4-ca00afbfb842 [2026-09-16T12:29:20.708936] Downloading droplet... (STDOUT, CELL)#
#2026 09 16 12:29:35.255#Z#DEBUG#d27b103a-b1c5-11f1-bf33-eeee0a8e3dbc.RiskManagement-srv#flowable-async-job-executor-thread-2685#
[PollStartAppStatusExecution] 43ad4e59-2e0c-4995-adf4-ca00afbfb842 [2026-09-16T12:29:25.970997] Downloaded droplet (62.1M) (STDOUT, CELL)#
#2026 09 16 12:29:35.255#Z#DEBUG#d27b103a-b1c5-11f1-bf33-eeee0a8e3dbc.RiskManagement-srv#flowable-async-job-executor-thread-2685#
[PollStartAppStatusExecution] 43ad4e59-2e0c-4995-adf4-ca00afbfb842 [2026-09-16T12:29:25.971278] Starting health monitoring of container (STDOUT, CELL)#
#2026 09 16 12:29:35.255#Z#DEBUG#d27b103a-b1c5-11f1-bf33-eeee0a8e3dbc.RiskManagement-srv#flowable-async-job-executor-thread-2685#
[PollStartAppStatusExecution] 43ad4e59-2e0c-4995-adf4-ca00afbfb842 [2026-09-16T12:29:26.176811] Invoking pre-start scripts. (STDOUT, APP/PROC/WEB)#
#2026 09 16 12:29:35.255#Z#DEBUG#d27b103a-b1c5-11f1-bf33-eeee0a8e3dbc.RiskManagement-srv#flowable-async-job-executor-thread-2685#
[PollStartAppStatusExecution] 43ad4e59-2e0c-4995-adf4-ca00afbfb842 [2026-09-16T12:29:26.482872] Invoking start command. (STDOUT, APP/PROC/WEB)#
#2026 09 16 12:29:35.255#Z#DEBUG#d27b103a-b1c5-11f1-bf33-eeee0a8e3dbc.RiskManagement-srv#flowable-async-job-executor-thread-2685#
[PollStartAppStatusExecution] 43ad4e59-2e0c-4995-adf4-ca00afbfb842 [2026-09-16T12:29:27.262634] > RiskManagement@1.0.0 start (STDOUT, APP/PROC/WEB)#
#2026 09 16 12:29:35.255#Z#DEBUG#d27b103a-b1c5-11f1-bf33-eeee0a8e3dbc.RiskManagement-srv#flowable-async-job-executor-thread-2685#
[PollStartAppStatusExecution] 43ad4e59-2e0c-4995-adf4-ca00afbfb842 [2026-09-16T12:29:27.262689] > cds-serve (STDOUT, APP/PROC/WEB)#
#2026 09 16 12:29:35.255#Z#DEBUG#d27b103a-b1c5-11f1-bf33-eeee0a8e3dbc.RiskManagement-srv#flowable-async-job-executor-thread-2685#
[PollStartAppStatusExecution] 43ad4e59-2e0c-4995-adf4-ca00afbfb842 [2026-09-16T12:29:28.100530] {"level":"info","logger":"cds","timestamp":"2026-09-16T12:29:28.098Z","layer":"cds","component_type":"application","container_id":"10.32.1.5","component_id":"43ad4e59-2e0c-4995-adf4-ca00afbfb842","component_name":"RiskManagement-srv","component_instance":0,"source_instance":0,"organization_name":"47a58eedtrial","organization_id":"d7a02038-bfb6-4965-9398-981fd602b71e","space_name":"dev","space_id":"b1534f58-8387-42a5-8ece-809300958c1c","msg":"loaded model from 1 file(s):\n ","type":"log"} (STDOUT, APP/PROC/WEB)#
#2026 09 16 12:29:35.255#Z#DEBUG#d27b103a-b1c5-11f1-bf33-eeee0a8e3dbc.RiskManagement-srv#flowable-async-job-executor-thread-2685#
[PollStartAppStatusExecution] 43ad4e59-2e0c-4995-adf4-ca00afbfb842 [2026-09-16T12:29:28.101033] srv/csn.json (STDOUT, APP/PROC/WEB)#
#2026 09 16 12:29:35.255#Z#DEBUG#d27b103a-b1c5-11f1-bf33-eeee0a8e3dbc.RiskManagement-srv#flowable-async-job-executor-thread-2685#
[PollStartAppStatusExecution] 43ad4e59-2e0c-4995-adf4-ca00afbfb842 [2026-09-16T12:29:28.702570] {"level":"info","logger":"cds","timestamp":"2026-09-16T12:29:28.701Z","layer":"cds","component_type":"application","container_id":"10.32.1.5","component_id":"43ad4e59-2e0c-4995-adf4-ca00afbfb842","component_name":"RiskManagement-srv","component_instance":0,"source_instance":0,"organization_name":"47a58eedtrial","organization_id":"d7a02038-bfb6-4965-9398-981fd602b71e","space_name":"dev","space_id":"b1534f58-8387-42a5-8ece-809300958c1c","msg":"connect to db > hana {\n  database_id: '69bcbe67-03bc-4478-9fd0-d9ad2b0779fc',\n  host: '69bcbe67-03bc-4478-9fd0-d9ad2b0779fc.hna0.prod-us10.hanacloud.ondemand.com',\n  port: '443',\n  driver: 'com.sap.db.jdbc.Driver',\n  url: 'jdbc:sap://69bcbe67-03bc-4478-9fd0-d9ad2b0779fc.hna0.prod-us10.hanacloud.ondemand.com:443?encrypt=true&validateCertificate=true&currentschema=1D2FD6BD9AE248389E2C5DD7F64681C6',\n  schema: '1D2FD6BD9AE248389E2C5DD7F64681C6',\n  certificate: '...',\n  hdi_user: '1D2FD6BD9AE248389E2C5DD7F64681C6_BGLOAL9S8VB716N7PWHIMKK1K_DT',\n  hdi_password: '...',\n  user: '1D2FD6BD9AE248389E2C5DD7F64681C6_BGLOAL9S8VB716N7PWHIMKK1K_RT',\n  password: '...'\n}","type":"log"} (STDOUT, APP/PROC/WEB)#
#2026 09 16 12:29:35.255#Z#DEBUG#d27b103a-b1c5-11f1-bf33-eeee0a8e3dbc.RiskManagement-srv#flowable-async-job-executor-thread-2685#
[PollStartAppStatusExecution] 43ad4e59-2e0c-4995-adf4-ca00afbfb842 [2026-09-16T12:29:28.814759] {"level":"info","logger":"cds","timestamp":"2026-09-16T12:29:28.813Z","layer":"cds","component_type":"application","container_id":"10.32.1.5","component_id":"43ad4e59-2e0c-4995-adf4-ca00afbfb842","component_name":"RiskManagement-srv","component_instance":0,"source_instance":0,"organization_name":"47a58eedtrial","organization_id":"d7a02038-bfb6-4965-9398-981fd602b71e","space_name":"dev","space_id":"b1534f58-8387-42a5-8ece-809300958c1c","msg":"using auth strategy { kind: 'jwt' }","type":"log"} (STDOUT, APP/PROC/WEB)#
#2026 09 16 12:29:35.255#Z#DEBUG#d27b103a-b1c5-11f1-bf33-eeee0a8e3dbc.RiskManagement-srv#flowable-async-job-executor-thread-2685#
[PollStartAppStatusExecution] 43ad4e59-2e0c-4995-adf4-ca00afbfb842 [2026-09-16T12:29:28.859705] /home/vcap/app/node_modules/@sap/cds/lib/srv/middlewares/auth/jwt-auth.js:16 (STDERR, APP/PROC/WEB)#
#2026 09 16 12:29:35.255#Z#DEBUG#d27b103a-b1c5-11f1-bf33-eeee0a8e3dbc.RiskManagement-srv#flowable-async-job-executor-thread-2685#
[PollStartAppStatusExecution] 43ad4e59-2e0c-4995-adf4-ca00afbfb842 [2026-09-16T12:29:28.859749] throw new Error( (STDERR, APP/PROC/WEB)#
#2026 09 16 12:29:35.256#Z#DEBUG#d27b103a-b1c5-11f1-bf33-eeee0a8e3dbc.RiskManagement-srv#flowable-async-job-executor-thread-2685#
[PollStartAppStatusExecution] 43ad4e59-2e0c-4995-adf4-ca00afbfb842 [2026-09-16T12:29:28.859755] ^ (STDERR, APP/PROC/WEB)#
#2026 09 16 12:29:35.256#Z#DEBUG#d27b103a-b1c5-11f1-bf33-eeee0a8e3dbc.RiskManagement-srv#flowable-async-job-executor-thread-2685#
[PollStartAppStatusExecution] 43ad4e59-2e0c-4995-adf4-ca00afbfb842 [2026-09-16T12:29:28.859760] Error: Authentication kind "jwt" configured, but no XSUAA instance bound to application. Either bind an XSUAA instance, or switch to an authentication kind that does not require a binding. (STDERR, APP/PROC/WEB)#
#2026 09 16 12:29:35.256#Z#DEBUG#d27b103a-b1c5-11f1-bf33-eeee0a8e3dbc.RiskManagement-srv#flowable-async-job-executor-thread-2685#
[PollStartAppStatusExecution] 43ad4e59-2e0c-4995-adf4-ca00afbfb842 [2026-09-16T12:29:28.859770] at jwt_auth (/home/vcap/app/node_modules/@sap/cds/lib/srv/middlewares/auth/jwt-auth.js:16:11) (STDERR, APP/PROC/WEB)#
#2026 09 16 12:29:35.256#Z#DEBUG#d27b103a-b1c5-11f1-bf33-eeee0a8e3dbc.RiskManagement-srv#flowable-async-job-executor-thread-2685#
[PollStartAppStatusExecution] 43ad4e59-2e0c-4995-adf4-ca00afbfb842 [2026-09-16T12:29:28.859775] at auth_factory (/home/vcap/app/node_modules/@sap/cds/lib/srv/middlewares/auth/index.js:49:61) (STDERR, APP/PROC/WEB)#
#2026 09 16 12:29:35.256#Z#DEBUG#d27b103a-b1c5-11f1-bf33-eeee0a8e3dbc.RiskManagement-srv#flowable-async-job-executor-thread-2685#
[PollStartAppStatusExecution] 43ad4e59-2e0c-4995-adf4-ca00afbfb842 [2026-09-16T12:29:28.859782] at _instantiate (/home/vcap/app/node_modules/@sap/cds/lib/srv/middlewares/index.js:49:12) (STDERR, APP/PROC/WEB)#
#2026 09 16 12:29:35.256#Z#DEBUG#d27b103a-b1c5-11f1-bf33-eeee0a8e3dbc.RiskManagement-srv#flowable-async-job-executor-thread-2685#
[PollStartAppStatusExecution] 43ad4e59-2e0c-4995-adf4-ca00afbfb842 [2026-09-16T12:29:28.859785] at /home/vcap/app/node_modules/@sap/cds/lib/srv/middlewares/index.js:13:13 (STDERR, APP/PROC/WEB)#
#2026 09 16 12:29:35.256#Z#DEBUG#d27b103a-b1c5-11f1-bf33-eeee0a8e3dbc.RiskManagement-srv#flowable-async-job-executor-thread-2685#
[PollStartAppStatusExecution] 43ad4e59-2e0c-4995-adf4-ca00afbfb842 [2026-09-16T12:29:28.859790] at Array.map (<anonymous>) (STDERR, APP/PROC/WEB)#
#2026 09 16 12:29:35.256#Z#DEBUG#d27b103a-b1c5-11f1-bf33-eeee0a8e3dbc.RiskManagement-srv#flowable-async-job-executor-thread-2685#
[PollStartAppStatusExecution] 43ad4e59-2e0c-4995-adf4-ca00afbfb842 [2026-09-16T12:29:28.859799] at Object.<anonymous> (/home/vcap/app/node_modules/@sap/cds/lib/srv/middlewares/index.js:13:3) (STDERR, APP/PROC/WEB)#
#2026 09 16 12:29:35.256#Z#DEBUG#d27b103a-b1c5-11f1-bf33-eeee0a8e3dbc.RiskManagement-srv#flowable-async-job-executor-thread-2685#
[PollStartAppStatusExecution] 43ad4e59-2e0c-4995-adf4-ca00afbfb842 [2026-09-16T12:29:28.859802] at Module._compile (node:internal/modules/cjs/loader:1871:14) (STDERR, APP/PROC/WEB)#
#2026 09 16 12:29:35.256#Z#DEBUG#d27b103a-b1c5-11f1-bf33-eeee0a8e3dbc.RiskManagement-srv#flowable-async-job-executor-thread-2685#
[PollStartAppStatusExecution] 43ad4e59-2e0c-4995-adf4-ca00afbfb842 [2026-09-16T12:29:28.859807] at Object..js (node:internal/modules/cjs/loader:2002:10) (STDERR, APP/PROC/WEB)#
#2026 09 16 12:29:35.256#Z#DEBUG#d27b103a-b1c5-11f1-bf33-eeee0a8e3dbc.RiskManagement-srv#flowable-async-job-executor-thread-2685#
[PollStartAppStatusExecution] 43ad4e59-2e0c-4995-adf4-ca00afbfb842 [2026-09-16T12:29:28.859810] at Module.load (node:internal/modules/cjs/loader:1594:32) (STDERR, APP/PROC/WEB)#
#2026 09 16 12:29:35.256#Z#DEBUG#d27b103a-b1c5-11f1-bf33-eeee0a8e3dbc.RiskManagement-srv#flowable-async-job-executor-thread-2685#
[PollStartAppStatusExecution] 43ad4e59-2e0c-4995-adf4-ca00afbfb842 [2026-09-16T12:29:28.859816] at Module._load (node:internal/modules/cjs/loader:1396:12) (STDERR, APP/PROC/WEB)#
#2026 09 16 12:29:35.256#Z#DEBUG#d27b103a-b1c5-11f1-bf33-eeee0a8e3dbc.RiskManagement-srv#flowable-async-job-executor-thread-2685#
[PollStartAppStatusExecution] 43ad4e59-2e0c-4995-adf4-ca00afbfb842 [2026-09-16T12:29:28.859820] Node.js v24.18.0 (STDERR, APP/PROC/WEB)#
#2026 09 16 12:29:35.256#Z#DEBUG#d27b103a-b1c5-11f1-bf33-eeee0a8e3dbc.RiskManagement-srv#flowable-async-job-executor-thread-2685#
[PollStartAppStatusExecution] 43ad4e59-2e0c-4995-adf4-ca00afbfb842 [2026-09-16T12:29:28.911730] npm notice (STDERR, APP/PROC/WEB)#
#2026 09 16 12:29:35.256#Z#DEBUG#d27b103a-b1c5-11f1-bf33-eeee0a8e3dbc.RiskManagement-srv#flowable-async-job-executor-thread-2685#
[PollStartAppStatusExecution] 43ad4e59-2e0c-4995-adf4-ca00afbfb842 [2026-09-16T12:29:28.911776] npm notice New major version of npm available! 11.16.0 -> 12.0.2 (STDERR, APP/PROC/WEB)#
#2026 09 16 12:29:35.256#Z#DEBUG#d27b103a-b1c5-11f1-bf33-eeee0a8e3dbc.RiskManagement-srv#flowable-async-job-executor-thread-2685#
[PollStartAppStatusExecution] 43ad4e59-2e0c-4995-adf4-ca00afbfb842 [2026-09-16T12:29:28.911782] npm notice Changelog: https://github.com/npm/cli/releases/tag/v12.0.2 (STDERR, APP/PROC/WEB)#
#2026 09 16 12:29:35.256#Z#DEBUG#d27b103a-b1c5-11f1-bf33-eeee0a8e3dbc.RiskManagement-srv#flowable-async-job-executor-thread-2685#
[PollStartAppStatusExecution] 43ad4e59-2e0c-4995-adf4-ca00afbfb842 [2026-09-16T12:29:28.911785] npm notice To update run: npm install -g npm@12.0.2 (STDERR, APP/PROC/WEB)#
#2026 09 16 12:29:35.256#Z#DEBUG#d27b103a-b1c5-11f1-bf33-eeee0a8e3dbc.RiskManagement-srv#flowable-async-job-executor-thread-2685#
[PollStartAppStatusExecution] 43ad4e59-2e0c-4995-adf4-ca00afbfb842 [2026-09-16T12:29:28.911789] npm notice (STDERR, APP/PROC/WEB)#
#2026 09 16 12:29:35.256#Z#DEBUG#d27b103a-b1c5-11f1-bf33-eeee0a8e3dbc.RiskManagement-srv#flowable-async-job-executor-thread-2685#
[PollStartAppStatusExecution] 43ad4e59-2e0c-4995-adf4-ca00afbfb842 [2026-09-16T12:29:29.017370] Exit status 1 (STDOUT, APP/PROC/WEB)#
#2026 09 16 12:29:45.511#Z#DEBUG#d27b103a-b1c5-11f1-bf33-eeee0a8e3dbc.RiskManagement-srv#flowable-async-job-executor-thread-820#
[PollStartAppStatusExecution] 43ad4e59-2e0c-4995-adf4-ca00afbfb842 [2026-09-16T12:29:25.970997] Downloaded droplet (62.1M) (STDOUT, CELL)#
#2026 09 16 12:29:45.511#Z#DEBUG#d27b103a-b1c5-11f1-bf33-eeee0a8e3dbc.RiskManagement-srv#flowable-async-job-executor-thread-820#
[PollStartAppStatusExecution] 43ad4e59-2e0c-4995-adf4-ca00afbfb842 [2026-09-16T12:29:25.971278] Starting health monitoring of container (STDOUT, CELL)#
#2026 09 16 12:29:45.511#Z#DEBUG#d27b103a-b1c5-11f1-bf33-eeee0a8e3dbc.RiskManagement-srv#flowable-async-job-executor-thread-820#
[PollStartAppStatusExecution] 43ad4e59-2e0c-4995-adf4-ca00afbfb842 [2026-09-16T12:29:26.176811] Invoking pre-start scripts. (STDOUT, APP/PROC/WEB)#
#2026 09 16 12:29:45.511#Z#DEBUG#d27b103a-b1c5-11f1-bf33-eeee0a8e3dbc.RiskManagement-srv#flowable-async-job-executor-thread-820#
[PollStartAppStatusExecution] 43ad4e59-2e0c-4995-adf4-ca00afbfb842 [2026-09-16T12:29:26.482872] Invoking start command. (STDOUT, APP/PROC/WEB)#
#2026 09 16 12:29:45.511#Z#DEBUG#d27b103a-b1c5-11f1-bf33-eeee0a8e3dbc.RiskManagement-srv#flowable-async-job-executor-thread-820#
[PollStartAppStatusExecution] 43ad4e59-2e0c-4995-adf4-ca00afbfb842 [2026-09-16T12:29:27.262634] > RiskManagement@1.0.0 start (STDOUT, APP/PROC/WEB)#
#2026 09 16 12:29:45.511#Z#DEBUG#d27b103a-b1c5-11f1-bf33-eeee0a8e3dbc.RiskManagement-srv#flowable-async-job-executor-thread-820#
[PollStartAppStatusExecution] 43ad4e59-2e0c-4995-adf4-ca00afbfb842 [2026-09-16T12:29:27.262689] > cds-serve (STDOUT, APP/PROC/WEB)#
#2026 09 16 12:29:45.511#Z#DEBUG#d27b103a-b1c5-11f1-bf33-eeee0a8e3dbc.RiskManagement-srv#flowable-async-job-executor-thread-820#
[PollStartAppStatusExecution] 43ad4e59-2e0c-4995-adf4-ca00afbfb842 [2026-09-16T12:29:28.100530] {"level":"info","logger":"cds","timestamp":"2026-09-16T12:29:28.098Z","layer":"cds","component_type":"application","container_id":"10.32.1.5","component_id":"43ad4e59-2e0c-4995-adf4-ca00afbfb842","component_name":"RiskManagement-srv","component_instance":0,"source_instance":0,"organization_name":"47a58eedtrial","organization_id":"d7a02038-bfb6-4965-9398-981fd602b71e","space_name":"dev","space_id":"b1534f58-8387-42a5-8ece-809300958c1c","msg":"loaded model from 1 file(s):\n ","type":"log"} (STDOUT, APP/PROC/WEB)#
#2026 09 16 12:29:45.511#Z#DEBUG#d27b103a-b1c5-11f1-bf33-eeee0a8e3dbc.RiskManagement-srv#flowable-async-job-executor-thread-820#
[PollStartAppStatusExecution] 43ad4e59-2e0c-4995-adf4-ca00afbfb842 [2026-09-16T12:29:28.101033] srv/csn.json (STDOUT, APP/PROC/WEB)#
#2026 09 16 12:29:45.511#Z#DEBUG#d27b103a-b1c5-11f1-bf33-eeee0a8e3dbc.RiskManagement-srv#flowable-async-job-executor-thread-820#
[PollStartAppStatusExecution] 43ad4e59-2e0c-4995-adf4-ca00afbfb842 [2026-09-16T12:29:28.702570] {"level":"info","logger":"cds","timestamp":"2026-09-16T12:29:28.701Z","layer":"cds","component_type":"application","container_id":"10.32.1.5","component_id":"43ad4e59-2e0c-4995-adf4-ca00afbfb842","component_name":"RiskManagement-srv","component_instance":0,"source_instance":0,"organization_name":"47a58eedtrial","organization_id":"d7a02038-bfb6-4965-9398-981fd602b71e","space_name":"dev","space_id":"b1534f58-8387-42a5-8ece-809300958c1c","msg":"connect to db > hana {\n  database_id: '69bcbe67-03bc-4478-9fd0-d9ad2b0779fc',\n  host: '69bcbe67-03bc-4478-9fd0-d9ad2b0779fc.hna0.prod-us10.hanacloud.ondemand.com',\n  port: '443',\n  driver: 'com.sap.db.jdbc.Driver',\n  url: 'jdbc:sap://69bcbe67-03bc-4478-9fd0-d9ad2b0779fc.hna0.prod-us10.hanacloud.ondemand.com:443?encrypt=true&validateCertificate=true&currentschema=1D2FD6BD9AE248389E2C5DD7F64681C6',\n  schema: '1D2FD6BD9AE248389E2C5DD7F64681C6',\n  certificate: '...',\n  hdi_user: '1D2FD6BD9AE248389E2C5DD7F64681C6_BGLOAL9S8VB716N7PWHIMKK1K_DT',\n  hdi_password: '...',\n  user: '1D2FD6BD9AE248389E2C5DD7F64681C6_BGLOAL9S8VB716N7PWHIMKK1K_RT',\n  password: '...'\n}","type":"log"} (STDOUT, APP/PROC/WEB)#
#2026 09 16 12:29:45.511#Z#DEBUG#d27b103a-b1c5-11f1-bf33-eeee0a8e3dbc.RiskManagement-srv#flowable-async-job-executor-thread-820#
[PollStartAppStatusExecution] 43ad4e59-2e0c-4995-adf4-ca00afbfb842 [2026-09-16T12:29:28.814759] {"level":"info","logger":"cds","timestamp":"2026-09-16T12:29:28.813Z","layer":"cds","component_type":"application","container_id":"10.32.1.5","component_id":"43ad4e59-2e0c-4995-adf4-ca00afbfb842","component_name":"RiskManagement-srv","component_instance":0,"source_instance":0,"organization_name":"47a58eedtrial","organization_id":"d7a02038-bfb6-4965-9398-981fd602b71e","space_name":"dev","space_id":"b1534f58-8387-42a5-8ece-809300958c1c","msg":"using auth strategy { kind: 'jwt' }","type":"log"} (STDOUT, APP/PROC/WEB)#
#2026 09 16 12:29:45.511#Z#DEBUG#d27b103a-b1c5-11f1-bf33-eeee0a8e3dbc.RiskManagement-srv#flowable-async-job-executor-thread-820#
[PollStartAppStatusExecution] 43ad4e59-2e0c-4995-adf4-ca00afbfb842 [2026-09-16T12:29:28.859705] /home/vcap/app/node_modules/@sap/cds/lib/srv/middlewares/auth/jwt-auth.js:16 (STDERR, APP/PROC/WEB)#
#2026 09 16 12:29:45.511#Z#DEBUG#d27b103a-b1c5-11f1-bf33-eeee0a8e3dbc.RiskManagement-srv#flowable-async-job-executor-thread-820#
[PollStartAppStatusExecution] 43ad4e59-2e0c-4995-adf4-ca00afbfb842 [2026-09-16T12:29:28.859749] throw new Error( (STDERR, APP/PROC/WEB)#
#2026 09 16 12:29:45.511#Z#DEBUG#d27b103a-b1c5-11f1-bf33-eeee0a8e3dbc.RiskManagement-srv#flowable-async-job-executor-thread-820#
[PollStartAppStatusExecution] 43ad4e59-2e0c-4995-adf4-ca00afbfb842 [2026-09-16T12:29:28.859755] ^ (STDERR, APP/PROC/WEB)#
#2026 09 16 12:29:45.511#Z#DEBUG#d27b103a-b1c5-11f1-bf33-eeee0a8e3dbc.RiskManagement-srv#flowable-async-job-executor-thread-820#
[PollStartAppStatusExecution] 43ad4e59-2e0c-4995-adf4-ca00afbfb842 [2026-09-16T12:29:28.859760] Error: Authentication kind "jwt" configured, but no XSUAA instance bound to application. Either bind an XSUAA instance, or switch to an authentication kind that does not require a binding. (STDERR, APP/PROC/WEB)#
#2026 09 16 12:29:45.511#Z#DEBUG#d27b103a-b1c5-11f1-bf33-eeee0a8e3dbc.RiskManagement-srv#flowable-async-job-executor-thread-820#
[PollStartAppStatusExecution] 43ad4e59-2e0c-4995-adf4-ca00afbfb842 [2026-09-16T12:29:28.859770] at jwt_auth (/home/vcap/app/node_modules/@sap/cds/lib/srv/middlewares/auth/jwt-auth.js:16:11) (STDERR, APP/PROC/WEB)#
#2026 09 16 12:29:45.511#Z#DEBUG#d27b103a-b1c5-11f1-bf33-eeee0a8e3dbc.RiskManagement-srv#flowable-async-job-executor-thread-820#
[PollStartAppStatusExecution] 43ad4e59-2e0c-4995-adf4-ca00afbfb842 [2026-09-16T12:29:28.859775] at auth_factory (/home/vcap/app/node_modules/@sap/cds/lib/srv/middlewares/auth/index.js:49:61) (STDERR, APP/PROC/WEB)#
#2026 09 16 12:29:45.511#Z#DEBUG#d27b103a-b1c5-11f1-bf33-eeee0a8e3dbc.RiskManagement-srv#flowable-async-job-executor-thread-820#
[PollStartAppStatusExecution] 43ad4e59-2e0c-4995-adf4-ca00afbfb842 [2026-09-16T12:29:28.859782] at _instantiate (/home/vcap/app/node_modules/@sap/cds/lib/srv/middlewares/index.js:49:12) (STDERR, APP/PROC/WEB)#
#2026 09 16 12:29:45.511#Z#DEBUG#d27b103a-b1c5-11f1-bf33-eeee0a8e3dbc.RiskManagement-srv#flowable-async-job-executor-thread-820#
[PollStartAppStatusExecution] 43ad4e59-2e0c-4995-adf4-ca00afbfb842 [2026-09-16T12:29:28.859785] at /home/vcap/app/node_modules/@sap/cds/lib/srv/middlewares/index.js:13:13 (STDERR, APP/PROC/WEB)#
#2026 09 16 12:29:45.511#Z#DEBUG#d27b103a-b1c5-11f1-bf33-eeee0a8e3dbc.RiskManagement-srv#flowable-async-job-executor-thread-820#
[PollStartAppStatusExecution] 43ad4e59-2e0c-4995-adf4-ca00afbfb842 [2026-09-16T12:29:28.859790] at Array.map (<anonymous>) (STDERR, APP/PROC/WEB)#
#2026 09 16 12:29:45.511#Z#DEBUG#d27b103a-b1c5-11f1-bf33-eeee0a8e3dbc.RiskManagement-srv#flowable-async-job-executor-thread-820#
[PollStartAppStatusExecution] 43ad4e59-2e0c-4995-adf4-ca00afbfb842 [2026-09-16T12:29:28.859799] at Object.<anonymous> (/home/vcap/app/node_modules/@sap/cds/lib/srv/middlewares/index.js:13:3) (STDERR, APP/PROC/WEB)#
#2026 09 16 12:29:45.511#Z#DEBUG#d27b103a-b1c5-11f1-bf33-eeee0a8e3dbc.RiskManagement-srv#flowable-async-job-executor-thread-820#
[PollStartAppStatusExecution] 43ad4e59-2e0c-4995-adf4-ca00afbfb842 [2026-09-16T12:29:28.859802] at Module._compile (node:internal/modules/cjs/loader:1871:14) (STDERR, APP/PROC/WEB)#
#2026 09 16 12:29:45.511#Z#DEBUG#d27b103a-b1c5-11f1-bf33-eeee0a8e3dbc.RiskManagement-srv#flowable-async-job-executor-thread-820#
[PollStartAppStatusExecution] 43ad4e59-2e0c-4995-adf4-ca00afbfb842 [2026-09-16T12:29:28.859807] at Object..js (node:internal/modules/cjs/loader:2002:10) (STDERR, APP/PROC/WEB)#
#2026 09 16 12:29:45.511#Z#DEBUG#d27b103a-b1c5-11f1-bf33-eeee0a8e3dbc.RiskManagement-srv#flowable-async-job-executor-thread-820#
[PollStartAppStatusExecution] 43ad4e59-2e0c-4995-adf4-ca00afbfb842 [2026-09-16T12:29:28.859810] at Module.load (node:internal/modules/cjs/loader:1594:32) (STDERR, APP/PROC/WEB)#
#2026 09 16 12:29:45.511#Z#DEBUG#d27b103a-b1c5-11f1-bf33-eeee0a8e3dbc.RiskManagement-srv#flowable-async-job-executor-thread-820#
[PollStartAppStatusExecution] 43ad4e59-2e0c-4995-adf4-ca00afbfb842 [2026-09-16T12:29:28.859816] at Module._load (node:internal/modules/cjs/loader:1396:12) (STDERR, APP/PROC/WEB)#
#2026 09 16 12:29:45.511#Z#DEBUG#d27b103a-b1c5-11f1-bf33-eeee0a8e3dbc.RiskManagement-srv#flowable-async-job-executor-thread-820#
[PollStartAppStatusExecution] 43ad4e59-2e0c-4995-adf4-ca00afbfb842 [2026-09-16T12:29:28.859820] Node.js v24.18.0 (STDERR, APP/PROC/WEB)#
#2026 09 16 12:29:45.511#Z#DEBUG#d27b103a-b1c5-11f1-bf33-eeee0a8e3dbc.RiskManagement-srv#flowable-async-job-executor-thread-820#
[PollStartAppStatusExecution] 43ad4e59-2e0c-4995-adf4-ca00afbfb842 [2026-09-16T12:29:28.911730] npm notice (STDERR, APP/PROC/WEB)#
#2026 09 16 12:29:45.511#Z#DEBUG#d27b103a-b1c5-11f1-bf33-eeee0a8e3dbc.RiskManagement-srv#flowable-async-job-executor-thread-820#
[PollStartAppStatusExecution] 43ad4e59-2e0c-4995-adf4-ca00afbfb842 [2026-09-16T12:29:28.911776] npm notice New major version of npm available! 11.16.0 -> 12.0.2 (STDERR, APP/PROC/WEB)#
#2026 09 16 12:29:45.511#Z#DEBUG#d27b103a-b1c5-11f1-bf33-eeee0a8e3dbc.RiskManagement-srv#flowable-async-job-executor-thread-820#
[PollStartAppStatusExecution] 43ad4e59-2e0c-4995-adf4-ca00afbfb842 [2026-09-16T12:29:28.911782] npm notice Changelog: https://github.com/npm/cli/releases/tag/v12.0.2 (STDERR, APP/PROC/WEB)#
#2026 09 16 12:29:45.511#Z#DEBUG#d27b103a-b1c5-11f1-bf33-eeee0a8e3dbc.RiskManagement-srv#flowable-async-job-executor-thread-820#
[PollStartAppStatusExecution] 43ad4e59-2e0c-4995-adf4-ca00afbfb842 [2026-09-16T12:29:28.911785] npm notice To update run: npm install -g npm@12.0.2 (STDERR, APP/PROC/WEB)#
#2026 09 16 12:29:45.511#Z#DEBUG#d27b103a-b1c5-11f1-bf33-eeee0a8e3dbc.RiskManagement-srv#flowable-async-job-executor-thread-820#
[PollStartAppStatusExecution] 43ad4e59-2e0c-4995-adf4-ca00afbfb842 [2026-09-16T12:29:28.911789] npm notice (STDERR, APP/PROC/WEB)#
#2026 09 16 12:29:45.511#Z#DEBUG#d27b103a-b1c5-11f1-bf33-eeee0a8e3dbc.RiskManagement-srv#flowable-async-job-executor-thread-820#
[PollStartAppStatusExecution] 43ad4e59-2e0c-4995-adf4-ca00afbfb842 [2026-09-16T12:29:29.017370] Exit status 1 (STDOUT, APP/PROC/WEB)#
#2026 09 16 12:29:45.511#Z#DEBUG#d27b103a-b1c5-11f1-bf33-eeee0a8e3dbc.RiskManagement-srv#flowable-async-job-executor-thread-820#
[PollStartAppStatusExecution] 43ad4e59-2e0c-4995-adf4-ca00afbfb842 [2026-09-16T12:29:35.183123] Cell d1cc041a-d5a1-41d6-b9f6-6cda736ce3f0 stopping instance 775b4692-02b2-44e5-7e28-8e7b (STDOUT, CELL)#
#2026 09 16 12:29:45.511#Z#DEBUG#d27b103a-b1c5-11f1-bf33-eeee0a8e3dbc.RiskManagement-srv#flowable-async-job-executor-thread-820#
[PollStartAppStatusExecution] 43ad4e59-2e0c-4995-adf4-ca00afbfb842 [2026-09-16T12:29:35.183204] Cell d1cc041a-d5a1-41d6-b9f6-6cda736ce3f0 destroying container for instance 775b4692-02b2-44e5-7e28-8e7b (STDOUT, CELL)#
#2026 09 16 12:29:45.511#Z#DEBUG#d27b103a-b1c5-11f1-bf33-eeee0a8e3dbc.RiskManagement-srv#flowable-async-job-executor-thread-820#
[PollStartAppStatusExecution] 43ad4e59-2e0c-4995-adf4-ca00afbfb842 [2026-09-16T12:29:35.203456] Process has crashed with type: "web" (STDOUT, API)#
#2026 09 16 12:29:45.511#Z#DEBUG#d27b103a-b1c5-11f1-bf33-eeee0a8e3dbc.RiskManagement-srv#flowable-async-job-executor-thread-820#
[PollStartAppStatusExecution] 43ad4e59-2e0c-4995-adf4-ca00afbfb842 [2026-09-16T12:29:35.217163] App instance exited with guid 43ad4e59-2e0c-4995-adf4-ca00afbfb842 payload: {"instance"=>"775b4692-02b2-44e5-7e28-8e7b", "index"=>0, "cell_id"=>"d1cc041a-d5a1-41d6-b9f6-6cda736ce3f0", "reason"=>"CRASHED", "exit_description"=>"APP/PROC/WEB: Exited with status 1", "crash_count"=>3, "crash_timestamp"=>1789561775179173034, "version"=>"abb984ec-cf67-4850-b511-162625288183"} (STDOUT, API)#
#2026 09 16 12:29:45.511#Z#DEBUG#d27b103a-b1c5-11f1-bf33-eeee0a8e3dbc.RiskManagement-srv#flowable-async-job-executor-thread-820#
[PollStartAppStatusExecution] 43ad4e59-2e0c-4995-adf4-ca00afbfb842 [2026-09-16T12:29:35.593942] Exit status 137 (STDOUT, PROXY)#
#2026 09 16 12:29:45.511#Z#DEBUG#d27b103a-b1c5-11f1-bf33-eeee0a8e3dbc.RiskManagement-srv#flowable-async-job-executor-thread-820#
[PollStartAppStatusExecution] 43ad4e59-2e0c-4995-adf4-ca00afbfb842 [2026-09-16T12:29:36.745445] Stopping app with guid 43ad4e59-2e0c-4995-adf4-ca00afbfb842 (STDOUT, API)#
#2026 09 16 12:29:45.511#Z#DEBUG#d27b103a-b1c5-11f1-bf33-eeee0a8e3dbc.RiskManagement-srv#flowable-async-job-executor-thread-820#
[PollStartAppStatusExecution] 43ad4e59-2e0c-4995-adf4-ca00afbfb842 [2026-09-16T12:29:36.891194] Starting app with guid 43ad4e59-2e0c-4995-adf4-ca00afbfb842 (STDOUT, API)#
#2026 09 16 12:29:45.511#Z#DEBUG#d27b103a-b1c5-11f1-bf33-eeee0a8e3dbc.RiskManagement-srv#flowable-async-job-executor-thread-820#
[PollStartAppStatusExecution] 43ad4e59-2e0c-4995-adf4-ca00afbfb842 [2026-09-16T12:29:37.171120] Cell 684caff8-89cd-492b-be01-b3d0835f1763 creating container for instance dd3e1502-82ee-48d0-7083-22ce (STDOUT, CELL)#
#2026 09 16 12:29:45.511#Z#DEBUG#d27b103a-b1c5-11f1-bf33-eeee0a8e3dbc.RiskManagement-srv#flowable-async-job-executor-thread-820#
[PollStartAppStatusExecution] 43ad4e59-2e0c-4995-adf4-ca00afbfb842 [2026-09-16T12:29:37.994354] Security group rules were updated (STDOUT, CELL)#
#2026 09 16 12:29:45.511#Z#DEBUG#d27b103a-b1c5-11f1-bf33-eeee0a8e3dbc.RiskManagement-srv#flowable-async-job-executor-thread-820#
[PollStartAppStatusExecution] 43ad4e59-2e0c-4995-adf4-ca00afbfb842 [2026-09-16T12:29:38.087847] Cell 684caff8-89cd-492b-be01-b3d0835f1763 successfully created container for instance dd3e1502-82ee-48d0-7083-22ce (STDOUT, CELL)#
#2026 09 16 12:29:45.511#Z#DEBUG#d27b103a-b1c5-11f1-bf33-eeee0a8e3dbc.RiskManagement-srv#flowable-async-job-executor-thread-820#
[PollStartAppStatusExecution] 43ad4e59-2e0c-4995-adf4-ca00afbfb842 [2026-09-16T12:29:38.109590] Cell d1cc041a-d5a1-41d6-b9f6-6cda736ce3f0 successfully destroyed container for instance 775b4692-02b2-44e5-7e28-8e7b (STDOUT, CELL)#
#2026 09 16 12:29:45.511#Z#DEBUG#d27b103a-b1c5-11f1-bf33-eeee0a8e3dbc.RiskManagement-srv#flowable-async-job-executor-thread-820#
[PollStartAppStatusExecution] 43ad4e59-2e0c-4995-adf4-ca00afbfb842 [2026-09-16T12:29:38.925959] Downloading droplet... (STDOUT, CELL)#
#2026 09 16 12:29:45.511#Z#DEBUG#d27b103a-b1c5-11f1-bf33-eeee0a8e3dbc.RiskManagement-srv#flowable-async-job-executor-thread-820#
[PollStartAppStatusExecution] 43ad4e59-2e0c-4995-adf4-ca00afbfb842 [2026-09-16T12:29:42.789180] Downloaded droplet (62.1M) (STDOUT, CELL)#
#2026 09 16 12:29:45.511#Z#DEBUG#d27b103a-b1c5-11f1-bf33-eeee0a8e3dbc.RiskManagement-srv#flowable-async-job-executor-thread-820#
[PollStartAppStatusExecution] 43ad4e59-2e0c-4995-adf4-ca00afbfb842 [2026-09-16T12:29:42.789424] Starting health monitoring of container (STDOUT, CELL)#
#2026 09 16 12:29:45.511#Z#DEBUG#d27b103a-b1c5-11f1-bf33-eeee0a8e3dbc.RiskManagement-srv#flowable-async-job-executor-thread-820#
[PollStartAppStatusExecution] 43ad4e59-2e0c-4995-adf4-ca00afbfb842 [2026-09-16T12:29:42.920918] Invoking pre-start scripts. (STDOUT, APP/PROC/WEB)#
#2026 09 16 12:29:45.511#Z#DEBUG#d27b103a-b1c5-11f1-bf33-eeee0a8e3dbc.RiskManagement-srv#flowable-async-job-executor-thread-820#
[PollStartAppStatusExecution] 43ad4e59-2e0c-4995-adf4-ca00afbfb842 [2026-09-16T12:29:43.184066] Invoking start command. (STDOUT, APP/PROC/WEB)#
#2026 09 16 12:29:45.511#Z#DEBUG#d27b103a-b1c5-11f1-bf33-eeee0a8e3dbc.RiskManagement-srv#flowable-async-job-executor-thread-820#
[PollStartAppStatusExecution] 43ad4e59-2e0c-4995-adf4-ca00afbfb842 [2026-09-16T12:29:43.716357] > RiskManagement@1.0.0 start (STDOUT, APP/PROC/WEB)#
#2026 09 16 12:29:45.511#Z#DEBUG#d27b103a-b1c5-11f1-bf33-eeee0a8e3dbc.RiskManagement-srv#flowable-async-job-executor-thread-820#
[PollStartAppStatusExecution] 43ad4e59-2e0c-4995-adf4-ca00afbfb842 [2026-09-16T12:29:43.716390] > cds-serve (STDOUT, APP/PROC/WEB)#
#2026 09 16 12:29:45.511#Z#DEBUG#d27b103a-b1c5-11f1-bf33-eeee0a8e3dbc.RiskManagement-srv#flowable-async-job-executor-thread-820#
[PollStartAppStatusExecution] 43ad4e59-2e0c-4995-adf4-ca00afbfb842 [2026-09-16T12:29:44.226994] {"level":"info","logger":"cds","timestamp":"2026-09-16T12:29:44.224Z","layer":"cds","component_type":"application","container_id":"10.32.1.6","component_id":"43ad4e59-2e0c-4995-adf4-ca00afbfb842","component_name":"RiskManagement-srv","component_instance":0,"source_instance":0,"organization_name":"47a58eedtrial","organization_id":"d7a02038-bfb6-4965-9398-981fd602b71e","space_name":"dev","space_id":"b1534f58-8387-42a5-8ece-809300958c1c","msg":"loaded model from 1 file(s):\n ","type":"log"} (STDOUT, APP/PROC/WEB)#
#2026 09 16 12:29:45.511#Z#DEBUG#d27b103a-b1c5-11f1-bf33-eeee0a8e3dbc.RiskManagement-srv#flowable-async-job-executor-thread-820#
[PollStartAppStatusExecution] 43ad4e59-2e0c-4995-adf4-ca00afbfb842 [2026-09-16T12:29:44.227633] srv/csn.json (STDOUT, APP/PROC/WEB)#
#2026 09 16 12:29:45.511#Z#DEBUG#d27b103a-b1c5-11f1-bf33-eeee0a8e3dbc.RiskManagement-srv#flowable-async-job-executor-thread-820#
[PollStartAppStatusExecution] 43ad4e59-2e0c-4995-adf4-ca00afbfb842 [2026-09-16T12:29:44.600544] {"level":"info","logger":"cds","timestamp":"2026-09-16T12:29:44.599Z","layer":"cds","component_type":"application","container_id":"10.32.1.6","component_id":"43ad4e59-2e0c-4995-adf4-ca00afbfb842","component_name":"RiskManagement-srv","component_instance":0,"source_instance":0,"organization_name":"47a58eedtrial","organization_id":"d7a02038-bfb6-4965-9398-981fd602b71e","space_name":"dev","space_id":"b1534f58-8387-42a5-8ece-809300958c1c","msg":"connect to db > hana {\n  database_id: '69bcbe67-03bc-4478-9fd0-d9ad2b0779fc',\n  host: '69bcbe67-03bc-4478-9fd0-d9ad2b0779fc.hna0.prod-us10.hanacloud.ondemand.com',\n  port: '443',\n  driver: 'com.sap.db.jdbc.Driver',\n  url: 'jdbc:sap://69bcbe67-03bc-4478-9fd0-d9ad2b0779fc.hna0.prod-us10.hanacloud.ondemand.com:443?encrypt=true&validateCertificate=true&currentschema=1D2FD6BD9AE248389E2C5DD7F64681C6',\n  schema: '1D2FD6BD9AE248389E2C5DD7F64681C6',\n  certificate: '...',\n  hdi_user: '1D2FD6BD9AE248389E2C5DD7F64681C6_BGLOAL9S8VB716N7PWHIMKK1K_DT',\n  hdi_password: '...',\n  user: '1D2FD6BD9AE248389E2C5DD7F64681C6_BGLOAL9S8VB716N7PWHIMKK1K_RT',\n  password: '...'\n}","type":"log"} (STDOUT, APP/PROC/WEB)#
#2026 09 16 12:29:45.511#Z#DEBUG#d27b103a-b1c5-11f1-bf33-eeee0a8e3dbc.RiskManagement-srv#flowable-async-job-executor-thread-820#
[PollStartAppStatusExecution] 43ad4e59-2e0c-4995-adf4-ca00afbfb842 [2026-09-16T12:29:44.664560] {"level":"info","logger":"cds","timestamp":"2026-09-16T12:29:44.664Z","layer":"cds","component_type":"application","container_id":"10.32.1.6","component_id":"43ad4e59-2e0c-4995-adf4-ca00afbfb842","component_name":"RiskManagement-srv","component_instance":0,"source_instance":0,"organization_name":"47a58eedtrial","organization_id":"d7a02038-bfb6-4965-9398-981fd602b71e","space_name":"dev","space_id":"b1534f58-8387-42a5-8ece-809300958c1c","msg":"using auth strategy { kind: 'jwt' }","type":"log"} (STDOUT, APP/PROC/WEB)#
#2026 09 16 12:29:45.511#Z#DEBUG#d27b103a-b1c5-11f1-bf33-eeee0a8e3dbc.RiskManagement-srv#flowable-async-job-executor-thread-820#
[PollStartAppStatusExecution] 43ad4e59-2e0c-4995-adf4-ca00afbfb842 [2026-09-16T12:29:44.692579] /home/vcap/app/node_modules/@sap/cds/lib/srv/middlewares/auth/jwt-auth.js:16 (STDERR, APP/PROC/WEB)#
#2026 09 16 12:29:45.511#Z#DEBUG#d27b103a-b1c5-11f1-bf33-eeee0a8e3dbc.RiskManagement-srv#flowable-async-job-executor-thread-820#
[PollStartAppStatusExecution] 43ad4e59-2e0c-4995-adf4-ca00afbfb842 [2026-09-16T12:29:44.692613] throw new Error( (STDERR, APP/PROC/WEB)#
#2026 09 16 12:29:45.511#Z#DEBUG#d27b103a-b1c5-11f1-bf33-eeee0a8e3dbc.RiskManagement-srv#flowable-async-job-executor-thread-820#
[PollStartAppStatusExecution] 43ad4e59-2e0c-4995-adf4-ca00afbfb842 [2026-09-16T12:29:44.692618] ^ (STDERR, APP/PROC/WEB)#
#2026 09 16 12:29:45.511#Z#DEBUG#d27b103a-b1c5-11f1-bf33-eeee0a8e3dbc.RiskManagement-srv#flowable-async-job-executor-thread-820#
[PollStartAppStatusExecution] 43ad4e59-2e0c-4995-adf4-ca00afbfb842 [2026-09-16T12:29:44.692646] Error: Authentication kind "jwt" configured, but no XSUAA instance bound to application. Either bind an XSUAA instance, or switch to an authentication kind that does not require a binding. (STDERR, APP/PROC/WEB)#
#2026 09 16 12:29:45.511#Z#DEBUG#d27b103a-b1c5-11f1-bf33-eeee0a8e3dbc.RiskManagement-srv#flowable-async-job-executor-thread-820#
[PollStartAppStatusExecution] 43ad4e59-2e0c-4995-adf4-ca00afbfb842 [2026-09-16T12:29:44.692650] at jwt_auth (/home/vcap/app/node_modules/@sap/cds/lib/srv/middlewares/auth/jwt-auth.js:16:11) (STDERR, APP/PROC/WEB)#
#2026 09 16 12:29:45.511#Z#DEBUG#d27b103a-b1c5-11f1-bf33-eeee0a8e3dbc.RiskManagement-srv#flowable-async-job-executor-thread-820#
[PollStartAppStatusExecution] 43ad4e59-2e0c-4995-adf4-ca00afbfb842 [2026-09-16T12:29:44.692653] at auth_factory (/home/vcap/app/node_modules/@sap/cds/lib/srv/middlewares/auth/index.js:49:61) (STDERR, APP/PROC/WEB)#
#2026 09 16 12:29:45.511#Z#DEBUG#d27b103a-b1c5-11f1-bf33-eeee0a8e3dbc.RiskManagement-srv#flowable-async-job-executor-thread-820#
[PollStartAppStatusExecution] 43ad4e59-2e0c-4995-adf4-ca00afbfb842 [2026-09-16T12:29:44.692656] at _instantiate (/home/vcap/app/node_modules/@sap/cds/lib/srv/middlewares/index.js:49:12) (STDERR, APP/PROC/WEB)#
#2026 09 16 12:29:45.511#Z#DEBUG#d27b103a-b1c5-11f1-bf33-eeee0a8e3dbc.RiskManagement-srv#flowable-async-job-executor-thread-820#
[PollStartAppStatusExecution] 43ad4e59-2e0c-4995-adf4-ca00afbfb842 [2026-09-16T12:29:44.692660] at /home/vcap/app/node_modules/@sap/cds/lib/srv/middlewares/index.js:13:13 (STDERR, APP/PROC/WEB)#
#2026 09 16 12:29:45.511#Z#DEBUG#d27b103a-b1c5-11f1-bf33-eeee0a8e3dbc.RiskManagement-srv#flowable-async-job-executor-thread-820#
[PollStartAppStatusExecution] 43ad4e59-2e0c-4995-adf4-ca00afbfb842 [2026-09-16T12:29:44.692663] at Array.map (<anonymous>) (STDERR, APP/PROC/WEB)#
#2026 09 16 12:29:45.511#Z#DEBUG#d27b103a-b1c5-11f1-bf33-eeee0a8e3dbc.RiskManagement-srv#flowable-async-job-executor-thread-820#
[PollStartAppStatusExecution] 43ad4e59-2e0c-4995-adf4-ca00afbfb842 [2026-09-16T12:29:44.692669] at Object.<anonymous> (/home/vcap/app/node_modules/@sap/cds/lib/srv/middlewares/index.js:13:3) (STDERR, APP/PROC/WEB)#
#2026 09 16 12:29:45.511#Z#DEBUG#d27b103a-b1c5-11f1-bf33-eeee0a8e3dbc.RiskManagement-srv#flowable-async-job-executor-thread-820#
[PollStartAppStatusExecution] 43ad4e59-2e0c-4995-adf4-ca00afbfb842 [2026-09-16T12:29:44.692672] at Module._compile (node:internal/modules/cjs/loader:1871:14) (STDERR, APP/PROC/WEB)#
#2026 09 16 12:29:45.511#Z#DEBUG#d27b103a-b1c5-11f1-bf33-eeee0a8e3dbc.RiskManagement-srv#flowable-async-job-executor-thread-820#
[PollStartAppStatusExecution] 43ad4e59-2e0c-4995-adf4-ca00afbfb842 [2026-09-16T12:29:44.692675] at Object..js (node:internal/modules/cjs/loader:2002:10) (STDERR, APP/PROC/WEB)#
#2026 09 16 12:29:45.511#Z#DEBUG#d27b103a-b1c5-11f1-bf33-eeee0a8e3dbc.RiskManagement-srv#flowable-async-job-executor-thread-820#
[PollStartAppStatusExecution] 43ad4e59-2e0c-4995-adf4-ca00afbfb842 [2026-09-16T12:29:44.692678] at Module.load (node:internal/modules/cjs/loader:1594:32) (STDERR, APP/PROC/WEB)#
#2026 09 16 12:29:45.511#Z#DEBUG#d27b103a-b1c5-11f1-bf33-eeee0a8e3dbc.RiskManagement-srv#flowable-async-job-executor-thread-820#
[PollStartAppStatusExecution] 43ad4e59-2e0c-4995-adf4-ca00afbfb842 [2026-09-16T12:29:44.692680] at Module._load (node:internal/modules/cjs/loader:1396:12) (STDERR, APP/PROC/WEB)#
#2026 09 16 12:29:45.511#Z#DEBUG#d27b103a-b1c5-11f1-bf33-eeee0a8e3dbc.RiskManagement-srv#flowable-async-job-executor-thread-820#
[PollStartAppStatusExecution] 43ad4e59-2e0c-4995-adf4-ca00afbfb842 [2026-09-16T12:29:44.692759] Node.js v24.18.0 (STDERR, APP/PROC/WEB)#
#2026 09 16 12:29:45.511#Z#DEBUG#d27b103a-b1c5-11f1-bf33-eeee0a8e3dbc.RiskManagement-srv#flowable-async-job-executor-thread-820#
[PollStartAppStatusExecution] 43ad4e59-2e0c-4995-adf4-ca00afbfb842 [2026-09-16T12:29:44.720610] npm notice (STDERR, APP/PROC/WEB)#
#2026 09 16 12:29:45.511#Z#DEBUG#d27b103a-b1c5-11f1-bf33-eeee0a8e3dbc.RiskManagement-srv#flowable-async-job-executor-thread-820#
[PollStartAppStatusExecution] 43ad4e59-2e0c-4995-adf4-ca00afbfb842 [2026-09-16T12:29:44.720642] npm notice New major version of npm available! 11.16.0 -> 12.0.2 (STDERR, APP/PROC/WEB)#
#2026 09 16 12:29:45.511#Z#DEBUG#d27b103a-b1c5-11f1-bf33-eeee0a8e3dbc.RiskManagement-srv#flowable-async-job-executor-thread-820#
[PollStartAppStatusExecution] 43ad4e59-2e0c-4995-adf4-ca00afbfb842 [2026-09-16T12:29:44.720647] npm notice Changelog: https://github.com/npm/cli/releases/tag/v12.0.2 (STDERR, APP/PROC/WEB)#
#2026 09 16 12:29:45.511#Z#DEBUG#d27b103a-b1c5-11f1-bf33-eeee0a8e3dbc.RiskManagement-srv#flowable-async-job-executor-thread-820#
[PollStartAppStatusExecution] 43ad4e59-2e0c-4995-adf4-ca00afbfb842 [2026-09-16T12:29:44.720649] npm notice To update run: npm install -g npm@12.0.2 (STDERR, APP/PROC/WEB)#
#2026 09 16 12:29:45.511#Z#DEBUG#d27b103a-b1c5-11f1-bf33-eeee0a8e3dbc.RiskManagement-srv#flowable-async-job-executor-thread-820#
[PollStartAppStatusExecution] 43ad4e59-2e0c-4995-adf4-ca00afbfb842 [2026-09-16T12:29:44.720653] npm notice (STDERR, APP/PROC/WEB)#
#2026 09 16 12:29:45.511#Z#DEBUG#d27b103a-b1c5-11f1-bf33-eeee0a8e3dbc.RiskManagement-srv#flowable-async-job-executor-thread-820#
[PollStartAppStatusExecution] 43ad4e59-2e0c-4995-adf4-ca00afbfb842 [2026-09-16T12:29:44.799459] Exit status 1 (STDOUT, APP/PROC/WEB)#
#2026 09 16 12:29:55.399#Z#DEBUG#d27b103a-b1c5-11f1-bf33-eeee0a8e3dbc.RiskManagement-srv#flowable-async-job-executor-thread-867#
[PollStartAppStatusExecution] 43ad4e59-2e0c-4995-adf4-ca00afbfb842 [2026-09-16T12:29:50.568119] Cell 684caff8-89cd-492b-be01-b3d0835f1763 stopping instance dd3e1502-82ee-48d0-7083-22ce (STDOUT, CELL)#
#2026 09 16 12:29:55.399#Z#DEBUG#d27b103a-b1c5-11f1-bf33-eeee0a8e3dbc.RiskManagement-srv#flowable-async-job-executor-thread-867#
[PollStartAppStatusExecution] 43ad4e59-2e0c-4995-adf4-ca00afbfb842 [2026-09-16T12:29:50.568208] Cell 684caff8-89cd-492b-be01-b3d0835f1763 destroying container for instance dd3e1502-82ee-48d0-7083-22ce (STDOUT, CELL)#
#2026 09 16 12:29:55.399#Z#DEBUG#d27b103a-b1c5-11f1-bf33-eeee0a8e3dbc.RiskManagement-srv#flowable-async-job-executor-thread-867#
[PollStartAppStatusExecution] 43ad4e59-2e0c-4995-adf4-ca00afbfb842 [2026-09-16T12:29:50.572156] Process has crashed with type: "web" (STDOUT, API)#
#2026 09 16 12:29:55.399#Z#DEBUG#d27b103a-b1c5-11f1-bf33-eeee0a8e3dbc.RiskManagement-srv#flowable-async-job-executor-thread-867#
[PollStartAppStatusExecution] 43ad4e59-2e0c-4995-adf4-ca00afbfb842 [2026-09-16T12:29:50.584082] App instance exited with guid 43ad4e59-2e0c-4995-adf4-ca00afbfb842 payload: {"instance"=>"dd3e1502-82ee-48d0-7083-22ce", "index"=>0, "cell_id"=>"684caff8-89cd-492b-be01-b3d0835f1763", "reason"=>"CRASHED", "exit_description"=>"APP/PROC/WEB: Exited with status 1", "crash_count"=>1, "crash_timestamp"=>1789561790549872414, "version"=>"9f31dce8-b254-4b5f-bda0-7019c66a8674"} (STDOUT, API)#
#2026 09 16 12:29:55.399#Z#DEBUG#d27b103a-b1c5-11f1-bf33-eeee0a8e3dbc.RiskManagement-srv#flowable-async-job-executor-thread-867#
[PollStartAppStatusExecution] 43ad4e59-2e0c-4995-adf4-ca00afbfb842 [2026-09-16T12:29:50.735457] Cell 77283d80-dfa7-40ba-ba4e-265aef112085 creating container for instance 02880493-600f-43fe-4c9e-b83c (STDOUT, CELL)#
#2026 09 16 12:29:55.399#Z#DEBUG#d27b103a-b1c5-11f1-bf33-eeee0a8e3dbc.RiskManagement-srv#flowable-async-job-executor-thread-867#
[PollStartAppStatusExecution] 43ad4e59-2e0c-4995-adf4-ca00afbfb842 [2026-09-16T12:29:50.808469] Exit status 137 (STDOUT, PROXY)#
#2026 09 16 12:29:55.399#Z#DEBUG#d27b103a-b1c5-11f1-bf33-eeee0a8e3dbc.RiskManagement-srv#flowable-async-job-executor-thread-867#
[PollStartAppStatusExecution] 43ad4e59-2e0c-4995-adf4-ca00afbfb842 [2026-09-16T12:29:51.636948] Security group rules were updated (STDOUT, CELL)#
#2026 09 16 12:29:55.399#Z#DEBUG#d27b103a-b1c5-11f1-bf33-eeee0a8e3dbc.RiskManagement-srv#flowable-async-job-executor-thread-867#
[PollStartAppStatusExecution] 43ad4e59-2e0c-4995-adf4-ca00afbfb842 [2026-09-16T12:29:51.745560] Cell 77283d80-dfa7-40ba-ba4e-265aef112085 successfully created container for instance 02880493-600f-43fe-4c9e-b83c (STDOUT, CELL)#
#2026 09 16 12:29:55.399#Z#DEBUG#d27b103a-b1c5-11f1-bf33-eeee0a8e3dbc.RiskManagement-srv#flowable-async-job-executor-thread-867#
[PollStartAppStatusExecution] 43ad4e59-2e0c-4995-adf4-ca00afbfb842 [2026-09-16T12:29:52.298187] Downloading droplet... (STDOUT, CELL)#
#2026 09 16 12:29:55.399#Z#DEBUG#d27b103a-b1c5-11f1-bf33-eeee0a8e3dbc.RiskManagement-srv#flowable-async-job-executor-thread-867#
[PollStartAppStatusExecution] 43ad4e59-2e0c-4995-adf4-ca00afbfb842 [2026-09-16T12:29:52.918820] Cell 684caff8-89cd-492b-be01-b3d0835f1763 successfully destroyed container for instance dd3e1502-82ee-48d0-7083-22ce (STDOUT, CELL)#
#2026 09 16 12:30:05.571#Z#DEBUG#d27b103a-b1c5-11f1-bf33-eeee0a8e3dbc.RiskManagement-srv#flowable-async-job-executor-thread-870#
[PollStartAppStatusExecution] 43ad4e59-2e0c-4995-adf4-ca00afbfb842 [2026-09-16T12:29:56.499209] Downloaded droplet (62.1M) (STDOUT, CELL)#
#2026 09 16 12:30:05.571#Z#DEBUG#d27b103a-b1c5-11f1-bf33-eeee0a8e3dbc.RiskManagement-srv#flowable-async-job-executor-thread-870#
[PollStartAppStatusExecution] 43ad4e59-2e0c-4995-adf4-ca00afbfb842 [2026-09-16T12:29:56.499403] Starting health monitoring of container (STDOUT, CELL)#
#2026 09 16 12:30:05.571#Z#DEBUG#d27b103a-b1c5-11f1-bf33-eeee0a8e3dbc.RiskManagement-srv#flowable-async-job-executor-thread-870#
[PollStartAppStatusExecution] 43ad4e59-2e0c-4995-adf4-ca00afbfb842 [2026-09-16T12:29:56.643650] Invoking pre-start scripts. (STDOUT, APP/PROC/WEB)#
#2026 09 16 12:30:05.571#Z#DEBUG#d27b103a-b1c5-11f1-bf33-eeee0a8e3dbc.RiskManagement-srv#flowable-async-job-executor-thread-870#
[PollStartAppStatusExecution] 43ad4e59-2e0c-4995-adf4-ca00afbfb842 [2026-09-16T12:29:56.905601] Invoking start command. (STDOUT, APP/PROC/WEB)#
#2026 09 16 12:30:05.571#Z#DEBUG#d27b103a-b1c5-11f1-bf33-eeee0a8e3dbc.RiskManagement-srv#flowable-async-job-executor-thread-870#
[PollStartAppStatusExecution] 43ad4e59-2e0c-4995-adf4-ca00afbfb842 [2026-09-16T12:29:57.443174] > RiskManagement@1.0.0 start (STDOUT, APP/PROC/WEB)#
#2026 09 16 12:30:05.571#Z#DEBUG#d27b103a-b1c5-11f1-bf33-eeee0a8e3dbc.RiskManagement-srv#flowable-async-job-executor-thread-870#
[PollStartAppStatusExecution] 43ad4e59-2e0c-4995-adf4-ca00afbfb842 [2026-09-16T12:29:57.443219] > cds-serve (STDOUT, APP/PROC/WEB)#
#2026 09 16 12:30:05.571#Z#DEBUG#d27b103a-b1c5-11f1-bf33-eeee0a8e3dbc.RiskManagement-srv#flowable-async-job-executor-thread-870#
[PollStartAppStatusExecution] 43ad4e59-2e0c-4995-adf4-ca00afbfb842 [2026-09-16T12:29:57.972523] {"level":"info","logger":"cds","timestamp":"2026-09-16T12:29:57.971Z","layer":"cds","component_type":"application","container_id":"10.32.3.6","component_id":"43ad4e59-2e0c-4995-adf4-ca00afbfb842","component_name":"RiskManagement-srv","component_instance":0,"source_instance":0,"organization_name":"47a58eedtrial","organization_id":"d7a02038-bfb6-4965-9398-981fd602b71e","space_name":"dev","space_id":"b1534f58-8387-42a5-8ece-809300958c1c","msg":"loaded model from 1 file(s):\n ","type":"log"} (STDOUT, APP/PROC/WEB)#
#2026 09 16 12:30:05.571#Z#DEBUG#d27b103a-b1c5-11f1-bf33-eeee0a8e3dbc.RiskManagement-srv#flowable-async-job-executor-thread-870#
[PollStartAppStatusExecution] 43ad4e59-2e0c-4995-adf4-ca00afbfb842 [2026-09-16T12:29:57.973197] srv/csn.json (STDOUT, APP/PROC/WEB)#
#2026 09 16 12:30:05.571#Z#DEBUG#d27b103a-b1c5-11f1-bf33-eeee0a8e3dbc.RiskManagement-srv#flowable-async-job-executor-thread-870#
[PollStartAppStatusExecution] 43ad4e59-2e0c-4995-adf4-ca00afbfb842 [2026-09-16T12:29:58.296286] {"level":"info","logger":"cds","timestamp":"2026-09-16T12:29:58.295Z","layer":"cds","component_type":"application","container_id":"10.32.3.6","component_id":"43ad4e59-2e0c-4995-adf4-ca00afbfb842","component_name":"RiskManagement-srv","component_instance":0,"source_instance":0,"organization_name":"47a58eedtrial","organization_id":"d7a02038-bfb6-4965-9398-981fd602b71e","space_name":"dev","space_id":"b1534f58-8387-42a5-8ece-809300958c1c","msg":"connect to db > hana {\n  database_id: '69bcbe67-03bc-4478-9fd0-d9ad2b0779fc',\n  host: '69bcbe67-03bc-4478-9fd0-d9ad2b0779fc.hna0.prod-us10.hanacloud.ondemand.com',\n  port: '443',\n  driver: 'com.sap.db.jdbc.Driver',\n  url: 'jdbc:sap://69bcbe67-03bc-4478-9fd0-d9ad2b0779fc.hna0.prod-us10.hanacloud.ondemand.com:443?encrypt=true&validateCertificate=true&currentschema=1D2FD6BD9AE248389E2C5DD7F64681C6',\n  schema: '1D2FD6BD9AE248389E2C5DD7F64681C6',\n  certificate: '...',\n  hdi_user: '1D2FD6BD9AE248389E2C5DD7F64681C6_BGLOAL9S8VB716N7PWHIMKK1K_DT',\n  hdi_password: '...',\n  user: '1D2FD6BD9AE248389E2C5DD7F64681C6_BGLOAL9S8VB716N7PWHIMKK1K_RT',\n  password: '...'\n}","type":"log"} (STDOUT, APP/PROC/WEB)#
#2026 09 16 12:30:05.571#Z#DEBUG#d27b103a-b1c5-11f1-bf33-eeee0a8e3dbc.RiskManagement-srv#flowable-async-job-executor-thread-870#
[PollStartAppStatusExecution] 43ad4e59-2e0c-4995-adf4-ca00afbfb842 [2026-09-16T12:29:58.364153] {"level":"info","logger":"cds","timestamp":"2026-09-16T12:29:58.363Z","layer":"cds","component_type":"application","container_id":"10.32.3.6","component_id":"43ad4e59-2e0c-4995-adf4-ca00afbfb842","component_name":"RiskManagement-srv","component_instance":0,"source_instance":0,"organization_name":"47a58eedtrial","organization_id":"d7a02038-bfb6-4965-9398-981fd602b71e","space_name":"dev","space_id":"b1534f58-8387-42a5-8ece-809300958c1c","msg":"using auth strategy { kind: 'jwt' }","type":"log"} (STDOUT, APP/PROC/WEB)#
#2026 09 16 12:30:05.571#Z#DEBUG#d27b103a-b1c5-11f1-bf33-eeee0a8e3dbc.RiskManagement-srv#flowable-async-job-executor-thread-870#
[PollStartAppStatusExecution] 43ad4e59-2e0c-4995-adf4-ca00afbfb842 [2026-09-16T12:29:58.394386] /home/vcap/app/node_modules/@sap/cds/lib/srv/middlewares/auth/jwt-auth.js:16 (STDERR, APP/PROC/WEB)#
#2026 09 16 12:30:05.571#Z#DEBUG#d27b103a-b1c5-11f1-bf33-eeee0a8e3dbc.RiskManagement-srv#flowable-async-job-executor-thread-870#
[PollStartAppStatusExecution] 43ad4e59-2e0c-4995-adf4-ca00afbfb842 [2026-09-16T12:29:58.394408] throw new Error( (STDERR, APP/PROC/WEB)#
#2026 09 16 12:30:05.571#Z#DEBUG#d27b103a-b1c5-11f1-bf33-eeee0a8e3dbc.RiskManagement-srv#flowable-async-job-executor-thread-870#
[PollStartAppStatusExecution] 43ad4e59-2e0c-4995-adf4-ca00afbfb842 [2026-09-16T12:29:58.394413] ^ (STDERR, APP/PROC/WEB)#
#2026 09 16 12:30:05.571#Z#DEBUG#d27b103a-b1c5-11f1-bf33-eeee0a8e3dbc.RiskManagement-srv#flowable-async-job-executor-thread-870#
[PollStartAppStatusExecution] 43ad4e59-2e0c-4995-adf4-ca00afbfb842 [2026-09-16T12:29:58.394421] Error: Authentication kind "jwt" configured, but no XSUAA instance bound to application. Either bind an XSUAA instance, or switch to an authentication kind that does not require a binding. (STDERR, APP/PROC/WEB)#
#2026 09 16 12:30:05.571#Z#DEBUG#d27b103a-b1c5-11f1-bf33-eeee0a8e3dbc.RiskManagement-srv#flowable-async-job-executor-thread-870#
[PollStartAppStatusExecution] 43ad4e59-2e0c-4995-adf4-ca00afbfb842 [2026-09-16T12:29:58.394429] at jwt_auth (/home/vcap/app/node_modules/@sap/cds/lib/srv/middlewares/auth/jwt-auth.js:16:11) (STDERR, APP/PROC/WEB)#
#2026 09 16 12:30:05.571#Z#DEBUG#d27b103a-b1c5-11f1-bf33-eeee0a8e3dbc.RiskManagement-srv#flowable-async-job-executor-thread-870#
[PollStartAppStatusExecution] 43ad4e59-2e0c-4995-adf4-ca00afbfb842 [2026-09-16T12:29:58.394435] at auth_factory (/home/vcap/app/node_modules/@sap/cds/lib/srv/middlewares/auth/index.js:49:61) (STDERR, APP/PROC/WEB)#
#2026 09 16 12:30:05.571#Z#DEBUG#d27b103a-b1c5-11f1-bf33-eeee0a8e3dbc.RiskManagement-srv#flowable-async-job-executor-thread-870#
[PollStartAppStatusExecution] 43ad4e59-2e0c-4995-adf4-ca00afbfb842 [2026-09-16T12:29:58.394440] at _instantiate (/home/vcap/app/node_modules/@sap/cds/lib/srv/middlewares/index.js:49:12) (STDERR, APP/PROC/WEB)#
#2026 09 16 12:30:05.571#Z#DEBUG#d27b103a-b1c5-11f1-bf33-eeee0a8e3dbc.RiskManagement-srv#flowable-async-job-executor-thread-870#
[PollStartAppStatusExecution] 43ad4e59-2e0c-4995-adf4-ca00afbfb842 [2026-09-16T12:29:58.394446] at /home/vcap/app/node_modules/@sap/cds/lib/srv/middlewares/index.js:13:13 (STDERR, APP/PROC/WEB)#
#2026 09 16 12:30:05.571#Z#DEBUG#d27b103a-b1c5-11f1-bf33-eeee0a8e3dbc.RiskManagement-srv#flowable-async-job-executor-thread-870#
[PollStartAppStatusExecution] 43ad4e59-2e0c-4995-adf4-ca00afbfb842 [2026-09-16T12:29:58.394450] at Array.map (<anonymous>) (STDERR, APP/PROC/WEB)#
#2026 09 16 12:30:05.571#Z#DEBUG#d27b103a-b1c5-11f1-bf33-eeee0a8e3dbc.RiskManagement-srv#flowable-async-job-executor-thread-870#
[PollStartAppStatusExecution] 43ad4e59-2e0c-4995-adf4-ca00afbfb842 [2026-09-16T12:29:58.394452] at Object.<anonymous> (/home/vcap/app/node_modules/@sap/cds/lib/srv/middlewares/index.js:13:3) (STDERR, APP/PROC/WEB)#
#2026 09 16 12:30:05.571#Z#DEBUG#d27b103a-b1c5-11f1-bf33-eeee0a8e3dbc.RiskManagement-srv#flowable-async-job-executor-thread-870#
[PollStartAppStatusExecution] 43ad4e59-2e0c-4995-adf4-ca00afbfb842 [2026-09-16T12:29:58.394459] at Module._compile (node:internal/modules/cjs/loader:1871:14) (STDERR, APP/PROC/WEB)#
#2026 09 16 12:30:05.571#Z#DEBUG#d27b103a-b1c5-11f1-bf33-eeee0a8e3dbc.RiskManagement-srv#flowable-async-job-executor-thread-870#
[PollStartAppStatusExecution] 43ad4e59-2e0c-4995-adf4-ca00afbfb842 [2026-09-16T12:29:58.394463] at Object..js (node:internal/modules/cjs/loader:2002:10) (STDERR, APP/PROC/WEB)#
#2026 09 16 12:30:05.571#Z#DEBUG#d27b103a-b1c5-11f1-bf33-eeee0a8e3dbc.RiskManagement-srv#flowable-async-job-executor-thread-870#
[PollStartAppStatusExecution] 43ad4e59-2e0c-4995-adf4-ca00afbfb842 [2026-09-16T12:29:58.394466] at Module.load (node:internal/modules/cjs/loader:1594:32) (STDERR, APP/PROC/WEB)#
#2026 09 16 12:30:05.571#Z#DEBUG#d27b103a-b1c5-11f1-bf33-eeee0a8e3dbc.RiskManagement-srv#flowable-async-job-executor-thread-870#
[PollStartAppStatusExecution] 43ad4e59-2e0c-4995-adf4-ca00afbfb842 [2026-09-16T12:29:58.394468] at Module._load (node:internal/modules/cjs/loader:1396:12) (STDERR, APP/PROC/WEB)#
#2026 09 16 12:30:05.571#Z#DEBUG#d27b103a-b1c5-11f1-bf33-eeee0a8e3dbc.RiskManagement-srv#flowable-async-job-executor-thread-870#
[PollStartAppStatusExecution] 43ad4e59-2e0c-4995-adf4-ca00afbfb842 [2026-09-16T12:29:58.394517] Node.js v24.18.0 (STDERR, APP/PROC/WEB)#
#2026 09 16 12:30:05.571#Z#DEBUG#d27b103a-b1c5-11f1-bf33-eeee0a8e3dbc.RiskManagement-srv#flowable-async-job-executor-thread-870#
[PollStartAppStatusExecution] 43ad4e59-2e0c-4995-adf4-ca00afbfb842 [2026-09-16T12:29:58.423049] npm notice (STDERR, APP/PROC/WEB)#
#2026 09 16 12:30:05.571#Z#DEBUG#d27b103a-b1c5-11f1-bf33-eeee0a8e3dbc.RiskManagement-srv#flowable-async-job-executor-thread-870#
[PollStartAppStatusExecution] 43ad4e59-2e0c-4995-adf4-ca00afbfb842 [2026-09-16T12:29:58.423085] npm notice New major version of npm available! 11.16.0 -> 12.0.2 (STDERR, APP/PROC/WEB)#
#2026 09 16 12:30:05.571#Z#DEBUG#d27b103a-b1c5-11f1-bf33-eeee0a8e3dbc.RiskManagement-srv#flowable-async-job-executor-thread-870#
[PollStartAppStatusExecution] 43ad4e59-2e0c-4995-adf4-ca00afbfb842 [2026-09-16T12:29:58.423094] npm notice Changelog: https://github.com/npm/cli/releases/tag/v12.0.2 (STDERR, APP/PROC/WEB)#
#2026 09 16 12:30:05.571#Z#DEBUG#d27b103a-b1c5-11f1-bf33-eeee0a8e3dbc.RiskManagement-srv#flowable-async-job-executor-thread-870#
[PollStartAppStatusExecution] 43ad4e59-2e0c-4995-adf4-ca00afbfb842 [2026-09-16T12:29:58.423098] npm notice To update run: npm install -g npm@12.0.2 (STDERR, APP/PROC/WEB)#
#2026 09 16 12:30:05.571#Z#DEBUG#d27b103a-b1c5-11f1-bf33-eeee0a8e3dbc.RiskManagement-srv#flowable-async-job-executor-thread-870#
[PollStartAppStatusExecution] 43ad4e59-2e0c-4995-adf4-ca00afbfb842 [2026-09-16T12:29:58.423101] npm notice (STDERR, APP/PROC/WEB)#
#2026 09 16 12:30:05.571#Z#DEBUG#d27b103a-b1c5-11f1-bf33-eeee0a8e3dbc.RiskManagement-srv#flowable-async-job-executor-thread-870#
[PollStartAppStatusExecution] 43ad4e59-2e0c-4995-adf4-ca00afbfb842 [2026-09-16T12:29:58.496820] Exit status 1 (STDOUT, APP/PROC/WEB)#
#2026 09 16 12:30:05.571#Z#DEBUG#d27b103a-b1c5-11f1-bf33-eeee0a8e3dbc.RiskManagement-srv#flowable-async-job-executor-thread-870#
[PollStartAppStatusExecution] 43ad4e59-2e0c-4995-adf4-ca00afbfb842 [2026-09-16T12:30:04.836867] Cell 77283d80-dfa7-40ba-ba4e-265aef112085 stopping instance 02880493-600f-43fe-4c9e-b83c (STDOUT, CELL)#
#2026 09 16 12:30:05.571#Z#DEBUG#d27b103a-b1c5-11f1-bf33-eeee0a8e3dbc.RiskManagement-srv#flowable-async-job-executor-thread-870#
[PollStartAppStatusExecution] 43ad4e59-2e0c-4995-adf4-ca00afbfb842 [2026-09-16T12:30:04.836916] Cell 77283d80-dfa7-40ba-ba4e-265aef112085 destroying container for instance 02880493-600f-43fe-4c9e-b83c (STDOUT, CELL)#
#2026 09 16 12:30:05.571#Z#DEBUG#d27b103a-b1c5-11f1-bf33-eeee0a8e3dbc.RiskManagement-srv#flowable-async-job-executor-thread-870#
[PollStartAppStatusExecution] 43ad4e59-2e0c-4995-adf4-ca00afbfb842 [2026-09-16T12:30:04.842176] Process has crashed with type: "web" (STDOUT, API)#
#2026 09 16 12:30:05.571#Z#DEBUG#d27b103a-b1c5-11f1-bf33-eeee0a8e3dbc.RiskManagement-srv#flowable-async-job-executor-thread-870#
[PollStartAppStatusExecution] 43ad4e59-2e0c-4995-adf4-ca00afbfb842 [2026-09-16T12:30:04.856215] App instance exited with guid 43ad4e59-2e0c-4995-adf4-ca00afbfb842 payload: {"instance"=>"02880493-600f-43fe-4c9e-b83c", "index"=>0, "cell_id"=>"77283d80-dfa7-40ba-ba4e-265aef112085", "reason"=>"CRASHED", "exit_description"=>"APP/PROC/WEB: Exited with status 1", "crash_count"=>2, "crash_timestamp"=>1789561804818889615, "version"=>"9f31dce8-b254-4b5f-bda0-7019c66a8674"} (STDOUT, API)#
#2026 09 16 12:30:05.571#Z#DEBUG#d27b103a-b1c5-11f1-bf33-eeee0a8e3dbc.RiskManagement-srv#flowable-async-job-executor-thread-870#
[PollStartAppStatusExecution] 43ad4e59-2e0c-4995-adf4-ca00afbfb842 [2026-09-16T12:30:05.019114] Cell d1cc041a-d5a1-41d6-b9f6-6cda736ce3f0 creating container for instance c213ebd6-66ed-4100-6acd-b195 (STDOUT, CELL)#
#2026 09 16 12:30:05.571#Z#DEBUG#d27b103a-b1c5-11f1-bf33-eeee0a8e3dbc.RiskManagement-srv#flowable-async-job-executor-thread-870#
[PollStartAppStatusExecution] 43ad4e59-2e0c-4995-adf4-ca00afbfb842 [2026-09-16T12:30:05.078215] Exit status 137 (STDOUT, PROXY)#
#2026 09 16 12:30:15.581#Z#DEBUG#d27b103a-b1c5-11f1-bf33-eeee0a8e3dbc.RiskManagement-srv#flowable-async-job-executor-thread-843#
[PollStartAppStatusExecution] 43ad4e59-2e0c-4995-adf4-ca00afbfb842 [2026-09-16T12:30:06.140833] Security group rules were updated (STDOUT, CELL)#
#2026 09 16 12:30:15.581#Z#DEBUG#d27b103a-b1c5-11f1-bf33-eeee0a8e3dbc.RiskManagement-srv#flowable-async-job-executor-thread-843#
[PollStartAppStatusExecution] 43ad4e59-2e0c-4995-adf4-ca00afbfb842 [2026-09-16T12:30:06.268221] Cell d1cc041a-d5a1-41d6-b9f6-6cda736ce3f0 successfully created container for instance c213ebd6-66ed-4100-6acd-b195 (STDOUT, CELL)#
#2026 09 16 12:30:15.581#Z#DEBUG#d27b103a-b1c5-11f1-bf33-eeee0a8e3dbc.RiskManagement-srv#flowable-async-job-executor-thread-843#
[PollStartAppStatusExecution] 43ad4e59-2e0c-4995-adf4-ca00afbfb842 [2026-09-16T12:30:06.921807] Downloading droplet... (STDOUT, CELL)#
#2026 09 16 12:30:15.581#Z#DEBUG#d27b103a-b1c5-11f1-bf33-eeee0a8e3dbc.RiskManagement-srv#flowable-async-job-executor-thread-843#
[PollStartAppStatusExecution] 43ad4e59-2e0c-4995-adf4-ca00afbfb842 [2026-09-16T12:30:07.533235] Cell 77283d80-dfa7-40ba-ba4e-265aef112085 successfully destroyed container for instance 02880493-600f-43fe-4c9e-b83c (STDOUT, CELL)#
#2026 09 16 12:30:15.581#Z#DEBUG#d27b103a-b1c5-11f1-bf33-eeee0a8e3dbc.RiskManagement-srv#flowable-async-job-executor-thread-843#
[PollStartAppStatusExecution] 43ad4e59-2e0c-4995-adf4-ca00afbfb842 [2026-09-16T12:30:11.226637] Downloaded droplet (62.1M) (STDOUT, CELL)#
#2026 09 16 12:30:15.581#Z#DEBUG#d27b103a-b1c5-11f1-bf33-eeee0a8e3dbc.RiskManagement-srv#flowable-async-job-executor-thread-843#
[PollStartAppStatusExecution] 43ad4e59-2e0c-4995-adf4-ca00afbfb842 [2026-09-16T12:30:11.227353] Starting health monitoring of container (STDOUT, CELL)#
#2026 09 16 12:30:15.581#Z#DEBUG#d27b103a-b1c5-11f1-bf33-eeee0a8e3dbc.RiskManagement-srv#flowable-async-job-executor-thread-843#
[PollStartAppStatusExecution] 43ad4e59-2e0c-4995-adf4-ca00afbfb842 [2026-09-16T12:30:11.428554] Invoking pre-start scripts. (STDOUT, APP/PROC/WEB)#
#2026 09 16 12:30:15.581#Z#DEBUG#d27b103a-b1c5-11f1-bf33-eeee0a8e3dbc.RiskManagement-srv#flowable-async-job-executor-thread-843#
[PollStartAppStatusExecution] 43ad4e59-2e0c-4995-adf4-ca00afbfb842 [2026-09-16T12:30:11.769211] Invoking start command. (STDOUT, APP/PROC/WEB)#
#2026 09 16 12:30:15.581#Z#DEBUG#d27b103a-b1c5-11f1-bf33-eeee0a8e3dbc.RiskManagement-srv#flowable-async-job-executor-thread-843#
[PollStartAppStatusExecution] 43ad4e59-2e0c-4995-adf4-ca00afbfb842 [2026-09-16T12:30:12.480754] > RiskManagement@1.0.0 start (STDOUT, APP/PROC/WEB)#
#2026 09 16 12:30:15.581#Z#DEBUG#d27b103a-b1c5-11f1-bf33-eeee0a8e3dbc.RiskManagement-srv#flowable-async-job-executor-thread-843#
[PollStartAppStatusExecution] 43ad4e59-2e0c-4995-adf4-ca00afbfb842 [2026-09-16T12:30:12.480814] > cds-serve (STDOUT, APP/PROC/WEB)#
#2026 09 16 12:30:15.582#Z#DEBUG#d27b103a-b1c5-11f1-bf33-eeee0a8e3dbc.RiskManagement-srv#flowable-async-job-executor-thread-843#
[PollStartAppStatusExecution] 43ad4e59-2e0c-4995-adf4-ca00afbfb842 [2026-09-16T12:30:13.478512] {"level":"info","logger":"cds","timestamp":"2026-09-16T12:30:13.476Z","layer":"cds","component_type":"application","container_id":"10.32.1.5","component_id":"43ad4e59-2e0c-4995-adf4-ca00afbfb842","component_name":"RiskManagement-srv","component_instance":0,"source_instance":0,"organization_name":"47a58eedtrial","organization_id":"d7a02038-bfb6-4965-9398-981fd602b71e","space_name":"dev","space_id":"b1534f58-8387-42a5-8ece-809300958c1c","msg":"loaded model from 1 file(s):\n ","type":"log"} (STDOUT, APP/PROC/WEB)#
#2026 09 16 12:30:15.582#Z#DEBUG#d27b103a-b1c5-11f1-bf33-eeee0a8e3dbc.RiskManagement-srv#flowable-async-job-executor-thread-843#
[PollStartAppStatusExecution] 43ad4e59-2e0c-4995-adf4-ca00afbfb842 [2026-09-16T12:30:13.482790] srv/csn.json (STDOUT, APP/PROC/WEB)#
#2026 09 16 12:30:15.582#Z#DEBUG#d27b103a-b1c5-11f1-bf33-eeee0a8e3dbc.RiskManagement-srv#flowable-async-job-executor-thread-843#
[PollStartAppStatusExecution] 43ad4e59-2e0c-4995-adf4-ca00afbfb842 [2026-09-16T12:30:13.975557] {"level":"info","logger":"cds","timestamp":"2026-09-16T12:30:13.974Z","layer":"cds","component_type":"application","container_id":"10.32.1.5","component_id":"43ad4e59-2e0c-4995-adf4-ca00afbfb842","component_name":"RiskManagement-srv","component_instance":0,"source_instance":0,"organization_name":"47a58eedtrial","organization_id":"d7a02038-bfb6-4965-9398-981fd602b71e","space_name":"dev","space_id":"b1534f58-8387-42a5-8ece-809300958c1c","msg":"connect to db > hana {\n  database_id: '69bcbe67-03bc-4478-9fd0-d9ad2b0779fc',\n  host: '69bcbe67-03bc-4478-9fd0-d9ad2b0779fc.hna0.prod-us10.hanacloud.ondemand.com',\n  port: '443',\n  driver: 'com.sap.db.jdbc.Driver',\n  url: 'jdbc:sap://69bcbe67-03bc-4478-9fd0-d9ad2b0779fc.hna0.prod-us10.hanacloud.ondemand.com:443?encrypt=true&validateCertificate=true&currentschema=1D2FD6BD9AE248389E2C5DD7F64681C6',\n  schema: '1D2FD6BD9AE248389E2C5DD7F64681C6',\n  certificate: '...',\n  hdi_user: '1D2FD6BD9AE248389E2C5DD7F64681C6_BGLOAL9S8VB716N7PWHIMKK1K_DT',\n  hdi_password: '...',\n  user: '1D2FD6BD9AE248389E2C5DD7F64681C6_BGLOAL9S8VB716N7PWHIMKK1K_RT',\n  password: '...'\n}","type":"log"} (STDOUT, APP/PROC/WEB)#
#2026 09 16 12:30:15.582#Z#DEBUG#d27b103a-b1c5-11f1-bf33-eeee0a8e3dbc.RiskManagement-srv#flowable-async-job-executor-thread-843#
[PollStartAppStatusExecution] 43ad4e59-2e0c-4995-adf4-ca00afbfb842 [2026-09-16T12:30:14.104098] {"level":"info","logger":"cds","timestamp":"2026-09-16T12:30:14.102Z","layer":"cds","component_type":"application","container_id":"10.32.1.5","component_id":"43ad4e59-2e0c-4995-adf4-ca00afbfb842","component_name":"RiskManagement-srv","component_instance":0,"source_instance":0,"organization_name":"47a58eedtrial","organization_id":"d7a02038-bfb6-4965-9398-981fd602b71e","space_name":"dev","space_id":"b1534f58-8387-42a5-8ece-809300958c1c","msg":"using auth strategy { kind: 'jwt' }","type":"log"} (STDOUT, APP/PROC/WEB)#
#2026 09 16 12:30:15.582#Z#DEBUG#d27b103a-b1c5-11f1-bf33-eeee0a8e3dbc.RiskManagement-srv#flowable-async-job-executor-thread-843#
[PollStartAppStatusExecution] 43ad4e59-2e0c-4995-adf4-ca00afbfb842 [2026-09-16T12:30:14.150299] /home/vcap/app/node_modules/@sap/cds/lib/srv/middlewares/auth/jwt-auth.js:16 (STDERR, APP/PROC/WEB)#
#2026 09 16 12:30:15.582#Z#DEBUG#d27b103a-b1c5-11f1-bf33-eeee0a8e3dbc.RiskManagement-srv#flowable-async-job-executor-thread-843#
[PollStartAppStatusExecution] 43ad4e59-2e0c-4995-adf4-ca00afbfb842 [2026-09-16T12:30:14.150356] throw new Error( (STDERR, APP/PROC/WEB)#
#2026 09 16 12:30:15.582#Z#DEBUG#d27b103a-b1c5-11f1-bf33-eeee0a8e3dbc.RiskManagement-srv#flowable-async-job-executor-thread-843#
[PollStartAppStatusExecution] 43ad4e59-2e0c-4995-adf4-ca00afbfb842 [2026-09-16T12:30:14.150363] ^ (STDERR, APP/PROC/WEB)#
#2026 09 16 12:30:15.582#Z#DEBUG#d27b103a-b1c5-11f1-bf33-eeee0a8e3dbc.RiskManagement-srv#flowable-async-job-executor-thread-843#
[PollStartAppStatusExecution] 43ad4e59-2e0c-4995-adf4-ca00afbfb842 [2026-09-16T12:30:14.150371] Error: Authentication kind "jwt" configured, but no XSUAA instance bound to application. Either bind an XSUAA instance, or switch to an authentication kind that does not require a binding. (STDERR, APP/PROC/WEB)#
#2026 09 16 12:30:15.582#Z#DEBUG#d27b103a-b1c5-11f1-bf33-eeee0a8e3dbc.RiskManagement-srv#flowable-async-job-executor-thread-843#
[PollStartAppStatusExecution] 43ad4e59-2e0c-4995-adf4-ca00afbfb842 [2026-09-16T12:30:14.150379] at jwt_auth (/home/vcap/app/node_modules/@sap/cds/lib/srv/middlewares/auth/jwt-auth.js:16:11) (STDERR, APP/PROC/WEB)#
#2026 09 16 12:30:15.582#Z#DEBUG#d27b103a-b1c5-11f1-bf33-eeee0a8e3dbc.RiskManagement-srv#flowable-async-job-executor-thread-843#
[PollStartAppStatusExecution] 43ad4e59-2e0c-4995-adf4-ca00afbfb842 [2026-09-16T12:30:14.150382] at auth_factory (/home/vcap/app/node_modules/@sap/cds/lib/srv/middlewares/auth/index.js:49:61) (STDERR, APP/PROC/WEB)#
#2026 09 16 12:30:15.582#Z#DEBUG#d27b103a-b1c5-11f1-bf33-eeee0a8e3dbc.RiskManagement-srv#flowable-async-job-executor-thread-843#
[PollStartAppStatusExecution] 43ad4e59-2e0c-4995-adf4-ca00afbfb842 [2026-09-16T12:30:14.150390] at _instantiate (/home/vcap/app/node_modules/@sap/cds/lib/srv/middlewares/index.js:49:12) (STDERR, APP/PROC/WEB)#
#2026 09 16 12:30:15.582#Z#DEBUG#d27b103a-b1c5-11f1-bf33-eeee0a8e3dbc.RiskManagement-srv#flowable-async-job-executor-thread-843#
[PollStartAppStatusExecution] 43ad4e59-2e0c-4995-adf4-ca00afbfb842 [2026-09-16T12:30:14.150394] at /home/vcap/app/node_modules/@sap/cds/lib/srv/middlewares/index.js:13:13 (STDERR, APP/PROC/WEB)#
#2026 09 16 12:30:15.582#Z#DEBUG#d27b103a-b1c5-11f1-bf33-eeee0a8e3dbc.RiskManagement-srv#flowable-async-job-executor-thread-843#
[PollStartAppStatusExecution] 43ad4e59-2e0c-4995-adf4-ca00afbfb842 [2026-09-16T12:30:14.150399] at Array.map (<anonymous>) (STDERR, APP/PROC/WEB)#
#2026 09 16 12:30:15.582#Z#DEBUG#d27b103a-b1c5-11f1-bf33-eeee0a8e3dbc.RiskManagement-srv#flowable-async-job-executor-thread-843#
[PollStartAppStatusExecution] 43ad4e59-2e0c-4995-adf4-ca00afbfb842 [2026-09-16T12:30:14.150403] at Object.<anonymous> (/home/vcap/app/node_modules/@sap/cds/lib/srv/middlewares/index.js:13:3) (STDERR, APP/PROC/WEB)#
#2026 09 16 12:30:15.582#Z#DEBUG#d27b103a-b1c5-11f1-bf33-eeee0a8e3dbc.RiskManagement-srv#flowable-async-job-executor-thread-843#
[PollStartAppStatusExecution] 43ad4e59-2e0c-4995-adf4-ca00afbfb842 [2026-09-16T12:30:14.150405] at Module._compile (node:internal/modules/cjs/loader:1871:14) (STDERR, APP/PROC/WEB)#
#2026 09 16 12:30:15.582#Z#DEBUG#d27b103a-b1c5-11f1-bf33-eeee0a8e3dbc.RiskManagement-srv#flowable-async-job-executor-thread-843#
[PollStartAppStatusExecution] 43ad4e59-2e0c-4995-adf4-ca00afbfb842 [2026-09-16T12:30:14.150412] at Object..js (node:internal/modules/cjs/loader:2002:10) (STDERR, APP/PROC/WEB)#
#2026 09 16 12:30:15.582#Z#DEBUG#d27b103a-b1c5-11f1-bf33-eeee0a8e3dbc.RiskManagement-srv#flowable-async-job-executor-thread-843#
[PollStartAppStatusExecution] 43ad4e59-2e0c-4995-adf4-ca00afbfb842 [2026-09-16T12:30:14.150415] at Module.load (node:internal/modules/cjs/loader:1594:32) (STDERR, APP/PROC/WEB)#
#2026 09 16 12:30:15.582#Z#DEBUG#d27b103a-b1c5-11f1-bf33-eeee0a8e3dbc.RiskManagement-srv#flowable-async-job-executor-thread-843#
[PollStartAppStatusExecution] 43ad4e59-2e0c-4995-adf4-ca00afbfb842 [2026-09-16T12:30:14.150417] at Module._load (node:internal/modules/cjs/loader:1396:12) (STDERR, APP/PROC/WEB)#
#2026 09 16 12:30:15.582#Z#DEBUG#d27b103a-b1c5-11f1-bf33-eeee0a8e3dbc.RiskManagement-srv#flowable-async-job-executor-thread-843#
[PollStartAppStatusExecution] 43ad4e59-2e0c-4995-adf4-ca00afbfb842 [2026-09-16T12:30:14.150421] Node.js v24.18.0 (STDERR, APP/PROC/WEB)#
#2026 09 16 12:30:15.582#Z#DEBUG#d27b103a-b1c5-11f1-bf33-eeee0a8e3dbc.RiskManagement-srv#flowable-async-job-executor-thread-843#
[PollStartAppStatusExecution] 43ad4e59-2e0c-4995-adf4-ca00afbfb842 [2026-09-16T12:30:14.188214] npm notice (STDERR, APP/PROC/WEB)#
#2026 09 16 12:30:15.582#Z#DEBUG#d27b103a-b1c5-11f1-bf33-eeee0a8e3dbc.RiskManagement-srv#flowable-async-job-executor-thread-843#
[PollStartAppStatusExecution] 43ad4e59-2e0c-4995-adf4-ca00afbfb842 [2026-09-16T12:30:14.188253] npm notice New major version of npm available! 11.16.0 -> 12.0.2 (STDERR, APP/PROC/WEB)#
#2026 09 16 12:30:15.582#Z#DEBUG#d27b103a-b1c5-11f1-bf33-eeee0a8e3dbc.RiskManagement-srv#flowable-async-job-executor-thread-843#
[PollStartAppStatusExecution] 43ad4e59-2e0c-4995-adf4-ca00afbfb842 [2026-09-16T12:30:14.188260] npm notice Changelog: https://github.com/npm/cli/releases/tag/v12.0.2 (STDERR, APP/PROC/WEB)#
#2026 09 16 12:30:15.582#Z#DEBUG#d27b103a-b1c5-11f1-bf33-eeee0a8e3dbc.RiskManagement-srv#flowable-async-job-executor-thread-843#
[PollStartAppStatusExecution] 43ad4e59-2e0c-4995-adf4-ca00afbfb842 [2026-09-16T12:30:14.188264] npm notice To update run: npm install -g npm@12.0.2 (STDERR, APP/PROC/WEB)#
#2026 09 16 12:30:15.582#Z#DEBUG#d27b103a-b1c5-11f1-bf33-eeee0a8e3dbc.RiskManagement-srv#flowable-async-job-executor-thread-843#
[PollStartAppStatusExecution] 43ad4e59-2e0c-4995-adf4-ca00afbfb842 [2026-09-16T12:30:14.188267] npm notice (STDERR, APP/PROC/WEB)#
#2026 09 16 12:30:15.582#Z#DEBUG#d27b103a-b1c5-11f1-bf33-eeee0a8e3dbc.RiskManagement-srv#flowable-async-job-executor-thread-843#
[PollStartAppStatusExecution] 43ad4e59-2e0c-4995-adf4-ca00afbfb842 [2026-09-16T12:30:14.287450] Exit status 1 (STDOUT, APP/PROC/WEB)#
#2026 09 16 12:30:25.543#Z#DEBUG#d27b103a-b1c5-11f1-bf33-eeee0a8e3dbc.RiskManagement-srv#flowable-async-job-executor-thread-852#
[PollStartAppStatusExecution] 43ad4e59-2e0c-4995-adf4-ca00afbfb842 [2026-09-16T12:30:20.945824] Cell d1cc041a-d5a1-41d6-b9f6-6cda736ce3f0 stopping instance c213ebd6-66ed-4100-6acd-b195 (STDOUT, CELL)#
#2026 09 16 12:30:25.543#Z#DEBUG#d27b103a-b1c5-11f1-bf33-eeee0a8e3dbc.RiskManagement-srv#flowable-async-job-executor-thread-852#
[PollStartAppStatusExecution] 43ad4e59-2e0c-4995-adf4-ca00afbfb842 [2026-09-16T12:30:20.945914] Cell d1cc041a-d5a1-41d6-b9f6-6cda736ce3f0 destroying container for instance c213ebd6-66ed-4100-6acd-b195 (STDOUT, CELL)#
#2026 09 16 12:30:25.543#Z#DEBUG#d27b103a-b1c5-11f1-bf33-eeee0a8e3dbc.RiskManagement-srv#flowable-async-job-executor-thread-852#
[PollStartAppStatusExecution] 43ad4e59-2e0c-4995-adf4-ca00afbfb842 [2026-09-16T12:30:20.977695] Process has crashed with type: "web" (STDOUT, API)#
#2026 09 16 12:30:25.543#Z#DEBUG#d27b103a-b1c5-11f1-bf33-eeee0a8e3dbc.RiskManagement-srv#flowable-async-job-executor-thread-852#
[PollStartAppStatusExecution] 43ad4e59-2e0c-4995-adf4-ca00afbfb842 [2026-09-16T12:30:20.992986] App instance exited with guid 43ad4e59-2e0c-4995-adf4-ca00afbfb842 payload: {"instance"=>"c213ebd6-66ed-4100-6acd-b195", "index"=>0, "cell_id"=>"d1cc041a-d5a1-41d6-b9f6-6cda736ce3f0", "reason"=>"CRASHED", "exit_description"=>"APP/PROC/WEB: Exited with status 1", "crash_count"=>3, "crash_timestamp"=>1789561820941434981, "version"=>"9f31dce8-b254-4b5f-bda0-7019c66a8674"} (STDOUT, API)#
#2026 09 16 12:30:25.543#Z#DEBUG#d27b103a-b1c5-11f1-bf33-eeee0a8e3dbc.RiskManagement-srv#flowable-async-job-executor-thread-852#
[PollStartAppStatusExecution] 43ad4e59-2e0c-4995-adf4-ca00afbfb842 [2026-09-16T12:30:21.245041] Exit status 137 (STDOUT, PROXY)#
#2026 09 16 12:30:25.543#Z#DEBUG#d27b103a-b1c5-11f1-bf33-eeee0a8e3dbc.RiskManagement-srv#flowable-async-job-executor-thread-852#
[PollStartAppStatusExecution] 43ad4e59-2e0c-4995-adf4-ca00afbfb842 [2026-09-16T12:30:23.957811] Cell d1cc041a-d5a1-41d6-b9f6-6cda736ce3f0 successfully destroyed container for instance c213ebd6-66ed-4100-6acd-b195 (STDOUT, CELL)#
#2026 09 16 12:30:35.745#Z#DEBUG#d27b103a-b1c5-11f1-bf33-eeee0a8e3dbc.RiskManagement-srv#flowable-async-job-executor-thread-2714#
[PollStartAppStatusExecution] 43ad4e59-2e0c-4995-adf4-ca00afbfb842 [2026-09-16T12:30:20.945824] Cell d1cc041a-d5a1-41d6-b9f6-6cda736ce3f0 stopping instance c213ebd6-66ed-4100-6acd-b195 (STDOUT, CELL)#
#2026 09 16 12:30:35.745#Z#DEBUG#d27b103a-b1c5-11f1-bf33-eeee0a8e3dbc.RiskManagement-srv#flowable-async-job-executor-thread-2714#
[PollStartAppStatusExecution] 43ad4e59-2e0c-4995-adf4-ca00afbfb842 [2026-09-16T12:30:20.945914] Cell d1cc041a-d5a1-41d6-b9f6-6cda736ce3f0 destroying container for instance c213ebd6-66ed-4100-6acd-b195 (STDOUT, CELL)#
#2026 09 16 12:30:35.745#Z#DEBUG#d27b103a-b1c5-11f1-bf33-eeee0a8e3dbc.RiskManagement-srv#flowable-async-job-executor-thread-2714#
[PollStartAppStatusExecution] 43ad4e59-2e0c-4995-adf4-ca00afbfb842 [2026-09-16T12:30:20.977695] Process has crashed with type: "web" (STDOUT, API)#
#2026 09 16 12:30:35.745#Z#DEBUG#d27b103a-b1c5-11f1-bf33-eeee0a8e3dbc.RiskManagement-srv#flowable-async-job-executor-thread-2714#
[PollStartAppStatusExecution] 43ad4e59-2e0c-4995-adf4-ca00afbfb842 [2026-09-16T12:30:20.992986] App instance exited with guid 43ad4e59-2e0c-4995-adf4-ca00afbfb842 payload: {"instance"=>"c213ebd6-66ed-4100-6acd-b195", "index"=>0, "cell_id"=>"d1cc041a-d5a1-41d6-b9f6-6cda736ce3f0", "reason"=>"CRASHED", "exit_description"=>"APP/PROC/WEB: Exited with status 1", "crash_count"=>3, "crash_timestamp"=>1789561820941434981, "version"=>"9f31dce8-b254-4b5f-bda0-7019c66a8674"} (STDOUT, API)#
#2026 09 16 12:30:35.745#Z#DEBUG#d27b103a-b1c5-11f1-bf33-eeee0a8e3dbc.RiskManagement-srv#flowable-async-job-executor-thread-2714#
[PollStartAppStatusExecution] 43ad4e59-2e0c-4995-adf4-ca00afbfb842 [2026-09-16T12:30:21.245041] Exit status 137 (STDOUT, PROXY)#
#2026 09 16 12:30:35.745#Z#DEBUG#d27b103a-b1c5-11f1-bf33-eeee0a8e3dbc.RiskManagement-srv#flowable-async-job-executor-thread-2714#
[PollStartAppStatusExecution] 43ad4e59-2e0c-4995-adf4-ca00afbfb842 [2026-09-16T12:30:23.957811] Cell d1cc041a-d5a1-41d6-b9f6-6cda736ce3f0 successfully destroyed container for instance c213ebd6-66ed-4100-6acd-b195 (STDOUT, CELL)#
#2026 09 16 12:30:35.745#Z#DEBUG#d27b103a-b1c5-11f1-bf33-eeee0a8e3dbc.RiskManagement-srv#flowable-async-job-executor-thread-2714#
[PollStartAppStatusExecution] 43ad4e59-2e0c-4995-adf4-ca00afbfb842 [2026-09-16T12:30:28.448201] Stopping app with guid 43ad4e59-2e0c-4995-adf4-ca00afbfb842 (STDOUT, API)#
#2026 09 16 12:30:35.745#Z#DEBUG#d27b103a-b1c5-11f1-bf33-eeee0a8e3dbc.RiskManagement-srv#flowable-async-job-executor-thread-2714#
[PollStartAppStatusExecution] 43ad4e59-2e0c-4995-adf4-ca00afbfb842 [2026-09-16T12:30:28.606936] Starting app with guid 43ad4e59-2e0c-4995-adf4-ca00afbfb842 (STDOUT, API)#
#2026 09 16 12:30:35.745#Z#DEBUG#d27b103a-b1c5-11f1-bf33-eeee0a8e3dbc.RiskManagement-srv#flowable-async-job-executor-thread-2714#
[PollStartAppStatusExecution] 43ad4e59-2e0c-4995-adf4-ca00afbfb842 [2026-09-16T12:30:28.960247] Cell 684caff8-89cd-492b-be01-b3d0835f1763 creating container for instance 16be491c-deea-4358-7e96-ab25 (STDOUT, CELL)#
#2026 09 16 12:30:35.745#Z#DEBUG#d27b103a-b1c5-11f1-bf33-eeee0a8e3dbc.RiskManagement-srv#flowable-async-job-executor-thread-2714#
[PollStartAppStatusExecution] 43ad4e59-2e0c-4995-adf4-ca00afbfb842 [2026-09-16T12:30:29.882572] Security group rules were updated (STDOUT, CELL)#
#2026 09 16 12:30:35.745#Z#DEBUG#d27b103a-b1c5-11f1-bf33-eeee0a8e3dbc.RiskManagement-srv#flowable-async-job-executor-thread-2714#
[PollStartAppStatusExecution] 43ad4e59-2e0c-4995-adf4-ca00afbfb842 [2026-09-16T12:30:29.971746] Cell 684caff8-89cd-492b-be01-b3d0835f1763 successfully created container for instance 16be491c-deea-4358-7e96-ab25 (STDOUT, CELL)#
#2026 09 16 12:30:35.745#Z#DEBUG#d27b103a-b1c5-11f1-bf33-eeee0a8e3dbc.RiskManagement-srv#flowable-async-job-executor-thread-2714#
[PollStartAppStatusExecution] 43ad4e59-2e0c-4995-adf4-ca00afbfb842 [2026-09-16T12:30:30.520197] Downloading droplet... (STDOUT, CELL)#
#2026 09 16 12:30:35.745#Z#DEBUG#d27b103a-b1c5-11f1-bf33-eeee0a8e3dbc.RiskManagement-srv#flowable-async-job-executor-thread-2714#
[PollStartAppStatusExecution] 43ad4e59-2e0c-4995-adf4-ca00afbfb842 [2026-09-16T12:30:34.611356] Downloaded droplet (62.1M) (STDOUT, CELL)#
#2026 09 16 12:30:35.745#Z#DEBUG#d27b103a-b1c5-11f1-bf33-eeee0a8e3dbc.RiskManagement-srv#flowable-async-job-executor-thread-2714#
[PollStartAppStatusExecution] 43ad4e59-2e0c-4995-adf4-ca00afbfb842 [2026-09-16T12:30:34.611494] Starting health monitoring of container (STDOUT, CELL)#
#2026 09 16 12:30:35.746#Z#DEBUG#d27b103a-b1c5-11f1-bf33-eeee0a8e3dbc.RiskManagement-srv#flowable-async-job-executor-thread-2714#
[PollStartAppStatusExecution] 43ad4e59-2e0c-4995-adf4-ca00afbfb842 [2026-09-16T12:30:34.759080] Invoking pre-start scripts. (STDOUT, APP/PROC/WEB)#
#2026 09 16 12:30:35.746#Z#DEBUG#d27b103a-b1c5-11f1-bf33-eeee0a8e3dbc.RiskManagement-srv#flowable-async-job-executor-thread-2714#
[PollStartAppStatusExecution] 43ad4e59-2e0c-4995-adf4-ca00afbfb842 [2026-09-16T12:30:35.024975] Invoking start command. (STDOUT, APP/PROC/WEB)#
#2026 09 16 12:30:35.746#Z#DEBUG#d27b103a-b1c5-11f1-bf33-eeee0a8e3dbc.RiskManagement-srv#flowable-async-job-executor-thread-2714#
[PollStartAppStatusExecution] 43ad4e59-2e0c-4995-adf4-ca00afbfb842 [2026-09-16T12:30:35.509207] > RiskManagement@1.0.0 start (STDOUT, APP/PROC/WEB)#
#2026 09 16 12:30:35.746#Z#DEBUG#d27b103a-b1c5-11f1-bf33-eeee0a8e3dbc.RiskManagement-srv#flowable-async-job-executor-thread-2714#
[PollStartAppStatusExecution] 43ad4e59-2e0c-4995-adf4-ca00afbfb842 [2026-09-16T12:30:35.509245] > cds-serve (STDOUT, APP/PROC/WEB)#
#2026 09 16 12:30:45.770#Z#DEBUG#d27b103a-b1c5-11f1-bf33-eeee0a8e3dbc.RiskManagement-srv#flowable-async-job-executor-thread-906#
[PollStartAppStatusExecution] 43ad4e59-2e0c-4995-adf4-ca00afbfb842 [2026-09-16T12:30:36.007078] {"level":"info","logger":"cds","timestamp":"2026-09-16T12:30:36.005Z","layer":"cds","component_type":"application","container_id":"10.32.1.6","component_id":"43ad4e59-2e0c-4995-adf4-ca00afbfb842","component_name":"RiskManagement-srv","component_instance":0,"source_instance":0,"organization_name":"47a58eedtrial","organization_id":"d7a02038-bfb6-4965-9398-981fd602b71e","space_name":"dev","space_id":"b1534f58-8387-42a5-8ece-809300958c1c","msg":"loaded model from 1 file(s):\n ","type":"log"} (STDOUT, APP/PROC/WEB)#
#2026 09 16 12:30:45.770#Z#DEBUG#d27b103a-b1c5-11f1-bf33-eeee0a8e3dbc.RiskManagement-srv#flowable-async-job-executor-thread-906#
[PollStartAppStatusExecution] 43ad4e59-2e0c-4995-adf4-ca00afbfb842 [2026-09-16T12:30:36.007498] srv/csn.json (STDOUT, APP/PROC/WEB)#
#2026 09 16 12:30:45.770#Z#DEBUG#d27b103a-b1c5-11f1-bf33-eeee0a8e3dbc.RiskManagement-srv#flowable-async-job-executor-thread-906#
[PollStartAppStatusExecution] 43ad4e59-2e0c-4995-adf4-ca00afbfb842 [2026-09-16T12:30:36.330123] {"level":"info","logger":"cds","timestamp":"2026-09-16T12:30:36.329Z","layer":"cds","component_type":"application","container_id":"10.32.1.6","component_id":"43ad4e59-2e0c-4995-adf4-ca00afbfb842","component_name":"RiskManagement-srv","component_instance":0,"source_instance":0,"organization_name":"47a58eedtrial","organization_id":"d7a02038-bfb6-4965-9398-981fd602b71e","space_name":"dev","space_id":"b1534f58-8387-42a5-8ece-809300958c1c","msg":"connect to db > hana {\n  database_id: '69bcbe67-03bc-4478-9fd0-d9ad2b0779fc',\n  host: '69bcbe67-03bc-4478-9fd0-d9ad2b0779fc.hna0.prod-us10.hanacloud.ondemand.com',\n  port: '443',\n  driver: 'com.sap.db.jdbc.Driver',\n  url: 'jdbc:sap://69bcbe67-03bc-4478-9fd0-d9ad2b0779fc.hna0.prod-us10.hanacloud.ondemand.com:443?encrypt=true&validateCertificate=true&currentschema=1D2FD6BD9AE248389E2C5DD7F64681C6',\n  schema: '1D2FD6BD9AE248389E2C5DD7F64681C6',\n  certificate: '...',\n  hdi_user: '1D2FD6BD9AE248389E2C5DD7F64681C6_BGLOAL9S8VB716N7PWHIMKK1K_DT',\n  hdi_password: '...',\n  user: '1D2FD6BD9AE248389E2C5DD7F64681C6_BGLOAL9S8VB716N7PWHIMKK1K_RT',\n  password: '...'\n}","type":"log"} (STDOUT, APP/PROC/WEB)#
#2026 09 16 12:30:45.770#Z#DEBUG#d27b103a-b1c5-11f1-bf33-eeee0a8e3dbc.RiskManagement-srv#flowable-async-job-executor-thread-906#
[PollStartAppStatusExecution] 43ad4e59-2e0c-4995-adf4-ca00afbfb842 [2026-09-16T12:30:36.387222] {"level":"info","logger":"cds","timestamp":"2026-09-16T12:30:36.386Z","layer":"cds","component_type":"application","container_id":"10.32.1.6","component_id":"43ad4e59-2e0c-4995-adf4-ca00afbfb842","component_name":"RiskManagement-srv","component_instance":0,"source_instance":0,"organization_name":"47a58eedtrial","organization_id":"d7a02038-bfb6-4965-9398-981fd602b71e","space_name":"dev","space_id":"b1534f58-8387-42a5-8ece-809300958c1c","msg":"using auth strategy { kind: 'jwt' }","type":"log"} (STDOUT, APP/PROC/WEB)#
#2026 09 16 12:30:45.770#Z#DEBUG#d27b103a-b1c5-11f1-bf33-eeee0a8e3dbc.RiskManagement-srv#flowable-async-job-executor-thread-906#
[PollStartAppStatusExecution] 43ad4e59-2e0c-4995-adf4-ca00afbfb842 [2026-09-16T12:30:36.415180] /home/vcap/app/node_modules/@sap/cds/lib/srv/middlewares/auth/jwt-auth.js:16 (STDERR, APP/PROC/WEB)#
#2026 09 16 12:30:45.770#Z#DEBUG#d27b103a-b1c5-11f1-bf33-eeee0a8e3dbc.RiskManagement-srv#flowable-async-job-executor-thread-906#
[PollStartAppStatusExecution] 43ad4e59-2e0c-4995-adf4-ca00afbfb842 [2026-09-16T12:30:36.415213] throw new Error( (STDERR, APP/PROC/WEB)#
#2026 09 16 12:30:45.770#Z#DEBUG#d27b103a-b1c5-11f1-bf33-eeee0a8e3dbc.RiskManagement-srv#flowable-async-job-executor-thread-906#
[PollStartAppStatusExecution] 43ad4e59-2e0c-4995-adf4-ca00afbfb842 [2026-09-16T12:30:36.415219] ^ (STDERR, APP/PROC/WEB)#
#2026 09 16 12:30:45.770#Z#DEBUG#d27b103a-b1c5-11f1-bf33-eeee0a8e3dbc.RiskManagement-srv#flowable-async-job-executor-thread-906#
[PollStartAppStatusExecution] 43ad4e59-2e0c-4995-adf4-ca00afbfb842 [2026-09-16T12:30:36.415227] Error: Authentication kind "jwt" configured, but no XSUAA instance bound to application. Either bind an XSUAA instance, or switch to an authentication kind that does not require a binding. (STDERR, APP/PROC/WEB)#
#2026 09 16 12:30:45.770#Z#DEBUG#d27b103a-b1c5-11f1-bf33-eeee0a8e3dbc.RiskManagement-srv#flowable-async-job-executor-thread-906#
[PollStartAppStatusExecution] 43ad4e59-2e0c-4995-adf4-ca00afbfb842 [2026-09-16T12:30:36.415233] at jwt_auth (/home/vcap/app/node_modules/@sap/cds/lib/srv/middlewares/auth/jwt-auth.js:16:11) (STDERR, APP/PROC/WEB)#
#2026 09 16 12:30:45.770#Z#DEBUG#d27b103a-b1c5-11f1-bf33-eeee0a8e3dbc.RiskManagement-srv#flowable-async-job-executor-thread-906#
[PollStartAppStatusExecution] 43ad4e59-2e0c-4995-adf4-ca00afbfb842 [2026-09-16T12:30:36.415236] at auth_factory (/home/vcap/app/node_modules/@sap/cds/lib/srv/middlewares/auth/index.js:49:61) (STDERR, APP/PROC/WEB)#
#2026 09 16 12:30:45.770#Z#DEBUG#d27b103a-b1c5-11f1-bf33-eeee0a8e3dbc.RiskManagement-srv#flowable-async-job-executor-thread-906#
[PollStartAppStatusExecution] 43ad4e59-2e0c-4995-adf4-ca00afbfb842 [2026-09-16T12:30:36.415243] at _instantiate (/home/vcap/app/node_modules/@sap/cds/lib/srv/middlewares/index.js:49:12) (STDERR, APP/PROC/WEB)#
#2026 09 16 12:30:45.770#Z#DEBUG#d27b103a-b1c5-11f1-bf33-eeee0a8e3dbc.RiskManagement-srv#flowable-async-job-executor-thread-906#
[PollStartAppStatusExecution] 43ad4e59-2e0c-4995-adf4-ca00afbfb842 [2026-09-16T12:30:36.415247] at /home/vcap/app/node_modules/@sap/cds/lib/srv/middlewares/index.js:13:13 (STDERR, APP/PROC/WEB)#
#2026 09 16 12:30:45.770#Z#DEBUG#d27b103a-b1c5-11f1-bf33-eeee0a8e3dbc.RiskManagement-srv#flowable-async-job-executor-thread-906#
[PollStartAppStatusExecution] 43ad4e59-2e0c-4995-adf4-ca00afbfb842 [2026-09-16T12:30:36.415251] at Array.map (<anonymous>) (STDERR, APP/PROC/WEB)#
#2026 09 16 12:30:45.770#Z#DEBUG#d27b103a-b1c5-11f1-bf33-eeee0a8e3dbc.RiskManagement-srv#flowable-async-job-executor-thread-906#
[PollStartAppStatusExecution] 43ad4e59-2e0c-4995-adf4-ca00afbfb842 [2026-09-16T12:30:36.415258] at Object.<anonymous> (/home/vcap/app/node_modules/@sap/cds/lib/srv/middlewares/index.js:13:3) (STDERR, APP/PROC/WEB)#
#2026 09 16 12:30:45.770#Z#DEBUG#d27b103a-b1c5-11f1-bf33-eeee0a8e3dbc.RiskManagement-srv#flowable-async-job-executor-thread-906#
[PollStartAppStatusExecution] 43ad4e59-2e0c-4995-adf4-ca00afbfb842 [2026-09-16T12:30:36.415262] at Module._compile (node:internal/modules/cjs/loader:1871:14) (STDERR, APP/PROC/WEB)#
#2026 09 16 12:30:45.770#Z#DEBUG#d27b103a-b1c5-11f1-bf33-eeee0a8e3dbc.RiskManagement-srv#flowable-async-job-executor-thread-906#
[PollStartAppStatusExecution] 43ad4e59-2e0c-4995-adf4-ca00afbfb842 [2026-09-16T12:30:36.415266] at Object..js (node:internal/modules/cjs/loader:2002:10) (STDERR, APP/PROC/WEB)#
#2026 09 16 12:30:45.770#Z#DEBUG#d27b103a-b1c5-11f1-bf33-eeee0a8e3dbc.RiskManagement-srv#flowable-async-job-executor-thread-906#
[PollStartAppStatusExecution] 43ad4e59-2e0c-4995-adf4-ca00afbfb842 [2026-09-16T12:30:36.415268] at Module.load (node:internal/modules/cjs/loader:1594:32) (STDERR, APP/PROC/WEB)#
#2026 09 16 12:30:45.770#Z#DEBUG#d27b103a-b1c5-11f1-bf33-eeee0a8e3dbc.RiskManagement-srv#flowable-async-job-executor-thread-906#
[PollStartAppStatusExecution] 43ad4e59-2e0c-4995-adf4-ca00afbfb842 [2026-09-16T12:30:36.415272] at Module._load (node:internal/modules/cjs/loader:1396:12) (STDERR, APP/PROC/WEB)#
#2026 09 16 12:30:45.770#Z#DEBUG#d27b103a-b1c5-11f1-bf33-eeee0a8e3dbc.RiskManagement-srv#flowable-async-job-executor-thread-906#
[PollStartAppStatusExecution] 43ad4e59-2e0c-4995-adf4-ca00afbfb842 [2026-09-16T12:30:36.415287] Node.js v24.18.0 (STDERR, APP/PROC/WEB)#
#2026 09 16 12:30:45.770#Z#DEBUG#d27b103a-b1c5-11f1-bf33-eeee0a8e3dbc.RiskManagement-srv#flowable-async-job-executor-thread-906#
[PollStartAppStatusExecution] 43ad4e59-2e0c-4995-adf4-ca00afbfb842 [2026-09-16T12:30:36.448386] npm notice (STDERR, APP/PROC/WEB)#
#2026 09 16 12:30:45.770#Z#DEBUG#d27b103a-b1c5-11f1-bf33-eeee0a8e3dbc.RiskManagement-srv#flowable-async-job-executor-thread-906#
[PollStartAppStatusExecution] 43ad4e59-2e0c-4995-adf4-ca00afbfb842 [2026-09-16T12:30:36.448420] npm notice New major version of npm available! 11.16.0 -> 12.0.2 (STDERR, APP/PROC/WEB)#
#2026 09 16 12:30:45.770#Z#DEBUG#d27b103a-b1c5-11f1-bf33-eeee0a8e3dbc.RiskManagement-srv#flowable-async-job-executor-thread-906#
[PollStartAppStatusExecution] 43ad4e59-2e0c-4995-adf4-ca00afbfb842 [2026-09-16T12:30:36.448425] npm notice Changelog: https://github.com/npm/cli/releases/tag/v12.0.2 (STDERR, APP/PROC/WEB)#
#2026 09 16 12:30:45.770#Z#DEBUG#d27b103a-b1c5-11f1-bf33-eeee0a8e3dbc.RiskManagement-srv#flowable-async-job-executor-thread-906#
[PollStartAppStatusExecution] 43ad4e59-2e0c-4995-adf4-ca00afbfb842 [2026-09-16T12:30:36.448429] npm notice To update run: npm install -g npm@12.0.2 (STDERR, APP/PROC/WEB)#
#2026 09 16 12:30:45.770#Z#DEBUG#d27b103a-b1c5-11f1-bf33-eeee0a8e3dbc.RiskManagement-srv#flowable-async-job-executor-thread-906#
[PollStartAppStatusExecution] 43ad4e59-2e0c-4995-adf4-ca00afbfb842 [2026-09-16T12:30:36.448433] npm notice (STDERR, APP/PROC/WEB)#
#2026 09 16 12:30:45.770#Z#DEBUG#d27b103a-b1c5-11f1-bf33-eeee0a8e3dbc.RiskManagement-srv#flowable-async-job-executor-thread-906#
[PollStartAppStatusExecution] 43ad4e59-2e0c-4995-adf4-ca00afbfb842 [2026-09-16T12:30:36.525322] Exit status 1 (STDOUT, APP/PROC/WEB)#
#2026 09 16 12:30:45.770#Z#DEBUG#d27b103a-b1c5-11f1-bf33-eeee0a8e3dbc.RiskManagement-srv#flowable-async-job-executor-thread-906#
[PollStartAppStatusExecution] 43ad4e59-2e0c-4995-adf4-ca00afbfb842 [2026-09-16T12:30:42.599756] Cell 684caff8-89cd-492b-be01-b3d0835f1763 stopping instance 16be491c-deea-4358-7e96-ab25 (STDOUT, CELL)#
#2026 09 16 12:30:45.770#Z#DEBUG#d27b103a-b1c5-11f1-bf33-eeee0a8e3dbc.RiskManagement-srv#flowable-async-job-executor-thread-906#
[PollStartAppStatusExecution] 43ad4e59-2e0c-4995-adf4-ca00afbfb842 [2026-09-16T12:30:42.599805] Cell 684caff8-89cd-492b-be01-b3d0835f1763 destroying container for instance 16be491c-deea-4358-7e96-ab25 (STDOUT, CELL)#
#2026 09 16 12:30:45.770#Z#DEBUG#d27b103a-b1c5-11f1-bf33-eeee0a8e3dbc.RiskManagement-srv#flowable-async-job-executor-thread-906#
[PollStartAppStatusExecution] 43ad4e59-2e0c-4995-adf4-ca00afbfb842 [2026-09-16T12:30:42.617361] Process has crashed with type: "web" (STDOUT, API)#
#2026 09 16 12:30:45.770#Z#DEBUG#d27b103a-b1c5-11f1-bf33-eeee0a8e3dbc.RiskManagement-srv#flowable-async-job-executor-thread-906#
[PollStartAppStatusExecution] 43ad4e59-2e0c-4995-adf4-ca00afbfb842 [2026-09-16T12:30:42.630836] App instance exited with guid 43ad4e59-2e0c-4995-adf4-ca00afbfb842 payload: {"instance"=>"16be491c-deea-4358-7e96-ab25", "index"=>0, "cell_id"=>"684caff8-89cd-492b-be01-b3d0835f1763", "reason"=>"CRASHED", "exit_description"=>"APP/PROC/WEB: Exited with status 1", "crash_count"=>1, "crash_timestamp"=>1789561842581439266, "version"=>"91e5b636-da7f-41dc-bd4b-e0f886db9db1"} (STDOUT, API)#
#2026 09 16 12:30:45.770#Z#DEBUG#d27b103a-b1c5-11f1-bf33-eeee0a8e3dbc.RiskManagement-srv#flowable-async-job-executor-thread-906#
[PollStartAppStatusExecution] 43ad4e59-2e0c-4995-adf4-ca00afbfb842 [2026-09-16T12:30:42.841078] Cell 77283d80-dfa7-40ba-ba4e-265aef112085 creating container for instance 9640c120-2a3a-4559-42a5-e282 (STDOUT, CELL)#
#2026 09 16 12:30:45.770#Z#DEBUG#d27b103a-b1c5-11f1-bf33-eeee0a8e3dbc.RiskManagement-srv#flowable-async-job-executor-thread-906#
[PollStartAppStatusExecution] 43ad4e59-2e0c-4995-adf4-ca00afbfb842 [2026-09-16T12:30:42.844286] Exit status 137 (STDOUT, PROXY)#
#2026 09 16 12:30:45.770#Z#DEBUG#d27b103a-b1c5-11f1-bf33-eeee0a8e3dbc.RiskManagement-srv#flowable-async-job-executor-thread-906#
[PollStartAppStatusExecution] 43ad4e59-2e0c-4995-adf4-ca00afbfb842 [2026-09-16T12:30:43.738247] Security group rules were updated (STDOUT, CELL)#
#2026 09 16 12:30:45.770#Z#DEBUG#d27b103a-b1c5-11f1-bf33-eeee0a8e3dbc.RiskManagement-srv#flowable-async-job-executor-thread-906#
[PollStartAppStatusExecution] 43ad4e59-2e0c-4995-adf4-ca00afbfb842 [2026-09-16T12:30:43.834931] Cell 77283d80-dfa7-40ba-ba4e-265aef112085 successfully created container for instance 9640c120-2a3a-4559-42a5-e282 (STDOUT, CELL)#
#2026 09 16 12:30:45.770#Z#DEBUG#d27b103a-b1c5-11f1-bf33-eeee0a8e3dbc.RiskManagement-srv#flowable-async-job-executor-thread-906#
[PollStartAppStatusExecution] 43ad4e59-2e0c-4995-adf4-ca00afbfb842 [2026-09-16T12:30:44.910728] Downloading droplet... (STDOUT, CELL)#
#2026 09 16 12:30:45.770#Z#DEBUG#d27b103a-b1c5-11f1-bf33-eeee0a8e3dbc.RiskManagement-srv#flowable-async-job-executor-thread-906#
[PollStartAppStatusExecution] 43ad4e59-2e0c-4995-adf4-ca00afbfb842 [2026-09-16T12:30:45.165578] Cell 684caff8-89cd-492b-be01-b3d0835f1763 successfully destroyed container for instance 16be491c-deea-4358-7e96-ab25 (STDOUT, CELL)#
#2026 09 16 12:30:55.728#Z#DEBUG#d27b103a-b1c5-11f1-bf33-eeee0a8e3dbc.RiskManagement-srv#flowable-async-job-executor-thread-2732#
[PollStartAppStatusExecution] 43ad4e59-2e0c-4995-adf4-ca00afbfb842 [2026-09-16T12:30:49.204679] Downloaded droplet (62.1M) (STDOUT, CELL)#
#2026 09 16 12:30:55.728#Z#DEBUG#d27b103a-b1c5-11f1-bf33-eeee0a8e3dbc.RiskManagement-srv#flowable-async-job-executor-thread-2732#
[PollStartAppStatusExecution] 43ad4e59-2e0c-4995-adf4-ca00afbfb842 [2026-09-16T12:30:49.204883] Starting health monitoring of container (STDOUT, CELL)#
#2026 09 16 12:30:55.728#Z#DEBUG#d27b103a-b1c5-11f1-bf33-eeee0a8e3dbc.RiskManagement-srv#flowable-async-job-executor-thread-2732#
[PollStartAppStatusExecution] 43ad4e59-2e0c-4995-adf4-ca00afbfb842 [2026-09-16T12:30:49.444964] Invoking pre-start scripts. (STDOUT, APP/PROC/WEB)#
#2026 09 16 12:30:55.728#Z#DEBUG#d27b103a-b1c5-11f1-bf33-eeee0a8e3dbc.RiskManagement-srv#flowable-async-job-executor-thread-2732#
[PollStartAppStatusExecution] 43ad4e59-2e0c-4995-adf4-ca00afbfb842 [2026-09-16T12:30:49.675545] Invoking start command. (STDOUT, APP/PROC/WEB)#
#2026 09 16 12:30:55.728#Z#DEBUG#d27b103a-b1c5-11f1-bf33-eeee0a8e3dbc.RiskManagement-srv#flowable-async-job-executor-thread-2732#
[PollStartAppStatusExecution] 43ad4e59-2e0c-4995-adf4-ca00afbfb842 [2026-09-16T12:30:50.168658] > RiskManagement@1.0.0 start (STDOUT, APP/PROC/WEB)#
#2026 09 16 12:30:55.728#Z#DEBUG#d27b103a-b1c5-11f1-bf33-eeee0a8e3dbc.RiskManagement-srv#flowable-async-job-executor-thread-2732#
[PollStartAppStatusExecution] 43ad4e59-2e0c-4995-adf4-ca00afbfb842 [2026-09-16T12:30:50.168687] > cds-serve (STDOUT, APP/PROC/WEB)#
#2026 09 16 12:30:55.728#Z#DEBUG#d27b103a-b1c5-11f1-bf33-eeee0a8e3dbc.RiskManagement-srv#flowable-async-job-executor-thread-2732#
[PollStartAppStatusExecution] 43ad4e59-2e0c-4995-adf4-ca00afbfb842 [2026-09-16T12:30:50.694822] {"level":"info","logger":"cds","timestamp":"2026-09-16T12:30:50.693Z","layer":"cds","component_type":"application","container_id":"10.32.3.6","component_id":"43ad4e59-2e0c-4995-adf4-ca00afbfb842","component_name":"RiskManagement-srv","component_instance":0,"source_instance":0,"organization_name":"47a58eedtrial","organization_id":"d7a02038-bfb6-4965-9398-981fd602b71e","space_name":"dev","space_id":"b1534f58-8387-42a5-8ece-809300958c1c","msg":"loaded model from 1 file(s):\n ","type":"log"} (STDOUT, APP/PROC/WEB)#
#2026 09 16 12:30:55.728#Z#DEBUG#d27b103a-b1c5-11f1-bf33-eeee0a8e3dbc.RiskManagement-srv#flowable-async-job-executor-thread-2732#
[PollStartAppStatusExecution] 43ad4e59-2e0c-4995-adf4-ca00afbfb842 [2026-09-16T12:30:50.695832] srv/csn.json (STDOUT, APP/PROC/WEB)#
#2026 09 16 12:30:55.728#Z#DEBUG#d27b103a-b1c5-11f1-bf33-eeee0a8e3dbc.RiskManagement-srv#flowable-async-job-executor-thread-2732#
[PollStartAppStatusExecution] 43ad4e59-2e0c-4995-adf4-ca00afbfb842 [2026-09-16T12:30:51.078295] {"level":"info","logger":"cds","timestamp":"2026-09-16T12:30:51.076Z","layer":"cds","component_type":"application","container_id":"10.32.3.6","component_id":"43ad4e59-2e0c-4995-adf4-ca00afbfb842","component_name":"RiskManagement-srv","component_instance":0,"source_instance":0,"organization_name":"47a58eedtrial","organization_id":"d7a02038-bfb6-4965-9398-981fd602b71e","space_name":"dev","space_id":"b1534f58-8387-42a5-8ece-809300958c1c","msg":"connect to db > hana {\n  database_id: '69bcbe67-03bc-4478-9fd0-d9ad2b0779fc',\n  host: '69bcbe67-03bc-4478-9fd0-d9ad2b0779fc.hna0.prod-us10.hanacloud.ondemand.com',\n  port: '443',\n  driver: 'com.sap.db.jdbc.Driver',\n  url: 'jdbc:sap://69bcbe67-03bc-4478-9fd0-d9ad2b0779fc.hna0.prod-us10.hanacloud.ondemand.com:443?encrypt=true&validateCertificate=true&currentschema=1D2FD6BD9AE248389E2C5DD7F64681C6',\n  schema: '1D2FD6BD9AE248389E2C5DD7F64681C6',\n  certificate: '...',\n  hdi_user: '1D2FD6BD9AE248389E2C5DD7F64681C6_BGLOAL9S8VB716N7PWHIMKK1K_DT',\n  hdi_password: '...',\n  user: '1D2FD6BD9AE248389E2C5DD7F64681C6_BGLOAL9S8VB716N7PWHIMKK1K_RT',\n  password: '...'\n}","type":"log"} (STDOUT, APP/PROC/WEB)#
#2026 09 16 12:30:55.728#Z#DEBUG#d27b103a-b1c5-11f1-bf33-eeee0a8e3dbc.RiskManagement-srv#flowable-async-job-executor-thread-2732#
[PollStartAppStatusExecution] 43ad4e59-2e0c-4995-adf4-ca00afbfb842 [2026-09-16T12:30:51.145249] {"level":"info","logger":"cds","timestamp":"2026-09-16T12:30:51.144Z","layer":"cds","component_type":"application","container_id":"10.32.3.6","component_id":"43ad4e59-2e0c-4995-adf4-ca00afbfb842","component_name":"RiskManagement-srv","component_instance":0,"source_instance":0,"organization_name":"47a58eedtrial","organization_id":"d7a02038-bfb6-4965-9398-981fd602b71e","space_name":"dev","space_id":"b1534f58-8387-42a5-8ece-809300958c1c","msg":"using auth strategy { kind: 'jwt' }","type":"log"} (STDOUT, APP/PROC/WEB)#
#2026 09 16 12:30:55.728#Z#DEBUG#d27b103a-b1c5-11f1-bf33-eeee0a8e3dbc.RiskManagement-srv#flowable-async-job-executor-thread-2732#
[PollStartAppStatusExecution] 43ad4e59-2e0c-4995-adf4-ca00afbfb842 [2026-09-16T12:30:51.183693] /home/vcap/app/node_modules/@sap/cds/lib/srv/middlewares/auth/jwt-auth.js:16 (STDERR, APP/PROC/WEB)#
#2026 09 16 12:30:55.728#Z#DEBUG#d27b103a-b1c5-11f1-bf33-eeee0a8e3dbc.RiskManagement-srv#flowable-async-job-executor-thread-2732#
[PollStartAppStatusExecution] 43ad4e59-2e0c-4995-adf4-ca00afbfb842 [2026-09-16T12:30:51.183712] throw new Error( (STDERR, APP/PROC/WEB)#
#2026 09 16 12:30:55.728#Z#DEBUG#d27b103a-b1c5-11f1-bf33-eeee0a8e3dbc.RiskManagement-srv#flowable-async-job-executor-thread-2732#
[PollStartAppStatusExecution] 43ad4e59-2e0c-4995-adf4-ca00afbfb842 [2026-09-16T12:30:51.183716] ^ (STDERR, APP/PROC/WEB)#
#2026 09 16 12:30:55.728#Z#DEBUG#d27b103a-b1c5-11f1-bf33-eeee0a8e3dbc.RiskManagement-srv#flowable-async-job-executor-thread-2732#
[PollStartAppStatusExecution] 43ad4e59-2e0c-4995-adf4-ca00afbfb842 [2026-09-16T12:30:51.183723] Error: Authentication kind "jwt" configured, but no XSUAA instance bound to application. Either bind an XSUAA instance, or switch to an authentication kind that does not require a binding. (STDERR, APP/PROC/WEB)#
#2026 09 16 12:30:55.728#Z#DEBUG#d27b103a-b1c5-11f1-bf33-eeee0a8e3dbc.RiskManagement-srv#flowable-async-job-executor-thread-2732#
[PollStartAppStatusExecution] 43ad4e59-2e0c-4995-adf4-ca00afbfb842 [2026-09-16T12:30:51.183728] at jwt_auth (/home/vcap/app/node_modules/@sap/cds/lib/srv/middlewares/auth/jwt-auth.js:16:11) (STDERR, APP/PROC/WEB)#
#2026 09 16 12:30:55.728#Z#DEBUG#d27b103a-b1c5-11f1-bf33-eeee0a8e3dbc.RiskManagement-srv#flowable-async-job-executor-thread-2732#
[PollStartAppStatusExecution] 43ad4e59-2e0c-4995-adf4-ca00afbfb842 [2026-09-16T12:30:51.183732] at auth_factory (/home/vcap/app/node_modules/@sap/cds/lib/srv/middlewares/auth/index.js:49:61) (STDERR, APP/PROC/WEB)#
#2026 09 16 12:30:55.728#Z#DEBUG#d27b103a-b1c5-11f1-bf33-eeee0a8e3dbc.RiskManagement-srv#flowable-async-job-executor-thread-2732#
[PollStartAppStatusExecution] 43ad4e59-2e0c-4995-adf4-ca00afbfb842 [2026-09-16T12:30:51.183750] at _instantiate (/home/vcap/app/node_modules/@sap/cds/lib/srv/middlewares/index.js:49:12) (STDERR, APP/PROC/WEB)#
#2026 09 16 12:30:55.728#Z#DEBUG#d27b103a-b1c5-11f1-bf33-eeee0a8e3dbc.RiskManagement-srv#flowable-async-job-executor-thread-2732#
[PollStartAppStatusExecution] 43ad4e59-2e0c-4995-adf4-ca00afbfb842 [2026-09-16T12:30:51.183753] at /home/vcap/app/node_modules/@sap/cds/lib/srv/middlewares/index.js:13:13 (STDERR, APP/PROC/WEB)#
#2026 09 16 12:30:55.728#Z#DEBUG#d27b103a-b1c5-11f1-bf33-eeee0a8e3dbc.RiskManagement-srv#flowable-async-job-executor-thread-2732#
[PollStartAppStatusExecution] 43ad4e59-2e0c-4995-adf4-ca00afbfb842 [2026-09-16T12:30:51.183759] at Array.map (<anonymous>) (STDERR, APP/PROC/WEB)#
#2026 09 16 12:30:55.728#Z#DEBUG#d27b103a-b1c5-11f1-bf33-eeee0a8e3dbc.RiskManagement-srv#flowable-async-job-executor-thread-2732#
[PollStartAppStatusExecution] 43ad4e59-2e0c-4995-adf4-ca00afbfb842 [2026-09-16T12:30:51.183762] at Object.<anonymous> (/home/vcap/app/node_modules/@sap/cds/lib/srv/middlewares/index.js:13:3) (STDERR, APP/PROC/WEB)#
#2026 09 16 12:30:55.728#Z#DEBUG#d27b103a-b1c5-11f1-bf33-eeee0a8e3dbc.RiskManagement-srv#flowable-async-job-executor-thread-2732#
[PollStartAppStatusExecution] 43ad4e59-2e0c-4995-adf4-ca00afbfb842 [2026-09-16T12:30:51.183765] at Module._compile (node:internal/modules/cjs/loader:1871:14) (STDERR, APP/PROC/WEB)#
#2026 09 16 12:30:55.728#Z#DEBUG#d27b103a-b1c5-11f1-bf33-eeee0a8e3dbc.RiskManagement-srv#flowable-async-job-executor-thread-2732#
[PollStartAppStatusExecution] 43ad4e59-2e0c-4995-adf4-ca00afbfb842 [2026-09-16T12:30:51.183769] at Object..js (node:internal/modules/cjs/loader:2002:10) (STDERR, APP/PROC/WEB)#
#2026 09 16 12:30:55.728#Z#DEBUG#d27b103a-b1c5-11f1-bf33-eeee0a8e3dbc.RiskManagement-srv#flowable-async-job-executor-thread-2732#
[PollStartAppStatusExecution] 43ad4e59-2e0c-4995-adf4-ca00afbfb842 [2026-09-16T12:30:51.183773] at Module.load (node:internal/modules/cjs/loader:1594:32) (STDERR, APP/PROC/WEB)#
#2026 09 16 12:30:55.728#Z#DEBUG#d27b103a-b1c5-11f1-bf33-eeee0a8e3dbc.RiskManagement-srv#flowable-async-job-executor-thread-2732#
[PollStartAppStatusExecution] 43ad4e59-2e0c-4995-adf4-ca00afbfb842 [2026-09-16T12:30:51.183781] at Module._load (node:internal/modules/cjs/loader:1396:12) (STDERR, APP/PROC/WEB)#
#2026 09 16 12:30:55.728#Z#DEBUG#d27b103a-b1c5-11f1-bf33-eeee0a8e3dbc.RiskManagement-srv#flowable-async-job-executor-thread-2732#
[PollStartAppStatusExecution] 43ad4e59-2e0c-4995-adf4-ca00afbfb842 [2026-09-16T12:30:51.183783] Node.js v24.18.0 (STDERR, APP/PROC/WEB)#
#2026 09 16 12:30:55.728#Z#DEBUG#d27b103a-b1c5-11f1-bf33-eeee0a8e3dbc.RiskManagement-srv#flowable-async-job-executor-thread-2732#
[PollStartAppStatusExecution] 43ad4e59-2e0c-4995-adf4-ca00afbfb842 [2026-09-16T12:30:51.218186] npm notice (STDERR, APP/PROC/WEB)#
#2026 09 16 12:30:55.728#Z#DEBUG#d27b103a-b1c5-11f1-bf33-eeee0a8e3dbc.RiskManagement-srv#flowable-async-job-executor-thread-2732#
[PollStartAppStatusExecution] 43ad4e59-2e0c-4995-adf4-ca00afbfb842 [2026-09-16T12:30:51.218224] npm notice New major version of npm available! 11.16.0 -> 12.0.2 (STDERR, APP/PROC/WEB)#
#2026 09 16 12:30:55.728#Z#DEBUG#d27b103a-b1c5-11f1-bf33-eeee0a8e3dbc.RiskManagement-srv#flowable-async-job-executor-thread-2732#
[PollStartAppStatusExecution] 43ad4e59-2e0c-4995-adf4-ca00afbfb842 [2026-09-16T12:30:51.218231] npm notice Changelog: https://github.com/npm/cli/releases/tag/v12.0.2 (STDERR, APP/PROC/WEB)#
#2026 09 16 12:30:55.728#Z#DEBUG#d27b103a-b1c5-11f1-bf33-eeee0a8e3dbc.RiskManagement-srv#flowable-async-job-executor-thread-2732#
[PollStartAppStatusExecution] 43ad4e59-2e0c-4995-adf4-ca00afbfb842 [2026-09-16T12:30:51.218240] npm notice To update run: npm install -g npm@12.0.2 (STDERR, APP/PROC/WEB)#
#2026 09 16 12:30:55.728#Z#DEBUG#d27b103a-b1c5-11f1-bf33-eeee0a8e3dbc.RiskManagement-srv#flowable-async-job-executor-thread-2732#
[PollStartAppStatusExecution] 43ad4e59-2e0c-4995-adf4-ca00afbfb842 [2026-09-16T12:30:51.218270] npm notice (STDERR, APP/PROC/WEB)#
#2026 09 16 12:30:55.728#Z#DEBUG#d27b103a-b1c5-11f1-bf33-eeee0a8e3dbc.RiskManagement-srv#flowable-async-job-executor-thread-2732#
[PollStartAppStatusExecution] 43ad4e59-2e0c-4995-adf4-ca00afbfb842 [2026-09-16T12:30:51.306118] Exit status 1 (STDOUT, APP/PROC/WEB)#
#2026 09 16 12:31:05.917#Z#DEBUG#d27b103a-b1c5-11f1-bf33-eeee0a8e3dbc.RiskManagement-srv#flowable-async-job-executor-thread-873#
[PollStartAppStatusExecution] 43ad4e59-2e0c-4995-adf4-ca00afbfb842 [2026-09-16T12:30:57.697570] Cell 77283d80-dfa7-40ba-ba4e-265aef112085 stopping instance 9640c120-2a3a-4559-42a5-e282 (STDOUT, CELL)#
#2026 09 16 12:31:05.917#Z#DEBUG#d27b103a-b1c5-11f1-bf33-eeee0a8e3dbc.RiskManagement-srv#flowable-async-job-executor-thread-873#
[PollStartAppStatusExecution] 43ad4e59-2e0c-4995-adf4-ca00afbfb842 [2026-09-16T12:30:57.697637] Cell 77283d80-dfa7-40ba-ba4e-265aef112085 destroying container for instance 9640c120-2a3a-4559-42a5-e282 (STDOUT, CELL)#
#2026 09 16 12:31:05.917#Z#DEBUG#d27b103a-b1c5-11f1-bf33-eeee0a8e3dbc.RiskManagement-srv#flowable-async-job-executor-thread-873#
[PollStartAppStatusExecution] 43ad4e59-2e0c-4995-adf4-ca00afbfb842 [2026-09-16T12:30:57.703776] Process has crashed with type: "web" (STDOUT, API)#
#2026 09 16 12:31:05.917#Z#DEBUG#d27b103a-b1c5-11f1-bf33-eeee0a8e3dbc.RiskManagement-srv#flowable-async-job-executor-thread-873#
[PollStartAppStatusExecution] 43ad4e59-2e0c-4995-adf4-ca00afbfb842 [2026-09-16T12:30:57.718360] App instance exited with guid 43ad4e59-2e0c-4995-adf4-ca00afbfb842 payload: {"instance"=>"9640c120-2a3a-4559-42a5-e282", "index"=>0, "cell_id"=>"77283d80-dfa7-40ba-ba4e-265aef112085", "reason"=>"CRASHED", "exit_description"=>"APP/PROC/WEB: Exited with status 1", "crash_count"=>2, "crash_timestamp"=>1789561857678776079, "version"=>"91e5b636-da7f-41dc-bd4b-e0f886db9db1"} (STDOUT, API)#
#2026 09 16 12:31:05.917#Z#DEBUG#d27b103a-b1c5-11f1-bf33-eeee0a8e3dbc.RiskManagement-srv#flowable-async-job-executor-thread-873#
[PollStartAppStatusExecution] 43ad4e59-2e0c-4995-adf4-ca00afbfb842 [2026-09-16T12:30:57.855406] Cell d1cc041a-d5a1-41d6-b9f6-6cda736ce3f0 creating container for instance fb768d42-476c-48a1-53ac-9e26 (STDOUT, CELL)#
#2026 09 16 12:31:05.917#Z#DEBUG#d27b103a-b1c5-11f1-bf33-eeee0a8e3dbc.RiskManagement-srv#flowable-async-job-executor-thread-873#
[PollStartAppStatusExecution] 43ad4e59-2e0c-4995-adf4-ca00afbfb842 [2026-09-16T12:30:57.964736] Exit status 137 (STDOUT, PROXY)#
#2026 09 16 12:31:05.917#Z#DEBUG#d27b103a-b1c5-11f1-bf33-eeee0a8e3dbc.RiskManagement-srv#flowable-async-job-executor-thread-873#
[PollStartAppStatusExecution] 43ad4e59-2e0c-4995-adf4-ca00afbfb842 [2026-09-16T12:30:59.097954] Security group rules were updated (STDOUT, CELL)#
#2026 09 16 12:31:05.917#Z#DEBUG#d27b103a-b1c5-11f1-bf33-eeee0a8e3dbc.RiskManagement-srv#flowable-async-job-executor-thread-873#
[PollStartAppStatusExecution] 43ad4e59-2e0c-4995-adf4-ca00afbfb842 [2026-09-16T12:30:59.241474] Cell d1cc041a-d5a1-41d6-b9f6-6cda736ce3f0 successfully created container for instance fb768d42-476c-48a1-53ac-9e26 (STDOUT, CELL)#
#2026 09 16 12:31:05.917#Z#DEBUG#d27b103a-b1c5-11f1-bf33-eeee0a8e3dbc.RiskManagement-srv#flowable-async-job-executor-thread-873#
[PollStartAppStatusExecution] 43ad4e59-2e0c-4995-adf4-ca00afbfb842 [2026-09-16T12:31:00.066101] Downloading droplet... (STDOUT, CELL)#
#2026 09 16 12:31:05.917#Z#DEBUG#d27b103a-b1c5-11f1-bf33-eeee0a8e3dbc.RiskManagement-srv#flowable-async-job-executor-thread-873#
[PollStartAppStatusExecution] 43ad4e59-2e0c-4995-adf4-ca00afbfb842 [2026-09-16T12:31:00.298373] Cell 77283d80-dfa7-40ba-ba4e-265aef112085 successfully destroyed container for instance 9640c120-2a3a-4559-42a5-e282 (STDOUT, CELL)#
#2026 09 16 12:31:05.917#Z#DEBUG#d27b103a-b1c5-11f1-bf33-eeee0a8e3dbc.RiskManagement-srv#flowable-async-job-executor-thread-873#
[PollStartAppStatusExecution] 43ad4e59-2e0c-4995-adf4-ca00afbfb842 [2026-09-16T12:31:04.609901] Downloaded droplet (62.1M) (STDOUT, CELL)#
#2026 09 16 12:31:05.917#Z#DEBUG#d27b103a-b1c5-11f1-bf33-eeee0a8e3dbc.RiskManagement-srv#flowable-async-job-executor-thread-873#
[PollStartAppStatusExecution] 43ad4e59-2e0c-4995-adf4-ca00afbfb842 [2026-09-16T12:31:04.610129] Starting health monitoring of container (STDOUT, CELL)#
#2026 09 16 12:31:05.917#Z#DEBUG#d27b103a-b1c5-11f1-bf33-eeee0a8e3dbc.RiskManagement-srv#flowable-async-job-executor-thread-873#
[PollStartAppStatusExecution] 43ad4e59-2e0c-4995-adf4-ca00afbfb842 [2026-09-16T12:31:04.813565] Invoking pre-start scripts. (STDOUT, APP/PROC/WEB)#
#2026 09 16 12:31:05.917#Z#DEBUG#d27b103a-b1c5-11f1-bf33-eeee0a8e3dbc.RiskManagement-srv#flowable-async-job-executor-thread-873#
[PollStartAppStatusExecution] 43ad4e59-2e0c-4995-adf4-ca00afbfb842 [2026-09-16T12:31:05.106771] Invoking start command. (STDOUT, APP/PROC/WEB)#
#2026 09 16 12:31:15.898#Z#DEBUG#d27b103a-b1c5-11f1-bf33-eeee0a8e3dbc.RiskManagement-srv#flowable-async-job-executor-thread-877#
[PollStartAppStatusExecution] 43ad4e59-2e0c-4995-adf4-ca00afbfb842 [2026-09-16T12:31:05.884052] > RiskManagement@1.0.0 start (STDOUT, APP/PROC/WEB)#
#2026 09 16 12:31:15.898#Z#DEBUG#d27b103a-b1c5-11f1-bf33-eeee0a8e3dbc.RiskManagement-srv#flowable-async-job-executor-thread-877#
[PollStartAppStatusExecution] 43ad4e59-2e0c-4995-adf4-ca00afbfb842 [2026-09-16T12:31:05.884133] > cds-serve (STDOUT, APP/PROC/WEB)#
#2026 09 16 12:31:15.898#Z#DEBUG#d27b103a-b1c5-11f1-bf33-eeee0a8e3dbc.RiskManagement-srv#flowable-async-job-executor-thread-877#
[PollStartAppStatusExecution] 43ad4e59-2e0c-4995-adf4-ca00afbfb842 [2026-09-16T12:31:06.612572] {"level":"info","logger":"cds","timestamp":"2026-09-16T12:31:06.610Z","layer":"cds","component_type":"application","container_id":"10.32.1.5","component_id":"43ad4e59-2e0c-4995-adf4-ca00afbfb842","component_name":"RiskManagement-srv","component_instance":0,"source_instance":0,"organization_name":"47a58eedtrial","organization_id":"d7a02038-bfb6-4965-9398-981fd602b71e","space_name":"dev","space_id":"b1534f58-8387-42a5-8ece-809300958c1c","msg":"loaded model from 1 file(s):\n ","type":"log"} (STDOUT, APP/PROC/WEB)#
#2026 09 16 12:31:15.898#Z#DEBUG#d27b103a-b1c5-11f1-bf33-eeee0a8e3dbc.RiskManagement-srv#flowable-async-job-executor-thread-877#
[PollStartAppStatusExecution] 43ad4e59-2e0c-4995-adf4-ca00afbfb842 [2026-09-16T12:31:06.613410] srv/csn.json (STDOUT, APP/PROC/WEB)#
#2026 09 16 12:31:15.898#Z#DEBUG#d27b103a-b1c5-11f1-bf33-eeee0a8e3dbc.RiskManagement-srv#flowable-async-job-executor-thread-877#
[PollStartAppStatusExecution] 43ad4e59-2e0c-4995-adf4-ca00afbfb842 [2026-09-16T12:31:07.127324] {"level":"info","logger":"cds","timestamp":"2026-09-16T12:31:07.125Z","layer":"cds","component_type":"application","container_id":"10.32.1.5","component_id":"43ad4e59-2e0c-4995-adf4-ca00afbfb842","component_name":"RiskManagement-srv","component_instance":0,"source_instance":0,"organization_name":"47a58eedtrial","organization_id":"d7a02038-bfb6-4965-9398-981fd602b71e","space_name":"dev","space_id":"b1534f58-8387-42a5-8ece-809300958c1c","msg":"connect to db > hana {\n  database_id: '69bcbe67-03bc-4478-9fd0-d9ad2b0779fc',\n  host: '69bcbe67-03bc-4478-9fd0-d9ad2b0779fc.hna0.prod-us10.hanacloud.ondemand.com',\n  port: '443',\n  driver: 'com.sap.db.jdbc.Driver',\n  url: 'jdbc:sap://69bcbe67-03bc-4478-9fd0-d9ad2b0779fc.hna0.prod-us10.hanacloud.ondemand.com:443?encrypt=true&validateCertificate=true&currentschema=1D2FD6BD9AE248389E2C5DD7F64681C6',\n  schema: '1D2FD6BD9AE248389E2C5DD7F64681C6',\n  certificate: '...',\n  hdi_user: '1D2FD6BD9AE248389E2C5DD7F64681C6_BGLOAL9S8VB716N7PWHIMKK1K_DT',\n  hdi_password: '...',\n  user: '1D2FD6BD9AE248389E2C5DD7F64681C6_BGLOAL9S8VB716N7PWHIMKK1K_RT',\n  password: '...'\n}","type":"log"} (STDOUT, APP/PROC/WEB)#
#2026 09 16 12:31:15.898#Z#DEBUG#d27b103a-b1c5-11f1-bf33-eeee0a8e3dbc.RiskManagement-srv#flowable-async-job-executor-thread-877#
[PollStartAppStatusExecution] 43ad4e59-2e0c-4995-adf4-ca00afbfb842 [2026-09-16T12:31:07.218816] {"level":"info","logger":"cds","timestamp":"2026-09-16T12:31:07.217Z","layer":"cds","component_type":"application","container_id":"10.32.1.5","component_id":"43ad4e59-2e0c-4995-adf4-ca00afbfb842","component_name":"RiskManagement-srv","component_instance":0,"source_instance":0,"organization_name":"47a58eedtrial","organization_id":"d7a02038-bfb6-4965-9398-981fd602b71e","space_name":"dev","space_id":"b1534f58-8387-42a5-8ece-809300958c1c","msg":"using auth strategy { kind: 'jwt' }","type":"log"} (STDOUT, APP/PROC/WEB)#
#2026 09 16 12:31:15.898#Z#DEBUG#d27b103a-b1c5-11f1-bf33-eeee0a8e3dbc.RiskManagement-srv#flowable-async-job-executor-thread-877#
[PollStartAppStatusExecution] 43ad4e59-2e0c-4995-adf4-ca00afbfb842 [2026-09-16T12:31:07.269017] /home/vcap/app/node_modules/@sap/cds/lib/srv/middlewares/auth/jwt-auth.js:16 (STDERR, APP/PROC/WEB)#
#2026 09 16 12:31:15.898#Z#DEBUG#d27b103a-b1c5-11f1-bf33-eeee0a8e3dbc.RiskManagement-srv#flowable-async-job-executor-thread-877#
[PollStartAppStatusExecution] 43ad4e59-2e0c-4995-adf4-ca00afbfb842 [2026-09-16T12:31:07.269066] throw new Error( (STDERR, APP/PROC/WEB)#
#2026 09 16 12:31:15.898#Z#DEBUG#d27b103a-b1c5-11f1-bf33-eeee0a8e3dbc.RiskManagement-srv#flowable-async-job-executor-thread-877#
[PollStartAppStatusExecution] 43ad4e59-2e0c-4995-adf4-ca00afbfb842 [2026-09-16T12:31:07.269074] ^ (STDERR, APP/PROC/WEB)#
#2026 09 16 12:31:15.898#Z#DEBUG#d27b103a-b1c5-11f1-bf33-eeee0a8e3dbc.RiskManagement-srv#flowable-async-job-executor-thread-877#
[PollStartAppStatusExecution] 43ad4e59-2e0c-4995-adf4-ca00afbfb842 [2026-09-16T12:31:07.269081] Error: Authentication kind "jwt" configured, but no XSUAA instance bound to application. Either bind an XSUAA instance, or switch to an authentication kind that does not require a binding. (STDERR, APP/PROC/WEB)#
#2026 09 16 12:31:15.898#Z#DEBUG#d27b103a-b1c5-11f1-bf33-eeee0a8e3dbc.RiskManagement-srv#flowable-async-job-executor-thread-877#
[PollStartAppStatusExecution] 43ad4e59-2e0c-4995-adf4-ca00afbfb842 [2026-09-16T12:31:07.269085] at jwt_auth (/home/vcap/app/node_modules/@sap/cds/lib/srv/middlewares/auth/jwt-auth.js:16:11) (STDERR, APP/PROC/WEB)#
#2026 09 16 12:31:15.898#Z#DEBUG#d27b103a-b1c5-11f1-bf33-eeee0a8e3dbc.RiskManagement-srv#flowable-async-job-executor-thread-877#
[PollStartAppStatusExecution] 43ad4e59-2e0c-4995-adf4-ca00afbfb842 [2026-09-16T12:31:07.269088] at auth_factory (/home/vcap/app/node_modules/@sap/cds/lib/srv/middlewares/auth/index.js:49:61) (STDERR, APP/PROC/WEB)#
#2026 09 16 12:31:15.898#Z#DEBUG#d27b103a-b1c5-11f1-bf33-eeee0a8e3dbc.RiskManagement-srv#flowable-async-job-executor-thread-877#
[PollStartAppStatusExecution] 43ad4e59-2e0c-4995-adf4-ca00afbfb842 [2026-09-16T12:31:07.269093] at _instantiate (/home/vcap/app/node_modules/@sap/cds/lib/srv/middlewares/index.js:49:12) (STDERR, APP/PROC/WEB)#
#2026 09 16 12:31:15.898#Z#DEBUG#d27b103a-b1c5-11f1-bf33-eeee0a8e3dbc.RiskManagement-srv#flowable-async-job-executor-thread-877#
[PollStartAppStatusExecution] 43ad4e59-2e0c-4995-adf4-ca00afbfb842 [2026-09-16T12:31:07.269096] at /home/vcap/app/node_modules/@sap/cds/lib/srv/middlewares/index.js:13:13 (STDERR, APP/PROC/WEB)#
#2026 09 16 12:31:15.898#Z#DEBUG#d27b103a-b1c5-11f1-bf33-eeee0a8e3dbc.RiskManagement-srv#flowable-async-job-executor-thread-877#
[PollStartAppStatusExecution] 43ad4e59-2e0c-4995-adf4-ca00afbfb842 [2026-09-16T12:31:07.269100] at Array.map (<anonymous>) (STDERR, APP/PROC/WEB)#
#2026 09 16 12:31:15.898#Z#DEBUG#d27b103a-b1c5-11f1-bf33-eeee0a8e3dbc.RiskManagement-srv#flowable-async-job-executor-thread-877#
[PollStartAppStatusExecution] 43ad4e59-2e0c-4995-adf4-ca00afbfb842 [2026-09-16T12:31:07.269104] at Object.<anonymous> (/home/vcap/app/node_modules/@sap/cds/lib/srv/middlewares/index.js:13:3) (STDERR, APP/PROC/WEB)#
#2026 09 16 12:31:15.898#Z#DEBUG#d27b103a-b1c5-11f1-bf33-eeee0a8e3dbc.RiskManagement-srv#flowable-async-job-executor-thread-877#
[PollStartAppStatusExecution] 43ad4e59-2e0c-4995-adf4-ca00afbfb842 [2026-09-16T12:31:07.269112] at Module._compile (node:internal/modules/cjs/loader:1871:14) (STDERR, APP/PROC/WEB)#
#2026 09 16 12:31:15.898#Z#DEBUG#d27b103a-b1c5-11f1-bf33-eeee0a8e3dbc.RiskManagement-srv#flowable-async-job-executor-thread-877#
[PollStartAppStatusExecution] 43ad4e59-2e0c-4995-adf4-ca00afbfb842 [2026-09-16T12:31:07.269117] at Object..js (node:internal/modules/cjs/loader:2002:10) (STDERR, APP/PROC/WEB)#
#2026 09 16 12:31:15.898#Z#DEBUG#d27b103a-b1c5-11f1-bf33-eeee0a8e3dbc.RiskManagement-srv#flowable-async-job-executor-thread-877#
[PollStartAppStatusExecution] 43ad4e59-2e0c-4995-adf4-ca00afbfb842 [2026-09-16T12:31:07.269120] at Module.load (node:internal/modules/cjs/loader:1594:32) (STDERR, APP/PROC/WEB)#
#2026 09 16 12:31:15.898#Z#DEBUG#d27b103a-b1c5-11f1-bf33-eeee0a8e3dbc.RiskManagement-srv#flowable-async-job-executor-thread-877#
[PollStartAppStatusExecution] 43ad4e59-2e0c-4995-adf4-ca00afbfb842 [2026-09-16T12:31:07.269124] at Module._load (node:internal/modules/cjs/loader:1396:12) (STDERR, APP/PROC/WEB)#
#2026 09 16 12:31:15.898#Z#DEBUG#d27b103a-b1c5-11f1-bf33-eeee0a8e3dbc.RiskManagement-srv#flowable-async-job-executor-thread-877#
[PollStartAppStatusExecution] 43ad4e59-2e0c-4995-adf4-ca00afbfb842 [2026-09-16T12:31:07.269133] Node.js v24.18.0 (STDERR, APP/PROC/WEB)#
#2026 09 16 12:31:15.898#Z#DEBUG#d27b103a-b1c5-11f1-bf33-eeee0a8e3dbc.RiskManagement-srv#flowable-async-job-executor-thread-877#
[PollStartAppStatusExecution] 43ad4e59-2e0c-4995-adf4-ca00afbfb842 [2026-09-16T12:31:07.306686] npm notice (STDERR, APP/PROC/WEB)#
#2026 09 16 12:31:15.898#Z#DEBUG#d27b103a-b1c5-11f1-bf33-eeee0a8e3dbc.RiskManagement-srv#flowable-async-job-executor-thread-877#
[PollStartAppStatusExecution] 43ad4e59-2e0c-4995-adf4-ca00afbfb842 [2026-09-16T12:31:07.306739] npm notice New major version of npm available! 11.16.0 -> 12.0.2 (STDERR, APP/PROC/WEB)#
#2026 09 16 12:31:15.898#Z#DEBUG#d27b103a-b1c5-11f1-bf33-eeee0a8e3dbc.RiskManagement-srv#flowable-async-job-executor-thread-877#
[PollStartAppStatusExecution] 43ad4e59-2e0c-4995-adf4-ca00afbfb842 [2026-09-16T12:31:07.306747] npm notice Changelog: https://github.com/npm/cli/releases/tag/v12.0.2 (STDERR, APP/PROC/WEB)#
#2026 09 16 12:31:15.898#Z#DEBUG#d27b103a-b1c5-11f1-bf33-eeee0a8e3dbc.RiskManagement-srv#flowable-async-job-executor-thread-877#
[PollStartAppStatusExecution] 43ad4e59-2e0c-4995-adf4-ca00afbfb842 [2026-09-16T12:31:07.306749] npm notice To update run: npm install -g npm@12.0.2 (STDERR, APP/PROC/WEB)#
#2026 09 16 12:31:15.898#Z#DEBUG#d27b103a-b1c5-11f1-bf33-eeee0a8e3dbc.RiskManagement-srv#flowable-async-job-executor-thread-877#
[PollStartAppStatusExecution] 43ad4e59-2e0c-4995-adf4-ca00afbfb842 [2026-09-16T12:31:07.306754] npm notice (STDERR, APP/PROC/WEB)#
#2026 09 16 12:31:15.898#Z#DEBUG#d27b103a-b1c5-11f1-bf33-eeee0a8e3dbc.RiskManagement-srv#flowable-async-job-executor-thread-877#
[PollStartAppStatusExecution] 43ad4e59-2e0c-4995-adf4-ca00afbfb842 [2026-09-16T12:31:07.408774] Exit status 1 (STDOUT, APP/PROC/WEB)#
#2026 09 16 12:31:15.898#Z#DEBUG#d27b103a-b1c5-11f1-bf33-eeee0a8e3dbc.RiskManagement-srv#flowable-async-job-executor-thread-877#
[PollStartAppStatusExecution] 43ad4e59-2e0c-4995-adf4-ca00afbfb842 [2026-09-16T12:31:13.660131] Cell d1cc041a-d5a1-41d6-b9f6-6cda736ce3f0 stopping instance fb768d42-476c-48a1-53ac-9e26 (STDOUT, CELL)#
#2026 09 16 12:31:15.898#Z#DEBUG#d27b103a-b1c5-11f1-bf33-eeee0a8e3dbc.RiskManagement-srv#flowable-async-job-executor-thread-877#
[PollStartAppStatusExecution] 43ad4e59-2e0c-4995-adf4-ca00afbfb842 [2026-09-16T12:31:13.660214] Cell d1cc041a-d5a1-41d6-b9f6-6cda736ce3f0 destroying container for instance fb768d42-476c-48a1-53ac-9e26 (STDOUT, CELL)#
#2026 09 16 12:31:15.898#Z#DEBUG#d27b103a-b1c5-11f1-bf33-eeee0a8e3dbc.RiskManagement-srv#flowable-async-job-executor-thread-877#
[PollStartAppStatusExecution] 43ad4e59-2e0c-4995-adf4-ca00afbfb842 [2026-09-16T12:31:13.678640] Process has crashed with type: "web" (STDOUT, API)#
#2026 09 16 12:31:15.898#Z#DEBUG#d27b103a-b1c5-11f1-bf33-eeee0a8e3dbc.RiskManagement-srv#flowable-async-job-executor-thread-877#
[PollStartAppStatusExecution] 43ad4e59-2e0c-4995-adf4-ca00afbfb842 [2026-09-16T12:31:13.690175] App instance exited with guid 43ad4e59-2e0c-4995-adf4-ca00afbfb842 payload: {"instance"=>"fb768d42-476c-48a1-53ac-9e26", "index"=>0, "cell_id"=>"d1cc041a-d5a1-41d6-b9f6-6cda736ce3f0", "reason"=>"CRASHED", "exit_description"=>"APP/PROC/WEB: Exited with status 1", "crash_count"=>3, "crash_timestamp"=>1789561873656619681, "version"=>"91e5b636-da7f-41dc-bd4b-e0f886db9db1"} (STDOUT, API)#
#2026 09 16 12:31:15.898#Z#DEBUG#d27b103a-b1c5-11f1-bf33-eeee0a8e3dbc.RiskManagement-srv#flowable-async-job-executor-thread-877#
[PollStartAppStatusExecution] 43ad4e59-2e0c-4995-adf4-ca00afbfb842 [2026-09-16T12:31:13.988429] Exit status 137 (STDOUT, PROXY)#
